ts,project_name,source,event_type,value_num,payload_json,source_url
2026-03-31,"AngelTrax Data Center · Houston, AL",OSM,site_mapped,10736,"{""dataset"": ""IM3 Open Source Data Center Atlas"", ""dataset_url"": ""https://data.msdlive.org/records/65g71-a4731"", ""atlas_commit"": ""48d45f6eef72778edf374ec52c379550bb21a046"", ""atlas_type"": ""building"", ""osm_name"": ""AngelTrax Data Center"", ""operator"": ""AngelTrax Mobile Video Surveillance Solutions"", ""footprint_sqft"": 10736, ""license"": ""ODbL-1.0""}",https://github.com/IMMM-SFA/datacenter-atlas/blob/48d45f6eef72778edf374ec52c379550bb21a046/im3_datacenter_centroids.geojson
2026-03-31,"Google · Jackson, AL #1",OSM,site_mapped,141947,"{""dataset"": ""IM3 Open Source Data Center Atlas"", ""dataset_url"": ""https://data.msdlive.org/records/65g71-a4731"", ""atlas_commit"": ""48d45f6eef72778edf374ec52c379550bb21a046"", ""atlas_type"": ""building"", ""osm_name"": ""Google"", ""operator"": ""Google"", ""footprint_sqft"": 141947, ""license"": ""ODbL-1.0""}",https://github.com/IMMM-SFA/datacenter-atlas/blob/48d45f6eef72778edf374ec52c379550bb21a046/im3_datacenter_centroids.geojson
2026-03-31,"Google · Jackson, AL #2",OSM,site_mapped,144996,"{""dataset"": ""IM3 Open Source Data Center Atlas"", ""dataset_url"": ""https://data.msdlive.org/records/65g71-a4731"", ""atlas_commit"": ""48d45f6eef72778edf374ec52c379550bb21a046"", ""atlas_type"": ""building"", ""osm_name"": ""Google"", ""operator"": ""Google"", ""footprint_sqft"": 144996, ""license"": ""ODbL-1.0""}",https://github.com/IMMM-SFA/datacenter-atlas/blob/48d45f6eef72778edf374ec52c379550bb21a046/im3_datacenter_centroids.geojson
2026-03-31,"Sungard Systems International · Jefferson, AL",OSM,site_mapped,665569,"{""dataset"": ""IM3 Open Source Data Center Atlas"", ""dataset_url"": ""https://data.msdlive.org/records/65g71-a4731"", ""atlas_commit"": ""48d45f6eef72778edf374ec52c379550bb21a046"", ""atlas_type"": ""campus"", ""osm_name"": ""Sungard Systems International"", ""operator"": null, ""footprint_sqft"": 665569, ""license"": ""ODbL-1.0""}",https://github.com/IMMM-SFA/datacenter-atlas/blob/48d45f6eef72778edf374ec52c379550bb21a046/im3_datacenter_centroids.geojson
2026-03-31,"George C. Wallace Alabama Supercomputer Center · Madison, AL",OSM,site_mapped,14919,"{""dataset"": ""IM3 Open Source Data Center Atlas"", ""dataset_url"": ""https://data.msdlive.org/records/65g71-a4731"", ""atlas_commit"": ""48d45f6eef72778edf374ec52c379550bb21a046"", ""atlas_type"": ""building"", ""osm_name"": ""George C. Wallace Alabama Supercomputer Center"", ""operator"": ""Alabama Supercomputer Authority"", ""footprint_sqft"": 14919, ""license"": ""ODbL-1.0""}",https://github.com/IMMM-SFA/datacenter-atlas/blob/48d45f6eef72778edf374ec52c379550bb21a046/im3_datacenter_centroids.geojson
2026-03-31,"SimpleHelix · Madison, AL",OSM,site_mapped,16411,"{""dataset"": ""IM3 Open Source Data Center Atlas"", ""dataset_url"": ""https://data.msdlive.org/records/65g71-a4731"", ""atlas_commit"": ""48d45f6eef72778edf374ec52c379550bb21a046"", ""atlas_type"": ""building"", ""osm_name"": ""SimpleHelix"", ""operator"": null, ""footprint_sqft"": 16411, ""license"": ""ODbL-1.0""}",https://github.com/IMMM-SFA/datacenter-atlas/blob/48d45f6eef72778edf374ec52c379550bb21a046/im3_datacenter_centroids.geojson
2026-03-31,"Meta Huntsville Data center · Madison, AL #1",OSM,site_mapped,857148,"{""dataset"": ""IM3 Open Source Data Center Atlas"", ""dataset_url"": ""https://data.msdlive.org/records/65g71-a4731"", ""atlas_commit"": ""48d45f6eef72778edf374ec52c379550bb21a046"", ""atlas_type"": ""building"", ""osm_name"": ""Meta Huntsville Data center"", ""operator"": ""Meta"", ""footprint_sqft"": 857148, ""license"": ""ODbL-1.0""}",https://github.com/IMMM-SFA/datacenter-atlas/blob/48d45f6eef72778edf374ec52c379550bb21a046/im3_datacenter_centroids.geojson
2026-03-31,"Meta Huntsville Data center · Madison, AL #2",OSM,site_mapped,352651,"{""dataset"": ""IM3 Open Source Data Center Atlas"", ""dataset_url"": ""https://data.msdlive.org/records/65g71-a4731"", ""atlas_commit"": ""48d45f6eef72778edf374ec52c379550bb21a046"", ""atlas_type"": ""building"", ""osm_name"": ""Meta Huntsville Data center"", ""operator"": ""Meta"", ""footprint_sqft"": 352651, ""license"": ""ODbL-1.0""}",https://github.com/IMMM-SFA/datacenter-atlas/blob/48d45f6eef72778edf374ec52c379550bb21a046/im3_datacenter_centroids.geojson
2026-03-31,"Meta Huntsville Data center · Madison, AL #3",OSM,site_mapped,578342,"{""dataset"": ""IM3 Open Source Data Center Atlas"", ""dataset_url"": ""https://data.msdlive.org/records/65g71-a4731"", ""atlas_commit"": ""48d45f6eef72778edf374ec52c379550bb21a046"", ""atlas_type"": ""building"", ""osm_name"": ""Meta Huntsville Data center"", ""operator"": ""Meta"", ""footprint_sqft"": 578342, ""license"": ""ODbL-1.0""}",https://github.com/IMMM-SFA/datacenter-atlas/blob/48d45f6eef72778edf374ec52c379550bb21a046/im3_datacenter_centroids.geojson
2026-03-31,"TierPoint Little Rock · Pulaski, AR",OSM,site_mapped,31845,"{""dataset"": ""IM3 Open Source Data Center Atlas"", ""dataset_url"": ""https://data.msdlive.org/records/65g71-a4731"", ""atlas_commit"": ""48d45f6eef72778edf374ec52c379550bb21a046"", ""atlas_type"": ""building"", ""osm_name"": ""TierPoint Little Rock"", ""operator"": null, ""footprint_sqft"": 31845, ""license"": ""ODbL-1.0""}",https://github.com/IMMM-SFA/datacenter-atlas/blob/48d45f6eef72778edf374ec52c379550bb21a046/im3_datacenter_centroids.geojson
2026-03-31,"Searcy Information Technologies · White, AR",OSM,site_mapped,4580,"{""dataset"": ""IM3 Open Source Data Center Atlas"", ""dataset_url"": ""https://data.msdlive.org/records/65g71-a4731"", ""atlas_commit"": ""48d45f6eef72778edf374ec52c379550bb21a046"", ""atlas_type"": ""building"", ""osm_name"": ""Searcy Information Technologies"", ""operator"": ""City of Searcy"", ""footprint_sqft"": 4580, ""license"": ""ODbL-1.0""}",https://github.com/IMMM-SFA/datacenter-atlas/blob/48d45f6eef72778edf374ec52c379550bb21a046/im3_datacenter_centroids.geojson
2026-03-31,"DirecTV data center · Cochise, AZ",OSM,site_mapped,7539,"{""dataset"": ""IM3 Open Source Data Center Atlas"", ""dataset_url"": ""https://data.msdlive.org/records/65g71-a4731"", ""atlas_commit"": ""48d45f6eef72778edf374ec52c379550bb21a046"", ""atlas_type"": ""building"", ""osm_name"": null, ""operator"": ""DirecTV"", ""footprint_sqft"": 7539, ""license"": ""ODbL-1.0""}",https://github.com/IMMM-SFA/datacenter-atlas/blob/48d45f6eef72778edf374ec52c379550bb21a046/im3_datacenter_centroids.geojson
2026-03-31,"CyrusOne PHX8 · Maricopa, AZ",OSM,site_mapped,138766,"{""dataset"": ""IM3 Open Source Data Center Atlas"", ""dataset_url"": ""https://data.msdlive.org/records/65g71-a4731"", ""atlas_commit"": ""48d45f6eef72778edf374ec52c379550bb21a046"", ""atlas_type"": ""building"", ""osm_name"": ""CyrusOne PHX8"", ""operator"": null, ""footprint_sqft"": 138766, ""license"": ""ODbL-1.0""}",https://github.com/IMMM-SFA/datacenter-atlas/blob/48d45f6eef72778edf374ec52c379550bb21a046/im3_datacenter_centroids.geojson
2026-03-31,"CyrusOne PHX7 · Maricopa, AZ",OSM,site_mapped,138671,"{""dataset"": ""IM3 Open Source Data Center Atlas"", ""dataset_url"": ""https://data.msdlive.org/records/65g71-a4731"", ""atlas_commit"": ""48d45f6eef72778edf374ec52c379550bb21a046"", ""atlas_type"": ""building"", ""osm_name"": ""CyrusOne PHX7"", ""operator"": null, ""footprint_sqft"": 138671, ""license"": ""ODbL-1.0""}",https://github.com/IMMM-SFA/datacenter-atlas/blob/48d45f6eef72778edf374ec52c379550bb21a046/im3_datacenter_centroids.geojson
2026-03-31,"CyrusOne PHX6 · Maricopa, AZ",OSM,site_mapped,98354,"{""dataset"": ""IM3 Open Source Data Center Atlas"", ""dataset_url"": ""https://data.msdlive.org/records/65g71-a4731"", ""atlas_commit"": ""48d45f6eef72778edf374ec52c379550bb21a046"", ""atlas_type"": ""building"", ""osm_name"": ""CyrusOne PHX6"", ""operator"": ""CyrusOne"", ""footprint_sqft"": 98354, ""license"": ""ODbL-1.0""}",https://github.com/IMMM-SFA/datacenter-atlas/blob/48d45f6eef72778edf374ec52c379550bb21a046/im3_datacenter_centroids.geojson
2026-03-31,"CyrusOne PHX4 · Maricopa, AZ #1",OSM,site_mapped,103008,"{""dataset"": ""IM3 Open Source Data Center Atlas"", ""dataset_url"": ""https://data.msdlive.org/records/65g71-a4731"", ""atlas_commit"": ""48d45f6eef72778edf374ec52c379550bb21a046"", ""atlas_type"": ""building"", ""osm_name"": ""CyrusOne PHX4"", ""operator"": ""CyrusOne"", ""footprint_sqft"": 103008, ""license"": ""ODbL-1.0""}",https://github.com/IMMM-SFA/datacenter-atlas/blob/48d45f6eef72778edf374ec52c379550bb21a046/im3_datacenter_centroids.geojson
2026-03-31,"CyrusOne PHX5 · Maricopa, AZ",OSM,site_mapped,102958,"{""dataset"": ""IM3 Open Source Data Center Atlas"", ""dataset_url"": ""https://data.msdlive.org/records/65g71-a4731"", ""atlas_commit"": ""48d45f6eef72778edf374ec52c379550bb21a046"", ""atlas_type"": ""building"", ""osm_name"": ""CyrusOne PHX5"", ""operator"": ""CyrusOne"", ""footprint_sqft"": 102958, ""license"": ""ODbL-1.0""}",https://github.com/IMMM-SFA/datacenter-atlas/blob/48d45f6eef72778edf374ec52c379550bb21a046/im3_datacenter_centroids.geojson
2026-03-31,"CyrusOne PHX1 · Maricopa, AZ",OSM,site_mapped,137355,"{""dataset"": ""IM3 Open Source Data Center Atlas"", ""dataset_url"": ""https://data.msdlive.org/records/65g71-a4731"", ""atlas_commit"": ""48d45f6eef72778edf374ec52c379550bb21a046"", ""atlas_type"": ""building"", ""osm_name"": ""CyrusOne PHX1"", ""operator"": ""CyrusOne"", ""footprint_sqft"": 137355, ""license"": ""ODbL-1.0""}",https://github.com/IMMM-SFA/datacenter-atlas/blob/48d45f6eef72778edf374ec52c379550bb21a046/im3_datacenter_centroids.geojson
2026-03-31,"CyrusOne PHX4 · Maricopa, AZ #2",OSM,site_mapped,108957,"{""dataset"": ""IM3 Open Source Data Center Atlas"", ""dataset_url"": ""https://data.msdlive.org/records/65g71-a4731"", ""atlas_commit"": ""48d45f6eef72778edf374ec52c379550bb21a046"", ""atlas_type"": ""building"", ""osm_name"": ""CyrusOne PHX4"", ""operator"": null, ""footprint_sqft"": 108957, ""license"": ""ODbL-1.0""}",https://github.com/IMMM-SFA/datacenter-atlas/blob/48d45f6eef72778edf374ec52c379550bb21a046/im3_datacenter_centroids.geojson
2026-03-31,"CyrusOne PHX3 · Maricopa, AZ",OSM,site_mapped,107618,"{""dataset"": ""IM3 Open Source Data Center Atlas"", ""dataset_url"": ""https://data.msdlive.org/records/65g71-a4731"", ""atlas_commit"": ""48d45f6eef72778edf374ec52c379550bb21a046"", ""atlas_type"": ""building"", ""osm_name"": ""CyrusOne PHX3"", ""operator"": null, ""footprint_sqft"": 107618, ""license"": ""ODbL-1.0""}",https://github.com/IMMM-SFA/datacenter-atlas/blob/48d45f6eef72778edf374ec52c379550bb21a046/im3_datacenter_centroids.geojson
2026-03-31,"Digital Realty Phoenix PHX15 · Maricopa, AZ",OSM,site_mapped,294678,"{""dataset"": ""IM3 Open Source Data Center Atlas"", ""dataset_url"": ""https://data.msdlive.org/records/65g71-a4731"", ""atlas_commit"": ""48d45f6eef72778edf374ec52c379550bb21a046"", ""atlas_type"": ""building"", ""osm_name"": ""Digital Realty Phoenix PHX15"", ""operator"": ""Digital Realty"", ""footprint_sqft"": 294678, ""license"": ""ODbL-1.0""}",https://github.com/IMMM-SFA/datacenter-atlas/blob/48d45f6eef72778edf374ec52c379550bb21a046/im3_datacenter_centroids.geojson
2026-03-31,"H5 Phoenix · Maricopa, AZ",OSM,site_mapped,50925,"{""dataset"": ""IM3 Open Source Data Center Atlas"", ""dataset_url"": ""https://data.msdlive.org/records/65g71-a4731"", ""atlas_commit"": ""48d45f6eef72778edf374ec52c379550bb21a046"", ""atlas_type"": ""building"", ""osm_name"": ""H5 Phoenix"", ""operator"": ""H5"", ""footprint_sqft"": 50925, ""license"": ""ODbL-1.0""}",https://github.com/IMMM-SFA/datacenter-atlas/blob/48d45f6eef72778edf374ec52c379550bb21a046/im3_datacenter_centroids.geojson
2026-03-31,"Emailage · Maricopa, AZ",OSM,site_mapped,,"{""dataset"": ""IM3 Open Source Data Center Atlas"", ""dataset_url"": ""https://data.msdlive.org/records/65g71-a4731"", ""atlas_commit"": ""48d45f6eef72778edf374ec52c379550bb21a046"", ""atlas_type"": ""point"", ""osm_name"": ""Emailage"", ""operator"": null, ""footprint_sqft"": null, ""license"": ""ODbL-1.0""}",https://github.com/IMMM-SFA/datacenter-atlas/blob/48d45f6eef72778edf374ec52c379550bb21a046/im3_datacenter_centroids.geojson
2026-03-31,"L3Harris Technologies Inc · Maricopa, AZ",OSM,site_mapped,14469,"{""dataset"": ""IM3 Open Source Data Center Atlas"", ""dataset_url"": ""https://data.msdlive.org/records/65g71-a4731"", ""atlas_commit"": ""48d45f6eef72778edf374ec52c379550bb21a046"", ""atlas_type"": ""building"", ""osm_name"": ""L3Harris Technologies Inc"", ""operator"": null, ""footprint_sqft"": 14469, ""license"": ""ODbL-1.0""}",https://github.com/IMMM-SFA/datacenter-atlas/blob/48d45f6eef72778edf374ec52c379550bb21a046/im3_datacenter_centroids.geojson
2026-03-31,"AZ Labs · Maricopa, AZ",OSM,site_mapped,31625,"{""dataset"": ""IM3 Open Source Data Center Atlas"", ""dataset_url"": ""https://data.msdlive.org/records/65g71-a4731"", ""atlas_commit"": ""48d45f6eef72778edf374ec52c379550bb21a046"", ""atlas_type"": ""building"", ""osm_name"": ""AZ Labs"", ""operator"": null, ""footprint_sqft"": 31625, ""license"": ""ODbL-1.0""}",https://github.com/IMMM-SFA/datacenter-atlas/blob/48d45f6eef72778edf374ec52c379550bb21a046/im3_datacenter_centroids.geojson
2026-03-31,"All About Serving Process Server · Maricopa, AZ",OSM,site_mapped,,"{""dataset"": ""IM3 Open Source Data Center Atlas"", ""dataset_url"": ""https://data.msdlive.org/records/65g71-a4731"", ""atlas_commit"": ""48d45f6eef72778edf374ec52c379550bb21a046"", ""atlas_type"": ""point"", ""osm_name"": ""All About Serving Process Server"", ""operator"": null, ""footprint_sqft"": null, ""license"": ""ODbL-1.0""}",https://github.com/IMMM-SFA/datacenter-atlas/blob/48d45f6eef72778edf374ec52c379550bb21a046/im3_datacenter_centroids.geojson
2026-03-31,"StrongMind · Maricopa, AZ",OSM,site_mapped,20604,"{""dataset"": ""IM3 Open Source Data Center Atlas"", ""dataset_url"": ""https://data.msdlive.org/records/65g71-a4731"", ""atlas_commit"": ""48d45f6eef72778edf374ec52c379550bb21a046"", ""atlas_type"": ""building"", ""osm_name"": ""StrongMind"", ""operator"": null, ""footprint_sqft"": 20604, ""license"": ""ODbL-1.0""}",https://github.com/IMMM-SFA/datacenter-atlas/blob/48d45f6eef72778edf374ec52c379550bb21a046/im3_datacenter_centroids.geojson
2026-03-31,"EdgeCore · Maricopa, AZ",OSM,site_mapped,112901,"{""dataset"": ""IM3 Open Source Data Center Atlas"", ""dataset_url"": ""https://data.msdlive.org/records/65g71-a4731"", ""atlas_commit"": ""48d45f6eef72778edf374ec52c379550bb21a046"", ""atlas_type"": ""building"", ""osm_name"": ""EdgeCore"", ""operator"": null, ""footprint_sqft"": 112901, ""license"": ""ODbL-1.0""}",https://github.com/IMMM-SFA/datacenter-atlas/blob/48d45f6eef72778edf374ec52c379550bb21a046/im3_datacenter_centroids.geojson
2026-03-31,"Digital Realty Data Center · Maricopa, AZ",OSM,site_mapped,67568,"{""dataset"": ""IM3 Open Source Data Center Atlas"", ""dataset_url"": ""https://data.msdlive.org/records/65g71-a4731"", ""atlas_commit"": ""48d45f6eef72778edf374ec52c379550bb21a046"", ""atlas_type"": ""building"", ""osm_name"": ""Digital Realty Data Center"", ""operator"": ""Digital Realty"", ""footprint_sqft"": 67568, ""license"": ""ODbL-1.0""}",https://github.com/IMMM-SFA/datacenter-atlas/blob/48d45f6eef72778edf374ec52c379550bb21a046/im3_datacenter_centroids.geojson
2026-03-31,"Unnamed data center · Maricopa, AZ #1",OSM,site_mapped,652573,"{""dataset"": ""IM3 Open Source Data Center Atlas"", ""dataset_url"": ""https://data.msdlive.org/records/65g71-a4731"", ""atlas_commit"": ""48d45f6eef72778edf374ec52c379550bb21a046"", ""atlas_type"": ""building"", ""osm_name"": null, ""operator"": null, ""footprint_sqft"": 652573, ""license"": ""ODbL-1.0""}",https://github.com/IMMM-SFA/datacenter-atlas/blob/48d45f6eef72778edf374ec52c379550bb21a046/im3_datacenter_centroids.geojson
2026-03-31,"Apple Data Center · Maricopa, AZ",OSM,site_mapped,1338261,"{""dataset"": ""IM3 Open Source Data Center Atlas"", ""dataset_url"": ""https://data.msdlive.org/records/65g71-a4731"", ""atlas_commit"": ""48d45f6eef72778edf374ec52c379550bb21a046"", ""atlas_type"": ""building"", ""osm_name"": ""Apple Data Center"", ""operator"": ""Apple Inc."", ""footprint_sqft"": 1338261, ""license"": ""ODbL-1.0""}",https://github.com/IMMM-SFA/datacenter-atlas/blob/48d45f6eef72778edf374ec52c379550bb21a046/im3_datacenter_centroids.geojson
2026-03-31,"Unnamed data center · Maricopa, AZ #2",OSM,site_mapped,1263277,"{""dataset"": ""IM3 Open Source Data Center Atlas"", ""dataset_url"": ""https://data.msdlive.org/records/65g71-a4731"", ""atlas_commit"": ""48d45f6eef72778edf374ec52c379550bb21a046"", ""atlas_type"": ""building"", ""osm_name"": null, ""operator"": null, ""footprint_sqft"": 1263277, ""license"": ""ODbL-1.0""}",https://github.com/IMMM-SFA/datacenter-atlas/blob/48d45f6eef72778edf374ec52c379550bb21a046/im3_datacenter_centroids.geojson
2026-03-31,"Unnamed data center · Maricopa, AZ #3",OSM,site_mapped,337459,"{""dataset"": ""IM3 Open Source Data Center Atlas"", ""dataset_url"": ""https://data.msdlive.org/records/65g71-a4731"", ""atlas_commit"": ""48d45f6eef72778edf374ec52c379550bb21a046"", ""atlas_type"": ""building"", ""osm_name"": null, ""operator"": null, ""footprint_sqft"": 337459, ""license"": ""ODbL-1.0""}",https://github.com/IMMM-SFA/datacenter-atlas/blob/48d45f6eef72778edf374ec52c379550bb21a046/im3_datacenter_centroids.geojson
2026-03-31,"Unnamed data center · Maricopa, AZ #4",OSM,site_mapped,652528,"{""dataset"": ""IM3 Open Source Data Center Atlas"", ""dataset_url"": ""https://data.msdlive.org/records/65g71-a4731"", ""atlas_commit"": ""48d45f6eef72778edf374ec52c379550bb21a046"", ""atlas_type"": ""building"", ""osm_name"": null, ""operator"": null, ""footprint_sqft"": 652528, ""license"": ""ODbL-1.0""}",https://github.com/IMMM-SFA/datacenter-atlas/blob/48d45f6eef72778edf374ec52c379550bb21a046/im3_datacenter_centroids.geojson
2026-03-31,"EdgeConneX PHX02 Data Center · Maricopa, AZ",OSM,site_mapped,654105,"{""dataset"": ""IM3 Open Source Data Center Atlas"", ""dataset_url"": ""https://data.msdlive.org/records/65g71-a4731"", ""atlas_commit"": ""48d45f6eef72778edf374ec52c379550bb21a046"", ""atlas_type"": ""building"", ""osm_name"": ""EdgeConneX PHX02 Data Center"", ""operator"": ""EdgeConneX"", ""footprint_sqft"": 654105, ""license"": ""ODbL-1.0""}",https://github.com/IMMM-SFA/datacenter-atlas/blob/48d45f6eef72778edf374ec52c379550bb21a046/im3_datacenter_centroids.geojson
2026-03-31,"Unnamed data center · Maricopa, AZ #5",OSM,site_mapped,241211,"{""dataset"": ""IM3 Open Source Data Center Atlas"", ""dataset_url"": ""https://data.msdlive.org/records/65g71-a4731"", ""atlas_commit"": ""48d45f6eef72778edf374ec52c379550bb21a046"", ""atlas_type"": ""building"", ""osm_name"": null, ""operator"": null, ""footprint_sqft"": 241211, ""license"": ""ODbL-1.0""}",https://github.com/IMMM-SFA/datacenter-atlas/blob/48d45f6eef72778edf374ec52c379550bb21a046/im3_datacenter_centroids.geojson
2026-03-31,"NTT PH1 Datacenter · Maricopa, AZ",OSM,site_mapped,3498780,"{""dataset"": ""IM3 Open Source Data Center Atlas"", ""dataset_url"": ""https://data.msdlive.org/records/65g71-a4731"", ""atlas_commit"": ""48d45f6eef72778edf374ec52c379550bb21a046"", ""atlas_type"": ""campus"", ""osm_name"": ""NTT PH1 Datacenter"", ""operator"": ""NTT"", ""footprint_sqft"": 3498780, ""license"": ""ODbL-1.0""}",https://github.com/IMMM-SFA/datacenter-atlas/blob/48d45f6eef72778edf374ec52c379550bb21a046/im3_datacenter_centroids.geojson
2026-03-31,"Comarch · Maricopa, AZ",OSM,site_mapped,,"{""dataset"": ""IM3 Open Source Data Center Atlas"", ""dataset_url"": ""https://data.msdlive.org/records/65g71-a4731"", ""atlas_commit"": ""48d45f6eef72778edf374ec52c379550bb21a046"", ""atlas_type"": ""point"", ""osm_name"": ""Comarch"", ""operator"": null, ""footprint_sqft"": null, ""license"": ""ODbL-1.0""}",https://github.com/IMMM-SFA/datacenter-atlas/blob/48d45f6eef72778edf374ec52c379550bb21a046/im3_datacenter_centroids.geojson
2026-03-31,"GoDaddy - Gilbert · Maricopa, AZ",OSM,site_mapped,91811,"{""dataset"": ""IM3 Open Source Data Center Atlas"", ""dataset_url"": ""https://data.msdlive.org/records/65g71-a4731"", ""atlas_commit"": ""48d45f6eef72778edf374ec52c379550bb21a046"", ""atlas_type"": ""building"", ""osm_name"": ""GoDaddy - Gilbert"", ""operator"": null, ""footprint_sqft"": 91811, ""license"": ""ODbL-1.0""}",https://github.com/IMMM-SFA/datacenter-atlas/blob/48d45f6eef72778edf374ec52c379550bb21a046/im3_datacenter_centroids.geojson
2026-03-31,"Alliance Technology · Maricopa, AZ",OSM,site_mapped,,"{""dataset"": ""IM3 Open Source Data Center Atlas"", ""dataset_url"": ""https://data.msdlive.org/records/65g71-a4731"", ""atlas_commit"": ""48d45f6eef72778edf374ec52c379550bb21a046"", ""atlas_type"": ""point"", ""osm_name"": ""Alliance Technology"", ""operator"": null, ""footprint_sqft"": null, ""license"": ""ODbL-1.0""}",https://github.com/IMMM-SFA/datacenter-atlas/blob/48d45f6eef72778edf374ec52c379550bb21a046/im3_datacenter_centroids.geojson
2026-03-31,"OptimumHQ · Maricopa, AZ",OSM,site_mapped,,"{""dataset"": ""IM3 Open Source Data Center Atlas"", ""dataset_url"": ""https://data.msdlive.org/records/65g71-a4731"", ""atlas_commit"": ""48d45f6eef72778edf374ec52c379550bb21a046"", ""atlas_type"": ""point"", ""osm_name"": ""OptimumHQ"", ""operator"": null, ""footprint_sqft"": null, ""license"": ""ODbL-1.0""}",https://github.com/IMMM-SFA/datacenter-atlas/blob/48d45f6eef72778edf374ec52c379550bb21a046/im3_datacenter_centroids.geojson
2026-03-31,"The Chatfield Group · Maricopa, AZ",OSM,site_mapped,,"{""dataset"": ""IM3 Open Source Data Center Atlas"", ""dataset_url"": ""https://data.msdlive.org/records/65g71-a4731"", ""atlas_commit"": ""48d45f6eef72778edf374ec52c379550bb21a046"", ""atlas_type"": ""point"", ""osm_name"": ""The Chatfield Group"", ""operator"": null, ""footprint_sqft"": null, ""license"": ""ODbL-1.0""}",https://github.com/IMMM-SFA/datacenter-atlas/blob/48d45f6eef72778edf374ec52c379550bb21a046/im3_datacenter_centroids.geojson
2026-03-31,"Omnis Network · Maricopa, AZ",OSM,site_mapped,16956,"{""dataset"": ""IM3 Open Source Data Center Atlas"", ""dataset_url"": ""https://data.msdlive.org/records/65g71-a4731"", ""atlas_commit"": ""48d45f6eef72778edf374ec52c379550bb21a046"", ""atlas_type"": ""building"", ""osm_name"": ""Omnis Network"", ""operator"": null, ""footprint_sqft"": 16956, ""license"": ""ODbL-1.0""}",https://github.com/IMMM-SFA/datacenter-atlas/blob/48d45f6eef72778edf374ec52c379550bb21a046/im3_datacenter_centroids.geojson
2026-03-31,"EdgeConneX Data Center · Maricopa, AZ",OSM,site_mapped,,"{""dataset"": ""IM3 Open Source Data Center Atlas"", ""dataset_url"": ""https://data.msdlive.org/records/65g71-a4731"", ""atlas_commit"": ""48d45f6eef72778edf374ec52c379550bb21a046"", ""atlas_type"": ""point"", ""osm_name"": ""EdgeConneX Data Center"", ""operator"": ""EdgeConneX"", ""footprint_sqft"": null, ""license"": ""ODbL-1.0""}",https://github.com/IMMM-SFA/datacenter-atlas/blob/48d45f6eef72778edf374ec52c379550bb21a046/im3_datacenter_centroids.geojson
2026-03-31,"Cogent Data Center · Maricopa, AZ",OSM,site_mapped,51675,"{""dataset"": ""IM3 Open Source Data Center Atlas"", ""dataset_url"": ""https://data.msdlive.org/records/65g71-a4731"", ""atlas_commit"": ""48d45f6eef72778edf374ec52c379550bb21a046"", ""atlas_type"": ""building"", ""osm_name"": ""Cogent Data Center"", ""operator"": ""Cogent Communications, Inc."", ""footprint_sqft"": 51675, ""license"": ""ODbL-1.0""}",https://github.com/IMMM-SFA/datacenter-atlas/blob/48d45f6eef72778edf374ec52c379550bb21a046/im3_datacenter_centroids.geojson
2026-03-31,"Alembic Computer Services, Inc. · Maricopa, AZ",OSM,site_mapped,,"{""dataset"": ""IM3 Open Source Data Center Atlas"", ""dataset_url"": ""https://data.msdlive.org/records/65g71-a4731"", ""atlas_commit"": ""48d45f6eef72778edf374ec52c379550bb21a046"", ""atlas_type"": ""point"", ""osm_name"": ""Alembic Computer Services, Inc."", ""operator"": null, ""footprint_sqft"": null, ""license"": ""ODbL-1.0""}",https://github.com/IMMM-SFA/datacenter-atlas/blob/48d45f6eef72778edf374ec52c379550bb21a046/im3_datacenter_centroids.geojson
2026-03-31,"PHX-10 · Maricopa, AZ",OSM,site_mapped,246184,"{""dataset"": ""IM3 Open Source Data Center Atlas"", ""dataset_url"": ""https://data.msdlive.org/records/65g71-a4731"", ""atlas_commit"": ""48d45f6eef72778edf374ec52c379550bb21a046"", ""atlas_type"": ""building"", ""osm_name"": ""PHX-10"", ""operator"": ""Microsoft"", ""footprint_sqft"": 246184, ""license"": ""ODbL-1.0""}",https://github.com/IMMM-SFA/datacenter-atlas/blob/48d45f6eef72778edf374ec52c379550bb21a046/im3_datacenter_centroids.geojson
2026-03-31,"PHX-11 · Maricopa, AZ",OSM,site_mapped,248866,"{""dataset"": ""IM3 Open Source Data Center Atlas"", ""dataset_url"": ""https://data.msdlive.org/records/65g71-a4731"", ""atlas_commit"": ""48d45f6eef72778edf374ec52c379550bb21a046"", ""atlas_type"": ""building"", ""osm_name"": ""PHX-11"", ""operator"": ""Microsoft"", ""footprint_sqft"": 248866, ""license"": ""ODbL-1.0""}",https://github.com/IMMM-SFA/datacenter-atlas/blob/48d45f6eef72778edf374ec52c379550bb21a046/im3_datacenter_centroids.geojson
2026-03-31,"J-Curve Technologies · Maricopa, AZ",OSM,site_mapped,,"{""dataset"": ""IM3 Open Source Data Center Atlas"", ""dataset_url"": ""https://data.msdlive.org/records/65g71-a4731"", ""atlas_commit"": ""48d45f6eef72778edf374ec52c379550bb21a046"", ""atlas_type"": ""point"", ""osm_name"": ""J-Curve Technologies"", ""operator"": null, ""footprint_sqft"": null, ""license"": ""ODbL-1.0""}",https://github.com/IMMM-SFA/datacenter-atlas/blob/48d45f6eef72778edf374ec52c379550bb21a046/im3_datacenter_centroids.geojson
2026-03-31,"PhoenixNAP · Maricopa, AZ",OSM,site_mapped,79223,"{""dataset"": ""IM3 Open Source Data Center Atlas"", ""dataset_url"": ""https://data.msdlive.org/records/65g71-a4731"", ""atlas_commit"": ""48d45f6eef72778edf374ec52c379550bb21a046"", ""atlas_type"": ""building"", ""osm_name"": ""PhoenixNAP"", ""operator"": null, ""footprint_sqft"": 79223, ""license"": ""ODbL-1.0""}",https://github.com/IMMM-SFA/datacenter-atlas/blob/48d45f6eef72778edf374ec52c379550bb21a046/im3_datacenter_centroids.geojson
2026-03-31,"Stream Data Centers PHX-1 · Maricopa, AZ",OSM,site_mapped,413250,"{""dataset"": ""IM3 Open Source Data Center Atlas"", ""dataset_url"": ""https://data.msdlive.org/records/65g71-a4731"", ""atlas_commit"": ""48d45f6eef72778edf374ec52c379550bb21a046"", ""atlas_type"": ""building"", ""osm_name"": ""Stream Data Centers PHX-1"", ""operator"": null, ""footprint_sqft"": 413250, ""license"": ""ODbL-1.0""}",https://github.com/IMMM-SFA/datacenter-atlas/blob/48d45f6eef72778edf374ec52c379550bb21a046/im3_datacenter_centroids.geojson
2026-03-31,"Iron Mountain Records Storage · Maricopa, AZ",OSM,site_mapped,145832,"{""dataset"": ""IM3 Open Source Data Center Atlas"", ""dataset_url"": ""https://data.msdlive.org/records/65g71-a4731"", ""atlas_commit"": ""48d45f6eef72778edf374ec52c379550bb21a046"", ""atlas_type"": ""building"", ""osm_name"": ""Iron Mountain Records Storage"", ""operator"": null, ""footprint_sqft"": 145832, ""license"": ""ODbL-1.0""}",https://github.com/IMMM-SFA/datacenter-atlas/blob/48d45f6eef72778edf374ec52c379550bb21a046/im3_datacenter_centroids.geojson
2026-03-31,"Centersquare: Phoenix - (PHX1 - Mesa) · Maricopa, AZ",OSM,site_mapped,57992,"{""dataset"": ""IM3 Open Source Data Center Atlas"", ""dataset_url"": ""https://data.msdlive.org/records/65g71-a4731"", ""atlas_commit"": ""48d45f6eef72778edf374ec52c379550bb21a046"", ""atlas_type"": ""building"", ""osm_name"": ""Centersquare: Phoenix - (PHX1 - Mesa)"", ""operator"": ""Centersquare"", ""footprint_sqft"": 57992, ""license"": ""ODbL-1.0""}",https://github.com/IMMM-SFA/datacenter-atlas/blob/48d45f6eef72778edf374ec52c379550bb21a046/im3_datacenter_centroids.geojson
2026-03-31,"Data Storage Centers · Maricopa, AZ",OSM,site_mapped,38109,"{""dataset"": ""IM3 Open Source Data Center Atlas"", ""dataset_url"": ""https://data.msdlive.org/records/65g71-a4731"", ""atlas_commit"": ""48d45f6eef72778edf374ec52c379550bb21a046"", ""atlas_type"": ""building"", ""osm_name"": ""Data Storage Centers"", ""operator"": null, ""footprint_sqft"": 38109, ""license"": ""ODbL-1.0""}",https://github.com/IMMM-SFA/datacenter-atlas/blob/48d45f6eef72778edf374ec52c379550bb21a046/im3_datacenter_centroids.geojson
2026-03-31,"Unnamed data center · Maricopa, AZ #6",OSM,site_mapped,224651,"{""dataset"": ""IM3 Open Source Data Center Atlas"", ""dataset_url"": ""https://data.msdlive.org/records/65g71-a4731"", ""atlas_commit"": ""48d45f6eef72778edf374ec52c379550bb21a046"", ""atlas_type"": ""building"", ""osm_name"": null, ""operator"": null, ""footprint_sqft"": 224651, ""license"": ""ODbL-1.0""}",https://github.com/IMMM-SFA/datacenter-atlas/blob/48d45f6eef72778edf374ec52c379550bb21a046/im3_datacenter_centroids.geojson
2026-03-31,"Microsoft · Maricopa, AZ",OSM,site_mapped,238581,"{""dataset"": ""IM3 Open Source Data Center Atlas"", ""dataset_url"": ""https://data.msdlive.org/records/65g71-a4731"", ""atlas_commit"": ""48d45f6eef72778edf374ec52c379550bb21a046"", ""atlas_type"": ""building"", ""osm_name"": ""Microsoft"", ""operator"": ""Microsoft"", ""footprint_sqft"": 238581, ""license"": ""ODbL-1.0""}",https://github.com/IMMM-SFA/datacenter-atlas/blob/48d45f6eef72778edf374ec52c379550bb21a046/im3_datacenter_centroids.geojson
2026-03-31,"Iron Mountain AZP-2 · Maricopa, AZ",OSM,site_mapped,463636,"{""dataset"": ""IM3 Open Source Data Center Atlas"", ""dataset_url"": ""https://data.msdlive.org/records/65g71-a4731"", ""atlas_commit"": ""48d45f6eef72778edf374ec52c379550bb21a046"", ""atlas_type"": ""campus"", ""osm_name"": ""Iron Mountain AZP-2"", ""operator"": ""Iron Mountain"", ""footprint_sqft"": 463636, ""license"": ""ODbL-1.0""}",https://github.com/IMMM-SFA/datacenter-atlas/blob/48d45f6eef72778edf374ec52c379550bb21a046/im3_datacenter_centroids.geojson
2026-03-31,"Iron Mountain AZP-1 · Maricopa, AZ",OSM,site_mapped,1290579,"{""dataset"": ""IM3 Open Source Data Center Atlas"", ""dataset_url"": ""https://data.msdlive.org/records/65g71-a4731"", ""atlas_commit"": ""48d45f6eef72778edf374ec52c379550bb21a046"", ""atlas_type"": ""campus"", ""osm_name"": ""Iron Mountain AZP-1"", ""operator"": ""Iron Mountain"", ""footprint_sqft"": 1290579, ""license"": ""ODbL-1.0""}",https://github.com/IMMM-SFA/datacenter-atlas/blob/48d45f6eef72778edf374ec52c379550bb21a046/im3_datacenter_centroids.geojson
2026-03-31,"QTS · Maricopa, AZ #1",OSM,site_mapped,156513,"{""dataset"": ""IM3 Open Source Data Center Atlas"", ""dataset_url"": ""https://data.msdlive.org/records/65g71-a4731"", ""atlas_commit"": ""48d45f6eef72778edf374ec52c379550bb21a046"", ""atlas_type"": ""building"", ""osm_name"": ""QTS"", ""operator"": ""Quality Technology Services"", ""footprint_sqft"": 156513, ""license"": ""ODbL-1.0""}",https://github.com/IMMM-SFA/datacenter-atlas/blob/48d45f6eef72778edf374ec52c379550bb21a046/im3_datacenter_centroids.geojson
2026-03-31,"QTS · Maricopa, AZ #2",OSM,site_mapped,162484,"{""dataset"": ""IM3 Open Source Data Center Atlas"", ""dataset_url"": ""https://data.msdlive.org/records/65g71-a4731"", ""atlas_commit"": ""48d45f6eef72778edf374ec52c379550bb21a046"", ""atlas_type"": ""building"", ""osm_name"": ""QTS"", ""operator"": ""Quality Technology Services"", ""footprint_sqft"": 162484, ""license"": ""ODbL-1.0""}",https://github.com/IMMM-SFA/datacenter-atlas/blob/48d45f6eef72778edf374ec52c379550bb21a046/im3_datacenter_centroids.geojson
2026-03-31,"Myndshift Technologies · Maricopa, AZ",OSM,site_mapped,21279,"{""dataset"": ""IM3 Open Source Data Center Atlas"", ""dataset_url"": ""https://data.msdlive.org/records/65g71-a4731"", ""atlas_commit"": ""48d45f6eef72778edf374ec52c379550bb21a046"", ""atlas_type"": ""building"", ""osm_name"": ""Myndshift Technologies"", ""operator"": null, ""footprint_sqft"": 21279, ""license"": ""ODbL-1.0""}",https://github.com/IMMM-SFA/datacenter-atlas/blob/48d45f6eef72778edf374ec52c379550bb21a046/im3_datacenter_centroids.geojson
2026-03-31,"Lumen · Maricopa, AZ",OSM,site_mapped,25456,"{""dataset"": ""IM3 Open Source Data Center Atlas"", ""dataset_url"": ""https://data.msdlive.org/records/65g71-a4731"", ""atlas_commit"": ""48d45f6eef72778edf374ec52c379550bb21a046"", ""atlas_type"": ""building"", ""osm_name"": ""Lumen"", ""operator"": ""Lumen Technologies"", ""footprint_sqft"": 25456, ""license"": ""ODbL-1.0""}",https://github.com/IMMM-SFA/datacenter-atlas/blob/48d45f6eef72778edf374ec52c379550bb21a046/im3_datacenter_centroids.geojson
2026-03-31,"DataPro USA Web Development · Maricopa, AZ",OSM,site_mapped,,"{""dataset"": ""IM3 Open Source Data Center Atlas"", ""dataset_url"": ""https://data.msdlive.org/records/65g71-a4731"", ""atlas_commit"": ""48d45f6eef72778edf374ec52c379550bb21a046"", ""atlas_type"": ""point"", ""osm_name"": ""DataPro USA Web Development"", ""operator"": null, ""footprint_sqft"": null, ""license"": ""ODbL-1.0""}",https://github.com/IMMM-SFA/datacenter-atlas/blob/48d45f6eef72778edf374ec52c379550bb21a046/im3_datacenter_centroids.geojson
2026-03-31,"Profit Finder Pro Software · Maricopa, AZ",OSM,site_mapped,,"{""dataset"": ""IM3 Open Source Data Center Atlas"", ""dataset_url"": ""https://data.msdlive.org/records/65g71-a4731"", ""atlas_commit"": ""48d45f6eef72778edf374ec52c379550bb21a046"", ""atlas_type"": ""point"", ""osm_name"": ""Profit Finder Pro Software"", ""operator"": null, ""footprint_sqft"": null, ""license"": ""ODbL-1.0""}",https://github.com/IMMM-SFA/datacenter-atlas/blob/48d45f6eef72778edf374ec52c379550bb21a046/im3_datacenter_centroids.geojson
2026-03-31,"VaultLogix · Maricopa, AZ",OSM,site_mapped,,"{""dataset"": ""IM3 Open Source Data Center Atlas"", ""dataset_url"": ""https://data.msdlive.org/records/65g71-a4731"", ""atlas_commit"": ""48d45f6eef72778edf374ec52c379550bb21a046"", ""atlas_type"": ""point"", ""osm_name"": ""VaultLogix"", ""operator"": null, ""footprint_sqft"": null, ""license"": ""ODbL-1.0""}",https://github.com/IMMM-SFA/datacenter-atlas/blob/48d45f6eef72778edf374ec52c379550bb21a046/im3_datacenter_centroids.geojson
2026-03-31,"K-Motion Interactive · Maricopa, AZ",OSM,site_mapped,,"{""dataset"": ""IM3 Open Source Data Center Atlas"", ""dataset_url"": ""https://data.msdlive.org/records/65g71-a4731"", ""atlas_commit"": ""48d45f6eef72778edf374ec52c379550bb21a046"", ""atlas_type"": ""point"", ""osm_name"": ""K-Motion Interactive"", ""operator"": null, ""footprint_sqft"": null, ""license"": ""ODbL-1.0""}",https://github.com/IMMM-SFA/datacenter-atlas/blob/48d45f6eef72778edf374ec52c379550bb21a046/im3_datacenter_centroids.geojson
2026-03-31,"Iron Mountain Data Centers AZS-1 · Maricopa, AZ",OSM,site_mapped,,"{""dataset"": ""IM3 Open Source Data Center Atlas"", ""dataset_url"": ""https://data.msdlive.org/records/65g71-a4731"", ""atlas_commit"": ""48d45f6eef72778edf374ec52c379550bb21a046"", ""atlas_type"": ""point"", ""osm_name"": ""Iron Mountain Data Centers AZS-1"", ""operator"": null, ""footprint_sqft"": null, ""license"": ""ODbL-1.0""}",https://github.com/IMMM-SFA/datacenter-atlas/blob/48d45f6eef72778edf374ec52c379550bb21a046/im3_datacenter_centroids.geojson
2026-03-31,"Aligned Energy Data Center · Maricopa, AZ",OSM,site_mapped,512814,"{""dataset"": ""IM3 Open Source Data Center Atlas"", ""dataset_url"": ""https://data.msdlive.org/records/65g71-a4731"", ""atlas_commit"": ""48d45f6eef72778edf374ec52c379550bb21a046"", ""atlas_type"": ""building"", ""osm_name"": ""Aligned Energy Data Center"", ""operator"": null, ""footprint_sqft"": 512814, ""license"": ""ODbL-1.0""}",https://github.com/IMMM-SFA/datacenter-atlas/blob/48d45f6eef72778edf374ec52c379550bb21a046/im3_datacenter_centroids.geojson
2026-03-31,"Accelera Data Systems · Maricopa, AZ",OSM,site_mapped,,"{""dataset"": ""IM3 Open Source Data Center Atlas"", ""dataset_url"": ""https://data.msdlive.org/records/65g71-a4731"", ""atlas_commit"": ""48d45f6eef72778edf374ec52c379550bb21a046"", ""atlas_type"": ""point"", ""osm_name"": ""Accelera Data Systems"", ""operator"": null, ""footprint_sqft"": null, ""license"": ""ODbL-1.0""}",https://github.com/IMMM-SFA/datacenter-atlas/blob/48d45f6eef72778edf374ec52c379550bb21a046/im3_datacenter_centroids.geojson
2026-03-31,"Flexential Phoenix - Deer Valley · Maricopa, AZ",OSM,site_mapped,110023,"{""dataset"": ""IM3 Open Source Data Center Atlas"", ""dataset_url"": ""https://data.msdlive.org/records/65g71-a4731"", ""atlas_commit"": ""48d45f6eef72778edf374ec52c379550bb21a046"", ""atlas_type"": ""building"", ""osm_name"": ""Flexential Phoenix - Deer Valley"", ""operator"": ""Flexential"", ""footprint_sqft"": 110023, ""license"": ""ODbL-1.0""}",https://github.com/IMMM-SFA/datacenter-atlas/blob/48d45f6eef72778edf374ec52c379550bb21a046/im3_datacenter_centroids.geojson
2026-03-31,"DirecTV data center · Pima, AZ",OSM,site_mapped,14373,"{""dataset"": ""IM3 Open Source Data Center Atlas"", ""dataset_url"": ""https://data.msdlive.org/records/65g71-a4731"", ""atlas_commit"": ""48d45f6eef72778edf374ec52c379550bb21a046"", ""atlas_type"": ""building"", ""osm_name"": null, ""operator"": ""DirecTV"", ""footprint_sqft"": 14373, ""license"": ""ODbL-1.0""}",https://github.com/IMMM-SFA/datacenter-atlas/blob/48d45f6eef72778edf374ec52c379550bb21a046/im3_datacenter_centroids.geojson
2026-03-31,"Hurricane Electric Fremont 2 · Alameda, CA",OSM,site_mapped,181268,"{""dataset"": ""IM3 Open Source Data Center Atlas"", ""dataset_url"": ""https://data.msdlive.org/records/65g71-a4731"", ""atlas_commit"": ""48d45f6eef72778edf374ec52c379550bb21a046"", ""atlas_type"": ""building"", ""osm_name"": ""Hurricane Electric Fremont 2"", ""operator"": ""Hurricane Electric"", ""footprint_sqft"": 181268, ""license"": ""ODbL-1.0""}",https://github.com/IMMM-SFA/datacenter-atlas/blob/48d45f6eef72778edf374ec52c379550bb21a046/im3_datacenter_centroids.geojson
2026-03-31,"XO Fremont · Alameda, CA",OSM,site_mapped,65815,"{""dataset"": ""IM3 Open Source Data Center Atlas"", ""dataset_url"": ""https://data.msdlive.org/records/65g71-a4731"", ""atlas_commit"": ""48d45f6eef72778edf374ec52c379550bb21a046"", ""atlas_type"": ""building"", ""osm_name"": ""XO Fremont"", ""operator"": ""XO"", ""footprint_sqft"": 65815, ""license"": ""ODbL-1.0""}",https://github.com/IMMM-SFA/datacenter-atlas/blob/48d45f6eef72778edf374ec52c379550bb21a046/im3_datacenter_centroids.geojson
2026-03-31,"Hurricane Electric Fremont 1 · Alameda, CA",OSM,site_mapped,33640,"{""dataset"": ""IM3 Open Source Data Center Atlas"", ""dataset_url"": ""https://data.msdlive.org/records/65g71-a4731"", ""atlas_commit"": ""48d45f6eef72778edf374ec52c379550bb21a046"", ""atlas_type"": ""building"", ""osm_name"": ""Hurricane Electric Fremont 1"", ""operator"": ""Hurricane Electric"", ""footprint_sqft"": 33640, ""license"": ""ODbL-1.0""}",https://github.com/IMMM-SFA/datacenter-atlas/blob/48d45f6eef72778edf374ec52c379550bb21a046/im3_datacenter_centroids.geojson
2026-03-31,"QES Computers · Alameda, CA",OSM,site_mapped,941,"{""dataset"": ""IM3 Open Source Data Center Atlas"", ""dataset_url"": ""https://data.msdlive.org/records/65g71-a4731"", ""atlas_commit"": ""48d45f6eef72778edf374ec52c379550bb21a046"", ""atlas_type"": ""building"", ""osm_name"": ""QES Computers"", ""operator"": null, ""footprint_sqft"": 941, ""license"": ""ODbL-1.0""}",https://github.com/IMMM-SFA/datacenter-atlas/blob/48d45f6eef72778edf374ec52c379550bb21a046/im3_datacenter_centroids.geojson
2026-03-31,"Open Computing Facility · Alameda, CA",OSM,site_mapped,,"{""dataset"": ""IM3 Open Source Data Center Atlas"", ""dataset_url"": ""https://data.msdlive.org/records/65g71-a4731"", ""atlas_commit"": ""48d45f6eef72778edf374ec52c379550bb21a046"", ""atlas_type"": ""point"", ""osm_name"": ""Open Computing Facility"", ""operator"": null, ""footprint_sqft"": null, ""license"": ""ODbL-1.0""}",https://github.com/IMMM-SFA/datacenter-atlas/blob/48d45f6eef72778edf374ec52c379550bb21a046/im3_datacenter_centroids.geojson
2026-03-31,"e360 · Contra Costa, CA",OSM,site_mapped,,"{""dataset"": ""IM3 Open Source Data Center Atlas"", ""dataset_url"": ""https://data.msdlive.org/records/65g71-a4731"", ""atlas_commit"": ""48d45f6eef72778edf374ec52c379550bb21a046"", ""atlas_type"": ""point"", ""osm_name"": ""e360"", ""operator"": null, ""footprint_sqft"": null, ""license"": ""ODbL-1.0""}",https://github.com/IMMM-SFA/datacenter-atlas/blob/48d45f6eef72778edf374ec52c379550bb21a046/im3_datacenter_centroids.geojson
2026-03-31,"DRT LAX12 · Los Angeles, CA",OSM,site_mapped,113310,"{""dataset"": ""IM3 Open Source Data Center Atlas"", ""dataset_url"": ""https://data.msdlive.org/records/65g71-a4731"", ""atlas_commit"": ""48d45f6eef72778edf374ec52c379550bb21a046"", ""atlas_type"": ""building"", ""osm_name"": ""DRT LAX12"", ""operator"": ""Digital Realty"", ""footprint_sqft"": 113310, ""license"": ""ODbL-1.0""}",https://github.com/IMMM-SFA/datacenter-atlas/blob/48d45f6eef72778edf374ec52c379550bb21a046/im3_datacenter_centroids.geojson
2026-03-31,"Centurylink data center · Los Angeles, CA #1",OSM,site_mapped,71500,"{""dataset"": ""IM3 Open Source Data Center Atlas"", ""dataset_url"": ""https://data.msdlive.org/records/65g71-a4731"", ""atlas_commit"": ""48d45f6eef72778edf374ec52c379550bb21a046"", ""atlas_type"": ""building"", ""osm_name"": null, ""operator"": ""Centurylink"", ""footprint_sqft"": 71500, ""license"": ""ODbL-1.0""}",https://github.com/IMMM-SFA/datacenter-atlas/blob/48d45f6eef72778edf374ec52c379550bb21a046/im3_datacenter_centroids.geojson
2026-03-31,"Serverfarm - LAX1 · Los Angeles, CA",OSM,site_mapped,119102,"{""dataset"": ""IM3 Open Source Data Center Atlas"", ""dataset_url"": ""https://data.msdlive.org/records/65g71-a4731"", ""atlas_commit"": ""48d45f6eef72778edf374ec52c379550bb21a046"", ""atlas_type"": ""building"", ""osm_name"": ""Serverfarm - LAX1"", ""operator"": ""Serverfarm LLC."", ""footprint_sqft"": 119102, ""license"": ""ODbL-1.0""}",https://github.com/IMMM-SFA/datacenter-atlas/blob/48d45f6eef72778edf374ec52c379550bb21a046/im3_datacenter_centroids.geojson
2026-03-31,"DRT LAX10 · Los Angeles, CA",OSM,site_mapped,66979,"{""dataset"": ""IM3 Open Source Data Center Atlas"", ""dataset_url"": ""https://data.msdlive.org/records/65g71-a4731"", ""atlas_commit"": ""48d45f6eef72778edf374ec52c379550bb21a046"", ""atlas_type"": ""building"", ""osm_name"": ""DRT LAX10"", ""operator"": null, ""footprint_sqft"": 66979, ""license"": ""ODbL-1.0""}",https://github.com/IMMM-SFA/datacenter-atlas/blob/48d45f6eef72778edf374ec52c379550bb21a046/im3_datacenter_centroids.geojson
2026-03-31,"One Wilshire · Los Angeles, CA",OSM,site_mapped,43850,"{""dataset"": ""IM3 Open Source Data Center Atlas"", ""dataset_url"": ""https://data.msdlive.org/records/65g71-a4731"", ""atlas_commit"": ""48d45f6eef72778edf374ec52c379550bb21a046"", ""atlas_type"": ""building"", ""osm_name"": ""One Wilshire"", ""operator"": null, ""footprint_sqft"": 43850, ""license"": ""ODbL-1.0""}",https://github.com/IMMM-SFA/datacenter-atlas/blob/48d45f6eef72778edf374ec52c379550bb21a046/im3_datacenter_centroids.geojson
2026-03-31,"USPO Terminal Annex · Los Angeles, CA",OSM,site_mapped,99270,"{""dataset"": ""IM3 Open Source Data Center Atlas"", ""dataset_url"": ""https://data.msdlive.org/records/65g71-a4731"", ""atlas_commit"": ""48d45f6eef72778edf374ec52c379550bb21a046"", ""atlas_type"": ""building"", ""osm_name"": ""USPO Terminal Annex"", ""operator"": ""United States Postal Service"", ""footprint_sqft"": 99270, ""license"": ""ODbL-1.0""}",https://github.com/IMMM-SFA/datacenter-atlas/blob/48d45f6eef72778edf374ec52c379550bb21a046/im3_datacenter_centroids.geojson
2026-03-31,"Centurylink data center · Los Angeles, CA #2",OSM,site_mapped,43140,"{""dataset"": ""IM3 Open Source Data Center Atlas"", ""dataset_url"": ""https://data.msdlive.org/records/65g71-a4731"", ""atlas_commit"": ""48d45f6eef72778edf374ec52c379550bb21a046"", ""atlas_type"": ""building"", ""osm_name"": null, ""operator"": ""Centurylink"", ""footprint_sqft"": 43140, ""license"": ""ODbL-1.0""}",https://github.com/IMMM-SFA/datacenter-atlas/blob/48d45f6eef72778edf374ec52c379550bb21a046/im3_datacenter_centroids.geojson
2026-03-31,"AT&T · Los Angeles, CA",OSM,site_mapped,17388,"{""dataset"": ""IM3 Open Source Data Center Atlas"", ""dataset_url"": ""https://data.msdlive.org/records/65g71-a4731"", ""atlas_commit"": ""48d45f6eef72778edf374ec52c379550bb21a046"", ""atlas_type"": ""building"", ""osm_name"": ""AT&T"", ""operator"": null, ""footprint_sqft"": 17388, ""license"": ""ODbL-1.0""}",https://github.com/IMMM-SFA/datacenter-atlas/blob/48d45f6eef72778edf374ec52c379550bb21a046/im3_datacenter_centroids.geojson
2026-03-31,"Kaiser Data Center · Napa, CA",OSM,site_mapped,162791,"{""dataset"": ""IM3 Open Source Data Center Atlas"", ""dataset_url"": ""https://data.msdlive.org/records/65g71-a4731"", ""atlas_commit"": ""48d45f6eef72778edf374ec52c379550bb21a046"", ""atlas_type"": ""building"", ""osm_name"": ""Kaiser Data Center"", ""operator"": null, ""footprint_sqft"": 162791, ""license"": ""ODbL-1.0""}",https://github.com/IMMM-SFA/datacenter-atlas/blob/48d45f6eef72778edf374ec52c379550bb21a046/im3_datacenter_centroids.geojson
2026-03-31,"TPx Colocation Datacenter · Orange, CA",OSM,site_mapped,37065,"{""dataset"": ""IM3 Open Source Data Center Atlas"", ""dataset_url"": ""https://data.msdlive.org/records/65g71-a4731"", ""atlas_commit"": ""48d45f6eef72778edf374ec52c379550bb21a046"", ""atlas_type"": ""building"", ""osm_name"": ""TPx Colocation Datacenter"", ""operator"": ""TPx Communications"", ""footprint_sqft"": 37065, ""license"": ""ODbL-1.0""}",https://github.com/IMMM-SFA/datacenter-atlas/blob/48d45f6eef72778edf374ec52c379550bb21a046/im3_datacenter_centroids.geojson
2026-03-31,"Lumen Technologies · Orange, CA",OSM,site_mapped,85658,"{""dataset"": ""IM3 Open Source Data Center Atlas"", ""dataset_url"": ""https://data.msdlive.org/records/65g71-a4731"", ""atlas_commit"": ""48d45f6eef72778edf374ec52c379550bb21a046"", ""atlas_type"": ""building"", ""osm_name"": ""Lumen Technologies"", ""operator"": null, ""footprint_sqft"": 85658, ""license"": ""ODbL-1.0""}",https://github.com/IMMM-SFA/datacenter-atlas/blob/48d45f6eef72778edf374ec52c379550bb21a046/im3_datacenter_centroids.geojson
2026-03-31,"IT · Riverside, CA",OSM,site_mapped,,"{""dataset"": ""IM3 Open Source Data Center Atlas"", ""dataset_url"": ""https://data.msdlive.org/records/65g71-a4731"", ""atlas_commit"": ""48d45f6eef72778edf374ec52c379550bb21a046"", ""atlas_type"": ""point"", ""osm_name"": ""IT"", ""operator"": null, ""footprint_sqft"": null, ""license"": ""ODbL-1.0""}",https://github.com/IMMM-SFA/datacenter-atlas/blob/48d45f6eef72778edf374ec52c379550bb21a046/im3_datacenter_centroids.geojson
2026-03-31,"Edgeconnex Data Center · Sacramento, CA",OSM,site_mapped,29318,"{""dataset"": ""IM3 Open Source Data Center Atlas"", ""dataset_url"": ""https://data.msdlive.org/records/65g71-a4731"", ""atlas_commit"": ""48d45f6eef72778edf374ec52c379550bb21a046"", ""atlas_type"": ""building"", ""osm_name"": ""Edgeconnex Data Center"", ""operator"": ""EdgeConneX"", ""footprint_sqft"": 29318, ""license"": ""ODbL-1.0""}",https://github.com/IMMM-SFA/datacenter-atlas/blob/48d45f6eef72778edf374ec52c379550bb21a046/im3_datacenter_centroids.geojson
2026-03-31,"RagingWire CA3 · Sacramento, CA",OSM,site_mapped,151366,"{""dataset"": ""IM3 Open Source Data Center Atlas"", ""dataset_url"": ""https://data.msdlive.org/records/65g71-a4731"", ""atlas_commit"": ""48d45f6eef72778edf374ec52c379550bb21a046"", ""atlas_type"": ""building"", ""osm_name"": ""RagingWire CA3"", ""operator"": ""NTT"", ""footprint_sqft"": 151366, ""license"": ""ODbL-1.0""}",https://github.com/IMMM-SFA/datacenter-atlas/blob/48d45f6eef72778edf374ec52c379550bb21a046/im3_datacenter_centroids.geojson
2026-03-31,"QTS Sacramento · Sacramento, CA",OSM,site_mapped,90196,"{""dataset"": ""IM3 Open Source Data Center Atlas"", ""dataset_url"": ""https://data.msdlive.org/records/65g71-a4731"", ""atlas_commit"": ""48d45f6eef72778edf374ec52c379550bb21a046"", ""atlas_type"": ""building"", ""osm_name"": ""QTS Sacramento"", ""operator"": ""Quality Technology Services"", ""footprint_sqft"": 90196, ""license"": ""ODbL-1.0""}",https://github.com/IMMM-SFA/datacenter-atlas/blob/48d45f6eef72778edf374ec52c379550bb21a046/im3_datacenter_centroids.geojson
2026-03-31,"RagingWire CA2 · Sacramento, CA",OSM,site_mapped,204702,"{""dataset"": ""IM3 Open Source Data Center Atlas"", ""dataset_url"": ""https://data.msdlive.org/records/65g71-a4731"", ""atlas_commit"": ""48d45f6eef72778edf374ec52c379550bb21a046"", ""atlas_type"": ""building"", ""osm_name"": ""RagingWire CA2"", ""operator"": ""NTT"", ""footprint_sqft"": 204702, ""license"": ""ODbL-1.0""}",https://github.com/IMMM-SFA/datacenter-atlas/blob/48d45f6eef72778edf374ec52c379550bb21a046/im3_datacenter_centroids.geojson
2026-03-31,"RagingWire CA1 · Sacramento, CA",OSM,site_mapped,192302,"{""dataset"": ""IM3 Open Source Data Center Atlas"", ""dataset_url"": ""https://data.msdlive.org/records/65g71-a4731"", ""atlas_commit"": ""48d45f6eef72778edf374ec52c379550bb21a046"", ""atlas_type"": ""building"", ""osm_name"": ""RagingWire CA1"", ""operator"": ""NTT"", ""footprint_sqft"": 192302, ""license"": ""ODbL-1.0""}",https://github.com/IMMM-SFA/datacenter-atlas/blob/48d45f6eef72778edf374ec52c379550bb21a046/im3_datacenter_centroids.geojson
2026-03-31,"AT&T Center · San Diego, CA",OSM,site_mapped,88910,"{""dataset"": ""IM3 Open Source Data Center Atlas"", ""dataset_url"": ""https://data.msdlive.org/records/65g71-a4731"", ""atlas_commit"": ""48d45f6eef72778edf374ec52c379550bb21a046"", ""atlas_type"": ""building"", ""osm_name"": ""AT&T Center"", ""operator"": ""American Telephone & Telegraph"", ""footprint_sqft"": 88910, ""license"": ""ODbL-1.0""}",https://github.com/IMMM-SFA/datacenter-atlas/blob/48d45f6eef72778edf374ec52c379550bb21a046/im3_datacenter_centroids.geojson
2026-03-31,"SDSU Computer Room · San Diego, CA",OSM,site_mapped,,"{""dataset"": ""IM3 Open Source Data Center Atlas"", ""dataset_url"": ""https://data.msdlive.org/records/65g71-a4731"", ""atlas_commit"": ""48d45f6eef72778edf374ec52c379550bb21a046"", ""atlas_type"": ""point"", ""osm_name"": ""SDSU Computer Room"", ""operator"": null, ""footprint_sqft"": null, ""license"": ""ODbL-1.0""}",https://github.com/IMMM-SFA/datacenter-atlas/blob/48d45f6eef72778edf374ec52c379550bb21a046/im3_datacenter_centroids.geojson
2026-03-31,"LightEdge SAN1 · San Diego, CA",OSM,site_mapped,83576,"{""dataset"": ""IM3 Open Source Data Center Atlas"", ""dataset_url"": ""https://data.msdlive.org/records/65g71-a4731"", ""atlas_commit"": ""48d45f6eef72778edf374ec52c379550bb21a046"", ""atlas_type"": ""building"", ""osm_name"": ""LightEdge SAN1"", ""operator"": null, ""footprint_sqft"": 83576, ""license"": ""ODbL-1.0""}",https://github.com/IMMM-SFA/datacenter-atlas/blob/48d45f6eef72778edf374ec52c379550bb21a046/im3_datacenter_centroids.geojson
2026-03-31,"EdgeConneX San Diego · San Diego, CA",OSM,site_mapped,39204,"{""dataset"": ""IM3 Open Source Data Center Atlas"", ""dataset_url"": ""https://data.msdlive.org/records/65g71-a4731"", ""atlas_commit"": ""48d45f6eef72778edf374ec52c379550bb21a046"", ""atlas_type"": ""building"", ""osm_name"": ""EdgeConneX San Diego"", ""operator"": ""EdgeConneX"", ""footprint_sqft"": 39204, ""license"": ""ODbL-1.0""}",https://github.com/IMMM-SFA/datacenter-atlas/blob/48d45f6eef72778edf374ec52c379550bb21a046/im3_datacenter_centroids.geojson
2026-03-31,"Unnamed data center · San Diego, CA",OSM,site_mapped,13597,"{""dataset"": ""IM3 Open Source Data Center Atlas"", ""dataset_url"": ""https://data.msdlive.org/records/65g71-a4731"", ""atlas_commit"": ""48d45f6eef72778edf374ec52c379550bb21a046"", ""atlas_type"": ""campus"", ""osm_name"": null, ""operator"": null, ""footprint_sqft"": 13597, ""license"": ""ODbL-1.0""}",https://github.com/IMMM-SFA/datacenter-atlas/blob/48d45f6eef72778edf374ec52c379550bb21a046/im3_datacenter_centroids.geojson
2026-03-31,"Digital Realty San Francisco SFO10 · San Francisco, CA",OSM,site_mapped,104867,"{""dataset"": ""IM3 Open Source Data Center Atlas"", ""dataset_url"": ""https://data.msdlive.org/records/65g71-a4731"", ""atlas_commit"": ""48d45f6eef72778edf374ec52c379550bb21a046"", ""atlas_type"": ""building"", ""osm_name"": ""Digital Realty San Francisco SFO10"", ""operator"": ""Digital Realty"", ""footprint_sqft"": 104867, ""license"": ""ODbL-1.0""}",https://github.com/IMMM-SFA/datacenter-atlas/blob/48d45f6eef72778edf374ec52c379550bb21a046/im3_datacenter_centroids.geojson
2026-03-31,"Ntirety data center · San Francisco, CA",OSM,site_mapped,,"{""dataset"": ""IM3 Open Source Data Center Atlas"", ""dataset_url"": ""https://data.msdlive.org/records/65g71-a4731"", ""atlas_commit"": ""48d45f6eef72778edf374ec52c379550bb21a046"", ""atlas_type"": ""point"", ""osm_name"": null, ""operator"": ""Ntirety"", ""footprint_sqft"": null, ""license"": ""ODbL-1.0""}",https://github.com/IMMM-SFA/datacenter-atlas/blob/48d45f6eef72778edf374ec52c379550bb21a046/im3_datacenter_centroids.geojson
2026-03-31,"365 Main Street Data Center · San Francisco, CA",OSM,site_mapped,39318,"{""dataset"": ""IM3 Open Source Data Center Atlas"", ""dataset_url"": ""https://data.msdlive.org/records/65g71-a4731"", ""atlas_commit"": ""48d45f6eef72778edf374ec52c379550bb21a046"", ""atlas_type"": ""building"", ""osm_name"": ""365 Main Street Data Center"", ""operator"": ""Digital Realty"", ""footprint_sqft"": 39318, ""license"": ""ODbL-1.0""}",https://github.com/IMMM-SFA/datacenter-atlas/blob/48d45f6eef72778edf374ec52c379550bb21a046/im3_datacenter_centroids.geojson
2026-03-31,"360 Spear Street Data Center · San Francisco, CA",OSM,site_mapped,34599,"{""dataset"": ""IM3 Open Source Data Center Atlas"", ""dataset_url"": ""https://data.msdlive.org/records/65g71-a4731"", ""atlas_commit"": ""48d45f6eef72778edf374ec52c379550bb21a046"", ""atlas_type"": ""building"", ""osm_name"": ""360 Spear Street Data Center"", ""operator"": ""Digital Realty"", ""footprint_sqft"": 34599, ""license"": ""ODbL-1.0""}",https://github.com/IMMM-SFA/datacenter-atlas/blob/48d45f6eef72778edf374ec52c379550bb21a046/im3_datacenter_centroids.geojson
2026-03-31,"Digital West Data Center · San Luis Obispo, CA",OSM,site_mapped,,"{""dataset"": ""IM3 Open Source Data Center Atlas"", ""dataset_url"": ""https://data.msdlive.org/records/65g71-a4731"", ""atlas_commit"": ""48d45f6eef72778edf374ec52c379550bb21a046"", ""atlas_type"": ""point"", ""osm_name"": ""Digital West Data Center"", ""operator"": null, ""footprint_sqft"": null, ""license"": ""ODbL-1.0""}",https://github.com/IMMM-SFA/datacenter-atlas/blob/48d45f6eef72778edf374ec52c379550bb21a046/im3_datacenter_centroids.geojson
2026-03-31,"Equinix SV10 · Santa Clara, CA",OSM,site_mapped,86340,"{""dataset"": ""IM3 Open Source Data Center Atlas"", ""dataset_url"": ""https://data.msdlive.org/records/65g71-a4731"", ""atlas_commit"": ""48d45f6eef72778edf374ec52c379550bb21a046"", ""atlas_type"": ""building"", ""osm_name"": ""Equinix SV10"", ""operator"": ""Equinix"", ""footprint_sqft"": 86340, ""license"": ""ODbL-1.0""}",https://github.com/IMMM-SFA/datacenter-atlas/blob/48d45f6eef72778edf374ec52c379550bb21a046/im3_datacenter_centroids.geojson
2026-03-31,"Equinix SV1 · Santa Clara, CA",OSM,site_mapped,135022,"{""dataset"": ""IM3 Open Source Data Center Atlas"", ""dataset_url"": ""https://data.msdlive.org/records/65g71-a4731"", ""atlas_commit"": ""48d45f6eef72778edf374ec52c379550bb21a046"", ""atlas_type"": ""building"", ""osm_name"": ""Equinix SV1"", ""operator"": ""Equinix"", ""footprint_sqft"": 135022, ""license"": ""ODbL-1.0""}",https://github.com/IMMM-SFA/datacenter-atlas/blob/48d45f6eef72778edf374ec52c379550bb21a046/im3_datacenter_centroids.geojson
2026-03-31,"Equinix SV5 · Santa Clara, CA",OSM,site_mapped,166314,"{""dataset"": ""IM3 Open Source Data Center Atlas"", ""dataset_url"": ""https://data.msdlive.org/records/65g71-a4731"", ""atlas_commit"": ""48d45f6eef72778edf374ec52c379550bb21a046"", ""atlas_type"": ""building"", ""osm_name"": ""Equinix SV5"", ""operator"": ""Equinix"", ""footprint_sqft"": 166314, ""license"": ""ODbL-1.0""}",https://github.com/IMMM-SFA/datacenter-atlas/blob/48d45f6eef72778edf374ec52c379550bb21a046/im3_datacenter_centroids.geojson
2026-03-31,"Equinix SV11 · Santa Clara, CA",OSM,site_mapped,76977,"{""dataset"": ""IM3 Open Source Data Center Atlas"", ""dataset_url"": ""https://data.msdlive.org/records/65g71-a4731"", ""atlas_commit"": ""48d45f6eef72778edf374ec52c379550bb21a046"", ""atlas_type"": ""building"", ""osm_name"": ""Equinix SV11"", ""operator"": ""Equinix"", ""footprint_sqft"": 76977, ""license"": ""ODbL-1.0""}",https://github.com/IMMM-SFA/datacenter-atlas/blob/48d45f6eef72778edf374ec52c379550bb21a046/im3_datacenter_centroids.geojson
2026-03-31,"Forescout Technologies, Inc. · Santa Clara, CA",OSM,site_mapped,,"{""dataset"": ""IM3 Open Source Data Center Atlas"", ""dataset_url"": ""https://data.msdlive.org/records/65g71-a4731"", ""atlas_commit"": ""48d45f6eef72778edf374ec52c379550bb21a046"", ""atlas_type"": ""point"", ""osm_name"": ""Forescout Technologies, Inc."", ""operator"": null, ""footprint_sqft"": null, ""license"": ""ODbL-1.0""}",https://github.com/IMMM-SFA/datacenter-atlas/blob/48d45f6eef72778edf374ec52c379550bb21a046/im3_datacenter_centroids.geojson
2026-03-31,"Unnamed data center · Santa Clara, CA #1",OSM,site_mapped,102004,"{""dataset"": ""IM3 Open Source Data Center Atlas"", ""dataset_url"": ""https://data.msdlive.org/records/65g71-a4731"", ""atlas_commit"": ""48d45f6eef72778edf374ec52c379550bb21a046"", ""atlas_type"": ""building"", ""osm_name"": null, ""operator"": null, ""footprint_sqft"": 102004, ""license"": ""ODbL-1.0""}",https://github.com/IMMM-SFA/datacenter-atlas/blob/48d45f6eef72778edf374ec52c379550bb21a046/im3_datacenter_centroids.geojson
2026-03-31,"San Jose Colocation Center · Santa Clara, CA",OSM,site_mapped,,"{""dataset"": ""IM3 Open Source Data Center Atlas"", ""dataset_url"": ""https://data.msdlive.org/records/65g71-a4731"", ""atlas_commit"": ""48d45f6eef72778edf374ec52c379550bb21a046"", ""atlas_type"": ""point"", ""osm_name"": ""San Jose Colocation Center"", ""operator"": ""CoreSite"", ""footprint_sqft"": null, ""license"": ""ODbL-1.0""}",https://github.com/IMMM-SFA/datacenter-atlas/blob/48d45f6eef72778edf374ec52c379550bb21a046/im3_datacenter_centroids.geojson
2026-03-31,"Unnamed data center · Santa Clara, CA #2",OSM,site_mapped,108346,"{""dataset"": ""IM3 Open Source Data Center Atlas"", ""dataset_url"": ""https://data.msdlive.org/records/65g71-a4731"", ""atlas_commit"": ""48d45f6eef72778edf374ec52c379550bb21a046"", ""atlas_type"": ""building"", ""osm_name"": null, ""operator"": null, ""footprint_sqft"": 108346, ""license"": ""ODbL-1.0""}",https://github.com/IMMM-SFA/datacenter-atlas/blob/48d45f6eef72778edf374ec52c379550bb21a046/im3_datacenter_centroids.geojson
2026-03-31,"Digital Realty Silicon Valley SC1 · Santa Clara, CA",OSM,site_mapped,297948,"{""dataset"": ""IM3 Open Source Data Center Atlas"", ""dataset_url"": ""https://data.msdlive.org/records/65g71-a4731"", ""atlas_commit"": ""48d45f6eef72778edf374ec52c379550bb21a046"", ""atlas_type"": ""building"", ""osm_name"": ""Digital Realty Silicon Valley SC1"", ""operator"": ""Digital Realty"", ""footprint_sqft"": 297948, ""license"": ""ODbL-1.0""}",https://github.com/IMMM-SFA/datacenter-atlas/blob/48d45f6eef72778edf374ec52c379550bb21a046/im3_datacenter_centroids.geojson
2026-03-31,"STACK SVY02 · Santa Clara, CA",OSM,site_mapped,136083,"{""dataset"": ""IM3 Open Source Data Center Atlas"", ""dataset_url"": ""https://data.msdlive.org/records/65g71-a4731"", ""atlas_commit"": ""48d45f6eef72778edf374ec52c379550bb21a046"", ""atlas_type"": ""building"", ""osm_name"": ""STACK SVY02"", ""operator"": ""Stack Infrastructure"", ""footprint_sqft"": 136083, ""license"": ""ODbL-1.0""}",https://github.com/IMMM-SFA/datacenter-atlas/blob/48d45f6eef72778edf374ec52c379550bb21a046/im3_datacenter_centroids.geojson
2026-03-31,"Microsoft · Santa Clara, CA",OSM,site_mapped,166655,"{""dataset"": ""IM3 Open Source Data Center Atlas"", ""dataset_url"": ""https://data.msdlive.org/records/65g71-a4731"", ""atlas_commit"": ""48d45f6eef72778edf374ec52c379550bb21a046"", ""atlas_type"": ""building"", ""osm_name"": ""Microsoft"", ""operator"": ""Microsoft"", ""footprint_sqft"": 166655, ""license"": ""ODbL-1.0""}",https://github.com/IMMM-SFA/datacenter-atlas/blob/48d45f6eef72778edf374ec52c379550bb21a046/im3_datacenter_centroids.geojson
2026-03-31,"Vantage Santa Clara CA2 · Santa Clara, CA",OSM,site_mapped,132031,"{""dataset"": ""IM3 Open Source Data Center Atlas"", ""dataset_url"": ""https://data.msdlive.org/records/65g71-a4731"", ""atlas_commit"": ""48d45f6eef72778edf374ec52c379550bb21a046"", ""atlas_type"": ""building"", ""osm_name"": ""Vantage Santa Clara CA2"", ""operator"": ""Vantage Data Centers"", ""footprint_sqft"": 132031, ""license"": ""ODbL-1.0""}",https://github.com/IMMM-SFA/datacenter-atlas/blob/48d45f6eef72778edf374ec52c379550bb21a046/im3_datacenter_centroids.geojson
2026-03-31,"SV Colo · Santa Clara, CA",OSM,site_mapped,57709,"{""dataset"": ""IM3 Open Source Data Center Atlas"", ""dataset_url"": ""https://data.msdlive.org/records/65g71-a4731"", ""atlas_commit"": ""48d45f6eef72778edf374ec52c379550bb21a046"", ""atlas_type"": ""building"", ""osm_name"": ""SV Colo"", ""operator"": ""SV Colo"", ""footprint_sqft"": 57709, ""license"": ""ODbL-1.0""}",https://github.com/IMMM-SFA/datacenter-atlas/blob/48d45f6eef72778edf374ec52c379550bb21a046/im3_datacenter_centroids.geojson
2026-03-31,"Cologix Santa Clara SV1 Data Center · Santa Clara, CA",OSM,site_mapped,80686,"{""dataset"": ""IM3 Open Source Data Center Atlas"", ""dataset_url"": ""https://data.msdlive.org/records/65g71-a4731"", ""atlas_commit"": ""48d45f6eef72778edf374ec52c379550bb21a046"", ""atlas_type"": ""building"", ""osm_name"": ""Cologix Santa Clara SV1 Data Center"", ""operator"": ""Cologix"", ""footprint_sqft"": 80686, ""license"": ""ODbL-1.0""}",https://github.com/IMMM-SFA/datacenter-atlas/blob/48d45f6eef72778edf374ec52c379550bb21a046/im3_datacenter_centroids.geojson
2026-03-31,"Prime Santa Clara · Santa Clara, CA #1",OSM,site_mapped,,"{""dataset"": ""IM3 Open Source Data Center Atlas"", ""dataset_url"": ""https://data.msdlive.org/records/65g71-a4731"", ""atlas_commit"": ""48d45f6eef72778edf374ec52c379550bb21a046"", ""atlas_type"": ""point"", ""osm_name"": ""Prime Santa Clara"", ""operator"": ""Prime"", ""footprint_sqft"": null, ""license"": ""ODbL-1.0""}",https://github.com/IMMM-SFA/datacenter-atlas/blob/48d45f6eef72778edf374ec52c379550bb21a046/im3_datacenter_centroids.geojson
2026-03-31,"NTT Silicon Valley SV1 Data Center · Santa Clara, CA",OSM,site_mapped,38759,"{""dataset"": ""IM3 Open Source Data Center Atlas"", ""dataset_url"": ""https://data.msdlive.org/records/65g71-a4731"", ""atlas_commit"": ""48d45f6eef72778edf374ec52c379550bb21a046"", ""atlas_type"": ""building"", ""osm_name"": ""NTT Silicon Valley SV1 Data Center"", ""operator"": ""NTT"", ""footprint_sqft"": 38759, ""license"": ""ODbL-1.0""}",https://github.com/IMMM-SFA/datacenter-atlas/blob/48d45f6eef72778edf374ec52c379550bb21a046/im3_datacenter_centroids.geojson
2026-03-31,"Csquare SFO1 · Santa Clara, CA #1",OSM,site_mapped,83921,"{""dataset"": ""IM3 Open Source Data Center Atlas"", ""dataset_url"": ""https://data.msdlive.org/records/65g71-a4731"", ""atlas_commit"": ""48d45f6eef72778edf374ec52c379550bb21a046"", ""atlas_type"": ""building"", ""osm_name"": ""Csquare SFO1"", ""operator"": ""Csquare"", ""footprint_sqft"": 83921, ""license"": ""ODbL-1.0""}",https://github.com/IMMM-SFA/datacenter-atlas/blob/48d45f6eef72778edf374ec52c379550bb21a046/im3_datacenter_centroids.geojson
2026-03-31,"Unnamed data center · Santa Clara, CA #3",OSM,site_mapped,124069,"{""dataset"": ""IM3 Open Source Data Center Atlas"", ""dataset_url"": ""https://data.msdlive.org/records/65g71-a4731"", ""atlas_commit"": ""48d45f6eef72778edf374ec52c379550bb21a046"", ""atlas_type"": ""building"", ""osm_name"": null, ""operator"": null, ""footprint_sqft"": 124069, ""license"": ""ODbL-1.0""}",https://github.com/IMMM-SFA/datacenter-atlas/blob/48d45f6eef72778edf374ec52c379550bb21a046/im3_datacenter_centroids.geojson
2026-03-31,"Digital Realty Silicon Valley SJC37 · Santa Clara, CA",OSM,site_mapped,155689,"{""dataset"": ""IM3 Open Source Data Center Atlas"", ""dataset_url"": ""https://data.msdlive.org/records/65g71-a4731"", ""atlas_commit"": ""48d45f6eef72778edf374ec52c379550bb21a046"", ""atlas_type"": ""building"", ""osm_name"": ""Digital Realty Silicon Valley SJC37"", ""operator"": ""Digital Realty"", ""footprint_sqft"": 155689, ""license"": ""ODbL-1.0""}",https://github.com/IMMM-SFA/datacenter-atlas/blob/48d45f6eef72778edf374ec52c379550bb21a046/im3_datacenter_centroids.geojson
2026-03-31,"Csquare SFO1 · Santa Clara, CA #2",OSM,site_mapped,92193,"{""dataset"": ""IM3 Open Source Data Center Atlas"", ""dataset_url"": ""https://data.msdlive.org/records/65g71-a4731"", ""atlas_commit"": ""48d45f6eef72778edf374ec52c379550bb21a046"", ""atlas_type"": ""building"", ""osm_name"": ""Csquare SFO1"", ""operator"": ""Csquare"", ""footprint_sqft"": 92193, ""license"": ""ODbL-1.0""}",https://github.com/IMMM-SFA/datacenter-atlas/blob/48d45f6eef72778edf374ec52c379550bb21a046/im3_datacenter_centroids.geojson
2026-03-31,"Vantage data center · Santa Clara, CA #1",OSM,site_mapped,75686,"{""dataset"": ""IM3 Open Source Data Center Atlas"", ""dataset_url"": ""https://data.msdlive.org/records/65g71-a4731"", ""atlas_commit"": ""48d45f6eef72778edf374ec52c379550bb21a046"", ""atlas_type"": ""building"", ""osm_name"": null, ""operator"": ""Vantage"", ""footprint_sqft"": 75686, ""license"": ""ODbL-1.0""}",https://github.com/IMMM-SFA/datacenter-atlas/blob/48d45f6eef72778edf374ec52c379550bb21a046/im3_datacenter_centroids.geojson
2026-03-31,"Csquare SFO3 · Santa Clara, CA",OSM,site_mapped,71209,"{""dataset"": ""IM3 Open Source Data Center Atlas"", ""dataset_url"": ""https://data.msdlive.org/records/65g71-a4731"", ""atlas_commit"": ""48d45f6eef72778edf374ec52c379550bb21a046"", ""atlas_type"": ""building"", ""osm_name"": ""Csquare SFO3"", ""operator"": ""Csquare"", ""footprint_sqft"": 71209, ""license"": ""ODbL-1.0""}",https://github.com/IMMM-SFA/datacenter-atlas/blob/48d45f6eef72778edf374ec52c379550bb21a046/im3_datacenter_centroids.geojson
2026-03-31,"Silicon Valley SJC31 · Santa Clara, CA",OSM,site_mapped,146597,"{""dataset"": ""IM3 Open Source Data Center Atlas"", ""dataset_url"": ""https://data.msdlive.org/records/65g71-a4731"", ""atlas_commit"": ""48d45f6eef72778edf374ec52c379550bb21a046"", ""atlas_type"": ""building"", ""osm_name"": ""Silicon Valley SJC31"", ""operator"": ""Digital Realty"", ""footprint_sqft"": 146597, ""license"": ""ODbL-1.0""}",https://github.com/IMMM-SFA/datacenter-atlas/blob/48d45f6eef72778edf374ec52c379550bb21a046/im3_datacenter_centroids.geojson
2026-03-31,"Digital Realty Silicon Valley SJC34 · Santa Clara, CA",OSM,site_mapped,129242,"{""dataset"": ""IM3 Open Source Data Center Atlas"", ""dataset_url"": ""https://data.msdlive.org/records/65g71-a4731"", ""atlas_commit"": ""48d45f6eef72778edf374ec52c379550bb21a046"", ""atlas_type"": ""building"", ""osm_name"": ""Digital Realty Silicon Valley SJC34"", ""operator"": ""Digital Realty"", ""footprint_sqft"": 129242, ""license"": ""ODbL-1.0""}",https://github.com/IMMM-SFA/datacenter-atlas/blob/48d45f6eef72778edf374ec52c379550bb21a046/im3_datacenter_centroids.geojson
2026-03-31,"Vantage data center · Santa Clara, CA #2",OSM,site_mapped,89293,"{""dataset"": ""IM3 Open Source Data Center Atlas"", ""dataset_url"": ""https://data.msdlive.org/records/65g71-a4731"", ""atlas_commit"": ""48d45f6eef72778edf374ec52c379550bb21a046"", ""atlas_type"": ""building"", ""osm_name"": null, ""operator"": ""Vantage"", ""footprint_sqft"": 89293, ""license"": ""ODbL-1.0""}",https://github.com/IMMM-SFA/datacenter-atlas/blob/48d45f6eef72778edf374ec52c379550bb21a046/im3_datacenter_centroids.geojson
2026-03-31,"Lumen Sunnyvale 1 · Santa Clara, CA",OSM,site_mapped,77132,"{""dataset"": ""IM3 Open Source Data Center Atlas"", ""dataset_url"": ""https://data.msdlive.org/records/65g71-a4731"", ""atlas_commit"": ""48d45f6eef72778edf374ec52c379550bb21a046"", ""atlas_type"": ""building"", ""osm_name"": ""Lumen Sunnyvale 1"", ""operator"": ""Lumen Technologies"", ""footprint_sqft"": 77132, ""license"": ""ODbL-1.0""}",https://github.com/IMMM-SFA/datacenter-atlas/blob/48d45f6eef72778edf374ec52c379550bb21a046/im3_datacenter_centroids.geojson
2026-03-31,"Digital Realty Silicon Valley SJC16 · Santa Clara, CA",OSM,site_mapped,42504,"{""dataset"": ""IM3 Open Source Data Center Atlas"", ""dataset_url"": ""https://data.msdlive.org/records/65g71-a4731"", ""atlas_commit"": ""48d45f6eef72778edf374ec52c379550bb21a046"", ""atlas_type"": ""building"", ""osm_name"": ""Digital Realty Silicon Valley SJC16"", ""operator"": ""Digital Realty"", ""footprint_sqft"": 42504, ""license"": ""ODbL-1.0""}",https://github.com/IMMM-SFA/datacenter-atlas/blob/48d45f6eef72778edf374ec52c379550bb21a046/im3_datacenter_centroids.geojson
2026-03-31,"Equinix SV14 · Santa Clara, CA",OSM,site_mapped,20213,"{""dataset"": ""IM3 Open Source Data Center Atlas"", ""dataset_url"": ""https://data.msdlive.org/records/65g71-a4731"", ""atlas_commit"": ""48d45f6eef72778edf374ec52c379550bb21a046"", ""atlas_type"": ""building"", ""osm_name"": ""Equinix SV14"", ""operator"": ""Equinix"", ""footprint_sqft"": 20213, ""license"": ""ODbL-1.0""}",https://github.com/IMMM-SFA/datacenter-atlas/blob/48d45f6eef72778edf374ec52c379550bb21a046/im3_datacenter_centroids.geojson
2026-03-31,"Digital Realty Silicon Valley SJC15 · Santa Clara, CA",OSM,site_mapped,24615,"{""dataset"": ""IM3 Open Source Data Center Atlas"", ""dataset_url"": ""https://data.msdlive.org/records/65g71-a4731"", ""atlas_commit"": ""48d45f6eef72778edf374ec52c379550bb21a046"", ""atlas_type"": ""building"", ""osm_name"": ""Digital Realty Silicon Valley SJC15"", ""operator"": ""Digital Realty"", ""footprint_sqft"": 24615, ""license"": ""ODbL-1.0""}",https://github.com/IMMM-SFA/datacenter-atlas/blob/48d45f6eef72778edf374ec52c379550bb21a046/im3_datacenter_centroids.geojson
2026-03-31,"Prime Santa Clara · Santa Clara, CA #2",OSM,site_mapped,30065,"{""dataset"": ""IM3 Open Source Data Center Atlas"", ""dataset_url"": ""https://data.msdlive.org/records/65g71-a4731"", ""atlas_commit"": ""48d45f6eef72778edf374ec52c379550bb21a046"", ""atlas_type"": ""building"", ""osm_name"": ""Prime Santa Clara"", ""operator"": ""Prime"", ""footprint_sqft"": 30065, ""license"": ""ODbL-1.0""}",https://github.com/IMMM-SFA/datacenter-atlas/blob/48d45f6eef72778edf374ec52c379550bb21a046/im3_datacenter_centroids.geojson
2026-03-31,"Digital Realty Silicon Valley SJC29 · Santa Clara, CA",OSM,site_mapped,40287,"{""dataset"": ""IM3 Open Source Data Center Atlas"", ""dataset_url"": ""https://data.msdlive.org/records/65g71-a4731"", ""atlas_commit"": ""48d45f6eef72778edf374ec52c379550bb21a046"", ""atlas_type"": ""building"", ""osm_name"": ""Digital Realty Silicon Valley SJC29"", ""operator"": ""Digital Realty"", ""footprint_sqft"": 40287, ""license"": ""ODbL-1.0""}",https://github.com/IMMM-SFA/datacenter-atlas/blob/48d45f6eef72778edf374ec52c379550bb21a046/im3_datacenter_centroids.geojson
2026-03-31,"Prime SANTA CLARA DATA CENTER · Santa Clara, CA",OSM,site_mapped,25825,"{""dataset"": ""IM3 Open Source Data Center Atlas"", ""dataset_url"": ""https://data.msdlive.org/records/65g71-a4731"", ""atlas_commit"": ""48d45f6eef72778edf374ec52c379550bb21a046"", ""atlas_type"": ""building"", ""osm_name"": ""Prime SANTA CLARA DATA CENTER"", ""operator"": ""Prime"", ""footprint_sqft"": 25825, ""license"": ""ODbL-1.0""}",https://github.com/IMMM-SFA/datacenter-atlas/blob/48d45f6eef72778edf374ec52c379550bb21a046/im3_datacenter_centroids.geojson
2026-03-31,"CoreSite SV3 · Santa Clara, CA",OSM,site_mapped,57809,"{""dataset"": ""IM3 Open Source Data Center Atlas"", ""dataset_url"": ""https://data.msdlive.org/records/65g71-a4731"", ""atlas_commit"": ""48d45f6eef72778edf374ec52c379550bb21a046"", ""atlas_type"": ""building"", ""osm_name"": ""CoreSite SV3"", ""operator"": ""CoreSite"", ""footprint_sqft"": 57809, ""license"": ""ODbL-1.0""}",https://github.com/IMMM-SFA/datacenter-atlas/blob/48d45f6eef72778edf374ec52c379550bb21a046/im3_datacenter_centroids.geojson
2026-03-31,"CoreSite SV5 · Santa Clara, CA",OSM,site_mapped,50856,"{""dataset"": ""IM3 Open Source Data Center Atlas"", ""dataset_url"": ""https://data.msdlive.org/records/65g71-a4731"", ""atlas_commit"": ""48d45f6eef72778edf374ec52c379550bb21a046"", ""atlas_type"": ""building"", ""osm_name"": ""CoreSite SV5"", ""operator"": ""CoreSite"", ""footprint_sqft"": 50856, ""license"": ""ODbL-1.0""}",https://github.com/IMMM-SFA/datacenter-atlas/blob/48d45f6eef72778edf374ec52c379550bb21a046/im3_datacenter_centroids.geojson
2026-03-31,"Equinix SV15 · Santa Clara, CA",OSM,site_mapped,38211,"{""dataset"": ""IM3 Open Source Data Center Atlas"", ""dataset_url"": ""https://data.msdlive.org/records/65g71-a4731"", ""atlas_commit"": ""48d45f6eef72778edf374ec52c379550bb21a046"", ""atlas_type"": ""building"", ""osm_name"": ""Equinix SV15"", ""operator"": ""Equinix"", ""footprint_sqft"": 38211, ""license"": ""ODbL-1.0""}",https://github.com/IMMM-SFA/datacenter-atlas/blob/48d45f6eef72778edf374ec52c379550bb21a046/im3_datacenter_centroids.geojson
2026-03-31,"CoreSite SV9 · Santa Clara, CA",OSM,site_mapped,60403,"{""dataset"": ""IM3 Open Source Data Center Atlas"", ""dataset_url"": ""https://data.msdlive.org/records/65g71-a4731"", ""atlas_commit"": ""48d45f6eef72778edf374ec52c379550bb21a046"", ""atlas_type"": ""building"", ""osm_name"": ""CoreSite SV9"", ""operator"": ""CoreSite"", ""footprint_sqft"": 60403, ""license"": ""ODbL-1.0""}",https://github.com/IMMM-SFA/datacenter-atlas/blob/48d45f6eef72778edf374ec52c379550bb21a046/im3_datacenter_centroids.geojson
2026-03-31,"Csquare SFO4 · Santa Clara, CA #1",OSM,site_mapped,32249,"{""dataset"": ""IM3 Open Source Data Center Atlas"", ""dataset_url"": ""https://data.msdlive.org/records/65g71-a4731"", ""atlas_commit"": ""48d45f6eef72778edf374ec52c379550bb21a046"", ""atlas_type"": ""building"", ""osm_name"": ""Csquare SFO4"", ""operator"": ""Csquare"", ""footprint_sqft"": 32249, ""license"": ""ODbL-1.0""}",https://github.com/IMMM-SFA/datacenter-atlas/blob/48d45f6eef72778edf374ec52c379550bb21a046/im3_datacenter_centroids.geojson
2026-03-31,"Csquare SFO4 · Santa Clara, CA #2",OSM,site_mapped,27286,"{""dataset"": ""IM3 Open Source Data Center Atlas"", ""dataset_url"": ""https://data.msdlive.org/records/65g71-a4731"", ""atlas_commit"": ""48d45f6eef72778edf374ec52c379550bb21a046"", ""atlas_type"": ""building"", ""osm_name"": ""Csquare SFO4"", ""operator"": ""Csquare"", ""footprint_sqft"": 27286, ""license"": ""ODbL-1.0""}",https://github.com/IMMM-SFA/datacenter-atlas/blob/48d45f6eef72778edf374ec52c379550bb21a046/im3_datacenter_centroids.geojson
2026-03-31,"Digital Realty Silicon Valley SJC10 · Santa Clara, CA",OSM,site_mapped,57051,"{""dataset"": ""IM3 Open Source Data Center Atlas"", ""dataset_url"": ""https://data.msdlive.org/records/65g71-a4731"", ""atlas_commit"": ""48d45f6eef72778edf374ec52c379550bb21a046"", ""atlas_type"": ""building"", ""osm_name"": ""Digital Realty Silicon Valley SJC10"", ""operator"": ""Digital Realty"", ""footprint_sqft"": 57051, ""license"": ""ODbL-1.0""}",https://github.com/IMMM-SFA/datacenter-atlas/blob/48d45f6eef72778edf374ec52c379550bb21a046/im3_datacenter_centroids.geojson
2026-03-31,"CoreSite SV7 · Santa Clara, CA",OSM,site_mapped,60989,"{""dataset"": ""IM3 Open Source Data Center Atlas"", ""dataset_url"": ""https://data.msdlive.org/records/65g71-a4731"", ""atlas_commit"": ""48d45f6eef72778edf374ec52c379550bb21a046"", ""atlas_type"": ""building"", ""osm_name"": ""CoreSite SV7"", ""operator"": ""CoreSite"", ""footprint_sqft"": 60989, ""license"": ""ODbL-1.0""}",https://github.com/IMMM-SFA/datacenter-atlas/blob/48d45f6eef72778edf374ec52c379550bb21a046/im3_datacenter_centroids.geojson
2026-03-31,"Equinix SV16 · Santa Clara, CA",OSM,site_mapped,26347,"{""dataset"": ""IM3 Open Source Data Center Atlas"", ""dataset_url"": ""https://data.msdlive.org/records/65g71-a4731"", ""atlas_commit"": ""48d45f6eef72778edf374ec52c379550bb21a046"", ""atlas_type"": ""building"", ""osm_name"": ""Equinix SV16"", ""operator"": ""Equinix"", ""footprint_sqft"": 26347, ""license"": ""ODbL-1.0""}",https://github.com/IMMM-SFA/datacenter-atlas/blob/48d45f6eef72778edf374ec52c379550bb21a046/im3_datacenter_centroids.geojson
2026-03-31,"CoreSite SV4 · Santa Clara, CA",OSM,site_mapped,51928,"{""dataset"": ""IM3 Open Source Data Center Atlas"", ""dataset_url"": ""https://data.msdlive.org/records/65g71-a4731"", ""atlas_commit"": ""48d45f6eef72778edf374ec52c379550bb21a046"", ""atlas_type"": ""building"", ""osm_name"": ""CoreSite SV4"", ""operator"": ""CoreSite"", ""footprint_sqft"": 51928, ""license"": ""ODbL-1.0""}",https://github.com/IMMM-SFA/datacenter-atlas/blob/48d45f6eef72778edf374ec52c379550bb21a046/im3_datacenter_centroids.geojson
2026-03-31,"CoreSite SV6 · Santa Clara, CA",OSM,site_mapped,61065,"{""dataset"": ""IM3 Open Source Data Center Atlas"", ""dataset_url"": ""https://data.msdlive.org/records/65g71-a4731"", ""atlas_commit"": ""48d45f6eef72778edf374ec52c379550bb21a046"", ""atlas_type"": ""building"", ""osm_name"": ""CoreSite SV6"", ""operator"": ""CoreSite"", ""footprint_sqft"": 61065, ""license"": ""ODbL-1.0""}",https://github.com/IMMM-SFA/datacenter-atlas/blob/48d45f6eef72778edf374ec52c379550bb21a046/im3_datacenter_centroids.geojson
2026-03-31,"Digital Realty Silicon Valley SJC11 · Santa Clara, CA",OSM,site_mapped,44027,"{""dataset"": ""IM3 Open Source Data Center Atlas"", ""dataset_url"": ""https://data.msdlive.org/records/65g71-a4731"", ""atlas_commit"": ""48d45f6eef72778edf374ec52c379550bb21a046"", ""atlas_type"": ""building"", ""osm_name"": ""Digital Realty Silicon Valley SJC11"", ""operator"": ""Digital Realty"", ""footprint_sqft"": 44027, ""license"": ""ODbL-1.0""}",https://github.com/IMMM-SFA/datacenter-atlas/blob/48d45f6eef72778edf374ec52c379550bb21a046/im3_datacenter_centroids.geojson
2026-03-31,"Equinix SV17 · Santa Clara, CA",OSM,site_mapped,42360,"{""dataset"": ""IM3 Open Source Data Center Atlas"", ""dataset_url"": ""https://data.msdlive.org/records/65g71-a4731"", ""atlas_commit"": ""48d45f6eef72778edf374ec52c379550bb21a046"", ""atlas_type"": ""building"", ""osm_name"": ""Equinix SV17"", ""operator"": ""Equinix"", ""footprint_sqft"": 42360, ""license"": ""ODbL-1.0""}",https://github.com/IMMM-SFA/datacenter-atlas/blob/48d45f6eef72778edf374ec52c379550bb21a046/im3_datacenter_centroids.geojson
2026-03-31,"Colovore · Santa Clara, CA",OSM,site_mapped,24161,"{""dataset"": ""IM3 Open Source Data Center Atlas"", ""dataset_url"": ""https://data.msdlive.org/records/65g71-a4731"", ""atlas_commit"": ""48d45f6eef72778edf374ec52c379550bb21a046"", ""atlas_type"": ""building"", ""osm_name"": ""Colovore"", ""operator"": null, ""footprint_sqft"": 24161, ""license"": ""ODbL-1.0""}",https://github.com/IMMM-SFA/datacenter-atlas/blob/48d45f6eef72778edf374ec52c379550bb21a046/im3_datacenter_centroids.geojson
2026-03-31,"Lumen Santa Clara · Santa Clara, CA",OSM,site_mapped,25424,"{""dataset"": ""IM3 Open Source Data Center Atlas"", ""dataset_url"": ""https://data.msdlive.org/records/65g71-a4731"", ""atlas_commit"": ""48d45f6eef72778edf374ec52c379550bb21a046"", ""atlas_type"": ""building"", ""osm_name"": ""Lumen Santa Clara"", ""operator"": ""Lumen Technologies"", ""footprint_sqft"": 25424, ""license"": ""ODbL-1.0""}",https://github.com/IMMM-SFA/datacenter-atlas/blob/48d45f6eef72778edf374ec52c379550bb21a046/im3_datacenter_centroids.geojson
2026-03-31,"CoreSite SV8 · Santa Clara, CA",OSM,site_mapped,41609,"{""dataset"": ""IM3 Open Source Data Center Atlas"", ""dataset_url"": ""https://data.msdlive.org/records/65g71-a4731"", ""atlas_commit"": ""48d45f6eef72778edf374ec52c379550bb21a046"", ""atlas_type"": ""building"", ""osm_name"": ""CoreSite SV8"", ""operator"": ""CoreSite"", ""footprint_sqft"": 41609, ""license"": ""ODbL-1.0""}",https://github.com/IMMM-SFA/datacenter-atlas/blob/48d45f6eef72778edf374ec52c379550bb21a046/im3_datacenter_centroids.geojson
2026-03-31,"Lumen · Santa Clara, CA",OSM,site_mapped,15840,"{""dataset"": ""IM3 Open Source Data Center Atlas"", ""dataset_url"": ""https://data.msdlive.org/records/65g71-a4731"", ""atlas_commit"": ""48d45f6eef72778edf374ec52c379550bb21a046"", ""atlas_type"": ""building"", ""osm_name"": ""Lumen"", ""operator"": ""Lumen Technologies"", ""footprint_sqft"": 15840, ""license"": ""ODbL-1.0""}",https://github.com/IMMM-SFA/datacenter-atlas/blob/48d45f6eef72778edf374ec52c379550bb21a046/im3_datacenter_centroids.geojson
2026-03-31,"Layer42 Santa Clara · Santa Clara, CA",OSM,site_mapped,25031,"{""dataset"": ""IM3 Open Source Data Center Atlas"", ""dataset_url"": ""https://data.msdlive.org/records/65g71-a4731"", ""atlas_commit"": ""48d45f6eef72778edf374ec52c379550bb21a046"", ""atlas_type"": ""building"", ""osm_name"": ""Layer42 Santa Clara"", ""operator"": ""Layer42"", ""footprint_sqft"": 25031, ""license"": ""ODbL-1.0""}",https://github.com/IMMM-SFA/datacenter-atlas/blob/48d45f6eef72778edf374ec52c379550bb21a046/im3_datacenter_centroids.geojson
2026-03-31,"Digital Realty Silicon Valley SJC30 · Santa Clara, CA",OSM,site_mapped,48539,"{""dataset"": ""IM3 Open Source Data Center Atlas"", ""dataset_url"": ""https://data.msdlive.org/records/65g71-a4731"", ""atlas_commit"": ""48d45f6eef72778edf374ec52c379550bb21a046"", ""atlas_type"": ""building"", ""osm_name"": ""Digital Realty Silicon Valley SJC30"", ""operator"": ""Digital Realty"", ""footprint_sqft"": 48539, ""license"": ""ODbL-1.0""}",https://github.com/IMMM-SFA/datacenter-atlas/blob/48d45f6eef72778edf374ec52c379550bb21a046/im3_datacenter_centroids.geojson
2026-03-31,"Equinix Santa Clara SV2 · Santa Clara, CA",OSM,site_mapped,81106,"{""dataset"": ""IM3 Open Source Data Center Atlas"", ""dataset_url"": ""https://data.msdlive.org/records/65g71-a4731"", ""atlas_commit"": ""48d45f6eef72778edf374ec52c379550bb21a046"", ""atlas_type"": ""building"", ""osm_name"": ""Equinix Santa Clara SV2"", ""operator"": ""Equinix"", ""footprint_sqft"": 81106, ""license"": ""ODbL-1.0""}",https://github.com/IMMM-SFA/datacenter-atlas/blob/48d45f6eef72778edf374ec52c379550bb21a046/im3_datacenter_centroids.geojson
2026-03-31,"OpenColo · Santa Clara, CA",OSM,site_mapped,65471,"{""dataset"": ""IM3 Open Source Data Center Atlas"", ""dataset_url"": ""https://data.msdlive.org/records/65g71-a4731"", ""atlas_commit"": ""48d45f6eef72778edf374ec52c379550bb21a046"", ""atlas_type"": ""building"", ""osm_name"": ""OpenColo"", ""operator"": null, ""footprint_sqft"": 65471, ""license"": ""ODbL-1.0""}",https://github.com/IMMM-SFA/datacenter-atlas/blob/48d45f6eef72778edf374ec52c379550bb21a046/im3_datacenter_centroids.geojson
2026-03-31,"Unnamed data center · Santa Clara, CA #4",OSM,site_mapped,18864,"{""dataset"": ""IM3 Open Source Data Center Atlas"", ""dataset_url"": ""https://data.msdlive.org/records/65g71-a4731"", ""atlas_commit"": ""48d45f6eef72778edf374ec52c379550bb21a046"", ""atlas_type"": ""building"", ""osm_name"": null, ""operator"": null, ""footprint_sqft"": 18864, ""license"": ""ODbL-1.0""}",https://github.com/IMMM-SFA/datacenter-atlas/blob/48d45f6eef72778edf374ec52c379550bb21a046/im3_datacenter_centroids.geojson
2026-03-31,"EdgeCore Silicon Valley · Santa Clara, CA",OSM,site_mapped,80443,"{""dataset"": ""IM3 Open Source Data Center Atlas"", ""dataset_url"": ""https://data.msdlive.org/records/65g71-a4731"", ""atlas_commit"": ""48d45f6eef72778edf374ec52c379550bb21a046"", ""atlas_type"": ""building"", ""osm_name"": ""EdgeCore Silicon Valley"", ""operator"": null, ""footprint_sqft"": 80443, ""license"": ""ODbL-1.0""}",https://github.com/IMMM-SFA/datacenter-atlas/blob/48d45f6eef72778edf374ec52c379550bb21a046/im3_datacenter_centroids.geojson
2026-03-31,"Equinix San Jose SV3 · Santa Clara, CA",OSM,site_mapped,109684,"{""dataset"": ""IM3 Open Source Data Center Atlas"", ""dataset_url"": ""https://data.msdlive.org/records/65g71-a4731"", ""atlas_commit"": ""48d45f6eef72778edf374ec52c379550bb21a046"", ""atlas_type"": ""building"", ""osm_name"": ""Equinix San Jose SV3"", ""operator"": ""Equinix"", ""footprint_sqft"": 109684, ""license"": ""ODbL-1.0""}",https://github.com/IMMM-SFA/datacenter-atlas/blob/48d45f6eef72778edf374ec52c379550bb21a046/im3_datacenter_centroids.geojson
2026-03-31,"Evocative Santa Clara SJC11 · Santa Clara, CA",OSM,site_mapped,51418,"{""dataset"": ""IM3 Open Source Data Center Atlas"", ""dataset_url"": ""https://data.msdlive.org/records/65g71-a4731"", ""atlas_commit"": ""48d45f6eef72778edf374ec52c379550bb21a046"", ""atlas_type"": ""building"", ""osm_name"": ""Evocative Santa Clara SJC11"", ""operator"": null, ""footprint_sqft"": 51418, ""license"": ""ODbL-1.0""}",https://github.com/IMMM-SFA/datacenter-atlas/blob/48d45f6eef72778edf374ec52c379550bb21a046/im3_datacenter_centroids.geojson
2026-03-31,"Amazon · Santa Clara, CA",OSM,site_mapped,98142,"{""dataset"": ""IM3 Open Source Data Center Atlas"", ""dataset_url"": ""https://data.msdlive.org/records/65g71-a4731"", ""atlas_commit"": ""48d45f6eef72778edf374ec52c379550bb21a046"", ""atlas_type"": ""building"", ""osm_name"": ""Amazon"", ""operator"": ""Amazon Web Services"", ""footprint_sqft"": 98142, ""license"": ""ODbL-1.0""}",https://github.com/IMMM-SFA/datacenter-atlas/blob/48d45f6eef72778edf374ec52c379550bb21a046/im3_datacenter_centroids.geojson
2026-03-31,"QTS Santa Clara 2 · Santa Clara, CA",OSM,site_mapped,36808,"{""dataset"": ""IM3 Open Source Data Center Atlas"", ""dataset_url"": ""https://data.msdlive.org/records/65g71-a4731"", ""atlas_commit"": ""48d45f6eef72778edf374ec52c379550bb21a046"", ""atlas_type"": ""building"", ""osm_name"": ""QTS Santa Clara 2"", ""operator"": ""Quality Technology Services"", ""footprint_sqft"": 36808, ""license"": ""ODbL-1.0""}",https://github.com/IMMM-SFA/datacenter-atlas/blob/48d45f6eef72778edf374ec52c379550bb21a046/im3_datacenter_centroids.geojson
2026-03-31,"QTS Santa Clara 1 · Santa Clara, CA",OSM,site_mapped,32173,"{""dataset"": ""IM3 Open Source Data Center Atlas"", ""dataset_url"": ""https://data.msdlive.org/records/65g71-a4731"", ""atlas_commit"": ""48d45f6eef72778edf374ec52c379550bb21a046"", ""atlas_type"": ""building"", ""osm_name"": ""QTS Santa Clara 1"", ""operator"": ""Quality Technology Services"", ""footprint_sqft"": 32173, ""license"": ""ODbL-1.0""}",https://github.com/IMMM-SFA/datacenter-atlas/blob/48d45f6eef72778edf374ec52c379550bb21a046/im3_datacenter_centroids.geojson
2026-03-31,"Csquare SFO2 · Santa Clara, CA #1",OSM,site_mapped,146098,"{""dataset"": ""IM3 Open Source Data Center Atlas"", ""dataset_url"": ""https://data.msdlive.org/records/65g71-a4731"", ""atlas_commit"": ""48d45f6eef72778edf374ec52c379550bb21a046"", ""atlas_type"": ""building"", ""osm_name"": ""Csquare SFO2"", ""operator"": ""Csquare"", ""footprint_sqft"": 146098, ""license"": ""ODbL-1.0""}",https://github.com/IMMM-SFA/datacenter-atlas/blob/48d45f6eef72778edf374ec52c379550bb21a046/im3_datacenter_centroids.geojson
2026-03-31,"Csquare SFO2 · Santa Clara, CA #2",OSM,site_mapped,115693,"{""dataset"": ""IM3 Open Source Data Center Atlas"", ""dataset_url"": ""https://data.msdlive.org/records/65g71-a4731"", ""atlas_commit"": ""48d45f6eef72778edf374ec52c379550bb21a046"", ""atlas_type"": ""building"", ""osm_name"": ""Csquare SFO2"", ""operator"": ""Csquare"", ""footprint_sqft"": 115693, ""license"": ""ODbL-1.0""}",https://github.com/IMMM-SFA/datacenter-atlas/blob/48d45f6eef72778edf374ec52c379550bb21a046/im3_datacenter_centroids.geojson
2026-03-31,"Equinix SV6 · Santa Clara, CA",OSM,site_mapped,21678,"{""dataset"": ""IM3 Open Source Data Center Atlas"", ""dataset_url"": ""https://data.msdlive.org/records/65g71-a4731"", ""atlas_commit"": ""48d45f6eef72778edf374ec52c379550bb21a046"", ""atlas_type"": ""building"", ""osm_name"": ""Equinix SV6"", ""operator"": ""Equinix"", ""footprint_sqft"": 21678, ""license"": ""ODbL-1.0""}",https://github.com/IMMM-SFA/datacenter-atlas/blob/48d45f6eef72778edf374ec52c379550bb21a046/im3_datacenter_centroids.geojson
2026-03-31,"Stack Infrastructure · Santa Clara, CA #1",OSM,site_mapped,107993,"{""dataset"": ""IM3 Open Source Data Center Atlas"", ""dataset_url"": ""https://data.msdlive.org/records/65g71-a4731"", ""atlas_commit"": ""48d45f6eef72778edf374ec52c379550bb21a046"", ""atlas_type"": ""building"", ""osm_name"": ""Stack Infrastructure"", ""operator"": ""Stack Infrastructure"", ""footprint_sqft"": 107993, ""license"": ""ODbL-1.0""}",https://github.com/IMMM-SFA/datacenter-atlas/blob/48d45f6eef72778edf374ec52c379550bb21a046/im3_datacenter_centroids.geojson
2026-03-31,"Stack Infrastructure · Santa Clara, CA #2",OSM,site_mapped,78105,"{""dataset"": ""IM3 Open Source Data Center Atlas"", ""dataset_url"": ""https://data.msdlive.org/records/65g71-a4731"", ""atlas_commit"": ""48d45f6eef72778edf374ec52c379550bb21a046"", ""atlas_type"": ""building"", ""osm_name"": ""Stack Infrastructure"", ""operator"": ""Stack Infrastructure"", ""footprint_sqft"": 78105, ""license"": ""ODbL-1.0""}",https://github.com/IMMM-SFA/datacenter-atlas/blob/48d45f6eef72778edf374ec52c379550bb21a046/im3_datacenter_centroids.geojson
2026-03-31,"STACK Infrastructure · Santa Clara, CA #1",OSM,site_mapped,,"{""dataset"": ""IM3 Open Source Data Center Atlas"", ""dataset_url"": ""https://data.msdlive.org/records/65g71-a4731"", ""atlas_commit"": ""48d45f6eef72778edf374ec52c379550bb21a046"", ""atlas_type"": ""point"", ""osm_name"": ""STACK Infrastructure"", ""operator"": ""Stack Infrastructure, Incorporated"", ""footprint_sqft"": null, ""license"": ""ODbL-1.0""}",https://github.com/IMMM-SFA/datacenter-atlas/blob/48d45f6eef72778edf374ec52c379550bb21a046/im3_datacenter_centroids.geojson
2026-03-31,"STACK Infrastructure · Santa Clara, CA #2",OSM,site_mapped,,"{""dataset"": ""IM3 Open Source Data Center Atlas"", ""dataset_url"": ""https://data.msdlive.org/records/65g71-a4731"", ""atlas_commit"": ""48d45f6eef72778edf374ec52c379550bb21a046"", ""atlas_type"": ""point"", ""osm_name"": ""STACK Infrastructure"", ""operator"": ""Stack Infrastructure, Incorporated"", ""footprint_sqft"": null, ""license"": ""ODbL-1.0""}",https://github.com/IMMM-SFA/datacenter-atlas/blob/48d45f6eef72778edf374ec52c379550bb21a046/im3_datacenter_centroids.geojson
2026-03-31,"NTT Limited data center · Santa Clara, CA",OSM,site_mapped,75249,"{""dataset"": ""IM3 Open Source Data Center Atlas"", ""dataset_url"": ""https://data.msdlive.org/records/65g71-a4731"", ""atlas_commit"": ""48d45f6eef72778edf374ec52c379550bb21a046"", ""atlas_type"": ""building"", ""osm_name"": null, ""operator"": ""NTT Limited"", ""footprint_sqft"": 75249, ""license"": ""ODbL-1.0""}",https://github.com/IMMM-SFA/datacenter-atlas/blob/48d45f6eef72778edf374ec52c379550bb21a046/im3_datacenter_centroids.geojson
2026-03-31,"CoreSite SV2 · Santa Clara, CA",OSM,site_mapped,89939,"{""dataset"": ""IM3 Open Source Data Center Atlas"", ""dataset_url"": ""https://data.msdlive.org/records/65g71-a4731"", ""atlas_commit"": ""48d45f6eef72778edf374ec52c379550bb21a046"", ""atlas_type"": ""building"", ""osm_name"": ""CoreSite SV2"", ""operator"": ""CoreSite Real Estate 1656 McCarthy, L.P."", ""footprint_sqft"": 89939, ""license"": ""ODbL-1.0""}",https://github.com/IMMM-SFA/datacenter-atlas/blob/48d45f6eef72778edf374ec52c379550bb21a046/im3_datacenter_centroids.geojson
2026-03-31,"DataBank Santa Clara SFO1 · Santa Clara, CA",OSM,site_mapped,26781,"{""dataset"": ""IM3 Open Source Data Center Atlas"", ""dataset_url"": ""https://data.msdlive.org/records/65g71-a4731"", ""atlas_commit"": ""48d45f6eef72778edf374ec52c379550bb21a046"", ""atlas_type"": ""building"", ""osm_name"": ""DataBank Santa Clara SFO1"", ""operator"": ""DataBank"", ""footprint_sqft"": 26781, ""license"": ""ODbL-1.0""}",https://github.com/IMMM-SFA/datacenter-atlas/blob/48d45f6eef72778edf374ec52c379550bb21a046/im3_datacenter_centroids.geojson
2026-03-31,"Equinix SV4 · Santa Clara, CA",OSM,site_mapped,122369,"{""dataset"": ""IM3 Open Source Data Center Atlas"", ""dataset_url"": ""https://data.msdlive.org/records/65g71-a4731"", ""atlas_commit"": ""48d45f6eef72778edf374ec52c379550bb21a046"", ""atlas_type"": ""building"", ""osm_name"": ""Equinix SV4"", ""operator"": ""Equinix"", ""footprint_sqft"": 122369, ""license"": ""ODbL-1.0""}",https://github.com/IMMM-SFA/datacenter-atlas/blob/48d45f6eef72778edf374ec52c379550bb21a046/im3_datacenter_centroids.geojson
2026-03-31,"Dell 350 Holger Way · Santa Clara, CA",OSM,site_mapped,45282,"{""dataset"": ""IM3 Open Source Data Center Atlas"", ""dataset_url"": ""https://data.msdlive.org/records/65g71-a4731"", ""atlas_commit"": ""48d45f6eef72778edf374ec52c379550bb21a046"", ""atlas_type"": ""building"", ""osm_name"": ""Dell 350 Holger Way"", ""operator"": null, ""footprint_sqft"": 45282, ""license"": ""ODbL-1.0""}",https://github.com/IMMM-SFA/datacenter-atlas/blob/48d45f6eef72778edf374ec52c379550bb21a046/im3_datacenter_centroids.geojson
2026-03-31,"Northwest Data Center and Communications Hub · Santa Clara, CA",OSM,site_mapped,10145,"{""dataset"": ""IM3 Open Source Data Center Atlas"", ""dataset_url"": ""https://data.msdlive.org/records/65g71-a4731"", ""atlas_commit"": ""48d45f6eef72778edf374ec52c379550bb21a046"", ""atlas_type"": ""building"", ""osm_name"": ""Northwest Data Center and Communications Hub"", ""operator"": null, ""footprint_sqft"": 10145, ""license"": ""ODbL-1.0""}",https://github.com/IMMM-SFA/datacenter-atlas/blob/48d45f6eef72778edf374ec52c379550bb21a046/im3_datacenter_centroids.geojson
2026-03-31,"Equinix SV8 · Santa Clara, CA",OSM,site_mapped,12034,"{""dataset"": ""IM3 Open Source Data Center Atlas"", ""dataset_url"": ""https://data.msdlive.org/records/65g71-a4731"", ""atlas_commit"": ""48d45f6eef72778edf374ec52c379550bb21a046"", ""atlas_type"": ""building"", ""osm_name"": ""Equinix SV8"", ""operator"": ""Equinix"", ""footprint_sqft"": 12034, ""license"": ""ODbL-1.0""}",https://github.com/IMMM-SFA/datacenter-atlas/blob/48d45f6eef72778edf374ec52c379550bb21a046/im3_datacenter_centroids.geojson
2026-03-31,"PG&E Datacenter · Solano, CA",OSM,site_mapped,55270,"{""dataset"": ""IM3 Open Source Data Center Atlas"", ""dataset_url"": ""https://data.msdlive.org/records/65g71-a4731"", ""atlas_commit"": ""48d45f6eef72778edf374ec52c379550bb21a046"", ""atlas_type"": ""building"", ""osm_name"": ""PG&E Datacenter"", ""operator"": null, ""footprint_sqft"": 55270, ""license"": ""ODbL-1.0""}",https://github.com/IMMM-SFA/datacenter-atlas/blob/48d45f6eef72778edf374ec52c379550bb21a046/im3_datacenter_centroids.geojson
2026-03-31,"Modesto Junior College West Data Center · Stanislaus, CA",OSM,site_mapped,6017,"{""dataset"": ""IM3 Open Source Data Center Atlas"", ""dataset_url"": ""https://data.msdlive.org/records/65g71-a4731"", ""atlas_commit"": ""48d45f6eef72778edf374ec52c379550bb21a046"", ""atlas_type"": ""building"", ""osm_name"": ""Modesto Junior College West Data Center"", ""operator"": ""Yosemite Community College District"", ""footprint_sqft"": 6017, ""license"": ""ODbL-1.0""}",https://github.com/IMMM-SFA/datacenter-atlas/blob/48d45f6eef72778edf374ec52c379550bb21a046/im3_datacenter_centroids.geojson
2026-03-31,"Google - Thornton · Adams, CO",OSM,site_mapped,86059,"{""dataset"": ""IM3 Open Source Data Center Atlas"", ""dataset_url"": ""https://data.msdlive.org/records/65g71-a4731"", ""atlas_commit"": ""48d45f6eef72778edf374ec52c379550bb21a046"", ""atlas_type"": ""building"", ""osm_name"": ""Google - Thornton"", ""operator"": ""Google"", ""footprint_sqft"": 86059, ""license"": ""ODbL-1.0""}",https://github.com/IMMM-SFA/datacenter-atlas/blob/48d45f6eef72778edf374ec52c379550bb21a046/im3_datacenter_centroids.geojson
2026-03-31,"Xfinity/Comcast Data Center · Arapahoe, CO",OSM,site_mapped,51338,"{""dataset"": ""IM3 Open Source Data Center Atlas"", ""dataset_url"": ""https://data.msdlive.org/records/65g71-a4731"", ""atlas_commit"": ""48d45f6eef72778edf374ec52c379550bb21a046"", ""atlas_type"": ""building"", ""osm_name"": ""Xfinity/Comcast Data Center"", ""operator"": null, ""footprint_sqft"": 51338, ""license"": ""ODbL-1.0""}",https://github.com/IMMM-SFA/datacenter-atlas/blob/48d45f6eef72778edf374ec52c379550bb21a046/im3_datacenter_centroids.geojson
2026-03-31,"Verizon · Arapahoe, CO",OSM,site_mapped,8059,"{""dataset"": ""IM3 Open Source Data Center Atlas"", ""dataset_url"": ""https://data.msdlive.org/records/65g71-a4731"", ""atlas_commit"": ""48d45f6eef72778edf374ec52c379550bb21a046"", ""atlas_type"": ""building"", ""osm_name"": ""Verizon"", ""operator"": ""Verizon"", ""footprint_sqft"": 8059, ""license"": ""ODbL-1.0""}",https://github.com/IMMM-SFA/datacenter-atlas/blob/48d45f6eef72778edf374ec52c379550bb21a046/im3_datacenter_centroids.geojson
2026-03-31,"Unnamed data center · Arapahoe, CO #1",OSM,site_mapped,108473,"{""dataset"": ""IM3 Open Source Data Center Atlas"", ""dataset_url"": ""https://data.msdlive.org/records/65g71-a4731"", ""atlas_commit"": ""48d45f6eef72778edf374ec52c379550bb21a046"", ""atlas_type"": ""building"", ""osm_name"": null, ""operator"": null, ""footprint_sqft"": 108473, ""license"": ""ODbL-1.0""}",https://github.com/IMMM-SFA/datacenter-atlas/blob/48d45f6eef72778edf374ec52c379550bb21a046/im3_datacenter_centroids.geojson
2026-03-31,"zColo by Zayo · Arapahoe, CO",OSM,site_mapped,62177,"{""dataset"": ""IM3 Open Source Data Center Atlas"", ""dataset_url"": ""https://data.msdlive.org/records/65g71-a4731"", ""atlas_commit"": ""48d45f6eef72778edf374ec52c379550bb21a046"", ""atlas_type"": ""building"", ""osm_name"": ""zColo by Zayo"", ""operator"": null, ""footprint_sqft"": 62177, ""license"": ""ODbL-1.0""}",https://github.com/IMMM-SFA/datacenter-atlas/blob/48d45f6eef72778edf374ec52c379550bb21a046/im3_datacenter_centroids.geojson
2026-03-31,"Flexential - Denver - Centennial Data Center · Arapahoe, CO",OSM,site_mapped,,"{""dataset"": ""IM3 Open Source Data Center Atlas"", ""dataset_url"": ""https://data.msdlive.org/records/65g71-a4731"", ""atlas_commit"": ""48d45f6eef72778edf374ec52c379550bb21a046"", ""atlas_type"": ""point"", ""osm_name"": ""Flexential - Denver - Centennial Data Center"", ""operator"": ""Flexential"", ""footprint_sqft"": null, ""license"": ""ODbL-1.0""}",https://github.com/IMMM-SFA/datacenter-atlas/blob/48d45f6eef72778edf374ec52c379550bb21a046/im3_datacenter_centroids.geojson
2026-03-31,"Time Warner Datacenter · Arapahoe, CO #1",OSM,site_mapped,33804,"{""dataset"": ""IM3 Open Source Data Center Atlas"", ""dataset_url"": ""https://data.msdlive.org/records/65g71-a4731"", ""atlas_commit"": ""48d45f6eef72778edf374ec52c379550bb21a046"", ""atlas_type"": ""building"", ""osm_name"": ""Time Warner Datacenter"", ""operator"": null, ""footprint_sqft"": 33804, ""license"": ""ODbL-1.0""}",https://github.com/IMMM-SFA/datacenter-atlas/blob/48d45f6eef72778edf374ec52c379550bb21a046/im3_datacenter_centroids.geojson
2026-03-31,"Time Warner Datacenter · Arapahoe, CO #2",OSM,site_mapped,61435,"{""dataset"": ""IM3 Open Source Data Center Atlas"", ""dataset_url"": ""https://data.msdlive.org/records/65g71-a4731"", ""atlas_commit"": ""48d45f6eef72778edf374ec52c379550bb21a046"", ""atlas_type"": ""building"", ""osm_name"": ""Time Warner Datacenter"", ""operator"": null, ""footprint_sqft"": 61435, ""license"": ""ODbL-1.0""}",https://github.com/IMMM-SFA/datacenter-atlas/blob/48d45f6eef72778edf374ec52c379550bb21a046/im3_datacenter_centroids.geojson
2026-03-31,"Flexential - Denver - Aurora · Arapahoe, CO",OSM,site_mapped,,"{""dataset"": ""IM3 Open Source Data Center Atlas"", ""dataset_url"": ""https://data.msdlive.org/records/65g71-a4731"", ""atlas_commit"": ""48d45f6eef72778edf374ec52c379550bb21a046"", ""atlas_type"": ""point"", ""osm_name"": ""Flexential - Denver - Aurora"", ""operator"": ""Flexential"", ""footprint_sqft"": null, ""license"": ""ODbL-1.0""}",https://github.com/IMMM-SFA/datacenter-atlas/blob/48d45f6eef72778edf374ec52c379550bb21a046/im3_datacenter_centroids.geojson
2026-03-31,"Unnamed data center · Arapahoe, CO #2",OSM,site_mapped,184275,"{""dataset"": ""IM3 Open Source Data Center Atlas"", ""dataset_url"": ""https://data.msdlive.org/records/65g71-a4731"", ""atlas_commit"": ""48d45f6eef72778edf374ec52c379550bb21a046"", ""atlas_type"": ""building"", ""osm_name"": null, ""operator"": null, ""footprint_sqft"": 184275, ""license"": ""ODbL-1.0""}",https://github.com/IMMM-SFA/datacenter-atlas/blob/48d45f6eef72778edf374ec52c379550bb21a046/im3_datacenter_centroids.geojson
2026-03-31,"JPMorgan Chase · Broomfield, CO",OSM,site_mapped,188160,"{""dataset"": ""IM3 Open Source Data Center Atlas"", ""dataset_url"": ""https://data.msdlive.org/records/65g71-a4731"", ""atlas_commit"": ""48d45f6eef72778edf374ec52c379550bb21a046"", ""atlas_type"": ""building"", ""osm_name"": ""JPMorgan Chase"", ""operator"": ""JPMorgan Chase"", ""footprint_sqft"": 188160, ""license"": ""ODbL-1.0""}",https://github.com/IMMM-SFA/datacenter-atlas/blob/48d45f6eef72778edf374ec52c379550bb21a046/im3_datacenter_centroids.geojson
2026-03-31,"Pearl Plaza Office Building · Denver, CO",OSM,site_mapped,48787,"{""dataset"": ""IM3 Open Source Data Center Atlas"", ""dataset_url"": ""https://data.msdlive.org/records/65g71-a4731"", ""atlas_commit"": ""48d45f6eef72778edf374ec52c379550bb21a046"", ""atlas_type"": ""building"", ""osm_name"": ""Pearl Plaza Office Building"", ""operator"": null, ""footprint_sqft"": 48787, ""license"": ""ODbL-1.0""}",https://github.com/IMMM-SFA/datacenter-atlas/blob/48d45f6eef72778edf374ec52c379550bb21a046/im3_datacenter_centroids.geojson
2026-03-31,"Insurance Exchange Building · Denver, CO",OSM,site_mapped,19807,"{""dataset"": ""IM3 Open Source Data Center Atlas"", ""dataset_url"": ""https://data.msdlive.org/records/65g71-a4731"", ""atlas_commit"": ""48d45f6eef72778edf374ec52c379550bb21a046"", ""atlas_type"": ""building"", ""osm_name"": ""Insurance Exchange Building"", ""operator"": null, ""footprint_sqft"": 19807, ""license"": ""ODbL-1.0""}",https://github.com/IMMM-SFA/datacenter-atlas/blob/48d45f6eef72778edf374ec52c379550bb21a046/im3_datacenter_centroids.geojson
2026-03-31,"Flexential Denver - Downtown · Denver, CO",OSM,site_mapped,,"{""dataset"": ""IM3 Open Source Data Center Atlas"", ""dataset_url"": ""https://data.msdlive.org/records/65g71-a4731"", ""atlas_commit"": ""48d45f6eef72778edf374ec52c379550bb21a046"", ""atlas_type"": ""point"", ""osm_name"": ""Flexential Denver - Downtown"", ""operator"": ""Flexential"", ""footprint_sqft"": null, ""license"": ""ODbL-1.0""}",https://github.com/IMMM-SFA/datacenter-atlas/blob/48d45f6eef72778edf374ec52c379550bb21a046/im3_datacenter_centroids.geojson
2026-03-31,"Flexential Denver - Englewood · Douglas, CO",OSM,site_mapped,198772,"{""dataset"": ""IM3 Open Source Data Center Atlas"", ""dataset_url"": ""https://data.msdlive.org/records/65g71-a4731"", ""atlas_commit"": ""48d45f6eef72778edf374ec52c379550bb21a046"", ""atlas_type"": ""building"", ""osm_name"": ""Flexential Denver - Englewood"", ""operator"": ""Flexential"", ""footprint_sqft"": 198772, ""license"": ""ODbL-1.0""}",https://github.com/IMMM-SFA/datacenter-atlas/blob/48d45f6eef72778edf374ec52c379550bb21a046/im3_datacenter_centroids.geojson
2026-03-31,"Unnamed data center · Douglas, CO",OSM,site_mapped,28132,"{""dataset"": ""IM3 Open Source Data Center Atlas"", ""dataset_url"": ""https://data.msdlive.org/records/65g71-a4731"", ""atlas_commit"": ""48d45f6eef72778edf374ec52c379550bb21a046"", ""atlas_type"": ""building"", ""osm_name"": null, ""operator"": null, ""footprint_sqft"": 28132, ""license"": ""ODbL-1.0""}",https://github.com/IMMM-SFA/datacenter-atlas/blob/48d45f6eef72778edf374ec52c379550bb21a046/im3_datacenter_centroids.geojson
2026-03-31,"T5@Colorado Springs · El Paso, CO",OSM,site_mapped,74307,"{""dataset"": ""IM3 Open Source Data Center Atlas"", ""dataset_url"": ""https://data.msdlive.org/records/65g71-a4731"", ""atlas_commit"": ""48d45f6eef72778edf374ec52c379550bb21a046"", ""atlas_type"": ""building"", ""osm_name"": ""T5@Colorado Springs"", ""operator"": null, ""footprint_sqft"": 74307, ""license"": ""ODbL-1.0""}",https://github.com/IMMM-SFA/datacenter-atlas/blob/48d45f6eef72778edf374ec52c379550bb21a046/im3_datacenter_centroids.geojson
2026-03-31,"Unnamed data center · El Paso, CO",OSM,site_mapped,42627,"{""dataset"": ""IM3 Open Source Data Center Atlas"", ""dataset_url"": ""https://data.msdlive.org/records/65g71-a4731"", ""atlas_commit"": ""48d45f6eef72778edf374ec52c379550bb21a046"", ""atlas_type"": ""building"", ""osm_name"": null, ""operator"": null, ""footprint_sqft"": 42627, ""license"": ""ODbL-1.0""}",https://github.com/IMMM-SFA/datacenter-atlas/blob/48d45f6eef72778edf374ec52c379550bb21a046/im3_datacenter_centroids.geojson
2026-03-31,"Walmart Colorado Data Center · El Paso, CO",OSM,site_mapped,219542,"{""dataset"": ""IM3 Open Source Data Center Atlas"", ""dataset_url"": ""https://data.msdlive.org/records/65g71-a4731"", ""atlas_commit"": ""48d45f6eef72778edf374ec52c379550bb21a046"", ""atlas_type"": ""building"", ""osm_name"": ""Walmart Colorado Data Center"", ""operator"": ""Walmart"", ""footprint_sqft"": 219542, ""license"": ""ODbL-1.0""}",https://github.com/IMMM-SFA/datacenter-atlas/blob/48d45f6eef72778edf374ec52c379550bb21a046/im3_datacenter_centroids.geojson
2026-03-31,"SAP COS02 · El Paso, CO",OSM,site_mapped,47705,"{""dataset"": ""IM3 Open Source Data Center Atlas"", ""dataset_url"": ""https://data.msdlive.org/records/65g71-a4731"", ""atlas_commit"": ""48d45f6eef72778edf374ec52c379550bb21a046"", ""atlas_type"": ""building"", ""osm_name"": ""SAP COS02"", ""operator"": ""SAP"", ""footprint_sqft"": 47705, ""license"": ""ODbL-1.0""}",https://github.com/IMMM-SFA/datacenter-atlas/blob/48d45f6eef72778edf374ec52c379550bb21a046/im3_datacenter_centroids.geojson
2026-03-31,"Ergonomic Group · Capitol Planning Region, CT",OSM,site_mapped,,"{""dataset"": ""IM3 Open Source Data Center Atlas"", ""dataset_url"": ""https://data.msdlive.org/records/65g71-a4731"", ""atlas_commit"": ""48d45f6eef72778edf374ec52c379550bb21a046"", ""atlas_type"": ""point"", ""osm_name"": ""Ergonomic Group"", ""operator"": null, ""footprint_sqft"": null, ""license"": ""ODbL-1.0""}",https://github.com/IMMM-SFA/datacenter-atlas/blob/48d45f6eef72778edf374ec52c379550bb21a046/im3_datacenter_centroids.geojson
2026-03-31,"Digital Realty New York HVN10 · Greater Bridgeport Planning Region, CT",OSM,site_mapped,134982,"{""dataset"": ""IM3 Open Source Data Center Atlas"", ""dataset_url"": ""https://data.msdlive.org/records/65g71-a4731"", ""atlas_commit"": ""48d45f6eef72778edf374ec52c379550bb21a046"", ""atlas_type"": ""building"", ""osm_name"": ""Digital Realty New York HVN10"", ""operator"": ""Digital Realty"", ""footprint_sqft"": 134982, ""license"": ""ODbL-1.0""}",https://github.com/IMMM-SFA/datacenter-atlas/blob/48d45f6eef72778edf374ec52c379550bb21a046/im3_datacenter_centroids.geojson
2026-03-31,"Unnamed data center · South Central Connecticut Planning Region, CT",OSM,site_mapped,53967,"{""dataset"": ""IM3 Open Source Data Center Atlas"", ""dataset_url"": ""https://data.msdlive.org/records/65g71-a4731"", ""atlas_commit"": ""48d45f6eef72778edf374ec52c379550bb21a046"", ""atlas_type"": ""building"", ""osm_name"": null, ""operator"": null, ""footprint_sqft"": 53967, ""license"": ""ODbL-1.0""}",https://github.com/IMMM-SFA/datacenter-atlas/blob/48d45f6eef72778edf374ec52c379550bb21a046/im3_datacenter_centroids.geojson
2026-03-31,"amnet Data Center · Western Connecticut Planning Region, CT",OSM,site_mapped,10526,"{""dataset"": ""IM3 Open Source Data Center Atlas"", ""dataset_url"": ""https://data.msdlive.org/records/65g71-a4731"", ""atlas_commit"": ""48d45f6eef72778edf374ec52c379550bb21a046"", ""atlas_type"": ""building"", ""osm_name"": ""amnet Data Center"", ""operator"": null, ""footprint_sqft"": 10526, ""license"": ""ODbL-1.0""}",https://github.com/IMMM-SFA/datacenter-atlas/blob/48d45f6eef72778edf374ec52c379550bb21a046/im3_datacenter_centroids.geojson
2026-03-31,"CyrusOne Norwalk · Western Connecticut Planning Region, CT",OSM,site_mapped,77778,"{""dataset"": ""IM3 Open Source Data Center Atlas"", ""dataset_url"": ""https://data.msdlive.org/records/65g71-a4731"", ""atlas_commit"": ""48d45f6eef72778edf374ec52c379550bb21a046"", ""atlas_type"": ""building"", ""osm_name"": ""CyrusOne Norwalk"", ""operator"": ""CyrusOne"", ""footprint_sqft"": 77778, ""license"": ""ODbL-1.0""}",https://github.com/IMMM-SFA/datacenter-atlas/blob/48d45f6eef72778edf374ec52c379550bb21a046/im3_datacenter_centroids.geojson
2026-03-31,"CoreSite DC1 · District of Columbia, DC",OSM,site_mapped,,"{""dataset"": ""IM3 Open Source Data Center Atlas"", ""dataset_url"": ""https://data.msdlive.org/records/65g71-a4731"", ""atlas_commit"": ""48d45f6eef72778edf374ec52c379550bb21a046"", ""atlas_type"": ""point"", ""osm_name"": ""CoreSite DC1"", ""operator"": ""CoreSite"", ""footprint_sqft"": null, ""license"": ""ODbL-1.0""}",https://github.com/IMMM-SFA/datacenter-atlas/blob/48d45f6eef72778edf374ec52c379550bb21a046/im3_datacenter_centroids.geojson
2026-03-31,"UF Research Computing Center · Alachua, FL",OSM,site_mapped,36370,"{""dataset"": ""IM3 Open Source Data Center Atlas"", ""dataset_url"": ""https://data.msdlive.org/records/65g71-a4731"", ""atlas_commit"": ""48d45f6eef72778edf374ec52c379550bb21a046"", ""atlas_type"": ""building"", ""osm_name"": ""UF Research Computing Center"", ""operator"": ""University of Florida"", ""footprint_sqft"": 36370, ""license"": ""ODbL-1.0""}",https://github.com/IMMM-SFA/datacenter-atlas/blob/48d45f6eef72778edf374ec52c379550bb21a046/im3_datacenter_centroids.geojson
2026-03-31,"T-Mobile Everglades MSO Data Center · Broward, FL",OSM,site_mapped,49233,"{""dataset"": ""IM3 Open Source Data Center Atlas"", ""dataset_url"": ""https://data.msdlive.org/records/65g71-a4731"", ""atlas_commit"": ""48d45f6eef72778edf374ec52c379550bb21a046"", ""atlas_type"": ""building"", ""osm_name"": ""T-Mobile Everglades MSO Data Center"", ""operator"": null, ""footprint_sqft"": 49233, ""license"": ""ODbL-1.0""}",https://github.com/IMMM-SFA/datacenter-atlas/blob/48d45f6eef72778edf374ec52c379550bb21a046/im3_datacenter_centroids.geojson
2026-03-31,"Flexential Fort Lauderdale · Broward, FL",OSM,site_mapped,73580,"{""dataset"": ""IM3 Open Source Data Center Atlas"", ""dataset_url"": ""https://data.msdlive.org/records/65g71-a4731"", ""atlas_commit"": ""48d45f6eef72778edf374ec52c379550bb21a046"", ""atlas_type"": ""building"", ""osm_name"": ""Flexential Fort Lauderdale"", ""operator"": ""Flexential"", ""footprint_sqft"": 73580, ""license"": ""ODbL-1.0""}",https://github.com/IMMM-SFA/datacenter-atlas/blob/48d45f6eef72778edf374ec52c379550bb21a046/im3_datacenter_centroids.geojson
2026-03-31,"Flexential Jacksonville · Duval, FL",OSM,site_mapped,,"{""dataset"": ""IM3 Open Source Data Center Atlas"", ""dataset_url"": ""https://data.msdlive.org/records/65g71-a4731"", ""atlas_commit"": ""48d45f6eef72778edf374ec52c379550bb21a046"", ""atlas_type"": ""point"", ""osm_name"": ""Flexential Jacksonville"", ""operator"": ""Flexential"", ""footprint_sqft"": null, ""license"": ""ODbL-1.0""}",https://github.com/IMMM-SFA/datacenter-atlas/blob/48d45f6eef72778edf374ec52c379550bb21a046/im3_datacenter_centroids.geojson
2026-03-31,"Cologix Jacksonville JAX1 · Duval, FL",OSM,site_mapped,30201,"{""dataset"": ""IM3 Open Source Data Center Atlas"", ""dataset_url"": ""https://data.msdlive.org/records/65g71-a4731"", ""atlas_commit"": ""48d45f6eef72778edf374ec52c379550bb21a046"", ""atlas_type"": ""building"", ""osm_name"": ""Cologix Jacksonville JAX1"", ""operator"": null, ""footprint_sqft"": 30201, ""license"": ""ODbL-1.0""}",https://github.com/IMMM-SFA/datacenter-atlas/blob/48d45f6eef72778edf374ec52c379550bb21a046/im3_datacenter_centroids.geojson
2026-03-31,"Cyxtera Tampa TP1 · Hillsborough, FL",OSM,site_mapped,97332,"{""dataset"": ""IM3 Open Source Data Center Atlas"", ""dataset_url"": ""https://data.msdlive.org/records/65g71-a4731"", ""atlas_commit"": ""48d45f6eef72778edf374ec52c379550bb21a046"", ""atlas_type"": ""building"", ""osm_name"": ""Cyxtera Tampa TP1"", ""operator"": ""Cyxtera"", ""footprint_sqft"": 97332, ""license"": ""ODbL-1.0""}",https://github.com/IMMM-SFA/datacenter-atlas/blob/48d45f6eef72778edf374ec52c379550bb21a046/im3_datacenter_centroids.geojson
2026-03-31,"Flexential Tampa - West · Hillsborough, FL",OSM,site_mapped,,"{""dataset"": ""IM3 Open Source Data Center Atlas"", ""dataset_url"": ""https://data.msdlive.org/records/65g71-a4731"", ""atlas_commit"": ""48d45f6eef72778edf374ec52c379550bb21a046"", ""atlas_type"": ""point"", ""osm_name"": ""Flexential Tampa - West"", ""operator"": ""Flexential"", ""footprint_sqft"": null, ""license"": ""ODbL-1.0""}",https://github.com/IMMM-SFA/datacenter-atlas/blob/48d45f6eef72778edf374ec52c379550bb21a046/im3_datacenter_centroids.geojson
2026-03-31,"Flexential Tampa - North · Hillsborough, FL",OSM,site_mapped,30643,"{""dataset"": ""IM3 Open Source Data Center Atlas"", ""dataset_url"": ""https://data.msdlive.org/records/65g71-a4731"", ""atlas_commit"": ""48d45f6eef72778edf374ec52c379550bb21a046"", ""atlas_type"": ""building"", ""osm_name"": ""Flexential Tampa - North"", ""operator"": ""Flexential"", ""footprint_sqft"": 30643, ""license"": ""ODbL-1.0""}",https://github.com/IMMM-SFA/datacenter-atlas/blob/48d45f6eef72778edf374ec52c379550bb21a046/im3_datacenter_centroids.geojson
2026-03-31,"NocRoom Miami IT Services · Miami-Dade, FL #1",OSM,site_mapped,,"{""dataset"": ""IM3 Open Source Data Center Atlas"", ""dataset_url"": ""https://data.msdlive.org/records/65g71-a4731"", ""atlas_commit"": ""48d45f6eef72778edf374ec52c379550bb21a046"", ""atlas_type"": ""point"", ""osm_name"": ""NocRoom Miami IT Services"", ""operator"": null, ""footprint_sqft"": null, ""license"": ""ODbL-1.0""}",https://github.com/IMMM-SFA/datacenter-atlas/blob/48d45f6eef72778edf374ec52c379550bb21a046/im3_datacenter_centroids.geojson
2026-03-31,"NAP of the Americas · Miami-Dade, FL",OSM,site_mapped,122625,"{""dataset"": ""IM3 Open Source Data Center Atlas"", ""dataset_url"": ""https://data.msdlive.org/records/65g71-a4731"", ""atlas_commit"": ""48d45f6eef72778edf374ec52c379550bb21a046"", ""atlas_type"": ""building"", ""osm_name"": ""NAP of the Americas"", ""operator"": null, ""footprint_sqft"": 122625, ""license"": ""ODbL-1.0""}",https://github.com/IMMM-SFA/datacenter-atlas/blob/48d45f6eef72778edf374ec52c379550bb21a046/im3_datacenter_centroids.geojson
2026-03-31,"NocRoom Miami IT Services · Miami-Dade, FL #2",OSM,site_mapped,,"{""dataset"": ""IM3 Open Source Data Center Atlas"", ""dataset_url"": ""https://data.msdlive.org/records/65g71-a4731"", ""atlas_commit"": ""48d45f6eef72778edf374ec52c379550bb21a046"", ""atlas_type"": ""point"", ""osm_name"": ""NocRoom Miami IT Services"", ""operator"": null, ""footprint_sqft"": null, ""license"": ""ODbL-1.0""}",https://github.com/IMMM-SFA/datacenter-atlas/blob/48d45f6eef72778edf374ec52c379550bb21a046/im3_datacenter_centroids.geojson
2026-03-31,"Unnamed data center · Miami-Dade, FL",OSM,site_mapped,15911,"{""dataset"": ""IM3 Open Source Data Center Atlas"", ""dataset_url"": ""https://data.msdlive.org/records/65g71-a4731"", ""atlas_commit"": ""48d45f6eef72778edf374ec52c379550bb21a046"", ""atlas_type"": ""building"", ""osm_name"": null, ""operator"": null, ""footprint_sqft"": 15911, ""license"": ""ODbL-1.0""}",https://github.com/IMMM-SFA/datacenter-atlas/blob/48d45f6eef72778edf374ec52c379550bb21a046/im3_datacenter_centroids.geojson
2026-03-31,"E-Foam · Orange, FL",OSM,site_mapped,8403,"{""dataset"": ""IM3 Open Source Data Center Atlas"", ""dataset_url"": ""https://data.msdlive.org/records/65g71-a4731"", ""atlas_commit"": ""48d45f6eef72778edf374ec52c379550bb21a046"", ""atlas_type"": ""building"", ""osm_name"": ""E-Foam"", ""operator"": null, ""footprint_sqft"": 8403, ""license"": ""ODbL-1.0""}",https://github.com/IMMM-SFA/datacenter-atlas/blob/48d45f6eef72778edf374ec52c379550bb21a046/im3_datacenter_centroids.geojson
2026-03-31,"Unnamed data center · Orange, FL",OSM,site_mapped,107548,"{""dataset"": ""IM3 Open Source Data Center Atlas"", ""dataset_url"": ""https://data.msdlive.org/records/65g71-a4731"", ""atlas_commit"": ""48d45f6eef72778edf374ec52c379550bb21a046"", ""atlas_type"": ""building"", ""osm_name"": null, ""operator"": null, ""footprint_sqft"": 107548, ""license"": ""ODbL-1.0""}",https://github.com/IMMM-SFA/datacenter-atlas/blob/48d45f6eef72778edf374ec52c379550bb21a046/im3_datacenter_centroids.geojson
2026-03-31,"Unnamed data center · Polk, FL",OSM,site_mapped,22578,"{""dataset"": ""IM3 Open Source Data Center Atlas"", ""dataset_url"": ""https://data.msdlive.org/records/65g71-a4731"", ""atlas_commit"": ""48d45f6eef72778edf374ec52c379550bb21a046"", ""atlas_type"": ""building"", ""osm_name"": null, ""operator"": null, ""footprint_sqft"": 22578, ""license"": ""ODbL-1.0""}",https://github.com/IMMM-SFA/datacenter-atlas/blob/48d45f6eef72778edf374ec52c379550bb21a046/im3_datacenter_centroids.geojson
2026-03-31,"Digital Realty Atlanta ATL11 · Cobb, GA",OSM,site_mapped,313479,"{""dataset"": ""IM3 Open Source Data Center Atlas"", ""dataset_url"": ""https://data.msdlive.org/records/65g71-a4731"", ""atlas_commit"": ""48d45f6eef72778edf374ec52c379550bb21a046"", ""atlas_type"": ""building"", ""osm_name"": ""Digital Realty Atlanta ATL11"", ""operator"": ""Digital Realty"", ""footprint_sqft"": 313479, ""license"": ""ODbL-1.0""}",https://github.com/IMMM-SFA/datacenter-atlas/blob/48d45f6eef72778edf374ec52c379550bb21a046/im3_datacenter_centroids.geojson
2026-03-31,"DataSite Atlanta · Cobb, GA",OSM,site_mapped,77660,"{""dataset"": ""IM3 Open Source Data Center Atlas"", ""dataset_url"": ""https://data.msdlive.org/records/65g71-a4731"", ""atlas_commit"": ""48d45f6eef72778edf374ec52c379550bb21a046"", ""atlas_type"": ""building"", ""osm_name"": ""DataSite Atlanta"", ""operator"": ""datasite"", ""footprint_sqft"": 77660, ""license"": ""ODbL-1.0""}",https://github.com/IMMM-SFA/datacenter-atlas/blob/48d45f6eef72778edf374ec52c379550bb21a046/im3_datacenter_centroids.geojson
2026-03-31,"Unnamed data center · Cobb, GA",OSM,site_mapped,18558,"{""dataset"": ""IM3 Open Source Data Center Atlas"", ""dataset_url"": ""https://data.msdlive.org/records/65g71-a4731"", ""atlas_commit"": ""48d45f6eef72778edf374ec52c379550bb21a046"", ""atlas_type"": ""building"", ""osm_name"": null, ""operator"": null, ""footprint_sqft"": 18558, ""license"": ""ODbL-1.0""}",https://github.com/IMMM-SFA/datacenter-atlas/blob/48d45f6eef72778edf374ec52c379550bb21a046/im3_datacenter_centroids.geojson
2026-03-31,"Flexential Atlanta - Douglasville 2 · Douglas, GA",OSM,site_mapped,311176,"{""dataset"": ""IM3 Open Source Data Center Atlas"", ""dataset_url"": ""https://data.msdlive.org/records/65g71-a4731"", ""atlas_commit"": ""48d45f6eef72778edf374ec52c379550bb21a046"", ""atlas_type"": ""building"", ""osm_name"": ""Flexential Atlanta - Douglasville 2"", ""operator"": ""Flexential"", ""footprint_sqft"": 311176, ""license"": ""ODbL-1.0""}",https://github.com/IMMM-SFA/datacenter-atlas/blob/48d45f6eef72778edf374ec52c379550bb21a046/im3_datacenter_centroids.geojson
2026-03-31,"Flexential Atlanta - Douglasville 1 · Douglas, GA",OSM,site_mapped,213895,"{""dataset"": ""IM3 Open Source Data Center Atlas"", ""dataset_url"": ""https://data.msdlive.org/records/65g71-a4731"", ""atlas_commit"": ""48d45f6eef72778edf374ec52c379550bb21a046"", ""atlas_type"": ""building"", ""osm_name"": ""Flexential Atlanta - Douglasville 1"", ""operator"": ""Flexential"", ""footprint_sqft"": 213895, ""license"": ""ODbL-1.0""}",https://github.com/IMMM-SFA/datacenter-atlas/blob/48d45f6eef72778edf374ec52c379550bb21a046/im3_datacenter_centroids.geojson
2026-03-31,"Centersquare Atlanta ATL1 · Douglas, GA",OSM,site_mapped,249314,"{""dataset"": ""IM3 Open Source Data Center Atlas"", ""dataset_url"": ""https://data.msdlive.org/records/65g71-a4731"", ""atlas_commit"": ""48d45f6eef72778edf374ec52c379550bb21a046"", ""atlas_type"": ""building"", ""osm_name"": ""Centersquare Atlanta ATL1"", ""operator"": null, ""footprint_sqft"": 249314, ""license"": ""ODbL-1.0""}",https://github.com/IMMM-SFA/datacenter-atlas/blob/48d45f6eef72778edf374ec52c379550bb21a046/im3_datacenter_centroids.geojson
2026-03-31,"Digital Realty Atlanta ATL11 · Douglas, GA",OSM,site_mapped,313479,"{""dataset"": ""IM3 Open Source Data Center Atlas"", ""dataset_url"": ""https://data.msdlive.org/records/65g71-a4731"", ""atlas_commit"": ""48d45f6eef72778edf374ec52c379550bb21a046"", ""atlas_type"": ""building"", ""osm_name"": ""Digital Realty Atlanta ATL11"", ""operator"": ""Digital Realty"", ""footprint_sqft"": 313479, ""license"": ""ODbL-1.0""}",https://github.com/IMMM-SFA/datacenter-atlas/blob/48d45f6eef72778edf374ec52c379550bb21a046/im3_datacenter_centroids.geojson
2026-03-31,"Google Datacenter - Douglas County · Douglas, GA",OSM,site_mapped,2608502,"{""dataset"": ""IM3 Open Source Data Center Atlas"", ""dataset_url"": ""https://data.msdlive.org/records/65g71-a4731"", ""atlas_commit"": ""48d45f6eef72778edf374ec52c379550bb21a046"", ""atlas_type"": ""campus"", ""osm_name"": ""Google Datacenter - Douglas County"", ""operator"": ""Google"", ""footprint_sqft"": 2608502, ""license"": ""ODbL-1.0""}",https://github.com/IMMM-SFA/datacenter-atlas/blob/48d45f6eef72778edf374ec52c379550bb21a046/im3_datacenter_centroids.geojson
2026-03-31,"Switch Data Center · Douglas, GA",OSM,site_mapped,171499,"{""dataset"": ""IM3 Open Source Data Center Atlas"", ""dataset_url"": ""https://data.msdlive.org/records/65g71-a4731"", ""atlas_commit"": ""48d45f6eef72778edf374ec52c379550bb21a046"", ""atlas_type"": ""building"", ""osm_name"": ""Switch Data Center"", ""operator"": ""Switch"", ""footprint_sqft"": 171499, ""license"": ""ODbL-1.0""}",https://github.com/IMMM-SFA/datacenter-atlas/blob/48d45f6eef72778edf374ec52c379550bb21a046/im3_datacenter_centroids.geojson
2026-03-31,"QTS · Fayette, GA #1",OSM,site_mapped,227238,"{""dataset"": ""IM3 Open Source Data Center Atlas"", ""dataset_url"": ""https://data.msdlive.org/records/65g71-a4731"", ""atlas_commit"": ""48d45f6eef72778edf374ec52c379550bb21a046"", ""atlas_type"": ""building"", ""osm_name"": ""QTS"", ""operator"": ""Quality Technology Services"", ""footprint_sqft"": 227238, ""license"": ""ODbL-1.0""}",https://github.com/IMMM-SFA/datacenter-atlas/blob/48d45f6eef72778edf374ec52c379550bb21a046/im3_datacenter_centroids.geojson
2026-03-31,"QTS · Fayette, GA #2",OSM,site_mapped,340589,"{""dataset"": ""IM3 Open Source Data Center Atlas"", ""dataset_url"": ""https://data.msdlive.org/records/65g71-a4731"", ""atlas_commit"": ""48d45f6eef72778edf374ec52c379550bb21a046"", ""atlas_type"": ""building"", ""osm_name"": ""QTS"", ""operator"": ""Quality Technology Services"", ""footprint_sqft"": 340589, ""license"": ""ODbL-1.0""}",https://github.com/IMMM-SFA/datacenter-atlas/blob/48d45f6eef72778edf374ec52c379550bb21a046/im3_datacenter_centroids.geojson
2026-03-31,"UPS Data Center · Forsyth, GA",OSM,site_mapped,173693,"{""dataset"": ""IM3 Open Source Data Center Atlas"", ""dataset_url"": ""https://data.msdlive.org/records/65g71-a4731"", ""atlas_commit"": ""48d45f6eef72778edf374ec52c379550bb21a046"", ""atlas_type"": ""building"", ""osm_name"": ""UPS Data Center"", ""operator"": null, ""footprint_sqft"": 173693, ""license"": ""ODbL-1.0""}",https://github.com/IMMM-SFA/datacenter-atlas/blob/48d45f6eef72778edf374ec52c379550bb21a046/im3_datacenter_centroids.geojson
2026-03-31,"Digital Realty Data Center · Fulton, GA",OSM,site_mapped,128785,"{""dataset"": ""IM3 Open Source Data Center Atlas"", ""dataset_url"": ""https://data.msdlive.org/records/65g71-a4731"", ""atlas_commit"": ""48d45f6eef72778edf374ec52c379550bb21a046"", ""atlas_type"": ""building"", ""osm_name"": ""Digital Realty Data Center"", ""operator"": ""Digital Realty"", ""footprint_sqft"": 128785, ""license"": ""ODbL-1.0""}",https://github.com/IMMM-SFA/datacenter-atlas/blob/48d45f6eef72778edf374ec52c379550bb21a046/im3_datacenter_centroids.geojson
2026-03-31,"Atlanta ATL13 · Fulton, GA",OSM,site_mapped,,"{""dataset"": ""IM3 Open Source Data Center Atlas"", ""dataset_url"": ""https://data.msdlive.org/records/65g71-a4731"", ""atlas_commit"": ""48d45f6eef72778edf374ec52c379550bb21a046"", ""atlas_type"": ""point"", ""osm_name"": ""Atlanta ATL13"", ""operator"": ""Digital Realty"", ""footprint_sqft"": null, ""license"": ""ODbL-1.0""}",https://github.com/IMMM-SFA/datacenter-atlas/blob/48d45f6eef72778edf374ec52c379550bb21a046/im3_datacenter_centroids.geojson
2026-03-31,"CoreSite AT1 · Fulton, GA",OSM,site_mapped,,"{""dataset"": ""IM3 Open Source Data Center Atlas"", ""dataset_url"": ""https://data.msdlive.org/records/65g71-a4731"", ""atlas_commit"": ""48d45f6eef72778edf374ec52c379550bb21a046"", ""atlas_type"": ""point"", ""osm_name"": ""CoreSite AT1"", ""operator"": ""CoreSite"", ""footprint_sqft"": null, ""license"": ""ODbL-1.0""}",https://github.com/IMMM-SFA/datacenter-atlas/blob/48d45f6eef72778edf374ec52c379550bb21a046/im3_datacenter_centroids.geojson
2026-03-31,"CenturyLink · Fulton, GA",OSM,site_mapped,23046,"{""dataset"": ""IM3 Open Source Data Center Atlas"", ""dataset_url"": ""https://data.msdlive.org/records/65g71-a4731"", ""atlas_commit"": ""48d45f6eef72778edf374ec52c379550bb21a046"", ""atlas_type"": ""building"", ""osm_name"": ""CenturyLink"", ""operator"": null, ""footprint_sqft"": 23046, ""license"": ""ODbL-1.0""}",https://github.com/IMMM-SFA/datacenter-atlas/blob/48d45f6eef72778edf374ec52c379550bb21a046/im3_datacenter_centroids.geojson
2026-03-31,"Google Fiber · Fulton, GA",OSM,site_mapped,,"{""dataset"": ""IM3 Open Source Data Center Atlas"", ""dataset_url"": ""https://data.msdlive.org/records/65g71-a4731"", ""atlas_commit"": ""48d45f6eef72778edf374ec52c379550bb21a046"", ""atlas_type"": ""point"", ""osm_name"": ""Google Fiber"", ""operator"": ""Google"", ""footprint_sqft"": null, ""license"": ""ODbL-1.0""}",https://github.com/IMMM-SFA/datacenter-atlas/blob/48d45f6eef72778edf374ec52c379550bb21a046/im3_datacenter_centroids.geojson
2026-03-31,"QTS Atlanta Data Center 2 · Fulton, GA",OSM,site_mapped,283307,"{""dataset"": ""IM3 Open Source Data Center Atlas"", ""dataset_url"": ""https://data.msdlive.org/records/65g71-a4731"", ""atlas_commit"": ""48d45f6eef72778edf374ec52c379550bb21a046"", ""atlas_type"": ""building"", ""osm_name"": ""QTS Atlanta Data Center 2"", ""operator"": ""Quality Technology Services"", ""footprint_sqft"": 283307, ""license"": ""ODbL-1.0""}",https://github.com/IMMM-SFA/datacenter-atlas/blob/48d45f6eef72778edf374ec52c379550bb21a046/im3_datacenter_centroids.geojson
2026-03-31,"QTS Atlanta Data Center 1 · Fulton, GA",OSM,site_mapped,719736,"{""dataset"": ""IM3 Open Source Data Center Atlas"", ""dataset_url"": ""https://data.msdlive.org/records/65g71-a4731"", ""atlas_commit"": ""48d45f6eef72778edf374ec52c379550bb21a046"", ""atlas_type"": ""building"", ""osm_name"": ""QTS Atlanta Data Center 1"", ""operator"": ""Quality Technology Services"", ""footprint_sqft"": 719736, ""license"": ""ODbL-1.0""}",https://github.com/IMMM-SFA/datacenter-atlas/blob/48d45f6eef72778edf374ec52c379550bb21a046/im3_datacenter_centroids.geojson
2026-03-31,"Cox Data Center · Fulton, GA",OSM,site_mapped,127858,"{""dataset"": ""IM3 Open Source Data Center Atlas"", ""dataset_url"": ""https://data.msdlive.org/records/65g71-a4731"", ""atlas_commit"": ""48d45f6eef72778edf374ec52c379550bb21a046"", ""atlas_type"": ""building"", ""osm_name"": ""Cox Data Center"", ""operator"": null, ""footprint_sqft"": 127858, ""license"": ""ODbL-1.0""}",https://github.com/IMMM-SFA/datacenter-atlas/blob/48d45f6eef72778edf374ec52c379550bb21a046/im3_datacenter_centroids.geojson
2026-03-31,"Ascent - Atlanta Data Center · Fulton, GA",OSM,site_mapped,595317,"{""dataset"": ""IM3 Open Source Data Center Atlas"", ""dataset_url"": ""https://data.msdlive.org/records/65g71-a4731"", ""atlas_commit"": ""48d45f6eef72778edf374ec52c379550bb21a046"", ""atlas_type"": ""campus"", ""osm_name"": ""Ascent - Atlanta Data Center"", ""operator"": ""Ascent"", ""footprint_sqft"": 595317, ""license"": ""ODbL-1.0""}",https://github.com/IMMM-SFA/datacenter-atlas/blob/48d45f6eef72778edf374ec52c379550bb21a046/im3_datacenter_centroids.geojson
2026-03-31,"Unnamed data center · Fulton, GA",OSM,site_mapped,174649,"{""dataset"": ""IM3 Open Source Data Center Atlas"", ""dataset_url"": ""https://data.msdlive.org/records/65g71-a4731"", ""atlas_commit"": ""48d45f6eef72778edf374ec52c379550bb21a046"", ""atlas_type"": ""campus"", ""osm_name"": null, ""operator"": null, ""footprint_sqft"": 174649, ""license"": ""ODbL-1.0""}",https://github.com/IMMM-SFA/datacenter-atlas/blob/48d45f6eef72778edf374ec52c379550bb21a046/im3_datacenter_centroids.geojson
2026-03-31,"T5 Data Center · Fulton, GA",OSM,site_mapped,149055,"{""dataset"": ""IM3 Open Source Data Center Atlas"", ""dataset_url"": ""https://data.msdlive.org/records/65g71-a4731"", ""atlas_commit"": ""48d45f6eef72778edf374ec52c379550bb21a046"", ""atlas_type"": ""building"", ""osm_name"": ""T5 Data Center"", ""operator"": null, ""footprint_sqft"": 149055, ""license"": ""ODbL-1.0""}",https://github.com/IMMM-SFA/datacenter-atlas/blob/48d45f6eef72778edf374ec52c379550bb21a046/im3_datacenter_centroids.geojson
2026-03-31,"Hewlett-Packard · Fulton, GA",OSM,site_mapped,1294301,"{""dataset"": ""IM3 Open Source Data Center Atlas"", ""dataset_url"": ""https://data.msdlive.org/records/65g71-a4731"", ""atlas_commit"": ""48d45f6eef72778edf374ec52c379550bb21a046"", ""atlas_type"": ""campus"", ""osm_name"": ""Hewlett-Packard"", ""operator"": null, ""footprint_sqft"": 1294301, ""license"": ""ODbL-1.0""}",https://github.com/IMMM-SFA/datacenter-atlas/blob/48d45f6eef72778edf374ec52c379550bb21a046/im3_datacenter_centroids.geojson
2026-03-31,"Flexential Atlanta - Alpharetta Data Center · Fulton, GA",OSM,site_mapped,74814,"{""dataset"": ""IM3 Open Source Data Center Atlas"", ""dataset_url"": ""https://data.msdlive.org/records/65g71-a4731"", ""atlas_commit"": ""48d45f6eef72778edf374ec52c379550bb21a046"", ""atlas_type"": ""building"", ""osm_name"": ""Flexential Atlanta - Alpharetta Data Center"", ""operator"": ""Flexential"", ""footprint_sqft"": 74814, ""license"": ""ODbL-1.0""}",https://github.com/IMMM-SFA/datacenter-atlas/blob/48d45f6eef72778edf374ec52c379550bb21a046/im3_datacenter_centroids.geojson
2026-03-31,"Secure Data Center · Fulton, GA",OSM,site_mapped,184012,"{""dataset"": ""IM3 Open Source Data Center Atlas"", ""dataset_url"": ""https://data.msdlive.org/records/65g71-a4731"", ""atlas_commit"": ""48d45f6eef72778edf374ec52c379550bb21a046"", ""atlas_type"": ""building"", ""osm_name"": ""Secure Data Center"", ""operator"": null, ""footprint_sqft"": 184012, ""license"": ""ODbL-1.0""}",https://github.com/IMMM-SFA/datacenter-atlas/blob/48d45f6eef72778edf374ec52c379550bb21a046/im3_datacenter_centroids.geojson
2026-03-31,"Strategic Datasphere · Fulton, GA",OSM,site_mapped,127487,"{""dataset"": ""IM3 Open Source Data Center Atlas"", ""dataset_url"": ""https://data.msdlive.org/records/65g71-a4731"", ""atlas_commit"": ""48d45f6eef72778edf374ec52c379550bb21a046"", ""atlas_type"": ""building"", ""osm_name"": ""Strategic Datasphere"", ""operator"": null, ""footprint_sqft"": 127487, ""license"": ""ODbL-1.0""}",https://github.com/IMMM-SFA/datacenter-atlas/blob/48d45f6eef72778edf374ec52c379550bb21a046/im3_datacenter_centroids.geojson
2026-03-31,"Mapletree Industrial · Fulton, GA",OSM,site_mapped,116842,"{""dataset"": ""IM3 Open Source Data Center Atlas"", ""dataset_url"": ""https://data.msdlive.org/records/65g71-a4731"", ""atlas_commit"": ""48d45f6eef72778edf374ec52c379550bb21a046"", ""atlas_type"": ""building"", ""osm_name"": ""Mapletree Industrial"", ""operator"": null, ""footprint_sqft"": 116842, ""license"": ""ODbL-1.0""}",https://github.com/IMMM-SFA/datacenter-atlas/blob/48d45f6eef72778edf374ec52c379550bb21a046/im3_datacenter_centroids.geojson
2026-03-31,"Flexential Atlanta - Norcross · Gwinnett, GA",OSM,site_mapped,32309,"{""dataset"": ""IM3 Open Source Data Center Atlas"", ""dataset_url"": ""https://data.msdlive.org/records/65g71-a4731"", ""atlas_commit"": ""48d45f6eef72778edf374ec52c379550bb21a046"", ""atlas_type"": ""building"", ""osm_name"": ""Flexential Atlanta - Norcross"", ""operator"": ""Flexential"", ""footprint_sqft"": 32309, ""license"": ""ODbL-1.0""}",https://github.com/IMMM-SFA/datacenter-atlas/blob/48d45f6eef72778edf374ec52c379550bb21a046/im3_datacenter_centroids.geojson
2026-03-31,"QTS Suwanee Data Center 1 · Gwinnett, GA",OSM,site_mapped,310488,"{""dataset"": ""IM3 Open Source Data Center Atlas"", ""dataset_url"": ""https://data.msdlive.org/records/65g71-a4731"", ""atlas_commit"": ""48d45f6eef72778edf374ec52c379550bb21a046"", ""atlas_type"": ""building"", ""osm_name"": ""QTS Suwanee Data Center 1"", ""operator"": ""Quality Technology Services"", ""footprint_sqft"": 310488, ""license"": ""ODbL-1.0""}",https://github.com/IMMM-SFA/datacenter-atlas/blob/48d45f6eef72778edf374ec52c379550bb21a046/im3_datacenter_centroids.geojson
2026-03-31,"QTS Suwanee Data Center 2 · Gwinnett, GA",OSM,site_mapped,360379,"{""dataset"": ""IM3 Open Source Data Center Atlas"", ""dataset_url"": ""https://data.msdlive.org/records/65g71-a4731"", ""atlas_commit"": ""48d45f6eef72778edf374ec52c379550bb21a046"", ""atlas_type"": ""building"", ""osm_name"": ""QTS Suwanee Data Center 2"", ""operator"": ""Quality Technology Services"", ""footprint_sqft"": 360379, ""license"": ""ODbL-1.0""}",https://github.com/IMMM-SFA/datacenter-atlas/blob/48d45f6eef72778edf374ec52c379550bb21a046/im3_datacenter_centroids.geojson
2026-03-31,"Unnamed data center · Muscogee, GA",OSM,site_mapped,116660,"{""dataset"": ""IM3 Open Source Data Center Atlas"", ""dataset_url"": ""https://data.msdlive.org/records/65g71-a4731"", ""atlas_commit"": ""48d45f6eef72778edf374ec52c379550bb21a046"", ""atlas_type"": ""building"", ""osm_name"": null, ""operator"": null, ""footprint_sqft"": 116660, ""license"": ""ODbL-1.0""}",https://github.com/IMMM-SFA/datacenter-atlas/blob/48d45f6eef72778edf374ec52c379550bb21a046/im3_datacenter_centroids.geojson
2026-03-31,"Meta data center · Newton, GA #1",OSM,site_mapped,342886,"{""dataset"": ""IM3 Open Source Data Center Atlas"", ""dataset_url"": ""https://data.msdlive.org/records/65g71-a4731"", ""atlas_commit"": ""48d45f6eef72778edf374ec52c379550bb21a046"", ""atlas_type"": ""building"", ""osm_name"": null, ""operator"": ""Meta"", ""footprint_sqft"": 342886, ""license"": ""ODbL-1.0""}",https://github.com/IMMM-SFA/datacenter-atlas/blob/48d45f6eef72778edf374ec52c379550bb21a046/im3_datacenter_centroids.geojson
2026-03-31,"Meta data center · Newton, GA #2",OSM,site_mapped,763506,"{""dataset"": ""IM3 Open Source Data Center Atlas"", ""dataset_url"": ""https://data.msdlive.org/records/65g71-a4731"", ""atlas_commit"": ""48d45f6eef72778edf374ec52c379550bb21a046"", ""atlas_type"": ""building"", ""osm_name"": null, ""operator"": ""Meta"", ""footprint_sqft"": 763506, ""license"": ""ODbL-1.0""}",https://github.com/IMMM-SFA/datacenter-atlas/blob/48d45f6eef72778edf374ec52c379550bb21a046/im3_datacenter_centroids.geojson
2026-03-31,"Meta data center · Newton, GA #3",OSM,site_mapped,660258,"{""dataset"": ""IM3 Open Source Data Center Atlas"", ""dataset_url"": ""https://data.msdlive.org/records/65g71-a4731"", ""atlas_commit"": ""48d45f6eef72778edf374ec52c379550bb21a046"", ""atlas_type"": ""building"", ""osm_name"": null, ""operator"": ""Meta"", ""footprint_sqft"": 660258, ""license"": ""ODbL-1.0""}",https://github.com/IMMM-SFA/datacenter-atlas/blob/48d45f6eef72778edf374ec52c379550bb21a046/im3_datacenter_centroids.geojson
2026-03-31,"Microsoft · Dallas, IA #1",OSM,site_mapped,250498,"{""dataset"": ""IM3 Open Source Data Center Atlas"", ""dataset_url"": ""https://data.msdlive.org/records/65g71-a4731"", ""atlas_commit"": ""48d45f6eef72778edf374ec52c379550bb21a046"", ""atlas_type"": ""building"", ""osm_name"": ""Microsoft"", ""operator"": ""Microsoft"", ""footprint_sqft"": 250498, ""license"": ""ODbL-1.0""}",https://github.com/IMMM-SFA/datacenter-atlas/blob/48d45f6eef72778edf374ec52c379550bb21a046/im3_datacenter_centroids.geojson
2026-03-31,"Microsoft · Dallas, IA #2",OSM,site_mapped,250494,"{""dataset"": ""IM3 Open Source Data Center Atlas"", ""dataset_url"": ""https://data.msdlive.org/records/65g71-a4731"", ""atlas_commit"": ""48d45f6eef72778edf374ec52c379550bb21a046"", ""atlas_type"": ""building"", ""osm_name"": ""Microsoft"", ""operator"": ""Microsoft"", ""footprint_sqft"": 250494, ""license"": ""ODbL-1.0""}",https://github.com/IMMM-SFA/datacenter-atlas/blob/48d45f6eef72778edf374ec52c379550bb21a046/im3_datacenter_centroids.geojson
2026-03-31,"Microsoft · Dallas, IA #3",OSM,site_mapped,250490,"{""dataset"": ""IM3 Open Source Data Center Atlas"", ""dataset_url"": ""https://data.msdlive.org/records/65g71-a4731"", ""atlas_commit"": ""48d45f6eef72778edf374ec52c379550bb21a046"", ""atlas_type"": ""building"", ""osm_name"": ""Microsoft"", ""operator"": ""Microsoft"", ""footprint_sqft"": 250490, ""license"": ""ODbL-1.0""}",https://github.com/IMMM-SFA/datacenter-atlas/blob/48d45f6eef72778edf374ec52c379550bb21a046/im3_datacenter_centroids.geojson
2026-03-31,"Microsoft · Dallas, IA #4",OSM,site_mapped,250486,"{""dataset"": ""IM3 Open Source Data Center Atlas"", ""dataset_url"": ""https://data.msdlive.org/records/65g71-a4731"", ""atlas_commit"": ""48d45f6eef72778edf374ec52c379550bb21a046"", ""atlas_type"": ""building"", ""osm_name"": ""Microsoft"", ""operator"": ""Microsoft"", ""footprint_sqft"": 250486, ""license"": ""ODbL-1.0""}",https://github.com/IMMM-SFA/datacenter-atlas/blob/48d45f6eef72778edf374ec52c379550bb21a046/im3_datacenter_centroids.geojson
2026-03-31,"Microsoft · Dallas, IA #5",OSM,site_mapped,80538,"{""dataset"": ""IM3 Open Source Data Center Atlas"", ""dataset_url"": ""https://data.msdlive.org/records/65g71-a4731"", ""atlas_commit"": ""48d45f6eef72778edf374ec52c379550bb21a046"", ""atlas_type"": ""building"", ""osm_name"": ""Microsoft"", ""operator"": ""Microsoft"", ""footprint_sqft"": 80538, ""license"": ""ODbL-1.0""}",https://github.com/IMMM-SFA/datacenter-atlas/blob/48d45f6eef72778edf374ec52c379550bb21a046/im3_datacenter_centroids.geojson
2026-03-31,"Microsoft · Dallas, IA #6",OSM,site_mapped,90065,"{""dataset"": ""IM3 Open Source Data Center Atlas"", ""dataset_url"": ""https://data.msdlive.org/records/65g71-a4731"", ""atlas_commit"": ""48d45f6eef72778edf374ec52c379550bb21a046"", ""atlas_type"": ""building"", ""osm_name"": ""Microsoft"", ""operator"": ""Microsoft"", ""footprint_sqft"": 90065, ""license"": ""ODbL-1.0""}",https://github.com/IMMM-SFA/datacenter-atlas/blob/48d45f6eef72778edf374ec52c379550bb21a046/im3_datacenter_centroids.geojson
2026-03-31,"Microsoft · Dallas, IA #7",OSM,site_mapped,39146,"{""dataset"": ""IM3 Open Source Data Center Atlas"", ""dataset_url"": ""https://data.msdlive.org/records/65g71-a4731"", ""atlas_commit"": ""48d45f6eef72778edf374ec52c379550bb21a046"", ""atlas_type"": ""building"", ""osm_name"": ""Microsoft"", ""operator"": ""Microsoft"", ""footprint_sqft"": 39146, ""license"": ""ODbL-1.0""}",https://github.com/IMMM-SFA/datacenter-atlas/blob/48d45f6eef72778edf374ec52c379550bb21a046/im3_datacenter_centroids.geojson
2026-03-31,"Microsoft · Dallas, IA #8",OSM,site_mapped,220735,"{""dataset"": ""IM3 Open Source Data Center Atlas"", ""dataset_url"": ""https://data.msdlive.org/records/65g71-a4731"", ""atlas_commit"": ""48d45f6eef72778edf374ec52c379550bb21a046"", ""atlas_type"": ""building"", ""osm_name"": ""Microsoft"", ""operator"": ""Microsoft"", ""footprint_sqft"": 220735, ""license"": ""ODbL-1.0""}",https://github.com/IMMM-SFA/datacenter-atlas/blob/48d45f6eef72778edf374ec52c379550bb21a046/im3_datacenter_centroids.geojson
2026-03-31,"Apple · Dallas, IA",OSM,site_mapped,313804,"{""dataset"": ""IM3 Open Source Data Center Atlas"", ""dataset_url"": ""https://data.msdlive.org/records/65g71-a4731"", ""atlas_commit"": ""48d45f6eef72778edf374ec52c379550bb21a046"", ""atlas_type"": ""building"", ""osm_name"": ""Apple"", ""operator"": ""Apple"", ""footprint_sqft"": 313804, ""license"": ""ODbL-1.0""}",https://github.com/IMMM-SFA/datacenter-atlas/blob/48d45f6eef72778edf374ec52c379550bb21a046/im3_datacenter_centroids.geojson
2026-03-31,"ForceAmp.com · Johnson, IA",OSM,site_mapped,2709,"{""dataset"": ""IM3 Open Source Data Center Atlas"", ""dataset_url"": ""https://data.msdlive.org/records/65g71-a4731"", ""atlas_commit"": ""48d45f6eef72778edf374ec52c379550bb21a046"", ""atlas_type"": ""building"", ""osm_name"": ""ForceAmp.com"", ""operator"": null, ""footprint_sqft"": 2709, ""license"": ""ODbL-1.0""}",https://github.com/IMMM-SFA/datacenter-atlas/blob/48d45f6eef72778edf374ec52c379550bb21a046/im3_datacenter_centroids.geojson
2026-03-31,"Unnamed data center · Polk, IA #1",OSM,site_mapped,263950,"{""dataset"": ""IM3 Open Source Data Center Atlas"", ""dataset_url"": ""https://data.msdlive.org/records/65g71-a4731"", ""atlas_commit"": ""48d45f6eef72778edf374ec52c379550bb21a046"", ""atlas_type"": ""building"", ""osm_name"": null, ""operator"": null, ""footprint_sqft"": 263950, ""license"": ""ODbL-1.0""}",https://github.com/IMMM-SFA/datacenter-atlas/blob/48d45f6eef72778edf374ec52c379550bb21a046/im3_datacenter_centroids.geojson
2026-03-31,"Unnamed data center · Polk, IA #2",OSM,site_mapped,263944,"{""dataset"": ""IM3 Open Source Data Center Atlas"", ""dataset_url"": ""https://data.msdlive.org/records/65g71-a4731"", ""atlas_commit"": ""48d45f6eef72778edf374ec52c379550bb21a046"", ""atlas_type"": ""building"", ""osm_name"": null, ""operator"": null, ""footprint_sqft"": 263944, ""license"": ""ODbL-1.0""}",https://github.com/IMMM-SFA/datacenter-atlas/blob/48d45f6eef72778edf374ec52c379550bb21a046/im3_datacenter_centroids.geojson
2026-03-31,"Microsoft · Polk, IA #1",OSM,site_mapped,144428,"{""dataset"": ""IM3 Open Source Data Center Atlas"", ""dataset_url"": ""https://data.msdlive.org/records/65g71-a4731"", ""atlas_commit"": ""48d45f6eef72778edf374ec52c379550bb21a046"", ""atlas_type"": ""building"", ""osm_name"": ""Microsoft"", ""operator"": ""Microsoft"", ""footprint_sqft"": 144428, ""license"": ""ODbL-1.0""}",https://github.com/IMMM-SFA/datacenter-atlas/blob/48d45f6eef72778edf374ec52c379550bb21a046/im3_datacenter_centroids.geojson
2026-03-31,"Microsoft · Polk, IA #2",OSM,site_mapped,149149,"{""dataset"": ""IM3 Open Source Data Center Atlas"", ""dataset_url"": ""https://data.msdlive.org/records/65g71-a4731"", ""atlas_commit"": ""48d45f6eef72778edf374ec52c379550bb21a046"", ""atlas_type"": ""building"", ""osm_name"": ""Microsoft"", ""operator"": ""Microsoft"", ""footprint_sqft"": 149149, ""license"": ""ODbL-1.0""}",https://github.com/IMMM-SFA/datacenter-atlas/blob/48d45f6eef72778edf374ec52c379550bb21a046/im3_datacenter_centroids.geojson
2026-03-31,"Unnamed data center · Polk, IA #3",OSM,site_mapped,263940,"{""dataset"": ""IM3 Open Source Data Center Atlas"", ""dataset_url"": ""https://data.msdlive.org/records/65g71-a4731"", ""atlas_commit"": ""48d45f6eef72778edf374ec52c379550bb21a046"", ""atlas_type"": ""building"", ""osm_name"": null, ""operator"": null, ""footprint_sqft"": 263940, ""license"": ""ODbL-1.0""}",https://github.com/IMMM-SFA/datacenter-atlas/blob/48d45f6eef72778edf374ec52c379550bb21a046/im3_datacenter_centroids.geojson
2026-03-31,"Microsoft · Polk, IA #3",OSM,site_mapped,146482,"{""dataset"": ""IM3 Open Source Data Center Atlas"", ""dataset_url"": ""https://data.msdlive.org/records/65g71-a4731"", ""atlas_commit"": ""48d45f6eef72778edf374ec52c379550bb21a046"", ""atlas_type"": ""building"", ""osm_name"": ""Microsoft"", ""operator"": ""Microsoft"", ""footprint_sqft"": 146482, ""license"": ""ODbL-1.0""}",https://github.com/IMMM-SFA/datacenter-atlas/blob/48d45f6eef72778edf374ec52c379550bb21a046/im3_datacenter_centroids.geojson
2026-03-31,"Microsoft · Polk, IA #4",OSM,site_mapped,153956,"{""dataset"": ""IM3 Open Source Data Center Atlas"", ""dataset_url"": ""https://data.msdlive.org/records/65g71-a4731"", ""atlas_commit"": ""48d45f6eef72778edf374ec52c379550bb21a046"", ""atlas_type"": ""building"", ""osm_name"": ""Microsoft"", ""operator"": ""Microsoft"", ""footprint_sqft"": 153956, ""license"": ""ODbL-1.0""}",https://github.com/IMMM-SFA/datacenter-atlas/blob/48d45f6eef72778edf374ec52c379550bb21a046/im3_datacenter_centroids.geojson
2026-03-31,"Unnamed data center · Polk, IA #4",OSM,site_mapped,248069,"{""dataset"": ""IM3 Open Source Data Center Atlas"", ""dataset_url"": ""https://data.msdlive.org/records/65g71-a4731"", ""atlas_commit"": ""48d45f6eef72778edf374ec52c379550bb21a046"", ""atlas_type"": ""building"", ""osm_name"": null, ""operator"": null, ""footprint_sqft"": 248069, ""license"": ""ODbL-1.0""}",https://github.com/IMMM-SFA/datacenter-atlas/blob/48d45f6eef72778edf374ec52c379550bb21a046/im3_datacenter_centroids.geojson
2026-03-31,"Microsoft · Polk, IA #5",OSM,site_mapped,143145,"{""dataset"": ""IM3 Open Source Data Center Atlas"", ""dataset_url"": ""https://data.msdlive.org/records/65g71-a4731"", ""atlas_commit"": ""48d45f6eef72778edf374ec52c379550bb21a046"", ""atlas_type"": ""building"", ""osm_name"": ""Microsoft"", ""operator"": ""Microsoft"", ""footprint_sqft"": 143145, ""license"": ""ODbL-1.0""}",https://github.com/IMMM-SFA/datacenter-atlas/blob/48d45f6eef72778edf374ec52c379550bb21a046/im3_datacenter_centroids.geojson
2026-03-31,"Microsoft · Polk, IA #6",OSM,site_mapped,141016,"{""dataset"": ""IM3 Open Source Data Center Atlas"", ""dataset_url"": ""https://data.msdlive.org/records/65g71-a4731"", ""atlas_commit"": ""48d45f6eef72778edf374ec52c379550bb21a046"", ""atlas_type"": ""building"", ""osm_name"": ""Microsoft"", ""operator"": ""Microsoft"", ""footprint_sqft"": 141016, ""license"": ""ODbL-1.0""}",https://github.com/IMMM-SFA/datacenter-atlas/blob/48d45f6eef72778edf374ec52c379550bb21a046/im3_datacenter_centroids.geojson
2026-03-31,"Microsoft · Polk, IA #7",OSM,site_mapped,145134,"{""dataset"": ""IM3 Open Source Data Center Atlas"", ""dataset_url"": ""https://data.msdlive.org/records/65g71-a4731"", ""atlas_commit"": ""48d45f6eef72778edf374ec52c379550bb21a046"", ""atlas_type"": ""building"", ""osm_name"": ""Microsoft"", ""operator"": ""Microsoft"", ""footprint_sqft"": 145134, ""license"": ""ODbL-1.0""}",https://github.com/IMMM-SFA/datacenter-atlas/blob/48d45f6eef72778edf374ec52c379550bb21a046/im3_datacenter_centroids.geojson
2026-03-31,"Microsoft · Polk, IA #8",OSM,site_mapped,141225,"{""dataset"": ""IM3 Open Source Data Center Atlas"", ""dataset_url"": ""https://data.msdlive.org/records/65g71-a4731"", ""atlas_commit"": ""48d45f6eef72778edf374ec52c379550bb21a046"", ""atlas_type"": ""building"", ""osm_name"": ""Microsoft"", ""operator"": ""Microsoft"", ""footprint_sqft"": 141225, ""license"": ""ODbL-1.0""}",https://github.com/IMMM-SFA/datacenter-atlas/blob/48d45f6eef72778edf374ec52c379550bb21a046/im3_datacenter_centroids.geojson
2026-03-31,"Unnamed data center · Polk, IA #5",OSM,site_mapped,6991,"{""dataset"": ""IM3 Open Source Data Center Atlas"", ""dataset_url"": ""https://data.msdlive.org/records/65g71-a4731"", ""atlas_commit"": ""48d45f6eef72778edf374ec52c379550bb21a046"", ""atlas_type"": ""building"", ""osm_name"": null, ""operator"": null, ""footprint_sqft"": 6991, ""license"": ""ODbL-1.0""}",https://github.com/IMMM-SFA/datacenter-atlas/blob/48d45f6eef72778edf374ec52c379550bb21a046/im3_datacenter_centroids.geojson
2026-03-31,"Unnamed data center · Polk, IA #6",OSM,site_mapped,16920,"{""dataset"": ""IM3 Open Source Data Center Atlas"", ""dataset_url"": ""https://data.msdlive.org/records/65g71-a4731"", ""atlas_commit"": ""48d45f6eef72778edf374ec52c379550bb21a046"", ""atlas_type"": ""building"", ""osm_name"": null, ""operator"": null, ""footprint_sqft"": 16920, ""license"": ""ODbL-1.0""}",https://github.com/IMMM-SFA/datacenter-atlas/blob/48d45f6eef72778edf374ec52c379550bb21a046/im3_datacenter_centroids.geojson
2026-03-31,"Aureon · Polk, IA",OSM,site_mapped,11253,"{""dataset"": ""IM3 Open Source Data Center Atlas"", ""dataset_url"": ""https://data.msdlive.org/records/65g71-a4731"", ""atlas_commit"": ""48d45f6eef72778edf374ec52c379550bb21a046"", ""atlas_type"": ""building"", ""osm_name"": ""Aureon"", ""operator"": null, ""footprint_sqft"": 11253, ""license"": ""ODbL-1.0""}",https://github.com/IMMM-SFA/datacenter-atlas/blob/48d45f6eef72778edf374ec52c379550bb21a046/im3_datacenter_centroids.geojson
2026-03-31,"Facebook Altoona Data Center 1 · Polk, IA",OSM,site_mapped,315400,"{""dataset"": ""IM3 Open Source Data Center Atlas"", ""dataset_url"": ""https://data.msdlive.org/records/65g71-a4731"", ""atlas_commit"": ""48d45f6eef72778edf374ec52c379550bb21a046"", ""atlas_type"": ""building"", ""osm_name"": ""Facebook Altoona Data Center 1"", ""operator"": ""Meta"", ""footprint_sqft"": 315400, ""license"": ""ODbL-1.0""}",https://github.com/IMMM-SFA/datacenter-atlas/blob/48d45f6eef72778edf374ec52c379550bb21a046/im3_datacenter_centroids.geojson
2026-03-31,"Facebook Altoona Data Center 2 · Polk, IA",OSM,site_mapped,307370,"{""dataset"": ""IM3 Open Source Data Center Atlas"", ""dataset_url"": ""https://data.msdlive.org/records/65g71-a4731"", ""atlas_commit"": ""48d45f6eef72778edf374ec52c379550bb21a046"", ""atlas_type"": ""building"", ""osm_name"": ""Facebook Altoona Data Center 2"", ""operator"": ""Meta"", ""footprint_sqft"": 307370, ""license"": ""ODbL-1.0""}",https://github.com/IMMM-SFA/datacenter-atlas/blob/48d45f6eef72778edf374ec52c379550bb21a046/im3_datacenter_centroids.geojson
2026-03-31,"Lightedge Des Moines 2 · Polk, IA",OSM,site_mapped,56626,"{""dataset"": ""IM3 Open Source Data Center Atlas"", ""dataset_url"": ""https://data.msdlive.org/records/65g71-a4731"", ""atlas_commit"": ""48d45f6eef72778edf374ec52c379550bb21a046"", ""atlas_type"": ""building"", ""osm_name"": ""Lightedge Des Moines 2"", ""operator"": null, ""footprint_sqft"": 56626, ""license"": ""ODbL-1.0""}",https://github.com/IMMM-SFA/datacenter-atlas/blob/48d45f6eef72778edf374ec52c379550bb21a046/im3_datacenter_centroids.geojson
2026-03-31,"Facebook Altoona Data Center 3 · Polk, IA",OSM,site_mapped,377755,"{""dataset"": ""IM3 Open Source Data Center Atlas"", ""dataset_url"": ""https://data.msdlive.org/records/65g71-a4731"", ""atlas_commit"": ""48d45f6eef72778edf374ec52c379550bb21a046"", ""atlas_type"": ""building"", ""osm_name"": ""Facebook Altoona Data Center 3"", ""operator"": ""Meta"", ""footprint_sqft"": 377755, ""license"": ""ODbL-1.0""}",https://github.com/IMMM-SFA/datacenter-atlas/blob/48d45f6eef72778edf374ec52c379550bb21a046/im3_datacenter_centroids.geojson
2026-03-31,"Lightedge Des Moines 1 · Polk, IA",OSM,site_mapped,30078,"{""dataset"": ""IM3 Open Source Data Center Atlas"", ""dataset_url"": ""https://data.msdlive.org/records/65g71-a4731"", ""atlas_commit"": ""48d45f6eef72778edf374ec52c379550bb21a046"", ""atlas_type"": ""building"", ""osm_name"": ""Lightedge Des Moines 1"", ""operator"": null, ""footprint_sqft"": 30078, ""license"": ""ODbL-1.0""}",https://github.com/IMMM-SFA/datacenter-atlas/blob/48d45f6eef72778edf374ec52c379550bb21a046/im3_datacenter_centroids.geojson
2026-03-31,"Facebook Altoona Data Center 4 · Polk, IA",OSM,site_mapped,606958,"{""dataset"": ""IM3 Open Source Data Center Atlas"", ""dataset_url"": ""https://data.msdlive.org/records/65g71-a4731"", ""atlas_commit"": ""48d45f6eef72778edf374ec52c379550bb21a046"", ""atlas_type"": ""building"", ""osm_name"": ""Facebook Altoona Data Center 4"", ""operator"": ""Meta"", ""footprint_sqft"": 606958, ""license"": ""ODbL-1.0""}",https://github.com/IMMM-SFA/datacenter-atlas/blob/48d45f6eef72778edf374ec52c379550bb21a046/im3_datacenter_centroids.geojson
2026-03-31,"Facebook Altoona Data Center 5 · Polk, IA",OSM,site_mapped,628003,"{""dataset"": ""IM3 Open Source Data Center Atlas"", ""dataset_url"": ""https://data.msdlive.org/records/65g71-a4731"", ""atlas_commit"": ""48d45f6eef72778edf374ec52c379550bb21a046"", ""atlas_type"": ""building"", ""osm_name"": ""Facebook Altoona Data Center 5"", ""operator"": ""Meta"", ""footprint_sqft"": 628003, ""license"": ""ODbL-1.0""}",https://github.com/IMMM-SFA/datacenter-atlas/blob/48d45f6eef72778edf374ec52c379550bb21a046/im3_datacenter_centroids.geojson
2026-03-31,"Meta · Polk, IA #1",OSM,site_mapped,493366,"{""dataset"": ""IM3 Open Source Data Center Atlas"", ""dataset_url"": ""https://data.msdlive.org/records/65g71-a4731"", ""atlas_commit"": ""48d45f6eef72778edf374ec52c379550bb21a046"", ""atlas_type"": ""building"", ""osm_name"": ""Meta"", ""operator"": ""Meta"", ""footprint_sqft"": 493366, ""license"": ""ODbL-1.0""}",https://github.com/IMMM-SFA/datacenter-atlas/blob/48d45f6eef72778edf374ec52c379550bb21a046/im3_datacenter_centroids.geojson
2026-03-31,"Meta · Polk, IA #2",OSM,site_mapped,601076,"{""dataset"": ""IM3 Open Source Data Center Atlas"", ""dataset_url"": ""https://data.msdlive.org/records/65g71-a4731"", ""atlas_commit"": ""48d45f6eef72778edf374ec52c379550bb21a046"", ""atlas_type"": ""building"", ""osm_name"": ""Meta"", ""operator"": ""Meta"", ""footprint_sqft"": 601076, ""license"": ""ODbL-1.0""}",https://github.com/IMMM-SFA/datacenter-atlas/blob/48d45f6eef72778edf374ec52c379550bb21a046/im3_datacenter_centroids.geojson
2026-03-31,"Google · Pottawattamie, IA #1",OSM,site_mapped,158241,"{""dataset"": ""IM3 Open Source Data Center Atlas"", ""dataset_url"": ""https://data.msdlive.org/records/65g71-a4731"", ""atlas_commit"": ""48d45f6eef72778edf374ec52c379550bb21a046"", ""atlas_type"": ""building"", ""osm_name"": ""Google"", ""operator"": ""Google"", ""footprint_sqft"": 158241, ""license"": ""ODbL-1.0""}",https://github.com/IMMM-SFA/datacenter-atlas/blob/48d45f6eef72778edf374ec52c379550bb21a046/im3_datacenter_centroids.geojson
2026-03-31,"Google · Pottawattamie, IA #2",OSM,site_mapped,174264,"{""dataset"": ""IM3 Open Source Data Center Atlas"", ""dataset_url"": ""https://data.msdlive.org/records/65g71-a4731"", ""atlas_commit"": ""48d45f6eef72778edf374ec52c379550bb21a046"", ""atlas_type"": ""building"", ""osm_name"": ""Google"", ""operator"": ""Google"", ""footprint_sqft"": 174264, ""license"": ""ODbL-1.0""}",https://github.com/IMMM-SFA/datacenter-atlas/blob/48d45f6eef72778edf374ec52c379550bb21a046/im3_datacenter_centroids.geojson
2026-03-31,"Google · Pottawattamie, IA #3",OSM,site_mapped,174583,"{""dataset"": ""IM3 Open Source Data Center Atlas"", ""dataset_url"": ""https://data.msdlive.org/records/65g71-a4731"", ""atlas_commit"": ""48d45f6eef72778edf374ec52c379550bb21a046"", ""atlas_type"": ""building"", ""osm_name"": ""Google"", ""operator"": ""Google"", ""footprint_sqft"": 174583, ""license"": ""ODbL-1.0""}",https://github.com/IMMM-SFA/datacenter-atlas/blob/48d45f6eef72778edf374ec52c379550bb21a046/im3_datacenter_centroids.geojson
2026-03-31,"Google · Pottawattamie, IA #4",OSM,site_mapped,294718,"{""dataset"": ""IM3 Open Source Data Center Atlas"", ""dataset_url"": ""https://data.msdlive.org/records/65g71-a4731"", ""atlas_commit"": ""48d45f6eef72778edf374ec52c379550bb21a046"", ""atlas_type"": ""building"", ""osm_name"": ""Google"", ""operator"": ""Google"", ""footprint_sqft"": 294718, ""license"": ""ODbL-1.0""}",https://github.com/IMMM-SFA/datacenter-atlas/blob/48d45f6eef72778edf374ec52c379550bb21a046/im3_datacenter_centroids.geojson
2026-03-31,"Google · Pottawattamie, IA #5",OSM,site_mapped,296835,"{""dataset"": ""IM3 Open Source Data Center Atlas"", ""dataset_url"": ""https://data.msdlive.org/records/65g71-a4731"", ""atlas_commit"": ""48d45f6eef72778edf374ec52c379550bb21a046"", ""atlas_type"": ""building"", ""osm_name"": ""Google"", ""operator"": ""Google"", ""footprint_sqft"": 296835, ""license"": ""ODbL-1.0""}",https://github.com/IMMM-SFA/datacenter-atlas/blob/48d45f6eef72778edf374ec52c379550bb21a046/im3_datacenter_centroids.geojson
2026-03-31,"Google · Pottawattamie, IA #6",OSM,site_mapped,129827,"{""dataset"": ""IM3 Open Source Data Center Atlas"", ""dataset_url"": ""https://data.msdlive.org/records/65g71-a4731"", ""atlas_commit"": ""48d45f6eef72778edf374ec52c379550bb21a046"", ""atlas_type"": ""building"", ""osm_name"": ""Google"", ""operator"": ""Google"", ""footprint_sqft"": 129827, ""license"": ""ODbL-1.0""}",https://github.com/IMMM-SFA/datacenter-atlas/blob/48d45f6eef72778edf374ec52c379550bb21a046/im3_datacenter_centroids.geojson
2026-03-31,"Google · Pottawattamie, IA #7",OSM,site_mapped,131491,"{""dataset"": ""IM3 Open Source Data Center Atlas"", ""dataset_url"": ""https://data.msdlive.org/records/65g71-a4731"", ""atlas_commit"": ""48d45f6eef72778edf374ec52c379550bb21a046"", ""atlas_type"": ""building"", ""osm_name"": ""Google"", ""operator"": ""Google"", ""footprint_sqft"": 131491, ""license"": ""ODbL-1.0""}",https://github.com/IMMM-SFA/datacenter-atlas/blob/48d45f6eef72778edf374ec52c379550bb21a046/im3_datacenter_centroids.geojson
2026-03-31,"Google · Pottawattamie, IA #8",OSM,site_mapped,132118,"{""dataset"": ""IM3 Open Source Data Center Atlas"", ""dataset_url"": ""https://data.msdlive.org/records/65g71-a4731"", ""atlas_commit"": ""48d45f6eef72778edf374ec52c379550bb21a046"", ""atlas_type"": ""building"", ""osm_name"": ""Google"", ""operator"": ""Google"", ""footprint_sqft"": 132118, ""license"": ""ODbL-1.0""}",https://github.com/IMMM-SFA/datacenter-atlas/blob/48d45f6eef72778edf374ec52c379550bb21a046/im3_datacenter_centroids.geojson
2026-03-31,"Google · Pottawattamie, IA #9",OSM,site_mapped,132254,"{""dataset"": ""IM3 Open Source Data Center Atlas"", ""dataset_url"": ""https://data.msdlive.org/records/65g71-a4731"", ""atlas_commit"": ""48d45f6eef72778edf374ec52c379550bb21a046"", ""atlas_type"": ""building"", ""osm_name"": ""Google"", ""operator"": ""Google"", ""footprint_sqft"": 132254, ""license"": ""ODbL-1.0""}",https://github.com/IMMM-SFA/datacenter-atlas/blob/48d45f6eef72778edf374ec52c379550bb21a046/im3_datacenter_centroids.geojson
2026-03-31,"Google · Pottawattamie, IA #10",OSM,site_mapped,129628,"{""dataset"": ""IM3 Open Source Data Center Atlas"", ""dataset_url"": ""https://data.msdlive.org/records/65g71-a4731"", ""atlas_commit"": ""48d45f6eef72778edf374ec52c379550bb21a046"", ""atlas_type"": ""building"", ""osm_name"": ""Google"", ""operator"": ""Google"", ""footprint_sqft"": 129628, ""license"": ""ODbL-1.0""}",https://github.com/IMMM-SFA/datacenter-atlas/blob/48d45f6eef72778edf374ec52c379550bb21a046/im3_datacenter_centroids.geojson
2026-03-31,"Google · Pottawattamie, IA #11",OSM,site_mapped,130820,"{""dataset"": ""IM3 Open Source Data Center Atlas"", ""dataset_url"": ""https://data.msdlive.org/records/65g71-a4731"", ""atlas_commit"": ""48d45f6eef72778edf374ec52c379550bb21a046"", ""atlas_type"": ""building"", ""osm_name"": ""Google"", ""operator"": ""Google"", ""footprint_sqft"": 130820, ""license"": ""ODbL-1.0""}",https://github.com/IMMM-SFA/datacenter-atlas/blob/48d45f6eef72778edf374ec52c379550bb21a046/im3_datacenter_centroids.geojson
2026-03-31,"Google · Pottawattamie, IA #12",OSM,site_mapped,134444,"{""dataset"": ""IM3 Open Source Data Center Atlas"", ""dataset_url"": ""https://data.msdlive.org/records/65g71-a4731"", ""atlas_commit"": ""48d45f6eef72778edf374ec52c379550bb21a046"", ""atlas_type"": ""building"", ""osm_name"": ""Google"", ""operator"": ""Google"", ""footprint_sqft"": 134444, ""license"": ""ODbL-1.0""}",https://github.com/IMMM-SFA/datacenter-atlas/blob/48d45f6eef72778edf374ec52c379550bb21a046/im3_datacenter_centroids.geojson
2026-03-31,"Google · Pottawattamie, IA #13",OSM,site_mapped,318940,"{""dataset"": ""IM3 Open Source Data Center Atlas"", ""dataset_url"": ""https://data.msdlive.org/records/65g71-a4731"", ""atlas_commit"": ""48d45f6eef72778edf374ec52c379550bb21a046"", ""atlas_type"": ""building"", ""osm_name"": ""Google"", ""operator"": ""Google"", ""footprint_sqft"": 318940, ""license"": ""ODbL-1.0""}",https://github.com/IMMM-SFA/datacenter-atlas/blob/48d45f6eef72778edf374ec52c379550bb21a046/im3_datacenter_centroids.geojson
2026-03-31,"Google · Pottawattamie, IA #14",OSM,site_mapped,76005,"{""dataset"": ""IM3 Open Source Data Center Atlas"", ""dataset_url"": ""https://data.msdlive.org/records/65g71-a4731"", ""atlas_commit"": ""48d45f6eef72778edf374ec52c379550bb21a046"", ""atlas_type"": ""building"", ""osm_name"": ""Google"", ""operator"": ""Google"", ""footprint_sqft"": 76005, ""license"": ""ODbL-1.0""}",https://github.com/IMMM-SFA/datacenter-atlas/blob/48d45f6eef72778edf374ec52c379550bb21a046/im3_datacenter_centroids.geojson
2026-03-31,"Google · Pottawattamie, IA #15",OSM,site_mapped,258223,"{""dataset"": ""IM3 Open Source Data Center Atlas"", ""dataset_url"": ""https://data.msdlive.org/records/65g71-a4731"", ""atlas_commit"": ""48d45f6eef72778edf374ec52c379550bb21a046"", ""atlas_type"": ""building"", ""osm_name"": ""Google"", ""operator"": ""Google"", ""footprint_sqft"": 258223, ""license"": ""ODbL-1.0""}",https://github.com/IMMM-SFA/datacenter-atlas/blob/48d45f6eef72778edf374ec52c379550bb21a046/im3_datacenter_centroids.geojson
2026-03-31,"Google · Pottawattamie, IA #16",OSM,site_mapped,211543,"{""dataset"": ""IM3 Open Source Data Center Atlas"", ""dataset_url"": ""https://data.msdlive.org/records/65g71-a4731"", ""atlas_commit"": ""48d45f6eef72778edf374ec52c379550bb21a046"", ""atlas_type"": ""building"", ""osm_name"": ""Google"", ""operator"": ""Google"", ""footprint_sqft"": 211543, ""license"": ""ODbL-1.0""}",https://github.com/IMMM-SFA/datacenter-atlas/blob/48d45f6eef72778edf374ec52c379550bb21a046/im3_datacenter_centroids.geojson
2026-03-31,"Unnamed data center · Pottawattamie, IA #1",OSM,site_mapped,117949,"{""dataset"": ""IM3 Open Source Data Center Atlas"", ""dataset_url"": ""https://data.msdlive.org/records/65g71-a4731"", ""atlas_commit"": ""48d45f6eef72778edf374ec52c379550bb21a046"", ""atlas_type"": ""building"", ""osm_name"": null, ""operator"": null, ""footprint_sqft"": 117949, ""license"": ""ODbL-1.0""}",https://github.com/IMMM-SFA/datacenter-atlas/blob/48d45f6eef72778edf374ec52c379550bb21a046/im3_datacenter_centroids.geojson
2026-03-31,"Unnamed data center · Pottawattamie, IA #2",OSM,site_mapped,227733,"{""dataset"": ""IM3 Open Source Data Center Atlas"", ""dataset_url"": ""https://data.msdlive.org/records/65g71-a4731"", ""atlas_commit"": ""48d45f6eef72778edf374ec52c379550bb21a046"", ""atlas_type"": ""building"", ""osm_name"": null, ""operator"": null, ""footprint_sqft"": 227733, ""license"": ""ODbL-1.0""}",https://github.com/IMMM-SFA/datacenter-atlas/blob/48d45f6eef72778edf374ec52c379550bb21a046/im3_datacenter_centroids.geojson
2026-03-31,"Geneseo Communications Inc · Scott, IA",OSM,site_mapped,53983,"{""dataset"": ""IM3 Open Source Data Center Atlas"", ""dataset_url"": ""https://data.msdlive.org/records/65g71-a4731"", ""atlas_commit"": ""48d45f6eef72778edf374ec52c379550bb21a046"", ""atlas_type"": ""building"", ""osm_name"": ""Geneseo Communications Inc"", ""operator"": null, ""footprint_sqft"": 53983, ""license"": ""ODbL-1.0""}",https://github.com/IMMM-SFA/datacenter-atlas/blob/48d45f6eef72778edf374ec52c379550bb21a046/im3_datacenter_centroids.geojson
2026-03-31,"Microsoft · Warren, IA #1",OSM,site_mapped,247201,"{""dataset"": ""IM3 Open Source Data Center Atlas"", ""dataset_url"": ""https://data.msdlive.org/records/65g71-a4731"", ""atlas_commit"": ""48d45f6eef72778edf374ec52c379550bb21a046"", ""atlas_type"": ""building"", ""osm_name"": ""Microsoft"", ""operator"": ""Microsoft"", ""footprint_sqft"": 247201, ""license"": ""ODbL-1.0""}",https://github.com/IMMM-SFA/datacenter-atlas/blob/48d45f6eef72778edf374ec52c379550bb21a046/im3_datacenter_centroids.geojson
2026-03-31,"Microsoft · Warren, IA #2",OSM,site_mapped,247197,"{""dataset"": ""IM3 Open Source Data Center Atlas"", ""dataset_url"": ""https://data.msdlive.org/records/65g71-a4731"", ""atlas_commit"": ""48d45f6eef72778edf374ec52c379550bb21a046"", ""atlas_type"": ""building"", ""osm_name"": ""Microsoft"", ""operator"": ""Microsoft"", ""footprint_sqft"": 247197, ""license"": ""ODbL-1.0""}",https://github.com/IMMM-SFA/datacenter-atlas/blob/48d45f6eef72778edf374ec52c379550bb21a046/im3_datacenter_centroids.geojson
2026-03-31,"Microsoft · Warren, IA #3",OSM,site_mapped,242270,"{""dataset"": ""IM3 Open Source Data Center Atlas"", ""dataset_url"": ""https://data.msdlive.org/records/65g71-a4731"", ""atlas_commit"": ""48d45f6eef72778edf374ec52c379550bb21a046"", ""atlas_type"": ""building"", ""osm_name"": ""Microsoft"", ""operator"": ""Microsoft"", ""footprint_sqft"": 242270, ""license"": ""ODbL-1.0""}",https://github.com/IMMM-SFA/datacenter-atlas/blob/48d45f6eef72778edf374ec52c379550bb21a046/im3_datacenter_centroids.geojson
2026-03-31,"Microsoft · Warren, IA #4",OSM,site_mapped,239270,"{""dataset"": ""IM3 Open Source Data Center Atlas"", ""dataset_url"": ""https://data.msdlive.org/records/65g71-a4731"", ""atlas_commit"": ""48d45f6eef72778edf374ec52c379550bb21a046"", ""atlas_type"": ""building"", ""osm_name"": ""Microsoft"", ""operator"": ""Microsoft"", ""footprint_sqft"": 239270, ""license"": ""ODbL-1.0""}",https://github.com/IMMM-SFA/datacenter-atlas/blob/48d45f6eef72778edf374ec52c379550bb21a046/im3_datacenter_centroids.geojson
2026-03-31,"Microsoft · Warren, IA #5",OSM,site_mapped,243678,"{""dataset"": ""IM3 Open Source Data Center Atlas"", ""dataset_url"": ""https://data.msdlive.org/records/65g71-a4731"", ""atlas_commit"": ""48d45f6eef72778edf374ec52c379550bb21a046"", ""atlas_type"": ""building"", ""osm_name"": ""Microsoft"", ""operator"": ""Microsoft"", ""footprint_sqft"": 243678, ""license"": ""ODbL-1.0""}",https://github.com/IMMM-SFA/datacenter-atlas/blob/48d45f6eef72778edf374ec52c379550bb21a046/im3_datacenter_centroids.geojson
2026-03-31,"Unnamed data center · Ada, ID #1",OSM,site_mapped,311564,"{""dataset"": ""IM3 Open Source Data Center Atlas"", ""dataset_url"": ""https://data.msdlive.org/records/65g71-a4731"", ""atlas_commit"": ""48d45f6eef72778edf374ec52c379550bb21a046"", ""atlas_type"": ""building"", ""osm_name"": null, ""operator"": null, ""footprint_sqft"": 311564, ""license"": ""ODbL-1.0""}",https://github.com/IMMM-SFA/datacenter-atlas/blob/48d45f6eef72778edf374ec52c379550bb21a046/im3_datacenter_centroids.geojson
2026-03-31,"Unnamed data center · Ada, ID #2",OSM,site_mapped,374271,"{""dataset"": ""IM3 Open Source Data Center Atlas"", ""dataset_url"": ""https://data.msdlive.org/records/65g71-a4731"", ""atlas_commit"": ""48d45f6eef72778edf374ec52c379550bb21a046"", ""atlas_type"": ""building"", ""osm_name"": null, ""operator"": null, ""footprint_sqft"": 374271, ""license"": ""ODbL-1.0""}",https://github.com/IMMM-SFA/datacenter-atlas/blob/48d45f6eef72778edf374ec52c379550bb21a046/im3_datacenter_centroids.geojson
2026-03-31,"Family History Center · Bear Lake, ID",OSM,site_mapped,4081,"{""dataset"": ""IM3 Open Source Data Center Atlas"", ""dataset_url"": ""https://data.msdlive.org/records/65g71-a4731"", ""atlas_commit"": ""48d45f6eef72778edf374ec52c379550bb21a046"", ""atlas_type"": ""building"", ""osm_name"": ""Family History Center"", ""operator"": ""The Church of Jesus Christ of Latter-day Saints"", ""footprint_sqft"": 4081, ""license"": ""ODbL-1.0""}",https://github.com/IMMM-SFA/datacenter-atlas/blob/48d45f6eef72778edf374ec52c379550bb21a046/im3_datacenter_centroids.geojson
2026-03-31,"VentureData · Madison, ID",OSM,site_mapped,18269,"{""dataset"": ""IM3 Open Source Data Center Atlas"", ""dataset_url"": ""https://data.msdlive.org/records/65g71-a4731"", ""atlas_commit"": ""48d45f6eef72778edf374ec52c379550bb21a046"", ""atlas_type"": ""building"", ""osm_name"": ""VentureData"", ""operator"": null, ""footprint_sqft"": 18269, ""license"": ""ODbL-1.0""}",https://github.com/IMMM-SFA/datacenter-atlas/blob/48d45f6eef72778edf374ec52c379550bb21a046/im3_datacenter_centroids.geojson
2026-03-31,"NCSA Petascale Computing Facility · Champaign, IL",OSM,site_mapped,45620,"{""dataset"": ""IM3 Open Source Data Center Atlas"", ""dataset_url"": ""https://data.msdlive.org/records/65g71-a4731"", ""atlas_commit"": ""48d45f6eef72778edf374ec52c379550bb21a046"", ""atlas_type"": ""building"", ""osm_name"": ""NCSA Petascale Computing Facility"", ""operator"": null, ""footprint_sqft"": 45620, ""license"": ""ODbL-1.0""}",https://github.com/IMMM-SFA/datacenter-atlas/blob/48d45f6eef72778edf374ec52c379550bb21a046/im3_datacenter_centroids.geojson
2026-03-31,"QTS Chicago · Cook, IL",OSM,site_mapped,267112,"{""dataset"": ""IM3 Open Source Data Center Atlas"", ""dataset_url"": ""https://data.msdlive.org/records/65g71-a4731"", ""atlas_commit"": ""48d45f6eef72778edf374ec52c379550bb21a046"", ""atlas_type"": ""building"", ""osm_name"": ""QTS Chicago"", ""operator"": ""Quality Technology Services"", ""footprint_sqft"": 267112, ""license"": ""ODbL-1.0""}",https://github.com/IMMM-SFA/datacenter-atlas/blob/48d45f6eef72778edf374ec52c379550bb21a046/im3_datacenter_centroids.geojson
2026-03-31,"Iron Mountain Data & Record Storage · Cook, IL",OSM,site_mapped,106033,"{""dataset"": ""IM3 Open Source Data Center Atlas"", ""dataset_url"": ""https://data.msdlive.org/records/65g71-a4731"", ""atlas_commit"": ""48d45f6eef72778edf374ec52c379550bb21a046"", ""atlas_type"": ""building"", ""osm_name"": ""Iron Mountain Data & Record Storage"", ""operator"": ""Iron Mountain"", ""footprint_sqft"": 106033, ""license"": ""ODbL-1.0""}",https://github.com/IMMM-SFA/datacenter-atlas/blob/48d45f6eef72778edf374ec52c379550bb21a046/im3_datacenter_centroids.geojson
2026-03-31,"Lakeside Technology Center · Cook, IL",OSM,site_mapped,129156,"{""dataset"": ""IM3 Open Source Data Center Atlas"", ""dataset_url"": ""https://data.msdlive.org/records/65g71-a4731"", ""atlas_commit"": ""48d45f6eef72778edf374ec52c379550bb21a046"", ""atlas_type"": ""building"", ""osm_name"": ""Lakeside Technology Center"", ""operator"": null, ""footprint_sqft"": 129156, ""license"": ""ODbL-1.0""}",https://github.com/IMMM-SFA/datacenter-atlas/blob/48d45f6eef72778edf374ec52c379550bb21a046/im3_datacenter_centroids.geojson
2026-03-31,"CoreSite Chicago Data Center (CH2) · Cook, IL",OSM,site_mapped,61773,"{""dataset"": ""IM3 Open Source Data Center Atlas"", ""dataset_url"": ""https://data.msdlive.org/records/65g71-a4731"", ""atlas_commit"": ""48d45f6eef72778edf374ec52c379550bb21a046"", ""atlas_type"": ""building"", ""osm_name"": ""CoreSite Chicago Data Center (CH2)"", ""operator"": ""CoreSite"", ""footprint_sqft"": 61773, ""license"": ""ODbL-1.0""}",https://github.com/IMMM-SFA/datacenter-atlas/blob/48d45f6eef72778edf374ec52c379550bb21a046/im3_datacenter_centroids.geojson
2026-03-31,"Serverfarm CH1 · Cook, IL",OSM,site_mapped,56419,"{""dataset"": ""IM3 Open Source Data Center Atlas"", ""dataset_url"": ""https://data.msdlive.org/records/65g71-a4731"", ""atlas_commit"": ""48d45f6eef72778edf374ec52c379550bb21a046"", ""atlas_type"": ""building"", ""osm_name"": ""Serverfarm CH1"", ""operator"": ""Serverfarm"", ""footprint_sqft"": 56419, ""license"": ""ODbL-1.0""}",https://github.com/IMMM-SFA/datacenter-atlas/blob/48d45f6eef72778edf374ec52c379550bb21a046/im3_datacenter_centroids.geojson
2026-03-31,"Netrality · Cook, IL",OSM,site_mapped,,"{""dataset"": ""IM3 Open Source Data Center Atlas"", ""dataset_url"": ""https://data.msdlive.org/records/65g71-a4731"", ""atlas_commit"": ""48d45f6eef72778edf374ec52c379550bb21a046"", ""atlas_type"": ""point"", ""osm_name"": ""Netrality"", ""operator"": ""Netrality"", ""footprint_sqft"": null, ""license"": ""ODbL-1.0""}",https://github.com/IMMM-SFA/datacenter-atlas/blob/48d45f6eef72778edf374ec52c379550bb21a046/im3_datacenter_centroids.geojson
2026-03-31,"Digital Realty ORD11 · Cook, IL",OSM,site_mapped,9092,"{""dataset"": ""IM3 Open Source Data Center Atlas"", ""dataset_url"": ""https://data.msdlive.org/records/65g71-a4731"", ""atlas_commit"": ""48d45f6eef72778edf374ec52c379550bb21a046"", ""atlas_type"": ""building"", ""osm_name"": ""Digital Realty ORD11"", ""operator"": ""Digital Realty"", ""footprint_sqft"": 9092, ""license"": ""ODbL-1.0""}",https://github.com/IMMM-SFA/datacenter-atlas/blob/48d45f6eef72778edf374ec52c379550bb21a046/im3_datacenter_centroids.geojson
2026-03-31,"CoreSite Chicago Data Center (CH1) · Cook, IL",OSM,site_mapped,,"{""dataset"": ""IM3 Open Source Data Center Atlas"", ""dataset_url"": ""https://data.msdlive.org/records/65g71-a4731"", ""atlas_commit"": ""48d45f6eef72778edf374ec52c379550bb21a046"", ""atlas_type"": ""point"", ""osm_name"": ""CoreSite Chicago Data Center (CH1)"", ""operator"": ""CoreSite"", ""footprint_sqft"": null, ""license"": ""ODbL-1.0""}",https://github.com/IMMM-SFA/datacenter-atlas/blob/48d45f6eef72778edf374ec52c379550bb21a046/im3_datacenter_centroids.geojson
2026-03-31,"West Monroe · Cook, IL",OSM,site_mapped,,"{""dataset"": ""IM3 Open Source Data Center Atlas"", ""dataset_url"": ""https://data.msdlive.org/records/65g71-a4731"", ""atlas_commit"": ""48d45f6eef72778edf374ec52c379550bb21a046"", ""atlas_type"": ""point"", ""osm_name"": ""West Monroe"", ""operator"": null, ""footprint_sqft"": null, ""license"": ""ODbL-1.0""}",https://github.com/IMMM-SFA/datacenter-atlas/blob/48d45f6eef72778edf374ec52c379550bb21a046/im3_datacenter_centroids.geojson
2026-03-31,"Aligned Data Center - Chicago ORD-02 · Cook, IL",OSM,site_mapped,111422,"{""dataset"": ""IM3 Open Source Data Center Atlas"", ""dataset_url"": ""https://data.msdlive.org/records/65g71-a4731"", ""atlas_commit"": ""48d45f6eef72778edf374ec52c379550bb21a046"", ""atlas_type"": ""building"", ""osm_name"": ""Aligned Data Center - Chicago ORD-02"", ""operator"": ""Aligned"", ""footprint_sqft"": 111422, ""license"": ""ODbL-1.0""}",https://github.com/IMMM-SFA/datacenter-atlas/blob/48d45f6eef72778edf374ec52c379550bb21a046/im3_datacenter_centroids.geojson
2026-03-31,"Aligned Data Center - Chicago ORD-01 · Cook, IL",OSM,site_mapped,194551,"{""dataset"": ""IM3 Open Source Data Center Atlas"", ""dataset_url"": ""https://data.msdlive.org/records/65g71-a4731"", ""atlas_commit"": ""48d45f6eef72778edf374ec52c379550bb21a046"", ""atlas_type"": ""building"", ""osm_name"": ""Aligned Data Center - Chicago ORD-01"", ""operator"": ""Aligned"", ""footprint_sqft"": 194551, ""license"": ""ODbL-1.0""}",https://github.com/IMMM-SFA/datacenter-atlas/blob/48d45f6eef72778edf374ec52c379550bb21a046/im3_datacenter_centroids.geojson
2026-03-31,"Microsoft - Azure Datacenter · Cook, IL",OSM,site_mapped,306766,"{""dataset"": ""IM3 Open Source Data Center Atlas"", ""dataset_url"": ""https://data.msdlive.org/records/65g71-a4731"", ""atlas_commit"": ""48d45f6eef72778edf374ec52c379550bb21a046"", ""atlas_type"": ""building"", ""osm_name"": ""Microsoft - Azure Datacenter"", ""operator"": ""Microsoft"", ""footprint_sqft"": 306766, ""license"": ""ODbL-1.0""}",https://github.com/IMMM-SFA/datacenter-atlas/blob/48d45f6eef72778edf374ec52c379550bb21a046/im3_datacenter_centroids.geojson
2026-03-31,"Digital Realty Chicago ORD12 · Cook, IL",OSM,site_mapped,90165,"{""dataset"": ""IM3 Open Source Data Center Atlas"", ""dataset_url"": ""https://data.msdlive.org/records/65g71-a4731"", ""atlas_commit"": ""48d45f6eef72778edf374ec52c379550bb21a046"", ""atlas_type"": ""building"", ""osm_name"": ""Digital Realty Chicago ORD12"", ""operator"": ""Digital Realty"", ""footprint_sqft"": 90165, ""license"": ""ODbL-1.0""}",https://github.com/IMMM-SFA/datacenter-atlas/blob/48d45f6eef72778edf374ec52c379550bb21a046/im3_datacenter_centroids.geojson
2026-03-31,"Skybox Chicago I · Cook, IL",OSM,site_mapped,174575,"{""dataset"": ""IM3 Open Source Data Center Atlas"", ""dataset_url"": ""https://data.msdlive.org/records/65g71-a4731"", ""atlas_commit"": ""48d45f6eef72778edf374ec52c379550bb21a046"", ""atlas_type"": ""building"", ""osm_name"": ""Skybox Chicago I"", ""operator"": ""Skybox"", ""footprint_sqft"": 174575, ""license"": ""ODbL-1.0""}",https://github.com/IMMM-SFA/datacenter-atlas/blob/48d45f6eef72778edf374ec52c379550bb21a046/im3_datacenter_centroids.geojson
2026-03-31,"Digital Realty CH1 · Cook, IL",OSM,site_mapped,469756,"{""dataset"": ""IM3 Open Source Data Center Atlas"", ""dataset_url"": ""https://data.msdlive.org/records/65g71-a4731"", ""atlas_commit"": ""48d45f6eef72778edf374ec52c379550bb21a046"", ""atlas_type"": ""building"", ""osm_name"": ""Digital Realty CH1"", ""operator"": ""Digital Realty"", ""footprint_sqft"": 469756, ""license"": ""ODbL-1.0""}",https://github.com/IMMM-SFA/datacenter-atlas/blob/48d45f6eef72778edf374ec52c379550bb21a046/im3_datacenter_centroids.geojson
2026-03-31,"Digital Realty CH3 · Cook, IL",OSM,site_mapped,348220,"{""dataset"": ""IM3 Open Source Data Center Atlas"", ""dataset_url"": ""https://data.msdlive.org/records/65g71-a4731"", ""atlas_commit"": ""48d45f6eef72778edf374ec52c379550bb21a046"", ""atlas_type"": ""building"", ""osm_name"": ""Digital Realty CH3"", ""operator"": ""Digital Realty"", ""footprint_sqft"": 348220, ""license"": ""ODbL-1.0""}",https://github.com/IMMM-SFA/datacenter-atlas/blob/48d45f6eef72778edf374ec52c379550bb21a046/im3_datacenter_centroids.geojson
2026-03-31,"Digital Realty CH2 · Cook, IL",OSM,site_mapped,302974,"{""dataset"": ""IM3 Open Source Data Center Atlas"", ""dataset_url"": ""https://data.msdlive.org/records/65g71-a4731"", ""atlas_commit"": ""48d45f6eef72778edf374ec52c379550bb21a046"", ""atlas_type"": ""building"", ""osm_name"": ""Digital Realty CH2"", ""operator"": ""Digital Realty"", ""footprint_sqft"": 302974, ""license"": ""ODbL-1.0""}",https://github.com/IMMM-SFA/datacenter-atlas/blob/48d45f6eef72778edf374ec52c379550bb21a046/im3_datacenter_centroids.geojson
2026-03-31,"Stream Chicago II · Cook, IL",OSM,site_mapped,215922,"{""dataset"": ""IM3 Open Source Data Center Atlas"", ""dataset_url"": ""https://data.msdlive.org/records/65g71-a4731"", ""atlas_commit"": ""48d45f6eef72778edf374ec52c379550bb21a046"", ""atlas_type"": ""building"", ""osm_name"": ""Stream Chicago II"", ""operator"": ""Stream"", ""footprint_sqft"": 215922, ""license"": ""ODbL-1.0""}",https://github.com/IMMM-SFA/datacenter-atlas/blob/48d45f6eef72778edf374ec52c379550bb21a046/im3_datacenter_centroids.geojson
2026-03-31,"EdgeConneX CHI01 · Cook, IL",OSM,site_mapped,120191,"{""dataset"": ""IM3 Open Source Data Center Atlas"", ""dataset_url"": ""https://data.msdlive.org/records/65g71-a4731"", ""atlas_commit"": ""48d45f6eef72778edf374ec52c379550bb21a046"", ""atlas_type"": ""building"", ""osm_name"": ""EdgeConneX CHI01"", ""operator"": ""EdgeConneX"", ""footprint_sqft"": 120191, ""license"": ""ODbL-1.0""}",https://github.com/IMMM-SFA/datacenter-atlas/blob/48d45f6eef72778edf374ec52c379550bb21a046/im3_datacenter_centroids.geojson
2026-03-31,"Equinix Chicago CH3 · Cook, IL",OSM,site_mapped,135800,"{""dataset"": ""IM3 Open Source Data Center Atlas"", ""dataset_url"": ""https://data.msdlive.org/records/65g71-a4731"", ""atlas_commit"": ""48d45f6eef72778edf374ec52c379550bb21a046"", ""atlas_type"": ""building"", ""osm_name"": ""Equinix Chicago CH3"", ""operator"": ""Equinix"", ""footprint_sqft"": 135800, ""license"": ""ODbL-1.0""}",https://github.com/IMMM-SFA/datacenter-atlas/blob/48d45f6eef72778edf374ec52c379550bb21a046/im3_datacenter_centroids.geojson
2026-03-31,"EdgeConneX CHI02 · Cook, IL",OSM,site_mapped,64358,"{""dataset"": ""IM3 Open Source Data Center Atlas"", ""dataset_url"": ""https://data.msdlive.org/records/65g71-a4731"", ""atlas_commit"": ""48d45f6eef72778edf374ec52c379550bb21a046"", ""atlas_type"": ""building"", ""osm_name"": ""EdgeConneX CHI02"", ""operator"": ""EdgeConneX"", ""footprint_sqft"": 64358, ""license"": ""ODbL-1.0""}",https://github.com/IMMM-SFA/datacenter-atlas/blob/48d45f6eef72778edf374ec52c379550bb21a046/im3_datacenter_centroids.geojson
2026-03-31,"Stream Chicago I · Cook, IL",OSM,site_mapped,120616,"{""dataset"": ""IM3 Open Source Data Center Atlas"", ""dataset_url"": ""https://data.msdlive.org/records/65g71-a4731"", ""atlas_commit"": ""48d45f6eef72778edf374ec52c379550bb21a046"", ""atlas_type"": ""building"", ""osm_name"": ""Stream Chicago I"", ""operator"": ""Stream"", ""footprint_sqft"": 120616, ""license"": ""ODbL-1.0""}",https://github.com/IMMM-SFA/datacenter-atlas/blob/48d45f6eef72778edf374ec52c379550bb21a046/im3_datacenter_centroids.geojson
2026-03-31,"STACK Chicago CHI01 · Cook, IL",OSM,site_mapped,298471,"{""dataset"": ""IM3 Open Source Data Center Atlas"", ""dataset_url"": ""https://data.msdlive.org/records/65g71-a4731"", ""atlas_commit"": ""48d45f6eef72778edf374ec52c379550bb21a046"", ""atlas_type"": ""building"", ""osm_name"": ""STACK Chicago CHI01"", ""operator"": ""Stack Infrastructure"", ""footprint_sqft"": 298471, ""license"": ""ODbL-1.0""}",https://github.com/IMMM-SFA/datacenter-atlas/blob/48d45f6eef72778edf374ec52c379550bb21a046/im3_datacenter_centroids.geojson
2026-03-31,"T5 Chicago II · Cook, IL",OSM,site_mapped,163237,"{""dataset"": ""IM3 Open Source Data Center Atlas"", ""dataset_url"": ""https://data.msdlive.org/records/65g71-a4731"", ""atlas_commit"": ""48d45f6eef72778edf374ec52c379550bb21a046"", ""atlas_type"": ""building"", ""osm_name"": ""T5 Chicago II"", ""operator"": ""T5 Data Centers"", ""footprint_sqft"": 163237, ""license"": ""ODbL-1.0""}",https://github.com/IMMM-SFA/datacenter-atlas/blob/48d45f6eef72778edf374ec52c379550bb21a046/im3_datacenter_centroids.geojson
2026-03-31,"Unnamed data center · Cook, IL",OSM,site_mapped,110471,"{""dataset"": ""IM3 Open Source Data Center Atlas"", ""dataset_url"": ""https://data.msdlive.org/records/65g71-a4731"", ""atlas_commit"": ""48d45f6eef72778edf374ec52c379550bb21a046"", ""atlas_type"": ""building"", ""osm_name"": null, ""operator"": null, ""footprint_sqft"": 110471, ""license"": ""ODbL-1.0""}",https://github.com/IMMM-SFA/datacenter-atlas/blob/48d45f6eef72778edf374ec52c379550bb21a046/im3_datacenter_centroids.geojson
2026-03-31,"Microsoft Data Center - Hoffman Estates · Cook, IL",OSM,site_mapped,2105271,"{""dataset"": ""IM3 Open Source Data Center Atlas"", ""dataset_url"": ""https://data.msdlive.org/records/65g71-a4731"", ""atlas_commit"": ""48d45f6eef72778edf374ec52c379550bb21a046"", ""atlas_type"": ""campus"", ""osm_name"": ""Microsoft Data Center - Hoffman Estates"", ""operator"": null, ""footprint_sqft"": 2105271, ""license"": ""ODbL-1.0""}",https://github.com/IMMM-SFA/datacenter-atlas/blob/48d45f6eef72778edf374ec52c379550bb21a046/im3_datacenter_centroids.geojson
2026-03-31,"Meta data center · DeKalb, IL #1",OSM,site_mapped,568454,"{""dataset"": ""IM3 Open Source Data Center Atlas"", ""dataset_url"": ""https://data.msdlive.org/records/65g71-a4731"", ""atlas_commit"": ""48d45f6eef72778edf374ec52c379550bb21a046"", ""atlas_type"": ""building"", ""osm_name"": null, ""operator"": ""Meta"", ""footprint_sqft"": 568454, ""license"": ""ODbL-1.0""}",https://github.com/IMMM-SFA/datacenter-atlas/blob/48d45f6eef72778edf374ec52c379550bb21a046/im3_datacenter_centroids.geojson
2026-03-31,"Meta data center · DeKalb, IL #2",OSM,site_mapped,568442,"{""dataset"": ""IM3 Open Source Data Center Atlas"", ""dataset_url"": ""https://data.msdlive.org/records/65g71-a4731"", ""atlas_commit"": ""48d45f6eef72778edf374ec52c379550bb21a046"", ""atlas_type"": ""building"", ""osm_name"": null, ""operator"": ""Meta"", ""footprint_sqft"": 568442, ""license"": ""ODbL-1.0""}",https://github.com/IMMM-SFA/datacenter-atlas/blob/48d45f6eef72778edf374ec52c379550bb21a046/im3_datacenter_centroids.geojson
2026-03-31,"Meta data center · DeKalb, IL #3",OSM,site_mapped,320184,"{""dataset"": ""IM3 Open Source Data Center Atlas"", ""dataset_url"": ""https://data.msdlive.org/records/65g71-a4731"", ""atlas_commit"": ""48d45f6eef72778edf374ec52c379550bb21a046"", ""atlas_type"": ""building"", ""osm_name"": null, ""operator"": ""Meta"", ""footprint_sqft"": 320184, ""license"": ""ODbL-1.0""}",https://github.com/IMMM-SFA/datacenter-atlas/blob/48d45f6eef72778edf374ec52c379550bb21a046/im3_datacenter_centroids.geojson
2026-03-31,"Datacenter (386) · DuPage, IL",OSM,site_mapped,12413,"{""dataset"": ""IM3 Open Source Data Center Atlas"", ""dataset_url"": ""https://data.msdlive.org/records/65g71-a4731"", ""atlas_commit"": ""48d45f6eef72778edf374ec52c379550bb21a046"", ""atlas_type"": ""building"", ""osm_name"": ""Datacenter (386)"", ""operator"": ""UChicago Argonne LLC"", ""footprint_sqft"": 12413, ""license"": ""ODbL-1.0""}",https://github.com/IMMM-SFA/datacenter-atlas/blob/48d45f6eef72778edf374ec52c379550bb21a046/im3_datacenter_centroids.geojson
2026-03-31,"Lincoln Rackhouse · DuPage, IL",OSM,site_mapped,70123,"{""dataset"": ""IM3 Open Source Data Center Atlas"", ""dataset_url"": ""https://data.msdlive.org/records/65g71-a4731"", ""atlas_commit"": ""48d45f6eef72778edf374ec52c379550bb21a046"", ""atlas_type"": ""building"", ""osm_name"": ""Lincoln Rackhouse"", ""operator"": null, ""footprint_sqft"": 70123, ""license"": ""ODbL-1.0""}",https://github.com/IMMM-SFA/datacenter-atlas/blob/48d45f6eef72778edf374ec52c379550bb21a046/im3_datacenter_centroids.geojson
2026-03-31,"Unnamed data center · DuPage, IL #1",OSM,site_mapped,169253,"{""dataset"": ""IM3 Open Source Data Center Atlas"", ""dataset_url"": ""https://data.msdlive.org/records/65g71-a4731"", ""atlas_commit"": ""48d45f6eef72778edf374ec52c379550bb21a046"", ""atlas_type"": ""building"", ""osm_name"": null, ""operator"": null, ""footprint_sqft"": 169253, ""license"": ""ODbL-1.0""}",https://github.com/IMMM-SFA/datacenter-atlas/blob/48d45f6eef72778edf374ec52c379550bb21a046/im3_datacenter_centroids.geojson
2026-03-31,"CyrusOne Chicago Aurora CME · DuPage, IL",OSM,site_mapped,483103,"{""dataset"": ""IM3 Open Source Data Center Atlas"", ""dataset_url"": ""https://data.msdlive.org/records/65g71-a4731"", ""atlas_commit"": ""48d45f6eef72778edf374ec52c379550bb21a046"", ""atlas_type"": ""building"", ""osm_name"": ""CyrusOne Chicago Aurora CME"", ""operator"": ""CyrusOne"", ""footprint_sqft"": 483103, ""license"": ""ODbL-1.0""}",https://github.com/IMMM-SFA/datacenter-atlas/blob/48d45f6eef72778edf374ec52c379550bb21a046/im3_datacenter_centroids.geojson
2026-03-31,"Centersquare Lisle ORD4 Data Center · DuPage, IL",OSM,site_mapped,361205,"{""dataset"": ""IM3 Open Source Data Center Atlas"", ""dataset_url"": ""https://data.msdlive.org/records/65g71-a4731"", ""atlas_commit"": ""48d45f6eef72778edf374ec52c379550bb21a046"", ""atlas_type"": ""building"", ""osm_name"": ""Centersquare Lisle ORD4 Data Center"", ""operator"": ""Centersquare"", ""footprint_sqft"": 361205, ""license"": ""ODbL-1.0""}",https://github.com/IMMM-SFA/datacenter-atlas/blob/48d45f6eef72778edf374ec52c379550bb21a046/im3_datacenter_centroids.geojson
2026-03-31,"Equinix Chicago Data CH7 · DuPage, IL",OSM,site_mapped,47336,"{""dataset"": ""IM3 Open Source Data Center Atlas"", ""dataset_url"": ""https://data.msdlive.org/records/65g71-a4731"", ""atlas_commit"": ""48d45f6eef72778edf374ec52c379550bb21a046"", ""atlas_type"": ""building"", ""osm_name"": ""Equinix Chicago Data CH7"", ""operator"": ""Equinix"", ""footprint_sqft"": 47336, ""license"": ""ODbL-1.0""}",https://github.com/IMMM-SFA/datacenter-atlas/blob/48d45f6eef72778edf374ec52c379550bb21a046/im3_datacenter_centroids.geojson
2026-03-31,"Unnamed data center · DuPage, IL #2",OSM,site_mapped,14550,"{""dataset"": ""IM3 Open Source Data Center Atlas"", ""dataset_url"": ""https://data.msdlive.org/records/65g71-a4731"", ""atlas_commit"": ""48d45f6eef72778edf374ec52c379550bb21a046"", ""atlas_type"": ""building"", ""osm_name"": null, ""operator"": null, ""footprint_sqft"": 14550, ""license"": ""ODbL-1.0""}",https://github.com/IMMM-SFA/datacenter-atlas/blob/48d45f6eef72778edf374ec52c379550bb21a046/im3_datacenter_centroids.geojson
2026-03-31,"Element Critical CH2 · DuPage, IL",OSM,site_mapped,44358,"{""dataset"": ""IM3 Open Source Data Center Atlas"", ""dataset_url"": ""https://data.msdlive.org/records/65g71-a4731"", ""atlas_commit"": ""48d45f6eef72778edf374ec52c379550bb21a046"", ""atlas_type"": ""building"", ""osm_name"": ""Element Critical CH2"", ""operator"": ""Element Critical"", ""footprint_sqft"": 44358, ""license"": ""ODbL-1.0""}",https://github.com/IMMM-SFA/datacenter-atlas/blob/48d45f6eef72778edf374ec52c379550bb21a046/im3_datacenter_centroids.geojson
2026-03-31,"Element Critical CH1 · DuPage, IL",OSM,site_mapped,92076,"{""dataset"": ""IM3 Open Source Data Center Atlas"", ""dataset_url"": ""https://data.msdlive.org/records/65g71-a4731"", ""atlas_commit"": ""48d45f6eef72778edf374ec52c379550bb21a046"", ""atlas_type"": ""building"", ""osm_name"": ""Element Critical CH1"", ""operator"": ""Element Critical"", ""footprint_sqft"": 92076, ""license"": ""ODbL-1.0""}",https://github.com/IMMM-SFA/datacenter-atlas/blob/48d45f6eef72778edf374ec52c379550bb21a046/im3_datacenter_centroids.geojson
2026-03-31,"NTT Chicago CH3 · DuPage, IL",OSM,site_mapped,83897,"{""dataset"": ""IM3 Open Source Data Center Atlas"", ""dataset_url"": ""https://data.msdlive.org/records/65g71-a4731"", ""atlas_commit"": ""48d45f6eef72778edf374ec52c379550bb21a046"", ""atlas_type"": ""building"", ""osm_name"": ""NTT Chicago CH3"", ""operator"": ""NTT"", ""footprint_sqft"": 83897, ""license"": ""ODbL-1.0""}",https://github.com/IMMM-SFA/datacenter-atlas/blob/48d45f6eef72778edf374ec52c379550bb21a046/im3_datacenter_centroids.geojson
2026-03-31,"NTT Chicago CH1 · DuPage, IL",OSM,site_mapped,113535,"{""dataset"": ""IM3 Open Source Data Center Atlas"", ""dataset_url"": ""https://data.msdlive.org/records/65g71-a4731"", ""atlas_commit"": ""48d45f6eef72778edf374ec52c379550bb21a046"", ""atlas_type"": ""building"", ""osm_name"": ""NTT Chicago CH1"", ""operator"": ""NTT"", ""footprint_sqft"": 113535, ""license"": ""ODbL-1.0""}",https://github.com/IMMM-SFA/datacenter-atlas/blob/48d45f6eef72778edf374ec52c379550bb21a046/im3_datacenter_centroids.geojson
2026-03-31,"NTT Chicago CH2 · DuPage, IL",OSM,site_mapped,115555,"{""dataset"": ""IM3 Open Source Data Center Atlas"", ""dataset_url"": ""https://data.msdlive.org/records/65g71-a4731"", ""atlas_commit"": ""48d45f6eef72778edf374ec52c379550bb21a046"", ""atlas_type"": ""building"", ""osm_name"": ""NTT Chicago CH2"", ""operator"": ""NTT"", ""footprint_sqft"": 115555, ""license"": ""ODbL-1.0""}",https://github.com/IMMM-SFA/datacenter-atlas/blob/48d45f6eef72778edf374ec52c379550bb21a046/im3_datacenter_centroids.geojson
2026-03-31,"NTT Chicago CH4 · DuPage, IL",OSM,site_mapped,101346,"{""dataset"": ""IM3 Open Source Data Center Atlas"", ""dataset_url"": ""https://data.msdlive.org/records/65g71-a4731"", ""atlas_commit"": ""48d45f6eef72778edf374ec52c379550bb21a046"", ""atlas_type"": ""building"", ""osm_name"": ""NTT Chicago CH4"", ""operator"": ""NTT"", ""footprint_sqft"": 101346, ""license"": ""ODbL-1.0""}",https://github.com/IMMM-SFA/datacenter-atlas/blob/48d45f6eef72778edf374ec52c379550bb21a046/im3_datacenter_centroids.geojson
2026-03-31,"Centersquare Elk Grove Village Data Center Campus ORD2 · DuPage, IL",OSM,site_mapped,198323,"{""dataset"": ""IM3 Open Source Data Center Atlas"", ""dataset_url"": ""https://data.msdlive.org/records/65g71-a4731"", ""atlas_commit"": ""48d45f6eef72778edf374ec52c379550bb21a046"", ""atlas_type"": ""building"", ""osm_name"": ""Centersquare Elk Grove Village Data Center Campus ORD2"", ""operator"": ""Centersquare"", ""footprint_sqft"": 198323, ""license"": ""ODbL-1.0""}",https://github.com/IMMM-SFA/datacenter-atlas/blob/48d45f6eef72778edf374ec52c379550bb21a046/im3_datacenter_centroids.geojson
2026-03-31,"VISA · Lake, IL",OSM,site_mapped,55001,"{""dataset"": ""IM3 Open Source Data Center Atlas"", ""dataset_url"": ""https://data.msdlive.org/records/65g71-a4731"", ""atlas_commit"": ""48d45f6eef72778edf374ec52c379550bb21a046"", ""atlas_type"": ""building"", ""osm_name"": ""VISA"", ""operator"": ""VISA"", ""footprint_sqft"": 55001, ""license"": ""ODbL-1.0""}",https://github.com/IMMM-SFA/datacenter-atlas/blob/48d45f6eef72778edf374ec52c379550bb21a046/im3_datacenter_centroids.geojson
2026-03-31,"Unnamed data center · Madison, IL",OSM,site_mapped,204,"{""dataset"": ""IM3 Open Source Data Center Atlas"", ""dataset_url"": ""https://data.msdlive.org/records/65g71-a4731"", ""atlas_commit"": ""48d45f6eef72778edf374ec52c379550bb21a046"", ""atlas_type"": ""building"", ""osm_name"": null, ""operator"": null, ""footprint_sqft"": 204, ""license"": ""ODbL-1.0""}",https://github.com/IMMM-SFA/datacenter-atlas/blob/48d45f6eef72778edf374ec52c379550bb21a046/im3_datacenter_centroids.geojson
2026-03-31,"Verizon Wireless data center · Hancock, IN",OSM,site_mapped,21005,"{""dataset"": ""IM3 Open Source Data Center Atlas"", ""dataset_url"": ""https://data.msdlive.org/records/65g71-a4731"", ""atlas_commit"": ""48d45f6eef72778edf374ec52c379550bb21a046"", ""atlas_type"": ""building"", ""osm_name"": null, ""operator"": ""Verizon Wireless"", ""footprint_sqft"": 21005, ""license"": ""ODbL-1.0""}",https://github.com/IMMM-SFA/datacenter-atlas/blob/48d45f6eef72778edf374ec52c379550bb21a046/im3_datacenter_centroids.geojson
2026-03-31,"Digital Crossroad · Lake, IN",OSM,site_mapped,116014,"{""dataset"": ""IM3 Open Source Data Center Atlas"", ""dataset_url"": ""https://data.msdlive.org/records/65g71-a4731"", ""atlas_commit"": ""48d45f6eef72778edf374ec52c379550bb21a046"", ""atlas_type"": ""building"", ""osm_name"": ""Digital Crossroad"", ""operator"": ""Digital Crossroad"", ""footprint_sqft"": 116014, ""license"": ""ODbL-1.0""}",https://github.com/IMMM-SFA/datacenter-atlas/blob/48d45f6eef72778edf374ec52c379550bb21a046/im3_datacenter_centroids.geojson
2026-03-31,"IU Data Center · Monroe, IN",OSM,site_mapped,94298,"{""dataset"": ""IM3 Open Source Data Center Atlas"", ""dataset_url"": ""https://data.msdlive.org/records/65g71-a4731"", ""atlas_commit"": ""48d45f6eef72778edf374ec52c379550bb21a046"", ""atlas_type"": ""building"", ""osm_name"": ""IU Data Center"", ""operator"": ""Indiana University"", ""footprint_sqft"": 94298, ""license"": ""ODbL-1.0""}",https://github.com/IMMM-SFA/datacenter-atlas/blob/48d45f6eef72778edf374ec52c379550bb21a046/im3_datacenter_centroids.geojson
2026-03-31,"Learning GIS! · Tippecanoe, IN",OSM,site_mapped,,"{""dataset"": ""IM3 Open Source Data Center Atlas"", ""dataset_url"": ""https://data.msdlive.org/records/65g71-a4731"", ""atlas_commit"": ""48d45f6eef72778edf374ec52c379550bb21a046"", ""atlas_type"": ""point"", ""osm_name"": ""Learning GIS!"", ""operator"": null, ""footprint_sqft"": null, ""license"": ""ODbL-1.0""}",https://github.com/IMMM-SFA/datacenter-atlas/blob/48d45f6eef72778edf374ec52c379550bb21a046/im3_datacenter_centroids.geojson
2026-03-31,"Agricultural and Biological Engineering · Tippecanoe, IN",OSM,site_mapped,,"{""dataset"": ""IM3 Open Source Data Center Atlas"", ""dataset_url"": ""https://data.msdlive.org/records/65g71-a4731"", ""atlas_commit"": ""48d45f6eef72778edf374ec52c379550bb21a046"", ""atlas_type"": ""point"", ""osm_name"": ""Agricultural and Biological Engineering"", ""operator"": null, ""footprint_sqft"": null, ""license"": ""ODbL-1.0""}",https://github.com/IMMM-SFA/datacenter-atlas/blob/48d45f6eef72778edf374ec52c379550bb21a046/im3_datacenter_centroids.geojson
2026-03-31,"Cloud Storage Corp · Ellis, KS",OSM,site_mapped,11561,"{""dataset"": ""IM3 Open Source Data Center Atlas"", ""dataset_url"": ""https://data.msdlive.org/records/65g71-a4731"", ""atlas_commit"": ""48d45f6eef72778edf374ec52c379550bb21a046"", ""atlas_type"": ""building"", ""osm_name"": ""Cloud Storage Corp"", ""operator"": null, ""footprint_sqft"": 11561, ""license"": ""ODbL-1.0""}",https://github.com/IMMM-SFA/datacenter-atlas/blob/48d45f6eef72778edf374ec52c379550bb21a046/im3_datacenter_centroids.geojson
2026-03-31,"Data Center Lenexa · Johnson, KS",OSM,site_mapped,44552,"{""dataset"": ""IM3 Open Source Data Center Atlas"", ""dataset_url"": ""https://data.msdlive.org/records/65g71-a4731"", ""atlas_commit"": ""48d45f6eef72778edf374ec52c379550bb21a046"", ""atlas_type"": ""building"", ""osm_name"": ""Data Center Lenexa"", ""operator"": null, ""footprint_sqft"": 44552, ""license"": ""ODbL-1.0""}",https://github.com/IMMM-SFA/datacenter-atlas/blob/48d45f6eef72778edf374ec52c379550bb21a046/im3_datacenter_centroids.geojson
2026-03-31,"Unnamed data center · Johnson, KS #1",OSM,site_mapped,4912,"{""dataset"": ""IM3 Open Source Data Center Atlas"", ""dataset_url"": ""https://data.msdlive.org/records/65g71-a4731"", ""atlas_commit"": ""48d45f6eef72778edf374ec52c379550bb21a046"", ""atlas_type"": ""building"", ""osm_name"": null, ""operator"": null, ""footprint_sqft"": 4912, ""license"": ""ODbL-1.0""}",https://github.com/IMMM-SFA/datacenter-atlas/blob/48d45f6eef72778edf374ec52c379550bb21a046/im3_datacenter_centroids.geojson
2026-03-31,"U.S. Bank National Data Process Center · Johnson, KS",OSM,site_mapped,162098,"{""dataset"": ""IM3 Open Source Data Center Atlas"", ""dataset_url"": ""https://data.msdlive.org/records/65g71-a4731"", ""atlas_commit"": ""48d45f6eef72778edf374ec52c379550bb21a046"", ""atlas_type"": ""building"", ""osm_name"": ""U.S. Bank National Data Process Center"", ""operator"": null, ""footprint_sqft"": 162098, ""license"": ""ODbL-1.0""}",https://github.com/IMMM-SFA/datacenter-atlas/blob/48d45f6eef72778edf374ec52c379550bb21a046/im3_datacenter_centroids.geojson
2026-03-31,"Unnamed data center · Johnson, KS #2",OSM,site_mapped,86525,"{""dataset"": ""IM3 Open Source Data Center Atlas"", ""dataset_url"": ""https://data.msdlive.org/records/65g71-a4731"", ""atlas_commit"": ""48d45f6eef72778edf374ec52c379550bb21a046"", ""atlas_type"": ""building"", ""osm_name"": null, ""operator"": null, ""footprint_sqft"": 86525, ""license"": ""ODbL-1.0""}",https://github.com/IMMM-SFA/datacenter-atlas/blob/48d45f6eef72778edf374ec52c379550bb21a046/im3_datacenter_centroids.geojson
2026-03-31,"State Farm Data Center · Johnson, KS",OSM,site_mapped,198601,"{""dataset"": ""IM3 Open Source Data Center Atlas"", ""dataset_url"": ""https://data.msdlive.org/records/65g71-a4731"", ""atlas_commit"": ""48d45f6eef72778edf374ec52c379550bb21a046"", ""atlas_type"": ""building"", ""osm_name"": ""State Farm Data Center"", ""operator"": null, ""footprint_sqft"": 198601, ""license"": ""ODbL-1.0""}",https://github.com/IMMM-SFA/datacenter-atlas/blob/48d45f6eef72778edf374ec52c379550bb21a046/im3_datacenter_centroids.geojson
2026-03-31,"TierPoint data center · Johnson, KS",OSM,site_mapped,58095,"{""dataset"": ""IM3 Open Source Data Center Atlas"", ""dataset_url"": ""https://data.msdlive.org/records/65g71-a4731"", ""atlas_commit"": ""48d45f6eef72778edf374ec52c379550bb21a046"", ""atlas_type"": ""building"", ""osm_name"": null, ""operator"": ""TierPoint"", ""footprint_sqft"": 58095, ""license"": ""ODbL-1.0""}",https://github.com/IMMM-SFA/datacenter-atlas/blob/48d45f6eef72778edf374ec52c379550bb21a046/im3_datacenter_centroids.geojson
2026-03-31,"East Kentucky Network Datacenter · Floyd, KY",OSM,site_mapped,15594,"{""dataset"": ""IM3 Open Source Data Center Atlas"", ""dataset_url"": ""https://data.msdlive.org/records/65g71-a4731"", ""atlas_commit"": ""48d45f6eef72778edf374ec52c379550bb21a046"", ""atlas_type"": ""building"", ""osm_name"": ""East Kentucky Network Datacenter"", ""operator"": null, ""footprint_sqft"": 15594, ""license"": ""ODbL-1.0""}",https://github.com/IMMM-SFA/datacenter-atlas/blob/48d45f6eef72778edf374ec52c379550bb21a046/im3_datacenter_centroids.geojson
2026-03-31,"Dynamics Mining · Hopkins, KY",OSM,site_mapped,442423,"{""dataset"": ""IM3 Open Source Data Center Atlas"", ""dataset_url"": ""https://data.msdlive.org/records/65g71-a4731"", ""atlas_commit"": ""48d45f6eef72778edf374ec52c379550bb21a046"", ""atlas_type"": ""campus"", ""osm_name"": ""Dynamics Mining"", ""operator"": null, ""footprint_sqft"": 442423, ""license"": ""ODbL-1.0""}",https://github.com/IMMM-SFA/datacenter-atlas/blob/48d45f6eef72778edf374ec52c379550bb21a046/im3_datacenter_centroids.geojson
2026-03-31,"Flexential Louisville - Downtown · Jefferson, KY",OSM,site_mapped,36525,"{""dataset"": ""IM3 Open Source Data Center Atlas"", ""dataset_url"": ""https://data.msdlive.org/records/65g71-a4731"", ""atlas_commit"": ""48d45f6eef72778edf374ec52c379550bb21a046"", ""atlas_type"": ""building"", ""osm_name"": ""Flexential Louisville - Downtown"", ""operator"": ""Flexential"", ""footprint_sqft"": 36525, ""license"": ""ODbL-1.0""}",https://github.com/IMMM-SFA/datacenter-atlas/blob/48d45f6eef72778edf374ec52c379550bb21a046/im3_datacenter_centroids.geojson
2026-03-31,"Flexential Louisville - East · Jefferson, KY",OSM,site_mapped,34794,"{""dataset"": ""IM3 Open Source Data Center Atlas"", ""dataset_url"": ""https://data.msdlive.org/records/65g71-a4731"", ""atlas_commit"": ""48d45f6eef72778edf374ec52c379550bb21a046"", ""atlas_type"": ""building"", ""osm_name"": ""Flexential Louisville - East"", ""operator"": ""Flexential"", ""footprint_sqft"": 34794, ""license"": ""ODbL-1.0""}",https://github.com/IMMM-SFA/datacenter-atlas/blob/48d45f6eef72778edf374ec52c379550bb21a046/im3_datacenter_centroids.geojson
2026-03-31,"Riot Kentucky · McCracken, KY",OSM,site_mapped,223516,"{""dataset"": ""IM3 Open Source Data Center Atlas"", ""dataset_url"": ""https://data.msdlive.org/records/65g71-a4731"", ""atlas_commit"": ""48d45f6eef72778edf374ec52c379550bb21a046"", ""atlas_type"": ""campus"", ""osm_name"": ""Riot Kentucky"", ""operator"": null, ""footprint_sqft"": 223516, ""license"": ""ODbL-1.0""}",https://github.com/IMMM-SFA/datacenter-atlas/blob/48d45f6eef72778edf374ec52c379550bb21a046/im3_datacenter_centroids.geojson
2026-03-31,"Center for Computation & Technology (CCT) · East Baton Rouge, LA",OSM,site_mapped,,"{""dataset"": ""IM3 Open Source Data Center Atlas"", ""dataset_url"": ""https://data.msdlive.org/records/65g71-a4731"", ""atlas_commit"": ""48d45f6eef72778edf374ec52c379550bb21a046"", ""atlas_type"": ""point"", ""osm_name"": ""Center for Computation & Technology (CCT)"", ""operator"": null, ""footprint_sqft"": null, ""license"": ""ODbL-1.0""}",https://github.com/IMMM-SFA/datacenter-atlas/blob/48d45f6eef72778edf374ec52c379550bb21a046/im3_datacenter_centroids.geojson
2026-03-31,"TierPoint data center · Essex, MA",OSM,site_mapped,51354,"{""dataset"": ""IM3 Open Source Data Center Atlas"", ""dataset_url"": ""https://data.msdlive.org/records/65g71-a4731"", ""atlas_commit"": ""48d45f6eef72778edf374ec52c379550bb21a046"", ""atlas_type"": ""building"", ""osm_name"": null, ""operator"": ""TierPoint"", ""footprint_sqft"": 51354, ""license"": ""ODbL-1.0""}",https://github.com/IMMM-SFA/datacenter-atlas/blob/48d45f6eef72778edf374ec52c379550bb21a046/im3_datacenter_centroids.geojson
2026-03-31,"CoreSite BO1 · Middlesex, MA",OSM,site_mapped,133960,"{""dataset"": ""IM3 Open Source Data Center Atlas"", ""dataset_url"": ""https://data.msdlive.org/records/65g71-a4731"", ""atlas_commit"": ""48d45f6eef72778edf374ec52c379550bb21a046"", ""atlas_type"": ""building"", ""osm_name"": ""CoreSite BO1"", ""operator"": null, ""footprint_sqft"": 133960, ""license"": ""ODbL-1.0""}",https://github.com/IMMM-SFA/datacenter-atlas/blob/48d45f6eef72778edf374ec52c379550bb21a046/im3_datacenter_centroids.geojson
2026-03-31,"Markley Data Center · Middlesex, MA",OSM,site_mapped,123665,"{""dataset"": ""IM3 Open Source Data Center Atlas"", ""dataset_url"": ""https://data.msdlive.org/records/65g71-a4731"", ""atlas_commit"": ""48d45f6eef72778edf374ec52c379550bb21a046"", ""atlas_type"": ""building"", ""osm_name"": ""Markley Data Center"", ""operator"": ""Markley Group"", ""footprint_sqft"": 123665, ""license"": ""ODbL-1.0""}",https://github.com/IMMM-SFA/datacenter-atlas/blob/48d45f6eef72778edf374ec52c379550bb21a046/im3_datacenter_centroids.geojson
2026-03-31,"CyberNAP Glen Burnie · Anne Arundel, MD",OSM,site_mapped,89879,"{""dataset"": ""IM3 Open Source Data Center Atlas"", ""dataset_url"": ""https://data.msdlive.org/records/65g71-a4731"", ""atlas_commit"": ""48d45f6eef72778edf374ec52c379550bb21a046"", ""atlas_type"": ""building"", ""osm_name"": ""CyberNAP Glen Burnie"", ""operator"": ""AiNET"", ""footprint_sqft"": 89879, ""license"": ""ODbL-1.0""}",https://github.com/IMMM-SFA/datacenter-atlas/blob/48d45f6eef72778edf374ec52c379550bb21a046/im3_datacenter_centroids.geojson
2026-03-31,"TierPoint Baltimore BWI · Anne Arundel, MD",OSM,site_mapped,33372,"{""dataset"": ""IM3 Open Source Data Center Atlas"", ""dataset_url"": ""https://data.msdlive.org/records/65g71-a4731"", ""atlas_commit"": ""48d45f6eef72778edf374ec52c379550bb21a046"", ""atlas_type"": ""building"", ""osm_name"": ""TierPoint Baltimore BWI"", ""operator"": null, ""footprint_sqft"": 33372, ""license"": ""ODbL-1.0""}",https://github.com/IMMM-SFA/datacenter-atlas/blob/48d45f6eef72778edf374ec52c379550bb21a046/im3_datacenter_centroids.geojson
2026-03-31,"Expedient Owings Mills · Baltimore, MD",OSM,site_mapped,,"{""dataset"": ""IM3 Open Source Data Center Atlas"", ""dataset_url"": ""https://data.msdlive.org/records/65g71-a4731"", ""atlas_commit"": ""48d45f6eef72778edf374ec52c379550bb21a046"", ""atlas_type"": ""point"", ""osm_name"": ""Expedient Owings Mills"", ""operator"": ""Expedient"", ""footprint_sqft"": null, ""license"": ""ODbL-1.0""}",https://github.com/IMMM-SFA/datacenter-atlas/blob/48d45f6eef72778edf374ec52c379550bb21a046/im3_datacenter_centroids.geojson
2026-03-31,"Expedient Tidepoint · Baltimore city, MD",OSM,site_mapped,,"{""dataset"": ""IM3 Open Source Data Center Atlas"", ""dataset_url"": ""https://data.msdlive.org/records/65g71-a4731"", ""atlas_commit"": ""48d45f6eef72778edf374ec52c379550bb21a046"", ""atlas_type"": ""point"", ""osm_name"": ""Expedient Tidepoint"", ""operator"": ""Expedient"", ""footprint_sqft"": null, ""license"": ""ODbL-1.0""}",https://github.com/IMMM-SFA/datacenter-atlas/blob/48d45f6eef72778edf374ec52c379550bb21a046/im3_datacenter_centroids.geojson
2026-03-31,"Baltimore Technology Park · Baltimore city, MD",OSM,site_mapped,30131,"{""dataset"": ""IM3 Open Source Data Center Atlas"", ""dataset_url"": ""https://data.msdlive.org/records/65g71-a4731"", ""atlas_commit"": ""48d45f6eef72778edf374ec52c379550bb21a046"", ""atlas_type"": ""building"", ""osm_name"": ""Baltimore Technology Park"", ""operator"": null, ""footprint_sqft"": 30131, ""license"": ""ODbL-1.0""}",https://github.com/IMMM-SFA/datacenter-atlas/blob/48d45f6eef72778edf374ec52c379550bb21a046/im3_datacenter_centroids.geojson
2026-03-31,"Crown Castle Baltimore · Baltimore city, MD",OSM,site_mapped,,"{""dataset"": ""IM3 Open Source Data Center Atlas"", ""dataset_url"": ""https://data.msdlive.org/records/65g71-a4731"", ""atlas_commit"": ""48d45f6eef72778edf374ec52c379550bb21a046"", ""atlas_type"": ""point"", ""osm_name"": ""Crown Castle Baltimore"", ""operator"": ""Crown Castle Fiber"", ""footprint_sqft"": null, ""license"": ""ODbL-1.0""}",https://github.com/IMMM-SFA/datacenter-atlas/blob/48d45f6eef72778edf374ec52c379550bb21a046/im3_datacenter_centroids.geojson
2026-03-31,"AiNET One Market Center · Baltimore city, MD",OSM,site_mapped,,"{""dataset"": ""IM3 Open Source Data Center Atlas"", ""dataset_url"": ""https://data.msdlive.org/records/65g71-a4731"", ""atlas_commit"": ""48d45f6eef72778edf374ec52c379550bb21a046"", ""atlas_type"": ""point"", ""osm_name"": ""AiNET One Market Center"", ""operator"": ""AiNET"", ""footprint_sqft"": null, ""license"": ""ODbL-1.0""}",https://github.com/IMMM-SFA/datacenter-atlas/blob/48d45f6eef72778edf374ec52c379550bb21a046/im3_datacenter_centroids.geojson
2026-03-31,"Lumen Baltimore · Baltimore city, MD",OSM,site_mapped,,"{""dataset"": ""IM3 Open Source Data Center Atlas"", ""dataset_url"": ""https://data.msdlive.org/records/65g71-a4731"", ""atlas_commit"": ""48d45f6eef72778edf374ec52c379550bb21a046"", ""atlas_type"": ""point"", ""osm_name"": ""Lumen Baltimore"", ""operator"": ""Lumen Technologies"", ""footprint_sqft"": null, ""license"": ""ODbL-1.0""}",https://github.com/IMMM-SFA/datacenter-atlas/blob/48d45f6eef72778edf374ec52c379550bb21a046/im3_datacenter_centroids.geojson
2026-03-31,"Johns Hopkins Data Center · Baltimore city, MD",OSM,site_mapped,3880,"{""dataset"": ""IM3 Open Source Data Center Atlas"", ""dataset_url"": ""https://data.msdlive.org/records/65g71-a4731"", ""atlas_commit"": ""48d45f6eef72778edf374ec52c379550bb21a046"", ""atlas_type"": ""building"", ""osm_name"": ""Johns Hopkins Data Center"", ""operator"": null, ""footprint_sqft"": 3880, ""license"": ""ODbL-1.0""}",https://github.com/IMMM-SFA/datacenter-atlas/blob/48d45f6eef72778edf374ec52c379550bb21a046/im3_datacenter_centroids.geojson
2026-03-31,"Unnamed data center · Frederick, MD",OSM,site_mapped,64023,"{""dataset"": ""IM3 Open Source Data Center Atlas"", ""dataset_url"": ""https://data.msdlive.org/records/65g71-a4731"", ""atlas_commit"": ""48d45f6eef72778edf374ec52c379550bb21a046"", ""atlas_type"": ""building"", ""osm_name"": null, ""operator"": null, ""footprint_sqft"": 64023, ""license"": ""ODbL-1.0""}",https://github.com/IMMM-SFA/datacenter-atlas/blob/48d45f6eef72778edf374ec52c379550bb21a046/im3_datacenter_centroids.geojson
2026-03-31,"Unnamed data center · Howard, MD",OSM,site_mapped,112205,"{""dataset"": ""IM3 Open Source Data Center Atlas"", ""dataset_url"": ""https://data.msdlive.org/records/65g71-a4731"", ""atlas_commit"": ""48d45f6eef72778edf374ec52c379550bb21a046"", ""atlas_type"": ""building"", ""osm_name"": null, ""operator"": null, ""footprint_sqft"": 112205, ""license"": ""ODbL-1.0""}",https://github.com/IMMM-SFA/datacenter-atlas/blob/48d45f6eef72778edf374ec52c379550bb21a046/im3_datacenter_centroids.geojson
2026-03-31,"Lincoln Rackhouse Maryland · Montgomery, MD",OSM,site_mapped,146301,"{""dataset"": ""IM3 Open Source Data Center Atlas"", ""dataset_url"": ""https://data.msdlive.org/records/65g71-a4731"", ""atlas_commit"": ""48d45f6eef72778edf374ec52c379550bb21a046"", ""atlas_type"": ""building"", ""osm_name"": ""Lincoln Rackhouse Maryland"", ""operator"": ""Lincoln Rackhouse"", ""footprint_sqft"": 146301, ""license"": ""ODbL-1.0""}",https://github.com/IMMM-SFA/datacenter-atlas/blob/48d45f6eef72778edf374ec52c379550bb21a046/im3_datacenter_centroids.geojson
2026-03-31,"AiNET · Prince George's, MD",OSM,site_mapped,43057,"{""dataset"": ""IM3 Open Source Data Center Atlas"", ""dataset_url"": ""https://data.msdlive.org/records/65g71-a4731"", ""atlas_commit"": ""48d45f6eef72778edf374ec52c379550bb21a046"", ""atlas_type"": ""building"", ""osm_name"": ""AiNET"", ""operator"": null, ""footprint_sqft"": 43057, ""license"": ""ODbL-1.0""}",https://github.com/IMMM-SFA/datacenter-atlas/blob/48d45f6eef72778edf374ec52c379550bb21a046/im3_datacenter_centroids.geojson
2026-03-31,"FirstLight Data Center · Cumberland, ME",OSM,site_mapped,,"{""dataset"": ""IM3 Open Source Data Center Atlas"", ""dataset_url"": ""https://data.msdlive.org/records/65g71-a4731"", ""atlas_commit"": ""48d45f6eef72778edf374ec52c379550bb21a046"", ""atlas_type"": ""point"", ""osm_name"": ""FirstLight Data Center"", ""operator"": ""FirstLight"", ""footprint_sqft"": null, ""license"": ""ODbL-1.0""}",https://github.com/IMMM-SFA/datacenter-atlas/blob/48d45f6eef72778edf374ec52c379550bb21a046/im3_datacenter_centroids.geojson
2026-03-31,"Oxford Networks · Cumberland, ME",OSM,site_mapped,55383,"{""dataset"": ""IM3 Open Source Data Center Atlas"", ""dataset_url"": ""https://data.msdlive.org/records/65g71-a4731"", ""atlas_commit"": ""48d45f6eef72778edf374ec52c379550bb21a046"", ""atlas_type"": ""building"", ""osm_name"": ""Oxford Networks"", ""operator"": ""FirstLight"", ""footprint_sqft"": 55383, ""license"": ""ODbL-1.0""}",https://github.com/IMMM-SFA/datacenter-atlas/blob/48d45f6eef72778edf374ec52c379550bb21a046/im3_datacenter_centroids.geojson
2026-03-31,"Liquid Web · Eaton, MI",OSM,site_mapped,23079,"{""dataset"": ""IM3 Open Source Data Center Atlas"", ""dataset_url"": ""https://data.msdlive.org/records/65g71-a4731"", ""atlas_commit"": ""48d45f6eef72778edf374ec52c379550bb21a046"", ""atlas_type"": ""building"", ""osm_name"": ""Liquid Web"", ""operator"": null, ""footprint_sqft"": 23079, ""license"": ""ODbL-1.0""}",https://github.com/IMMM-SFA/datacenter-atlas/blob/48d45f6eef72778edf374ec52c379550bb21a046/im3_datacenter_centroids.geojson
2026-03-31,"Liquid Web, Inc · Eaton, MI",OSM,site_mapped,72843,"{""dataset"": ""IM3 Open Source Data Center Atlas"", ""dataset_url"": ""https://data.msdlive.org/records/65g71-a4731"", ""atlas_commit"": ""48d45f6eef72778edf374ec52c379550bb21a046"", ""atlas_type"": ""building"", ""osm_name"": ""Liquid Web, Inc"", ""operator"": null, ""footprint_sqft"": 72843, ""license"": ""ODbL-1.0""}",https://github.com/IMMM-SFA/datacenter-atlas/blob/48d45f6eef72778edf374ec52c379550bb21a046/im3_datacenter_centroids.geojson
2026-03-31,"Unnamed data center · Genesee, MI",OSM,site_mapped,36835,"{""dataset"": ""IM3 Open Source Data Center Atlas"", ""dataset_url"": ""https://data.msdlive.org/records/65g71-a4731"", ""atlas_commit"": ""48d45f6eef72778edf374ec52c379550bb21a046"", ""atlas_type"": ""building"", ""osm_name"": null, ""operator"": null, ""footprint_sqft"": 36835, ""license"": ""ODbL-1.0""}",https://github.com/IMMM-SFA/datacenter-atlas/blob/48d45f6eef72778edf374ec52c379550bb21a046/im3_datacenter_centroids.geojson
2026-03-31,"Chick-fil-A Hiring Center · Macomb, MI",OSM,site_mapped,,"{""dataset"": ""IM3 Open Source Data Center Atlas"", ""dataset_url"": ""https://data.msdlive.org/records/65g71-a4731"", ""atlas_commit"": ""48d45f6eef72778edf374ec52c379550bb21a046"", ""atlas_type"": ""point"", ""osm_name"": ""Chick-fil-A Hiring Center"", ""operator"": null, ""footprint_sqft"": null, ""license"": ""ODbL-1.0""}",https://github.com/IMMM-SFA/datacenter-atlas/blob/48d45f6eef72778edf374ec52c379550bb21a046/im3_datacenter_centroids.geojson
2026-03-31,"Unnamed data center · Monroe, MI",OSM,site_mapped,,"{""dataset"": ""IM3 Open Source Data Center Atlas"", ""dataset_url"": ""https://data.msdlive.org/records/65g71-a4731"", ""atlas_commit"": ""48d45f6eef72778edf374ec52c379550bb21a046"", ""atlas_type"": ""point"", ""osm_name"": null, ""operator"": null, ""footprint_sqft"": null, ""license"": ""ODbL-1.0""}",https://github.com/IMMM-SFA/datacenter-atlas/blob/48d45f6eef72778edf374ec52c379550bb21a046/im3_datacenter_centroids.geojson
2026-03-31,"EdgeConneX Detroit DET01 · Oakland, MI",OSM,site_mapped,40574,"{""dataset"": ""IM3 Open Source Data Center Atlas"", ""dataset_url"": ""https://data.msdlive.org/records/65g71-a4731"", ""atlas_commit"": ""48d45f6eef72778edf374ec52c379550bb21a046"", ""atlas_type"": ""building"", ""osm_name"": ""EdgeConneX Detroit DET01"", ""operator"": ""EdgeConneX"", ""footprint_sqft"": 40574, ""license"": ""ODbL-1.0""}",https://github.com/IMMM-SFA/datacenter-atlas/blob/48d45f6eef72778edf374ec52c379550bb21a046/im3_datacenter_centroids.geojson
2026-03-31,"Comcast · Wayne, MI",OSM,site_mapped,953,"{""dataset"": ""IM3 Open Source Data Center Atlas"", ""dataset_url"": ""https://data.msdlive.org/records/65g71-a4731"", ""atlas_commit"": ""48d45f6eef72778edf374ec52c379550bb21a046"", ""atlas_type"": ""building"", ""osm_name"": ""Comcast"", ""operator"": ""Comcast"", ""footprint_sqft"": 953, ""license"": ""ODbL-1.0""}",https://github.com/IMMM-SFA/datacenter-atlas/blob/48d45f6eef72778edf374ec52c379550bb21a046/im3_datacenter_centroids.geojson
2026-03-31,"US Signal data center · Wayne, MI",OSM,site_mapped,24599,"{""dataset"": ""IM3 Open Source Data Center Atlas"", ""dataset_url"": ""https://data.msdlive.org/records/65g71-a4731"", ""atlas_commit"": ""48d45f6eef72778edf374ec52c379550bb21a046"", ""atlas_type"": ""building"", ""osm_name"": null, ""operator"": ""US Signal"", ""footprint_sqft"": 24599, ""license"": ""ODbL-1.0""}",https://github.com/IMMM-SFA/datacenter-atlas/blob/48d45f6eef72778edf374ec52c379550bb21a046/im3_datacenter_centroids.geojson
2026-03-31,"Quicken Loans data center · Wayne, MI",OSM,site_mapped,46220,"{""dataset"": ""IM3 Open Source Data Center Atlas"", ""dataset_url"": ""https://data.msdlive.org/records/65g71-a4731"", ""atlas_commit"": ""48d45f6eef72778edf374ec52c379550bb21a046"", ""atlas_type"": ""building"", ""osm_name"": null, ""operator"": ""Quicken Loans"", ""footprint_sqft"": 46220, ""license"": ""ODbL-1.0""}",https://github.com/IMMM-SFA/datacenter-atlas/blob/48d45f6eef72778edf374ec52c379550bb21a046/im3_datacenter_centroids.geojson
2026-03-31,"Verizon Wireless data center · Wayne, MI",OSM,site_mapped,24933,"{""dataset"": ""IM3 Open Source Data Center Atlas"", ""dataset_url"": ""https://data.msdlive.org/records/65g71-a4731"", ""atlas_commit"": ""48d45f6eef72778edf374ec52c379550bb21a046"", ""atlas_type"": ""building"", ""osm_name"": null, ""operator"": ""Verizon Wireless"", ""footprint_sqft"": 24933, ""license"": ""ODbL-1.0""}",https://github.com/IMMM-SFA/datacenter-atlas/blob/48d45f6eef72778edf374ec52c379550bb21a046/im3_datacenter_centroids.geojson
2026-03-31,"Encompass Minneapolis Facility · Anoka, MN",OSM,site_mapped,74101,"{""dataset"": ""IM3 Open Source Data Center Atlas"", ""dataset_url"": ""https://data.msdlive.org/records/65g71-a4731"", ""atlas_commit"": ""48d45f6eef72778edf374ec52c379550bb21a046"", ""atlas_type"": ""building"", ""osm_name"": ""Encompass Minneapolis Facility"", ""operator"": ""Encompass"", ""footprint_sqft"": 74101, ""license"": ""ODbL-1.0""}",https://github.com/IMMM-SFA/datacenter-atlas/blob/48d45f6eef72778edf374ec52c379550bb21a046/im3_datacenter_centroids.geojson
2026-03-31,"Flexential Minneapolis - Chaska · Carver, MN",OSM,site_mapped,135505,"{""dataset"": ""IM3 Open Source Data Center Atlas"", ""dataset_url"": ""https://data.msdlive.org/records/65g71-a4731"", ""atlas_commit"": ""48d45f6eef72778edf374ec52c379550bb21a046"", ""atlas_type"": ""building"", ""osm_name"": ""Flexential Minneapolis - Chaska"", ""operator"": ""Flexential"", ""footprint_sqft"": 135505, ""license"": ""ODbL-1.0""}",https://github.com/IMMM-SFA/datacenter-atlas/blob/48d45f6eef72778edf374ec52c379550bb21a046/im3_datacenter_centroids.geojson
2026-03-31,"Unnamed data center · Dakota, MN #1",OSM,site_mapped,273743,"{""dataset"": ""IM3 Open Source Data Center Atlas"", ""dataset_url"": ""https://data.msdlive.org/records/65g71-a4731"", ""atlas_commit"": ""48d45f6eef72778edf374ec52c379550bb21a046"", ""atlas_type"": ""building"", ""osm_name"": null, ""operator"": null, ""footprint_sqft"": 273743, ""license"": ""ODbL-1.0""}",https://github.com/IMMM-SFA/datacenter-atlas/blob/48d45f6eef72778edf374ec52c379550bb21a046/im3_datacenter_centroids.geojson
2026-03-31,"Unnamed data center · Dakota, MN #2",OSM,site_mapped,328419,"{""dataset"": ""IM3 Open Source Data Center Atlas"", ""dataset_url"": ""https://data.msdlive.org/records/65g71-a4731"", ""atlas_commit"": ""48d45f6eef72778edf374ec52c379550bb21a046"", ""atlas_type"": ""building"", ""osm_name"": null, ""operator"": null, ""footprint_sqft"": 328419, ""license"": ""ODbL-1.0""}",https://github.com/IMMM-SFA/datacenter-atlas/blob/48d45f6eef72778edf374ec52c379550bb21a046/im3_datacenter_centroids.geojson
2026-03-31,"Minnesota Gateway Data Center · Hennepin, MN",OSM,site_mapped,87697,"{""dataset"": ""IM3 Open Source Data Center Atlas"", ""dataset_url"": ""https://data.msdlive.org/records/65g71-a4731"", ""atlas_commit"": ""48d45f6eef72778edf374ec52c379550bb21a046"", ""atlas_type"": ""building"", ""osm_name"": ""Minnesota Gateway Data Center"", ""operator"": null, ""footprint_sqft"": 87697, ""license"": ""ODbL-1.0""}",https://github.com/IMMM-SFA/datacenter-atlas/blob/48d45f6eef72778edf374ec52c379550bb21a046/im3_datacenter_centroids.geojson
2026-03-31,"Unnamed data center · Hennepin, MN",OSM,site_mapped,51180,"{""dataset"": ""IM3 Open Source Data Center Atlas"", ""dataset_url"": ""https://data.msdlive.org/records/65g71-a4731"", ""atlas_commit"": ""48d45f6eef72778edf374ec52c379550bb21a046"", ""atlas_type"": ""building"", ""osm_name"": null, ""operator"": null, ""footprint_sqft"": 51180, ""license"": ""ODbL-1.0""}",https://github.com/IMMM-SFA/datacenter-atlas/blob/48d45f6eef72778edf374ec52c379550bb21a046/im3_datacenter_centroids.geojson
2026-03-31,"DataBank · Hennepin, MN",OSM,site_mapped,114648,"{""dataset"": ""IM3 Open Source Data Center Atlas"", ""dataset_url"": ""https://data.msdlive.org/records/65g71-a4731"", ""atlas_commit"": ""48d45f6eef72778edf374ec52c379550bb21a046"", ""atlas_type"": ""building"", ""osm_name"": ""DataBank"", ""operator"": null, ""footprint_sqft"": 114648, ""license"": ""ODbL-1.0""}",https://github.com/IMMM-SFA/datacenter-atlas/blob/48d45f6eef72778edf374ec52c379550bb21a046/im3_datacenter_centroids.geojson
2026-03-31,"Epic / Mayo Data Center · Olmsted, MN",OSM,site_mapped,48317,"{""dataset"": ""IM3 Open Source Data Center Atlas"", ""dataset_url"": ""https://data.msdlive.org/records/65g71-a4731"", ""atlas_commit"": ""48d45f6eef72778edf374ec52c379550bb21a046"", ""atlas_type"": ""building"", ""osm_name"": ""Epic / Mayo Data Center"", ""operator"": null, ""footprint_sqft"": 48317, ""license"": ""ODbL-1.0""}",https://github.com/IMMM-SFA/datacenter-atlas/blob/48d45f6eef72778edf374ec52c379550bb21a046/im3_datacenter_centroids.geojson
2026-03-31,"H5 Minneapolis · Ramsey, MN",OSM,site_mapped,108201,"{""dataset"": ""IM3 Open Source Data Center Atlas"", ""dataset_url"": ""https://data.msdlive.org/records/65g71-a4731"", ""atlas_commit"": ""48d45f6eef72778edf374ec52c379550bb21a046"", ""atlas_type"": ""building"", ""osm_name"": ""H5 Minneapolis"", ""operator"": ""H5"", ""footprint_sqft"": 108201, ""license"": ""ODbL-1.0""}",https://github.com/IMMM-SFA/datacenter-atlas/blob/48d45f6eef72778edf374ec52c379550bb21a046/im3_datacenter_centroids.geojson
2026-03-31,"Ark Duluth Data Center · St. Louis, MN",OSM,site_mapped,27162,"{""dataset"": ""IM3 Open Source Data Center Atlas"", ""dataset_url"": ""https://data.msdlive.org/records/65g71-a4731"", ""atlas_commit"": ""48d45f6eef72778edf374ec52c379550bb21a046"", ""atlas_type"": ""building"", ""osm_name"": ""Ark Duluth Data Center"", ""operator"": null, ""footprint_sqft"": 27162, ""license"": ""ODbL-1.0""}",https://github.com/IMMM-SFA/datacenter-atlas/blob/48d45f6eef72778edf374ec52c379550bb21a046/im3_datacenter_centroids.geojson
2026-03-31,"Carfax · Boone, MO",OSM,site_mapped,39487,"{""dataset"": ""IM3 Open Source Data Center Atlas"", ""dataset_url"": ""https://data.msdlive.org/records/65g71-a4731"", ""atlas_commit"": ""48d45f6eef72778edf374ec52c379550bb21a046"", ""atlas_type"": ""building"", ""osm_name"": ""Carfax"", ""operator"": null, ""footprint_sqft"": 39487, ""license"": ""ODbL-1.0""}",https://github.com/IMMM-SFA/datacenter-atlas/blob/48d45f6eef72778edf374ec52c379550bb21a046/im3_datacenter_centroids.geojson
2026-03-31,"CenturyLink · Caldwell, MO",OSM,site_mapped,1433,"{""dataset"": ""IM3 Open Source Data Center Atlas"", ""dataset_url"": ""https://data.msdlive.org/records/65g71-a4731"", ""atlas_commit"": ""48d45f6eef72778edf374ec52c379550bb21a046"", ""atlas_type"": ""building"", ""osm_name"": ""CenturyLink"", ""operator"": null, ""footprint_sqft"": 1433, ""license"": ""ODbL-1.0""}",https://github.com/IMMM-SFA/datacenter-atlas/blob/48d45f6eef72778edf374ec52c379550bb21a046/im3_datacenter_centroids.geojson
2026-03-31,"Unnamed data center · Clay, MO",OSM,site_mapped,307414,"{""dataset"": ""IM3 Open Source Data Center Atlas"", ""dataset_url"": ""https://data.msdlive.org/records/65g71-a4731"", ""atlas_commit"": ""48d45f6eef72778edf374ec52c379550bb21a046"", ""atlas_type"": ""building"", ""osm_name"": null, ""operator"": null, ""footprint_sqft"": 307414, ""license"": ""ODbL-1.0""}",https://github.com/IMMM-SFA/datacenter-atlas/blob/48d45f6eef72778edf374ec52c379550bb21a046/im3_datacenter_centroids.geojson
2026-03-31,"Meta Data Center · Clay, MO",OSM,site_mapped,615937,"{""dataset"": ""IM3 Open Source Data Center Atlas"", ""dataset_url"": ""https://data.msdlive.org/records/65g71-a4731"", ""atlas_commit"": ""48d45f6eef72778edf374ec52c379550bb21a046"", ""atlas_type"": ""building"", ""osm_name"": ""Meta Data Center"", ""operator"": ""Meta"", ""footprint_sqft"": 615937, ""license"": ""ODbL-1.0""}",https://github.com/IMMM-SFA/datacenter-atlas/blob/48d45f6eef72778edf374ec52c379550bb21a046/im3_datacenter_centroids.geojson
2026-03-31,"Netrality Data Centers · Jackson, MO",OSM,site_mapped,,"{""dataset"": ""IM3 Open Source Data Center Atlas"", ""dataset_url"": ""https://data.msdlive.org/records/65g71-a4731"", ""atlas_commit"": ""48d45f6eef72778edf374ec52c379550bb21a046"", ""atlas_type"": ""point"", ""osm_name"": ""Netrality Data Centers"", ""operator"": null, ""footprint_sqft"": null, ""license"": ""ODbL-1.0""}",https://github.com/IMMM-SFA/datacenter-atlas/blob/48d45f6eef72778edf374ec52c379550bb21a046/im3_datacenter_centroids.geojson
2026-03-31,"Unnamed data center · Jackson, MO",OSM,site_mapped,,"{""dataset"": ""IM3 Open Source Data Center Atlas"", ""dataset_url"": ""https://data.msdlive.org/records/65g71-a4731"", ""atlas_commit"": ""48d45f6eef72778edf374ec52c379550bb21a046"", ""atlas_type"": ""point"", ""osm_name"": null, ""operator"": null, ""footprint_sqft"": null, ""license"": ""ODbL-1.0""}",https://github.com/IMMM-SFA/datacenter-atlas/blob/48d45f6eef72778edf374ec52c379550bb21a046/im3_datacenter_centroids.geojson
2026-03-31,"Unnamed data center · Platte, MO #1",OSM,site_mapped,30923,"{""dataset"": ""IM3 Open Source Data Center Atlas"", ""dataset_url"": ""https://data.msdlive.org/records/65g71-a4731"", ""atlas_commit"": ""48d45f6eef72778edf374ec52c379550bb21a046"", ""atlas_type"": ""building"", ""osm_name"": null, ""operator"": null, ""footprint_sqft"": 30923, ""license"": ""ODbL-1.0""}",https://github.com/IMMM-SFA/datacenter-atlas/blob/48d45f6eef72778edf374ec52c379550bb21a046/im3_datacenter_centroids.geojson
2026-03-31,"Unnamed data center · Platte, MO #2",OSM,site_mapped,59078,"{""dataset"": ""IM3 Open Source Data Center Atlas"", ""dataset_url"": ""https://data.msdlive.org/records/65g71-a4731"", ""atlas_commit"": ""48d45f6eef72778edf374ec52c379550bb21a046"", ""atlas_type"": ""building"", ""osm_name"": null, ""operator"": null, ""footprint_sqft"": 59078, ""license"": ""ODbL-1.0""}",https://github.com/IMMM-SFA/datacenter-atlas/blob/48d45f6eef72778edf374ec52c379550bb21a046/im3_datacenter_centroids.geojson
2026-03-31,"Black Rock Financial Management · Platte, MO",OSM,site_mapped,80025,"{""dataset"": ""IM3 Open Source Data Center Atlas"", ""dataset_url"": ""https://data.msdlive.org/records/65g71-a4731"", ""atlas_commit"": ""48d45f6eef72778edf374ec52c379550bb21a046"", ""atlas_type"": ""building"", ""osm_name"": ""Black Rock Financial Management"", ""operator"": null, ""footprint_sqft"": 80025, ""license"": ""ODbL-1.0""}",https://github.com/IMMM-SFA/datacenter-atlas/blob/48d45f6eef72778edf374ec52c379550bb21a046/im3_datacenter_centroids.geojson
2026-03-31,"Unnamed data center · Platte, MO #3",OSM,site_mapped,240121,"{""dataset"": ""IM3 Open Source Data Center Atlas"", ""dataset_url"": ""https://data.msdlive.org/records/65g71-a4731"", ""atlas_commit"": ""48d45f6eef72778edf374ec52c379550bb21a046"", ""atlas_type"": ""building"", ""osm_name"": null, ""operator"": null, ""footprint_sqft"": 240121, ""license"": ""ODbL-1.0""}",https://github.com/IMMM-SFA/datacenter-atlas/blob/48d45f6eef72778edf374ec52c379550bb21a046/im3_datacenter_centroids.geojson
2026-03-31,"Unnamed data center · Platte, MO #4",OSM,site_mapped,51140,"{""dataset"": ""IM3 Open Source Data Center Atlas"", ""dataset_url"": ""https://data.msdlive.org/records/65g71-a4731"", ""atlas_commit"": ""48d45f6eef72778edf374ec52c379550bb21a046"", ""atlas_type"": ""building"", ""osm_name"": null, ""operator"": null, ""footprint_sqft"": 51140, ""license"": ""ODbL-1.0""}",https://github.com/IMMM-SFA/datacenter-atlas/blob/48d45f6eef72778edf374ec52c379550bb21a046/im3_datacenter_centroids.geojson
2026-03-31,"Netrality Data Centers · St. Louis city, MO",OSM,site_mapped,23093,"{""dataset"": ""IM3 Open Source Data Center Atlas"", ""dataset_url"": ""https://data.msdlive.org/records/65g71-a4731"", ""atlas_commit"": ""48d45f6eef72778edf374ec52c379550bb21a046"", ""atlas_type"": ""building"", ""osm_name"": ""Netrality Data Centers"", ""operator"": null, ""footprint_sqft"": 23093, ""license"": ""ODbL-1.0""}",https://github.com/IMMM-SFA/datacenter-atlas/blob/48d45f6eef72778edf374ec52c379550bb21a046/im3_datacenter_centroids.geojson
2026-03-31,"TierPoint · St. Louis city, MO",OSM,site_mapped,24039,"{""dataset"": ""IM3 Open Source Data Center Atlas"", ""dataset_url"": ""https://data.msdlive.org/records/65g71-a4731"", ""atlas_commit"": ""48d45f6eef72778edf374ec52c379550bb21a046"", ""atlas_type"": ""building"", ""osm_name"": ""TierPoint"", ""operator"": null, ""footprint_sqft"": 24039, ""license"": ""ODbL-1.0""}",https://github.com/IMMM-SFA/datacenter-atlas/blob/48d45f6eef72778edf374ec52c379550bb21a046/im3_datacenter_centroids.geojson
2026-03-31,"Genome Data Center · St. Louis city, MO",OSM,site_mapped,24519,"{""dataset"": ""IM3 Open Source Data Center Atlas"", ""dataset_url"": ""https://data.msdlive.org/records/65g71-a4731"", ""atlas_commit"": ""48d45f6eef72778edf374ec52c379550bb21a046"", ""atlas_type"": ""building"", ""osm_name"": ""Genome Data Center"", ""operator"": ""Washington University in St. Louis"", ""footprint_sqft"": 24519, ""license"": ""ODbL-1.0""}",https://github.com/IMMM-SFA/datacenter-atlas/blob/48d45f6eef72778edf374ec52c379550bb21a046/im3_datacenter_centroids.geojson
2026-03-31,"xAI Macrohardrr · DeSoto, MS",OSM,site_mapped,812955,"{""dataset"": ""IM3 Open Source Data Center Atlas"", ""dataset_url"": ""https://data.msdlive.org/records/65g71-a4731"", ""atlas_commit"": ""48d45f6eef72778edf374ec52c379550bb21a046"", ""atlas_type"": ""building"", ""osm_name"": ""xAI Macrohardrr"", ""operator"": ""xAI"", ""footprint_sqft"": 812955, ""license"": ""ODbL-1.0""}",https://github.com/IMMM-SFA/datacenter-atlas/blob/48d45f6eef72778edf374ec52c379550bb21a046/im3_datacenter_centroids.geojson
2026-03-31,"Amazon Canton Data Center · Madison, MS",OSM,site_mapped,16581378,"{""dataset"": ""IM3 Open Source Data Center Atlas"", ""dataset_url"": ""https://data.msdlive.org/records/65g71-a4731"", ""atlas_commit"": ""48d45f6eef72778edf374ec52c379550bb21a046"", ""atlas_type"": ""campus"", ""osm_name"": ""Amazon Canton Data Center"", ""operator"": null, ""footprint_sqft"": 16581378, ""license"": ""ODbL-1.0""}",https://github.com/IMMM-SFA/datacenter-atlas/blob/48d45f6eef72778edf374ec52c379550bb21a046/im3_datacenter_centroids.geojson
2026-03-31,"State of Montana Data Center · Custer, MT",OSM,site_mapped,8493,"{""dataset"": ""IM3 Open Source Data Center Atlas"", ""dataset_url"": ""https://data.msdlive.org/records/65g71-a4731"", ""atlas_commit"": ""48d45f6eef72778edf374ec52c379550bb21a046"", ""atlas_type"": ""building"", ""osm_name"": ""State of Montana Data Center"", ""operator"": ""State of Montana"", ""footprint_sqft"": 8493, ""license"": ""ODbL-1.0""}",https://github.com/IMMM-SFA/datacenter-atlas/blob/48d45f6eef72778edf374ec52c379550bb21a046/im3_datacenter_centroids.geojson
2026-03-31,"Unnamed data center · Granite, MT",OSM,site_mapped,1510,"{""dataset"": ""IM3 Open Source Data Center Atlas"", ""dataset_url"": ""https://data.msdlive.org/records/65g71-a4731"", ""atlas_commit"": ""48d45f6eef72778edf374ec52c379550bb21a046"", ""atlas_type"": ""building"", ""osm_name"": null, ""operator"": null, ""footprint_sqft"": 1510, ""license"": ""ODbL-1.0""}",https://github.com/IMMM-SFA/datacenter-atlas/blob/48d45f6eef72778edf374ec52c379550bb21a046/im3_datacenter_centroids.geojson
2026-03-31,"Google Data Center · Caldwell, NC",OSM,site_mapped,3407194,"{""dataset"": ""IM3 Open Source Data Center Atlas"", ""dataset_url"": ""https://data.msdlive.org/records/65g71-a4731"", ""atlas_commit"": ""48d45f6eef72778edf374ec52c379550bb21a046"", ""atlas_type"": ""campus"", ""osm_name"": ""Google Data Center"", ""operator"": ""Google"", ""footprint_sqft"": 3407194, ""license"": ""ODbL-1.0""}",https://github.com/IMMM-SFA/datacenter-atlas/blob/48d45f6eef72778edf374ec52c379550bb21a046/im3_datacenter_centroids.geojson
2026-03-31,"Unnamed data center · Catawba, NC #1",OSM,site_mapped,207083,"{""dataset"": ""IM3 Open Source Data Center Atlas"", ""dataset_url"": ""https://data.msdlive.org/records/65g71-a4731"", ""atlas_commit"": ""48d45f6eef72778edf374ec52c379550bb21a046"", ""atlas_type"": ""building"", ""osm_name"": null, ""operator"": null, ""footprint_sqft"": 207083, ""license"": ""ODbL-1.0""}",https://github.com/IMMM-SFA/datacenter-atlas/blob/48d45f6eef72778edf374ec52c379550bb21a046/im3_datacenter_centroids.geojson
2026-03-31,"Unnamed data center · Catawba, NC #2",OSM,site_mapped,564402,"{""dataset"": ""IM3 Open Source Data Center Atlas"", ""dataset_url"": ""https://data.msdlive.org/records/65g71-a4731"", ""atlas_commit"": ""48d45f6eef72778edf374ec52c379550bb21a046"", ""atlas_type"": ""building"", ""osm_name"": null, ""operator"": null, ""footprint_sqft"": 564402, ""license"": ""ODbL-1.0""}",https://github.com/IMMM-SFA/datacenter-atlas/blob/48d45f6eef72778edf374ec52c379550bb21a046/im3_datacenter_centroids.geojson
2026-03-31,"Unnamed data center · Catawba, NC #3",OSM,site_mapped,203410,"{""dataset"": ""IM3 Open Source Data Center Atlas"", ""dataset_url"": ""https://data.msdlive.org/records/65g71-a4731"", ""atlas_commit"": ""48d45f6eef72778edf374ec52c379550bb21a046"", ""atlas_type"": ""building"", ""osm_name"": null, ""operator"": null, ""footprint_sqft"": 203410, ""license"": ""ODbL-1.0""}",https://github.com/IMMM-SFA/datacenter-atlas/blob/48d45f6eef72778edf374ec52c379550bb21a046/im3_datacenter_centroids.geojson
2026-03-31,"T5 Charlotte Campus · Cleveland, NC",OSM,site_mapped,379990,"{""dataset"": ""IM3 Open Source Data Center Atlas"", ""dataset_url"": ""https://data.msdlive.org/records/65g71-a4731"", ""atlas_commit"": ""48d45f6eef72778edf374ec52c379550bb21a046"", ""atlas_type"": ""campus"", ""osm_name"": ""T5 Charlotte Campus"", ""operator"": null, ""footprint_sqft"": 379990, ""license"": ""ODbL-1.0""}",https://github.com/IMMM-SFA/datacenter-atlas/blob/48d45f6eef72778edf374ec52c379550bb21a046/im3_datacenter_centroids.geojson
2026-03-31,"Level 3 Communications · Durham, NC",OSM,site_mapped,,"{""dataset"": ""IM3 Open Source Data Center Atlas"", ""dataset_url"": ""https://data.msdlive.org/records/65g71-a4731"", ""atlas_commit"": ""48d45f6eef72778edf374ec52c379550bb21a046"", ""atlas_type"": ""point"", ""osm_name"": ""Level 3 Communications"", ""operator"": null, ""footprint_sqft"": null, ""license"": ""ODbL-1.0""}",https://github.com/IMMM-SFA/datacenter-atlas/blob/48d45f6eef72778edf374ec52c379550bb21a046/im3_datacenter_centroids.geojson
2026-03-31,"Windstream Communications · Durham, NC",OSM,site_mapped,,"{""dataset"": ""IM3 Open Source Data Center Atlas"", ""dataset_url"": ""https://data.msdlive.org/records/65g71-a4731"", ""atlas_commit"": ""48d45f6eef72778edf374ec52c379550bb21a046"", ""atlas_type"": ""point"", ""osm_name"": ""Windstream Communications"", ""operator"": null, ""footprint_sqft"": null, ""license"": ""ODbL-1.0""}",https://github.com/IMMM-SFA/datacenter-atlas/blob/48d45f6eef72778edf374ec52c379550bb21a046/im3_datacenter_centroids.geojson
2026-03-31,"Brandaleone Lab for Data and Visualization · Durham, NC",OSM,site_mapped,,"{""dataset"": ""IM3 Open Source Data Center Atlas"", ""dataset_url"": ""https://data.msdlive.org/records/65g71-a4731"", ""atlas_commit"": ""48d45f6eef72778edf374ec52c379550bb21a046"", ""atlas_type"": ""point"", ""osm_name"": ""Brandaleone Lab for Data and Visualization"", ""operator"": ""Duke Libraries"", ""footprint_sqft"": null, ""license"": ""ODbL-1.0""}",https://github.com/IMMM-SFA/datacenter-atlas/blob/48d45f6eef72778edf374ec52c379550bb21a046/im3_datacenter_centroids.geojson
2026-03-31,"Flexential Charlotte - South · Mecklenburg, NC",OSM,site_mapped,33741,"{""dataset"": ""IM3 Open Source Data Center Atlas"", ""dataset_url"": ""https://data.msdlive.org/records/65g71-a4731"", ""atlas_commit"": ""48d45f6eef72778edf374ec52c379550bb21a046"", ""atlas_type"": ""building"", ""osm_name"": ""Flexential Charlotte - South"", ""operator"": ""Flexential"", ""footprint_sqft"": 33741, ""license"": ""ODbL-1.0""}",https://github.com/IMMM-SFA/datacenter-atlas/blob/48d45f6eef72778edf374ec52c379550bb21a046/im3_datacenter_centroids.geojson
2026-03-31,"Spectrum Charlotte National Data Center · Mecklenburg, NC",OSM,site_mapped,93604,"{""dataset"": ""IM3 Open Source Data Center Atlas"", ""dataset_url"": ""https://data.msdlive.org/records/65g71-a4731"", ""atlas_commit"": ""48d45f6eef72778edf374ec52c379550bb21a046"", ""atlas_type"": ""building"", ""osm_name"": ""Spectrum Charlotte National Data Center"", ""operator"": null, ""footprint_sqft"": 93604, ""license"": ""ODbL-1.0""}",https://github.com/IMMM-SFA/datacenter-atlas/blob/48d45f6eef72778edf374ec52c379550bb21a046/im3_datacenter_centroids.geojson
2026-03-31,"TierPoint - Charlotte Data Center · Mecklenburg, NC",OSM,site_mapped,61578,"{""dataset"": ""IM3 Open Source Data Center Atlas"", ""dataset_url"": ""https://data.msdlive.org/records/65g71-a4731"", ""atlas_commit"": ""48d45f6eef72778edf374ec52c379550bb21a046"", ""atlas_type"": ""building"", ""osm_name"": ""TierPoint - Charlotte Data Center"", ""operator"": ""TierPoint"", ""footprint_sqft"": 61578, ""license"": ""ODbL-1.0""}",https://github.com/IMMM-SFA/datacenter-atlas/blob/48d45f6eef72778edf374ec52c379550bb21a046/im3_datacenter_centroids.geojson
2026-03-31,"SEGRA · Mecklenburg, NC",OSM,site_mapped,18094,"{""dataset"": ""IM3 Open Source Data Center Atlas"", ""dataset_url"": ""https://data.msdlive.org/records/65g71-a4731"", ""atlas_commit"": ""48d45f6eef72778edf374ec52c379550bb21a046"", ""atlas_type"": ""building"", ""osm_name"": ""SEGRA"", ""operator"": null, ""footprint_sqft"": 18094, ""license"": ""ODbL-1.0""}",https://github.com/IMMM-SFA/datacenter-atlas/blob/48d45f6eef72778edf374ec52c379550bb21a046/im3_datacenter_centroids.geojson
2026-03-31,"Flexential Charlotte - North · Mecklenburg, NC",OSM,site_mapped,62809,"{""dataset"": ""IM3 Open Source Data Center Atlas"", ""dataset_url"": ""https://data.msdlive.org/records/65g71-a4731"", ""atlas_commit"": ""48d45f6eef72778edf374ec52c379550bb21a046"", ""atlas_type"": ""building"", ""osm_name"": ""Flexential Charlotte - North"", ""operator"": ""Flexential"", ""footprint_sqft"": 62809, ""license"": ""ODbL-1.0""}",https://github.com/IMMM-SFA/datacenter-atlas/blob/48d45f6eef72778edf374ec52c379550bb21a046/im3_datacenter_centroids.geojson
2026-03-31,"Meta Forest City datacenter · Rutherford, NC #1",OSM,site_mapped,241126,"{""dataset"": ""IM3 Open Source Data Center Atlas"", ""dataset_url"": ""https://data.msdlive.org/records/65g71-a4731"", ""atlas_commit"": ""48d45f6eef72778edf374ec52c379550bb21a046"", ""atlas_type"": ""building"", ""osm_name"": ""Meta Forest City datacenter"", ""operator"": ""Meta"", ""footprint_sqft"": 241126, ""license"": ""ODbL-1.0""}",https://github.com/IMMM-SFA/datacenter-atlas/blob/48d45f6eef72778edf374ec52c379550bb21a046/im3_datacenter_centroids.geojson
2026-03-31,"Meta Forest City datacenter · Rutherford, NC #2",OSM,site_mapped,319829,"{""dataset"": ""IM3 Open Source Data Center Atlas"", ""dataset_url"": ""https://data.msdlive.org/records/65g71-a4731"", ""atlas_commit"": ""48d45f6eef72778edf374ec52c379550bb21a046"", ""atlas_type"": ""building"", ""osm_name"": ""Meta Forest City datacenter"", ""operator"": ""Meta"", ""footprint_sqft"": 319829, ""license"": ""ODbL-1.0""}",https://github.com/IMMM-SFA/datacenter-atlas/blob/48d45f6eef72778edf374ec52c379550bb21a046/im3_datacenter_centroids.geojson
2026-03-31,"Meta Forest City datacenter · Rutherford, NC #3",OSM,site_mapped,244176,"{""dataset"": ""IM3 Open Source Data Center Atlas"", ""dataset_url"": ""https://data.msdlive.org/records/65g71-a4731"", ""atlas_commit"": ""48d45f6eef72778edf374ec52c379550bb21a046"", ""atlas_type"": ""building"", ""osm_name"": ""Meta Forest City datacenter"", ""operator"": ""Meta"", ""footprint_sqft"": 244176, ""license"": ""ODbL-1.0""}",https://github.com/IMMM-SFA/datacenter-atlas/blob/48d45f6eef72778edf374ec52c379550bb21a046/im3_datacenter_centroids.geojson
2026-03-31,"Unnamed data center · Union, NC",OSM,site_mapped,608141,"{""dataset"": ""IM3 Open Source Data Center Atlas"", ""dataset_url"": ""https://data.msdlive.org/records/65g71-a4731"", ""atlas_commit"": ""48d45f6eef72778edf374ec52c379550bb21a046"", ""atlas_type"": ""campus"", ""osm_name"": null, ""operator"": null, ""footprint_sqft"": 608141, ""license"": ""ODbL-1.0""}",https://github.com/IMMM-SFA/datacenter-atlas/blob/48d45f6eef72778edf374ec52c379550bb21a046/im3_datacenter_centroids.geojson
2026-03-31,"Segra Data Center · Wake, NC",OSM,site_mapped,46141,"{""dataset"": ""IM3 Open Source Data Center Atlas"", ""dataset_url"": ""https://data.msdlive.org/records/65g71-a4731"", ""atlas_commit"": ""48d45f6eef72778edf374ec52c379550bb21a046"", ""atlas_type"": ""building"", ""osm_name"": ""Segra Data Center"", ""operator"": null, ""footprint_sqft"": 46141, ""license"": ""ODbL-1.0""}",https://github.com/IMMM-SFA/datacenter-atlas/blob/48d45f6eef72778edf374ec52c379550bb21a046/im3_datacenter_centroids.geojson
2026-03-31,"iGLASS Networks · Wake, NC",OSM,site_mapped,8134,"{""dataset"": ""IM3 Open Source Data Center Atlas"", ""dataset_url"": ""https://data.msdlive.org/records/65g71-a4731"", ""atlas_commit"": ""48d45f6eef72778edf374ec52c379550bb21a046"", ""atlas_type"": ""building"", ""osm_name"": ""iGLASS Networks"", ""operator"": null, ""footprint_sqft"": 8134, ""license"": ""ODbL-1.0""}",https://github.com/IMMM-SFA/datacenter-atlas/blob/48d45f6eef72778edf374ec52c379550bb21a046/im3_datacenter_centroids.geojson
2026-03-31,"BB&T Data Center · Wake, NC",OSM,site_mapped,143011,"{""dataset"": ""IM3 Open Source Data Center Atlas"", ""dataset_url"": ""https://data.msdlive.org/records/65g71-a4731"", ""atlas_commit"": ""48d45f6eef72778edf374ec52c379550bb21a046"", ""atlas_type"": ""building"", ""osm_name"": ""BB&T Data Center"", ""operator"": null, ""footprint_sqft"": 143011, ""license"": ""ODbL-1.0""}",https://github.com/IMMM-SFA/datacenter-atlas/blob/48d45f6eef72778edf374ec52c379550bb21a046/im3_datacenter_centroids.geojson
2026-03-31,"Flexential Raleigh · Wake, NC",OSM,site_mapped,,"{""dataset"": ""IM3 Open Source Data Center Atlas"", ""dataset_url"": ""https://data.msdlive.org/records/65g71-a4731"", ""atlas_commit"": ""48d45f6eef72778edf374ec52c379550bb21a046"", ""atlas_type"": ""point"", ""osm_name"": ""Flexential Raleigh"", ""operator"": ""Flexential"", ""footprint_sqft"": null, ""license"": ""ODbL-1.0""}",https://github.com/IMMM-SFA/datacenter-atlas/blob/48d45f6eef72778edf374ec52c379550bb21a046/im3_datacenter_centroids.geojson
2026-03-31,"Dakota Carrier Network · Cass, ND",OSM,site_mapped,25931,"{""dataset"": ""IM3 Open Source Data Center Atlas"", ""dataset_url"": ""https://data.msdlive.org/records/65g71-a4731"", ""atlas_commit"": ""48d45f6eef72778edf374ec52c379550bb21a046"", ""atlas_type"": ""building"", ""osm_name"": ""Dakota Carrier Network"", ""operator"": null, ""footprint_sqft"": 25931, ""license"": ""ODbL-1.0""}",https://github.com/IMMM-SFA/datacenter-atlas/blob/48d45f6eef72778edf374ec52c379550bb21a046/im3_datacenter_centroids.geojson
2026-03-31,"Applied Digital / Ellendale Data Center · Dickey, ND",OSM,site_mapped,2706037,"{""dataset"": ""IM3 Open Source Data Center Atlas"", ""dataset_url"": ""https://data.msdlive.org/records/65g71-a4731"", ""atlas_commit"": ""48d45f6eef72778edf374ec52c379550bb21a046"", ""atlas_type"": ""campus"", ""osm_name"": ""Applied Digital / Ellendale Data Center"", ""operator"": ""Applied Digital"", ""footprint_sqft"": 2706037, ""license"": ""ODbL-1.0""}",https://github.com/IMMM-SFA/datacenter-atlas/blob/48d45f6eef72778edf374ec52c379550bb21a046/im3_datacenter_centroids.geojson
2026-03-31,"Compute North · Buffalo, NE",OSM,site_mapped,356125,"{""dataset"": ""IM3 Open Source Data Center Atlas"", ""dataset_url"": ""https://data.msdlive.org/records/65g71-a4731"", ""atlas_commit"": ""48d45f6eef72778edf374ec52c379550bb21a046"", ""atlas_type"": ""campus"", ""osm_name"": ""Compute North"", ""operator"": null, ""footprint_sqft"": 356125, ""license"": ""ODbL-1.0""}",https://github.com/IMMM-SFA/datacenter-atlas/blob/48d45f6eef72778edf374ec52c379550bb21a046/im3_datacenter_centroids.geojson
2026-03-31,"Verizon Wireless data center · Douglas, NE",OSM,site_mapped,38873,"{""dataset"": ""IM3 Open Source Data Center Atlas"", ""dataset_url"": ""https://data.msdlive.org/records/65g71-a4731"", ""atlas_commit"": ""48d45f6eef72778edf374ec52c379550bb21a046"", ""atlas_type"": ""building"", ""osm_name"": null, ""operator"": ""Verizon Wireless"", ""footprint_sqft"": 38873, ""license"": ""ODbL-1.0""}",https://github.com/IMMM-SFA/datacenter-atlas/blob/48d45f6eef72778edf374ec52c379550bb21a046/im3_datacenter_centroids.geojson
2026-03-31,"1623 Farnam · Douglas, NE",OSM,site_mapped,35689,"{""dataset"": ""IM3 Open Source Data Center Atlas"", ""dataset_url"": ""https://data.msdlive.org/records/65g71-a4731"", ""atlas_commit"": ""48d45f6eef72778edf374ec52c379550bb21a046"", ""atlas_type"": ""building"", ""osm_name"": ""1623 Farnam"", ""operator"": ""News-Press & Gazette Company"", ""footprint_sqft"": 35689, ""license"": ""ODbL-1.0""}",https://github.com/IMMM-SFA/datacenter-atlas/blob/48d45f6eef72778edf374ec52c379550bb21a046/im3_datacenter_centroids.geojson
2026-03-31,"Unnamed data center · Douglas, NE",OSM,site_mapped,69219,"{""dataset"": ""IM3 Open Source Data Center Atlas"", ""dataset_url"": ""https://data.msdlive.org/records/65g71-a4731"", ""atlas_commit"": ""48d45f6eef72778edf374ec52c379550bb21a046"", ""atlas_type"": ""building"", ""osm_name"": null, ""operator"": null, ""footprint_sqft"": 69219, ""license"": ""ODbL-1.0""}",https://github.com/IMMM-SFA/datacenter-atlas/blob/48d45f6eef72778edf374ec52c379550bb21a046/im3_datacenter_centroids.geojson
2026-03-31,"Union Pacific Jack Koraleski Technology, Research & Development Center · Douglas, NE",OSM,site_mapped,54386,"{""dataset"": ""IM3 Open Source Data Center Atlas"", ""dataset_url"": ""https://data.msdlive.org/records/65g71-a4731"", ""atlas_commit"": ""48d45f6eef72778edf374ec52c379550bb21a046"", ""atlas_type"": ""building"", ""osm_name"": ""Union Pacific Jack Koraleski Technology, Research & Development Center"", ""operator"": ""Union Pacific Railroad"", ""footprint_sqft"": 54386, ""license"": ""ODbL-1.0""}",https://github.com/IMMM-SFA/datacenter-atlas/blob/48d45f6eef72778edf374ec52c379550bb21a046/im3_datacenter_centroids.geojson
2026-03-31,"Verizon · Douglas, NE #1",OSM,site_mapped,11836,"{""dataset"": ""IM3 Open Source Data Center Atlas"", ""dataset_url"": ""https://data.msdlive.org/records/65g71-a4731"", ""atlas_commit"": ""48d45f6eef72778edf374ec52c379550bb21a046"", ""atlas_type"": ""building"", ""osm_name"": ""Verizon"", ""operator"": null, ""footprint_sqft"": 11836, ""license"": ""ODbL-1.0""}",https://github.com/IMMM-SFA/datacenter-atlas/blob/48d45f6eef72778edf374ec52c379550bb21a046/im3_datacenter_centroids.geojson
2026-03-31,"Verizon · Douglas, NE #2",OSM,site_mapped,87375,"{""dataset"": ""IM3 Open Source Data Center Atlas"", ""dataset_url"": ""https://data.msdlive.org/records/65g71-a4731"", ""atlas_commit"": ""48d45f6eef72778edf374ec52c379550bb21a046"", ""atlas_type"": ""building"", ""osm_name"": ""Verizon"", ""operator"": null, ""footprint_sqft"": 87375, ""license"": ""ODbL-1.0""}",https://github.com/IMMM-SFA/datacenter-atlas/blob/48d45f6eef72778edf374ec52c379550bb21a046/im3_datacenter_centroids.geojson
2026-03-31,"Google · Douglas, NE #1",OSM,site_mapped,290161,"{""dataset"": ""IM3 Open Source Data Center Atlas"", ""dataset_url"": ""https://data.msdlive.org/records/65g71-a4731"", ""atlas_commit"": ""48d45f6eef72778edf374ec52c379550bb21a046"", ""atlas_type"": ""building"", ""osm_name"": ""Google"", ""operator"": ""Google"", ""footprint_sqft"": 290161, ""license"": ""ODbL-1.0""}",https://github.com/IMMM-SFA/datacenter-atlas/blob/48d45f6eef72778edf374ec52c379550bb21a046/im3_datacenter_centroids.geojson
2026-03-31,"Google · Douglas, NE #2",OSM,site_mapped,290130,"{""dataset"": ""IM3 Open Source Data Center Atlas"", ""dataset_url"": ""https://data.msdlive.org/records/65g71-a4731"", ""atlas_commit"": ""48d45f6eef72778edf374ec52c379550bb21a046"", ""atlas_type"": ""building"", ""osm_name"": ""Google"", ""operator"": ""Google"", ""footprint_sqft"": 290130, ""license"": ""ODbL-1.0""}",https://github.com/IMMM-SFA/datacenter-atlas/blob/48d45f6eef72778edf374ec52c379550bb21a046/im3_datacenter_centroids.geojson
2026-03-31,"Google · Douglas, NE #3",OSM,site_mapped,290105,"{""dataset"": ""IM3 Open Source Data Center Atlas"", ""dataset_url"": ""https://data.msdlive.org/records/65g71-a4731"", ""atlas_commit"": ""48d45f6eef72778edf374ec52c379550bb21a046"", ""atlas_type"": ""building"", ""osm_name"": ""Google"", ""operator"": ""Google"", ""footprint_sqft"": 290105, ""license"": ""ODbL-1.0""}",https://github.com/IMMM-SFA/datacenter-atlas/blob/48d45f6eef72778edf374ec52c379550bb21a046/im3_datacenter_centroids.geojson
2026-03-31,"Meta Sarpy Data center · Sarpy, NE #1",OSM,site_mapped,286253,"{""dataset"": ""IM3 Open Source Data Center Atlas"", ""dataset_url"": ""https://data.msdlive.org/records/65g71-a4731"", ""atlas_commit"": ""48d45f6eef72778edf374ec52c379550bb21a046"", ""atlas_type"": ""building"", ""osm_name"": ""Meta Sarpy Data center"", ""operator"": ""Meta"", ""footprint_sqft"": 286253, ""license"": ""ODbL-1.0""}",https://github.com/IMMM-SFA/datacenter-atlas/blob/48d45f6eef72778edf374ec52c379550bb21a046/im3_datacenter_centroids.geojson
2026-03-31,"Meta Sarpy Data center · Sarpy, NE #2",OSM,site_mapped,625288,"{""dataset"": ""IM3 Open Source Data Center Atlas"", ""dataset_url"": ""https://data.msdlive.org/records/65g71-a4731"", ""atlas_commit"": ""48d45f6eef72778edf374ec52c379550bb21a046"", ""atlas_type"": ""building"", ""osm_name"": ""Meta Sarpy Data center"", ""operator"": ""Meta"", ""footprint_sqft"": 625288, ""license"": ""ODbL-1.0""}",https://github.com/IMMM-SFA/datacenter-atlas/blob/48d45f6eef72778edf374ec52c379550bb21a046/im3_datacenter_centroids.geojson
2026-03-31,"Meta Sarpy Data center · Sarpy, NE #3",OSM,site_mapped,515084,"{""dataset"": ""IM3 Open Source Data Center Atlas"", ""dataset_url"": ""https://data.msdlive.org/records/65g71-a4731"", ""atlas_commit"": ""48d45f6eef72778edf374ec52c379550bb21a046"", ""atlas_type"": ""building"", ""osm_name"": ""Meta Sarpy Data center"", ""operator"": ""Meta"", ""footprint_sqft"": 515084, ""license"": ""ODbL-1.0""}",https://github.com/IMMM-SFA/datacenter-atlas/blob/48d45f6eef72778edf374ec52c379550bb21a046/im3_datacenter_centroids.geojson
2026-03-31,"Meta Sarpy Data center · Sarpy, NE #4",OSM,site_mapped,666382,"{""dataset"": ""IM3 Open Source Data Center Atlas"", ""dataset_url"": ""https://data.msdlive.org/records/65g71-a4731"", ""atlas_commit"": ""48d45f6eef72778edf374ec52c379550bb21a046"", ""atlas_type"": ""building"", ""osm_name"": ""Meta Sarpy Data center"", ""operator"": ""Meta"", ""footprint_sqft"": 666382, ""license"": ""ODbL-1.0""}",https://github.com/IMMM-SFA/datacenter-atlas/blob/48d45f6eef72778edf374ec52c379550bb21a046/im3_datacenter_centroids.geojson
2026-03-31,"Meta Sarpy Data center · Sarpy, NE #5",OSM,site_mapped,628560,"{""dataset"": ""IM3 Open Source Data Center Atlas"", ""dataset_url"": ""https://data.msdlive.org/records/65g71-a4731"", ""atlas_commit"": ""48d45f6eef72778edf374ec52c379550bb21a046"", ""atlas_type"": ""building"", ""osm_name"": ""Meta Sarpy Data center"", ""operator"": ""Meta"", ""footprint_sqft"": 628560, ""license"": ""ODbL-1.0""}",https://github.com/IMMM-SFA/datacenter-atlas/blob/48d45f6eef72778edf374ec52c379550bb21a046/im3_datacenter_centroids.geojson
2026-03-31,"Travelers Insurance · Sarpy, NE",OSM,site_mapped,182408,"{""dataset"": ""IM3 Open Source Data Center Atlas"", ""dataset_url"": ""https://data.msdlive.org/records/65g71-a4731"", ""atlas_commit"": ""48d45f6eef72778edf374ec52c379550bb21a046"", ""atlas_type"": ""building"", ""osm_name"": ""Travelers Insurance"", ""operator"": ""Travelers Insurance"", ""footprint_sqft"": 182408, ""license"": ""ODbL-1.0""}",https://github.com/IMMM-SFA/datacenter-atlas/blob/48d45f6eef72778edf374ec52c379550bb21a046/im3_datacenter_centroids.geojson
2026-03-31,"Google · Sarpy, NE #1",OSM,site_mapped,297438,"{""dataset"": ""IM3 Open Source Data Center Atlas"", ""dataset_url"": ""https://data.msdlive.org/records/65g71-a4731"", ""atlas_commit"": ""48d45f6eef72778edf374ec52c379550bb21a046"", ""atlas_type"": ""building"", ""osm_name"": ""Google"", ""operator"": ""Google"", ""footprint_sqft"": 297438, ""license"": ""ODbL-1.0""}",https://github.com/IMMM-SFA/datacenter-atlas/blob/48d45f6eef72778edf374ec52c379550bb21a046/im3_datacenter_centroids.geojson
2026-03-31,"Google · Sarpy, NE #2",OSM,site_mapped,292941,"{""dataset"": ""IM3 Open Source Data Center Atlas"", ""dataset_url"": ""https://data.msdlive.org/records/65g71-a4731"", ""atlas_commit"": ""48d45f6eef72778edf374ec52c379550bb21a046"", ""atlas_type"": ""building"", ""osm_name"": ""Google"", ""operator"": ""Google"", ""footprint_sqft"": 292941, ""license"": ""ODbL-1.0""}",https://github.com/IMMM-SFA/datacenter-atlas/blob/48d45f6eef72778edf374ec52c379550bb21a046/im3_datacenter_centroids.geojson
2026-03-31,"Google · Sarpy, NE #3",OSM,site_mapped,152487,"{""dataset"": ""IM3 Open Source Data Center Atlas"", ""dataset_url"": ""https://data.msdlive.org/records/65g71-a4731"", ""atlas_commit"": ""48d45f6eef72778edf374ec52c379550bb21a046"", ""atlas_type"": ""building"", ""osm_name"": ""Google"", ""operator"": ""Google"", ""footprint_sqft"": 152487, ""license"": ""ODbL-1.0""}",https://github.com/IMMM-SFA/datacenter-atlas/blob/48d45f6eef72778edf374ec52c379550bb21a046/im3_datacenter_centroids.geojson
2026-03-31,"Google · Sarpy, NE #4",OSM,site_mapped,297414,"{""dataset"": ""IM3 Open Source Data Center Atlas"", ""dataset_url"": ""https://data.msdlive.org/records/65g71-a4731"", ""atlas_commit"": ""48d45f6eef72778edf374ec52c379550bb21a046"", ""atlas_type"": ""building"", ""osm_name"": ""Google"", ""operator"": ""Google"", ""footprint_sqft"": 297414, ""license"": ""ODbL-1.0""}",https://github.com/IMMM-SFA/datacenter-atlas/blob/48d45f6eef72778edf374ec52c379550bb21a046/im3_datacenter_centroids.geojson
2026-03-31,"Fidelity · Sarpy, NE",OSM,site_mapped,40714,"{""dataset"": ""IM3 Open Source Data Center Atlas"", ""dataset_url"": ""https://data.msdlive.org/records/65g71-a4731"", ""atlas_commit"": ""48d45f6eef72778edf374ec52c379550bb21a046"", ""atlas_type"": ""building"", ""osm_name"": ""Fidelity"", ""operator"": ""Fidelity"", ""footprint_sqft"": 40714, ""license"": ""ODbL-1.0""}",https://github.com/IMMM-SFA/datacenter-atlas/blob/48d45f6eef72778edf374ec52c379550bb21a046/im3_datacenter_centroids.geojson
2026-03-31,"Yahoo · Sarpy, NE",OSM,site_mapped,237691,"{""dataset"": ""IM3 Open Source Data Center Atlas"", ""dataset_url"": ""https://data.msdlive.org/records/65g71-a4731"", ""atlas_commit"": ""48d45f6eef72778edf374ec52c379550bb21a046"", ""atlas_type"": ""building"", ""osm_name"": ""Yahoo"", ""operator"": ""Yahoo"", ""footprint_sqft"": 237691, ""license"": ""ODbL-1.0""}",https://github.com/IMMM-SFA/datacenter-atlas/blob/48d45f6eef72778edf374ec52c379550bb21a046/im3_datacenter_centroids.geojson
2026-03-31,"Information Technology Data Center · Rockingham, NH",OSM,site_mapped,7733,"{""dataset"": ""IM3 Open Source Data Center Atlas"", ""dataset_url"": ""https://data.msdlive.org/records/65g71-a4731"", ""atlas_commit"": ""48d45f6eef72778edf374ec52c379550bb21a046"", ""atlas_type"": ""building"", ""osm_name"": ""Information Technology Data Center"", ""operator"": ""Phillips Exeter Academy"", ""footprint_sqft"": 7733, ""license"": ""ODbL-1.0""}",https://github.com/IMMM-SFA/datacenter-atlas/blob/48d45f6eef72778edf374ec52c379550bb21a046/im3_datacenter_centroids.geojson
2026-03-31,"FirstLight data center · Rockingham, NH",OSM,site_mapped,9316,"{""dataset"": ""IM3 Open Source Data Center Atlas"", ""dataset_url"": ""https://data.msdlive.org/records/65g71-a4731"", ""atlas_commit"": ""48d45f6eef72778edf374ec52c379550bb21a046"", ""atlas_type"": ""building"", ""osm_name"": null, ""operator"": ""FirstLight"", ""footprint_sqft"": 9316, ""license"": ""ODbL-1.0""}",https://github.com/IMMM-SFA/datacenter-atlas/blob/48d45f6eef72778edf374ec52c379550bb21a046/im3_datacenter_centroids.geojson
2026-03-31,"University of New Hampshire data center · Strafford, NH",OSM,site_mapped,30553,"{""dataset"": ""IM3 Open Source Data Center Atlas"", ""dataset_url"": ""https://data.msdlive.org/records/65g71-a4731"", ""atlas_commit"": ""48d45f6eef72778edf374ec52c379550bb21a046"", ""atlas_type"": ""building"", ""osm_name"": null, ""operator"": ""University of New Hampshire"", ""footprint_sqft"": 30553, ""license"": ""ODbL-1.0""}",https://github.com/IMMM-SFA/datacenter-atlas/blob/48d45f6eef72778edf374ec52c379550bb21a046/im3_datacenter_centroids.geojson
2026-03-31,"NYSE Data Center · Bergen, NJ",OSM,site_mapped,200804,"{""dataset"": ""IM3 Open Source Data Center Atlas"", ""dataset_url"": ""https://data.msdlive.org/records/65g71-a4731"", ""atlas_commit"": ""48d45f6eef72778edf374ec52c379550bb21a046"", ""atlas_type"": ""building"", ""osm_name"": ""NYSE Data Center"", ""operator"": ""nyse"", ""footprint_sqft"": 200804, ""license"": ""ODbL-1.0""}",https://github.com/IMMM-SFA/datacenter-atlas/blob/48d45f6eef72778edf374ec52c379550bb21a046/im3_datacenter_centroids.geojson
2026-03-31,"165 Halsey / Equinix NY1 / Databank EWR1 · Essex, NJ",OSM,site_mapped,89363,"{""dataset"": ""IM3 Open Source Data Center Atlas"", ""dataset_url"": ""https://data.msdlive.org/records/65g71-a4731"", ""atlas_commit"": ""48d45f6eef72778edf374ec52c379550bb21a046"", ""atlas_type"": ""building"", ""osm_name"": ""165 Halsey / Equinix NY1 / Databank EWR1"", ""operator"": ""Tishman"", ""footprint_sqft"": 89363, ""license"": ""ODbL-1.0""}",https://github.com/IMMM-SFA/datacenter-atlas/blob/48d45f6eef72778edf374ec52c379550bb21a046/im3_datacenter_centroids.geojson
2026-03-31,"BT Radianz: 492 River Road · Essex, NJ",OSM,site_mapped,107857,"{""dataset"": ""IM3 Open Source Data Center Atlas"", ""dataset_url"": ""https://data.msdlive.org/records/65g71-a4731"", ""atlas_commit"": ""48d45f6eef72778edf374ec52c379550bb21a046"", ""atlas_type"": ""building"", ""osm_name"": ""BT Radianz: 492 River Road"", ""operator"": ""bt"", ""footprint_sqft"": 107857, ""license"": ""ODbL-1.0""}",https://github.com/IMMM-SFA/datacenter-atlas/blob/48d45f6eef72778edf374ec52c379550bb21a046/im3_datacenter_centroids.geojson
2026-03-31,"Unnamed data center · Gloucester, NJ",OSM,site_mapped,41058,"{""dataset"": ""IM3 Open Source Data Center Atlas"", ""dataset_url"": ""https://data.msdlive.org/records/65g71-a4731"", ""atlas_commit"": ""48d45f6eef72778edf374ec52c379550bb21a046"", ""atlas_type"": ""building"", ""osm_name"": null, ""operator"": null, ""footprint_sqft"": 41058, ""license"": ""ODbL-1.0""}",https://github.com/IMMM-SFA/datacenter-atlas/blob/48d45f6eef72778edf374ec52c379550bb21a046/im3_datacenter_centroids.geojson
2026-03-31,"Cyxtera (Digital Realty Trust) Citibank Data Center · Hudson, NJ",OSM,site_mapped,58356,"{""dataset"": ""IM3 Open Source Data Center Atlas"", ""dataset_url"": ""https://data.msdlive.org/records/65g71-a4731"", ""atlas_commit"": ""48d45f6eef72778edf374ec52c379550bb21a046"", ""atlas_type"": ""building"", ""osm_name"": ""Cyxtera (Digital Realty Trust) Citibank Data Center"", ""operator"": ""Cyxtera"", ""footprint_sqft"": 58356, ""license"": ""ODbL-1.0""}",https://github.com/IMMM-SFA/datacenter-atlas/blob/48d45f6eef72778edf374ec52c379550bb21a046/im3_datacenter_centroids.geojson
2026-03-31,"Digital Realty New Jersey EWR10 · Hudson, NJ",OSM,site_mapped,126960,"{""dataset"": ""IM3 Open Source Data Center Atlas"", ""dataset_url"": ""https://data.msdlive.org/records/65g71-a4731"", ""atlas_commit"": ""48d45f6eef72778edf374ec52c379550bb21a046"", ""atlas_type"": ""building"", ""osm_name"": ""Digital Realty New Jersey EWR10"", ""operator"": ""Digital Realty"", ""footprint_sqft"": 126960, ""license"": ""ODbL-1.0""}",https://github.com/IMMM-SFA/datacenter-atlas/blob/48d45f6eef72778edf374ec52c379550bb21a046/im3_datacenter_centroids.geojson
2026-03-31,"Equinix NY3 · Hudson, NJ",OSM,site_mapped,274326,"{""dataset"": ""IM3 Open Source Data Center Atlas"", ""dataset_url"": ""https://data.msdlive.org/records/65g71-a4731"", ""atlas_commit"": ""48d45f6eef72778edf374ec52c379550bb21a046"", ""atlas_type"": ""building"", ""osm_name"": ""Equinix NY3"", ""operator"": ""Equinix"", ""footprint_sqft"": 274326, ""license"": ""ODbL-1.0""}",https://github.com/IMMM-SFA/datacenter-atlas/blob/48d45f6eef72778edf374ec52c379550bb21a046/im3_datacenter_centroids.geojson
2026-03-31,"Equinix New York Secaucus NY4 · Hudson, NJ",OSM,site_mapped,317271,"{""dataset"": ""IM3 Open Source Data Center Atlas"", ""dataset_url"": ""https://data.msdlive.org/records/65g71-a4731"", ""atlas_commit"": ""48d45f6eef72778edf374ec52c379550bb21a046"", ""atlas_type"": ""building"", ""osm_name"": ""Equinix New York Secaucus NY4"", ""operator"": ""Equinix"", ""footprint_sqft"": 317271, ""license"": ""ODbL-1.0""}",https://github.com/IMMM-SFA/datacenter-atlas/blob/48d45f6eef72778edf374ec52c379550bb21a046/im3_datacenter_centroids.geojson
2026-03-31,"Equinix New York Secaucus NY2 · Hudson, NJ",OSM,site_mapped,402960,"{""dataset"": ""IM3 Open Source Data Center Atlas"", ""dataset_url"": ""https://data.msdlive.org/records/65g71-a4731"", ""atlas_commit"": ""48d45f6eef72778edf374ec52c379550bb21a046"", ""atlas_type"": ""building"", ""osm_name"": ""Equinix New York Secaucus NY2"", ""operator"": ""Equinix"", ""footprint_sqft"": 402960, ""license"": ""ODbL-1.0""}",https://github.com/IMMM-SFA/datacenter-atlas/blob/48d45f6eef72778edf374ec52c379550bb21a046/im3_datacenter_centroids.geojson
2026-03-31,"Equinix Secaucus NY6 · Hudson, NJ",OSM,site_mapped,70938,"{""dataset"": ""IM3 Open Source Data Center Atlas"", ""dataset_url"": ""https://data.msdlive.org/records/65g71-a4731"", ""atlas_commit"": ""48d45f6eef72778edf374ec52c379550bb21a046"", ""atlas_type"": ""building"", ""osm_name"": ""Equinix Secaucus NY6"", ""operator"": ""Equinix"", ""footprint_sqft"": 70938, ""license"": ""ODbL-1.0""}",https://github.com/IMMM-SFA/datacenter-atlas/blob/48d45f6eef72778edf374ec52c379550bb21a046/im3_datacenter_centroids.geojson
2026-03-31,"Equinix New York Secaucus NY5 · Hudson, NJ",OSM,site_mapped,211455,"{""dataset"": ""IM3 Open Source Data Center Atlas"", ""dataset_url"": ""https://data.msdlive.org/records/65g71-a4731"", ""atlas_commit"": ""48d45f6eef72778edf374ec52c379550bb21a046"", ""atlas_type"": ""building"", ""osm_name"": ""Equinix New York Secaucus NY5"", ""operator"": ""Equinix"", ""footprint_sqft"": 211455, ""license"": ""ODbL-1.0""}",https://github.com/IMMM-SFA/datacenter-atlas/blob/48d45f6eef72778edf374ec52c379550bb21a046/im3_datacenter_centroids.geojson
2026-03-31,"Unnamed data center · Hudson, NJ #1",OSM,site_mapped,150951,"{""dataset"": ""IM3 Open Source Data Center Atlas"", ""dataset_url"": ""https://data.msdlive.org/records/65g71-a4731"", ""atlas_commit"": ""48d45f6eef72778edf374ec52c379550bb21a046"", ""atlas_type"": ""building"", ""osm_name"": null, ""operator"": null, ""footprint_sqft"": 150951, ""license"": ""ODbL-1.0""}",https://github.com/IMMM-SFA/datacenter-atlas/blob/48d45f6eef72778edf374ec52c379550bb21a046/im3_datacenter_centroids.geojson
2026-03-31,"Unnamed data center · Hudson, NJ #2",OSM,site_mapped,34462,"{""dataset"": ""IM3 Open Source Data Center Atlas"", ""dataset_url"": ""https://data.msdlive.org/records/65g71-a4731"", ""atlas_commit"": ""48d45f6eef72778edf374ec52c379550bb21a046"", ""atlas_type"": ""building"", ""osm_name"": null, ""operator"": null, ""footprint_sqft"": 34462, ""license"": ""ODbL-1.0""}",https://github.com/IMMM-SFA/datacenter-atlas/blob/48d45f6eef72778edf374ec52c379550bb21a046/im3_datacenter_centroids.geojson
2026-03-31,"CoreSite NY3 · Hudson, NJ",OSM,site_mapped,39679,"{""dataset"": ""IM3 Open Source Data Center Atlas"", ""dataset_url"": ""https://data.msdlive.org/records/65g71-a4731"", ""atlas_commit"": ""48d45f6eef72778edf374ec52c379550bb21a046"", ""atlas_type"": ""building"", ""osm_name"": ""CoreSite NY3"", ""operator"": ""CoreSite"", ""footprint_sqft"": 39679, ""license"": ""ODbL-1.0""}",https://github.com/IMMM-SFA/datacenter-atlas/blob/48d45f6eef72778edf374ec52c379550bb21a046/im3_datacenter_centroids.geojson
2026-03-31,"H5 Secaucus · Hudson, NJ",OSM,site_mapped,,"{""dataset"": ""IM3 Open Source Data Center Atlas"", ""dataset_url"": ""https://data.msdlive.org/records/65g71-a4731"", ""atlas_commit"": ""48d45f6eef72778edf374ec52c379550bb21a046"", ""atlas_type"": ""point"", ""osm_name"": ""H5 Secaucus"", ""operator"": ""H5"", ""footprint_sqft"": null, ""license"": ""ODbL-1.0""}",https://github.com/IMMM-SFA/datacenter-atlas/blob/48d45f6eef72778edf374ec52c379550bb21a046/im3_datacenter_centroids.geojson
2026-03-31,"Centersquare NYC3 Data Center · Hudson, NJ",OSM,site_mapped,143163,"{""dataset"": ""IM3 Open Source Data Center Atlas"", ""dataset_url"": ""https://data.msdlive.org/records/65g71-a4731"", ""atlas_commit"": ""48d45f6eef72778edf374ec52c379550bb21a046"", ""atlas_type"": ""building"", ""osm_name"": ""Centersquare NYC3 Data Center"", ""operator"": ""Centersquare"", ""footprint_sqft"": 143163, ""license"": ""ODbL-1.0""}",https://github.com/IMMM-SFA/datacenter-atlas/blob/48d45f6eef72778edf374ec52c379550bb21a046/im3_datacenter_centroids.geojson
2026-03-31,"Evocative Secaucus · Hudson, NJ",OSM,site_mapped,101304,"{""dataset"": ""IM3 Open Source Data Center Atlas"", ""dataset_url"": ""https://data.msdlive.org/records/65g71-a4731"", ""atlas_commit"": ""48d45f6eef72778edf374ec52c379550bb21a046"", ""atlas_type"": ""building"", ""osm_name"": ""Evocative Secaucus"", ""operator"": ""Evocative"", ""footprint_sqft"": 101304, ""license"": ""ODbL-1.0""}",https://github.com/IMMM-SFA/datacenter-atlas/blob/48d45f6eef72778edf374ec52c379550bb21a046/im3_datacenter_centroids.geojson
2026-03-31,"Equinix NY7 Data Center · Hudson, NJ",OSM,site_mapped,68650,"{""dataset"": ""IM3 Open Source Data Center Atlas"", ""dataset_url"": ""https://data.msdlive.org/records/65g71-a4731"", ""atlas_commit"": ""48d45f6eef72778edf374ec52c379550bb21a046"", ""atlas_type"": ""building"", ""osm_name"": ""Equinix NY7 Data Center"", ""operator"": ""Equinix"", ""footprint_sqft"": 68650, ""license"": ""ODbL-1.0""}",https://github.com/IMMM-SFA/datacenter-atlas/blob/48d45f6eef72778edf374ec52c379550bb21a046/im3_datacenter_centroids.geojson
2026-03-31,"501 West · Mercer, NJ",OSM,site_mapped,,"{""dataset"": ""IM3 Open Source Data Center Atlas"", ""dataset_url"": ""https://data.msdlive.org/records/65g71-a4731"", ""atlas_commit"": ""48d45f6eef72778edf374ec52c379550bb21a046"", ""atlas_type"": ""point"", ""osm_name"": ""501 West"", ""operator"": null, ""footprint_sqft"": null, ""license"": ""ODbL-1.0""}",https://github.com/IMMM-SFA/datacenter-atlas/blob/48d45f6eef72778edf374ec52c379550bb21a046/im3_datacenter_centroids.geojson
2026-03-31,"Verizon Wireline Network Building · Middlesex, NJ",OSM,site_mapped,32247,"{""dataset"": ""IM3 Open Source Data Center Atlas"", ""dataset_url"": ""https://data.msdlive.org/records/65g71-a4731"", ""atlas_commit"": ""48d45f6eef72778edf374ec52c379550bb21a046"", ""atlas_type"": ""building"", ""osm_name"": ""Verizon Wireline Network Building"", ""operator"": null, ""footprint_sqft"": 32247, ""license"": ""ODbL-1.0""}",https://github.com/IMMM-SFA/datacenter-atlas/blob/48d45f6eef72778edf374ec52c379550bb21a046/im3_datacenter_centroids.geojson
2026-03-31,"IO Datacenter · Middlesex, NJ",OSM,site_mapped,829908,"{""dataset"": ""IM3 Open Source Data Center Atlas"", ""dataset_url"": ""https://data.msdlive.org/records/65g71-a4731"", ""atlas_commit"": ""48d45f6eef72778edf374ec52c379550bb21a046"", ""atlas_type"": ""building"", ""osm_name"": ""IO Datacenter"", ""operator"": null, ""footprint_sqft"": 829908, ""license"": ""ODbL-1.0""}",https://github.com/IMMM-SFA/datacenter-atlas/blob/48d45f6eef72778edf374ec52c379550bb21a046/im3_datacenter_centroids.geojson
2026-03-31,"Verizon · Middlesex, NJ",OSM,site_mapped,105786,"{""dataset"": ""IM3 Open Source Data Center Atlas"", ""dataset_url"": ""https://data.msdlive.org/records/65g71-a4731"", ""atlas_commit"": ""48d45f6eef72778edf374ec52c379550bb21a046"", ""atlas_type"": ""building"", ""osm_name"": ""Verizon"", ""operator"": null, ""footprint_sqft"": 105786, ""license"": ""ODbL-1.0""}",https://github.com/IMMM-SFA/datacenter-atlas/blob/48d45f6eef72778edf374ec52c379550bb21a046/im3_datacenter_centroids.geojson
2026-03-31,"Equinix · Middlesex, NJ",OSM,site_mapped,62331,"{""dataset"": ""IM3 Open Source Data Center Atlas"", ""dataset_url"": ""https://data.msdlive.org/records/65g71-a4731"", ""atlas_commit"": ""48d45f6eef72778edf374ec52c379550bb21a046"", ""atlas_type"": ""building"", ""osm_name"": ""Equinix"", ""operator"": ""Equinix"", ""footprint_sqft"": 62331, ""license"": ""ODbL-1.0""}",https://github.com/IMMM-SFA/datacenter-atlas/blob/48d45f6eef72778edf374ec52c379550bb21a046/im3_datacenter_centroids.geojson
2026-03-31,"Optimum · Middlesex, NJ",OSM,site_mapped,68126,"{""dataset"": ""IM3 Open Source Data Center Atlas"", ""dataset_url"": ""https://data.msdlive.org/records/65g71-a4731"", ""atlas_commit"": ""48d45f6eef72778edf374ec52c379550bb21a046"", ""atlas_type"": ""building"", ""osm_name"": ""Optimum"", ""operator"": null, ""footprint_sqft"": 68126, ""license"": ""ODbL-1.0""}",https://github.com/IMMM-SFA/datacenter-atlas/blob/48d45f6eef72778edf374ec52c379550bb21a046/im3_datacenter_centroids.geojson
2026-03-31,"Barclays Datacenter · Middlesex, NJ",OSM,site_mapped,352286,"{""dataset"": ""IM3 Open Source Data Center Atlas"", ""dataset_url"": ""https://data.msdlive.org/records/65g71-a4731"", ""atlas_commit"": ""48d45f6eef72778edf374ec52c379550bb21a046"", ""atlas_type"": ""building"", ""osm_name"": ""Barclays Datacenter"", ""operator"": ""Barclays"", ""footprint_sqft"": 352286, ""license"": ""ODbL-1.0""}",https://github.com/IMMM-SFA/datacenter-atlas/blob/48d45f6eef72778edf374ec52c379550bb21a046/im3_datacenter_centroids.geojson
2026-03-31,"DataBank Piscataway EWR2 · Middlesex, NJ",OSM,site_mapped,50646,"{""dataset"": ""IM3 Open Source Data Center Atlas"", ""dataset_url"": ""https://data.msdlive.org/records/65g71-a4731"", ""atlas_commit"": ""48d45f6eef72778edf374ec52c379550bb21a046"", ""atlas_type"": ""building"", ""osm_name"": ""DataBank Piscataway EWR2"", ""operator"": null, ""footprint_sqft"": 50646, ""license"": ""ODbL-1.0""}",https://github.com/IMMM-SFA/datacenter-atlas/blob/48d45f6eef72778edf374ec52c379550bb21a046/im3_datacenter_centroids.geojson
2026-03-31,"Open Data Centers Piscataway · Middlesex, NJ",OSM,site_mapped,,"{""dataset"": ""IM3 Open Source Data Center Atlas"", ""dataset_url"": ""https://data.msdlive.org/records/65g71-a4731"", ""atlas_commit"": ""48d45f6eef72778edf374ec52c379550bb21a046"", ""atlas_type"": ""point"", ""osm_name"": ""Open Data Centers Piscataway"", ""operator"": null, ""footprint_sqft"": null, ""license"": ""ODbL-1.0""}",https://github.com/IMMM-SFA/datacenter-atlas/blob/48d45f6eef72778edf374ec52c379550bb21a046/im3_datacenter_centroids.geojson
2026-03-31,"Unnamed data center · Middlesex, NJ #1",OSM,site_mapped,61263,"{""dataset"": ""IM3 Open Source Data Center Atlas"", ""dataset_url"": ""https://data.msdlive.org/records/65g71-a4731"", ""atlas_commit"": ""48d45f6eef72778edf374ec52c379550bb21a046"", ""atlas_type"": ""building"", ""osm_name"": null, ""operator"": null, ""footprint_sqft"": 61263, ""license"": ""ODbL-1.0""}",https://github.com/IMMM-SFA/datacenter-atlas/blob/48d45f6eef72778edf374ec52c379550bb21a046/im3_datacenter_centroids.geojson
2026-03-31,"Digital Realty New York EWR12 · Middlesex, NJ",OSM,site_mapped,302795,"{""dataset"": ""IM3 Open Source Data Center Atlas"", ""dataset_url"": ""https://data.msdlive.org/records/65g71-a4731"", ""atlas_commit"": ""48d45f6eef72778edf374ec52c379550bb21a046"", ""atlas_type"": ""building"", ""osm_name"": ""Digital Realty New York EWR12"", ""operator"": ""Digital Realty"", ""footprint_sqft"": 302795, ""license"": ""ODbL-1.0""}",https://github.com/IMMM-SFA/datacenter-atlas/blob/48d45f6eef72778edf374ec52c379550bb21a046/im3_datacenter_centroids.geojson
2026-03-31,"Digital Realty New York EWR11 · Middlesex, NJ",OSM,site_mapped,96114,"{""dataset"": ""IM3 Open Source Data Center Atlas"", ""dataset_url"": ""https://data.msdlive.org/records/65g71-a4731"", ""atlas_commit"": ""48d45f6eef72778edf374ec52c379550bb21a046"", ""atlas_type"": ""building"", ""osm_name"": ""Digital Realty New York EWR11"", ""operator"": ""Digital Realty"", ""footprint_sqft"": 96114, ""license"": ""ODbL-1.0""}",https://github.com/IMMM-SFA/datacenter-atlas/blob/48d45f6eef72778edf374ec52c379550bb21a046/im3_datacenter_centroids.geojson
2026-03-31,"QTS Piscataway Data Center · Middlesex, NJ",OSM,site_mapped,343444,"{""dataset"": ""IM3 Open Source Data Center Atlas"", ""dataset_url"": ""https://data.msdlive.org/records/65g71-a4731"", ""atlas_commit"": ""48d45f6eef72778edf374ec52c379550bb21a046"", ""atlas_type"": ""building"", ""osm_name"": ""QTS Piscataway Data Center"", ""operator"": ""Quality Technology Services"", ""footprint_sqft"": 343444, ""license"": ""ODbL-1.0""}",https://github.com/IMMM-SFA/datacenter-atlas/blob/48d45f6eef72778edf374ec52c379550bb21a046/im3_datacenter_centroids.geojson
2026-03-31,"Unnamed data center · Middlesex, NJ #2",OSM,site_mapped,159389,"{""dataset"": ""IM3 Open Source Data Center Atlas"", ""dataset_url"": ""https://data.msdlive.org/records/65g71-a4731"", ""atlas_commit"": ""48d45f6eef72778edf374ec52c379550bb21a046"", ""atlas_type"": ""building"", ""osm_name"": null, ""operator"": null, ""footprint_sqft"": 159389, ""license"": ""ODbL-1.0""}",https://github.com/IMMM-SFA/datacenter-atlas/blob/48d45f6eef72778edf374ec52c379550bb21a046/im3_datacenter_centroids.geojson
2026-03-31,"Apollo Cable Landing Station · Monmouth, NJ",OSM,site_mapped,25904,"{""dataset"": ""IM3 Open Source Data Center Atlas"", ""dataset_url"": ""https://data.msdlive.org/records/65g71-a4731"", ""atlas_commit"": ""48d45f6eef72778edf374ec52c379550bb21a046"", ""atlas_type"": ""building"", ""osm_name"": ""Apollo Cable Landing Station"", ""operator"": ""Apollo"", ""footprint_sqft"": 25904, ""license"": ""ODbL-1.0""}",https://github.com/IMMM-SFA/datacenter-atlas/blob/48d45f6eef72778edf374ec52c379550bb21a046/im3_datacenter_centroids.geojson
2026-03-31,"Digital Realty New Jersey EWR20 · Passaic, NJ",OSM,site_mapped,29614,"{""dataset"": ""IM3 Open Source Data Center Atlas"", ""dataset_url"": ""https://data.msdlive.org/records/65g71-a4731"", ""atlas_commit"": ""48d45f6eef72778edf374ec52c379550bb21a046"", ""atlas_type"": ""building"", ""osm_name"": ""Digital Realty New Jersey EWR20"", ""operator"": ""Digital Realty"", ""footprint_sqft"": 29614, ""license"": ""ODbL-1.0""}",https://github.com/IMMM-SFA/datacenter-atlas/blob/48d45f6eef72778edf374ec52c379550bb21a046/im3_datacenter_centroids.geojson
2026-03-31,"Digital Realty New Jersey EWR21 · Passaic, NJ",OSM,site_mapped,71645,"{""dataset"": ""IM3 Open Source Data Center Atlas"", ""dataset_url"": ""https://data.msdlive.org/records/65g71-a4731"", ""atlas_commit"": ""48d45f6eef72778edf374ec52c379550bb21a046"", ""atlas_type"": ""building"", ""osm_name"": ""Digital Realty New Jersey EWR21"", ""operator"": ""Digital Realty"", ""footprint_sqft"": 71645, ""license"": ""ODbL-1.0""}",https://github.com/IMMM-SFA/datacenter-atlas/blob/48d45f6eef72778edf374ec52c379550bb21a046/im3_datacenter_centroids.geojson
2026-03-31,"Credit Suisse: Clifton Data Center · Passaic, NJ",OSM,site_mapped,140278,"{""dataset"": ""IM3 Open Source Data Center Atlas"", ""dataset_url"": ""https://data.msdlive.org/records/65g71-a4731"", ""atlas_commit"": ""48d45f6eef72778edf374ec52c379550bb21a046"", ""atlas_type"": ""building"", ""osm_name"": ""Credit Suisse: Clifton Data Center"", ""operator"": null, ""footprint_sqft"": 140278, ""license"": ""ODbL-1.0""}",https://github.com/IMMM-SFA/datacenter-atlas/blob/48d45f6eef72778edf374ec52c379550bb21a046/im3_datacenter_centroids.geojson
2026-03-31,"Unnamed data center · Somerset, NJ #1",OSM,site_mapped,284322,"{""dataset"": ""IM3 Open Source Data Center Atlas"", ""dataset_url"": ""https://data.msdlive.org/records/65g71-a4731"", ""atlas_commit"": ""48d45f6eef72778edf374ec52c379550bb21a046"", ""atlas_type"": ""campus"", ""osm_name"": null, ""operator"": null, ""footprint_sqft"": 284322, ""license"": ""ODbL-1.0""}",https://github.com/IMMM-SFA/datacenter-atlas/blob/48d45f6eef72778edf374ec52c379550bb21a046/im3_datacenter_centroids.geojson
2026-03-31,"Vital Records · Somerset, NJ",OSM,site_mapped,7942,"{""dataset"": ""IM3 Open Source Data Center Atlas"", ""dataset_url"": ""https://data.msdlive.org/records/65g71-a4731"", ""atlas_commit"": ""48d45f6eef72778edf374ec52c379550bb21a046"", ""atlas_type"": ""building"", ""osm_name"": ""Vital Records"", ""operator"": null, ""footprint_sqft"": 7942, ""license"": ""ODbL-1.0""}",https://github.com/IMMM-SFA/datacenter-atlas/blob/48d45f6eef72778edf374ec52c379550bb21a046/im3_datacenter_centroids.geojson
2026-03-31,"BNY Mellon Somerset · Somerset, NJ",OSM,site_mapped,121002,"{""dataset"": ""IM3 Open Source Data Center Atlas"", ""dataset_url"": ""https://data.msdlive.org/records/65g71-a4731"", ""atlas_commit"": ""48d45f6eef72778edf374ec52c379550bb21a046"", ""atlas_type"": ""building"", ""osm_name"": ""BNY Mellon Somerset"", ""operator"": null, ""footprint_sqft"": 121002, ""license"": ""ODbL-1.0""}",https://github.com/IMMM-SFA/datacenter-atlas/blob/48d45f6eef72778edf374ec52c379550bb21a046/im3_datacenter_centroids.geojson
2026-03-31,"Digital Realty data center · Somerset, NJ",OSM,site_mapped,125668,"{""dataset"": ""IM3 Open Source Data Center Atlas"", ""dataset_url"": ""https://data.msdlive.org/records/65g71-a4731"", ""atlas_commit"": ""48d45f6eef72778edf374ec52c379550bb21a046"", ""atlas_type"": ""building"", ""osm_name"": null, ""operator"": ""Digital Realty"", ""footprint_sqft"": 125668, ""license"": ""ODbL-1.0""}",https://github.com/IMMM-SFA/datacenter-atlas/blob/48d45f6eef72778edf374ec52c379550bb21a046/im3_datacenter_centroids.geojson
2026-03-31,"CyrusOne Somerset · Somerset, NJ",OSM,site_mapped,318583,"{""dataset"": ""IM3 Open Source Data Center Atlas"", ""dataset_url"": ""https://data.msdlive.org/records/65g71-a4731"", ""atlas_commit"": ""48d45f6eef72778edf374ec52c379550bb21a046"", ""atlas_type"": ""building"", ""osm_name"": ""CyrusOne Somerset"", ""operator"": ""CyrusOne"", ""footprint_sqft"": 318583, ""license"": ""ODbL-1.0""}",https://github.com/IMMM-SFA/datacenter-atlas/blob/48d45f6eef72778edf374ec52c379550bb21a046/im3_datacenter_centroids.geojson
2026-03-31,"Rackspace Belmont NYC2 · Somerset, NJ",OSM,site_mapped,57471,"{""dataset"": ""IM3 Open Source Data Center Atlas"", ""dataset_url"": ""https://data.msdlive.org/records/65g71-a4731"", ""atlas_commit"": ""48d45f6eef72778edf374ec52c379550bb21a046"", ""atlas_type"": ""building"", ""osm_name"": ""Rackspace Belmont NYC2"", ""operator"": null, ""footprint_sqft"": 57471, ""license"": ""ODbL-1.0""}",https://github.com/IMMM-SFA/datacenter-atlas/blob/48d45f6eef72778edf374ec52c379550bb21a046/im3_datacenter_centroids.geojson
2026-03-31,"Unnamed data center · Somerset, NJ #2",OSM,site_mapped,259234,"{""dataset"": ""IM3 Open Source Data Center Atlas"", ""dataset_url"": ""https://data.msdlive.org/records/65g71-a4731"", ""atlas_commit"": ""48d45f6eef72778edf374ec52c379550bb21a046"", ""atlas_type"": ""campus"", ""osm_name"": null, ""operator"": null, ""footprint_sqft"": 259234, ""license"": ""ODbL-1.0""}",https://github.com/IMMM-SFA/datacenter-atlas/blob/48d45f6eef72778edf374ec52c379550bb21a046/im3_datacenter_centroids.geojson
2026-03-31,"Rackspace Somerset NYC1 · Somerset, NJ",OSM,site_mapped,18407,"{""dataset"": ""IM3 Open Source Data Center Atlas"", ""dataset_url"": ""https://data.msdlive.org/records/65g71-a4731"", ""atlas_commit"": ""48d45f6eef72778edf374ec52c379550bb21a046"", ""atlas_type"": ""building"", ""osm_name"": ""Rackspace Somerset NYC1"", ""operator"": null, ""footprint_sqft"": 18407, ""license"": ""ODbL-1.0""}",https://github.com/IMMM-SFA/datacenter-atlas/blob/48d45f6eef72778edf374ec52c379550bb21a046/im3_datacenter_centroids.geojson
2026-03-31,"Verizon Wireless NE Headquarters · Somerset, NJ",OSM,site_mapped,156691,"{""dataset"": ""IM3 Open Source Data Center Atlas"", ""dataset_url"": ""https://data.msdlive.org/records/65g71-a4731"", ""atlas_commit"": ""48d45f6eef72778edf374ec52c379550bb21a046"", ""atlas_type"": ""building"", ""osm_name"": ""Verizon Wireless NE Headquarters"", ""operator"": null, ""footprint_sqft"": 156691, ""license"": ""ODbL-1.0""}",https://github.com/IMMM-SFA/datacenter-atlas/blob/48d45f6eef72778edf374ec52c379550bb21a046/im3_datacenter_centroids.geojson
2026-03-31,"Goldman Sachs · Somerset, NJ",OSM,site_mapped,276729,"{""dataset"": ""IM3 Open Source Data Center Atlas"", ""dataset_url"": ""https://data.msdlive.org/records/65g71-a4731"", ""atlas_commit"": ""48d45f6eef72778edf374ec52c379550bb21a046"", ""atlas_type"": ""building"", ""osm_name"": ""Goldman Sachs"", ""operator"": null, ""footprint_sqft"": 276729, ""license"": ""ODbL-1.0""}",https://github.com/IMMM-SFA/datacenter-atlas/blob/48d45f6eef72778edf374ec52c379550bb21a046/im3_datacenter_centroids.geojson
2026-03-31,"PSE&G Delivery Emergency Response Center · Somerset, NJ",OSM,site_mapped,85030,"{""dataset"": ""IM3 Open Source Data Center Atlas"", ""dataset_url"": ""https://data.msdlive.org/records/65g71-a4731"", ""atlas_commit"": ""48d45f6eef72778edf374ec52c379550bb21a046"", ""atlas_type"": ""building"", ""osm_name"": ""PSE&G Delivery Emergency Response Center"", ""operator"": ""PSE&G"", ""footprint_sqft"": 85030, ""license"": ""ODbL-1.0""}",https://github.com/IMMM-SFA/datacenter-atlas/blob/48d45f6eef72778edf374ec52c379550bb21a046/im3_datacenter_centroids.geojson
2026-03-31,"365 Bridgewater NJ · Somerset, NJ",OSM,site_mapped,28468,"{""dataset"": ""IM3 Open Source Data Center Atlas"", ""dataset_url"": ""https://data.msdlive.org/records/65g71-a4731"", ""atlas_commit"": ""48d45f6eef72778edf374ec52c379550bb21a046"", ""atlas_type"": ""building"", ""osm_name"": ""365 Bridgewater NJ"", ""operator"": null, ""footprint_sqft"": 28468, ""license"": ""ODbL-1.0""}",https://github.com/IMMM-SFA/datacenter-atlas/blob/48d45f6eef72778edf374ec52c379550bb21a046/im3_datacenter_centroids.geojson
2026-03-31,"Unnamed data center · Somerset, NJ #3",OSM,site_mapped,19551,"{""dataset"": ""IM3 Open Source Data Center Atlas"", ""dataset_url"": ""https://data.msdlive.org/records/65g71-a4731"", ""atlas_commit"": ""48d45f6eef72778edf374ec52c379550bb21a046"", ""atlas_type"": ""building"", ""osm_name"": null, ""operator"": null, ""footprint_sqft"": 19551, ""license"": ""ODbL-1.0""}",https://github.com/IMMM-SFA/datacenter-atlas/blob/48d45f6eef72778edf374ec52c379550bb21a046/im3_datacenter_centroids.geojson
2026-03-31,"Unnamed data center · Somerset, NJ #4",OSM,site_mapped,54527,"{""dataset"": ""IM3 Open Source Data Center Atlas"", ""dataset_url"": ""https://data.msdlive.org/records/65g71-a4731"", ""atlas_commit"": ""48d45f6eef72778edf374ec52c379550bb21a046"", ""atlas_type"": ""building"", ""osm_name"": null, ""operator"": null, ""footprint_sqft"": 54527, ""license"": ""ODbL-1.0""}",https://github.com/IMMM-SFA/datacenter-atlas/blob/48d45f6eef72778edf374ec52c379550bb21a046/im3_datacenter_centroids.geojson
2026-03-31,"Barclays Datacenter · Union, NJ",OSM,site_mapped,94373,"{""dataset"": ""IM3 Open Source Data Center Atlas"", ""dataset_url"": ""https://data.msdlive.org/records/65g71-a4731"", ""atlas_commit"": ""48d45f6eef72778edf374ec52c379550bb21a046"", ""atlas_type"": ""building"", ""osm_name"": ""Barclays Datacenter"", ""operator"": ""Barclays"", ""footprint_sqft"": 94373, ""license"": ""ODbL-1.0""}",https://github.com/IMMM-SFA/datacenter-atlas/blob/48d45f6eef72778edf374ec52c379550bb21a046/im3_datacenter_centroids.geojson
2026-03-31,"Molina Healthcare · Bernalillo, NM",OSM,site_mapped,25568,"{""dataset"": ""IM3 Open Source Data Center Atlas"", ""dataset_url"": ""https://data.msdlive.org/records/65g71-a4731"", ""atlas_commit"": ""48d45f6eef72778edf374ec52c379550bb21a046"", ""atlas_type"": ""building"", ""osm_name"": ""Molina Healthcare"", ""operator"": null, ""footprint_sqft"": 25568, ""license"": ""ODbL-1.0""}",https://github.com/IMMM-SFA/datacenter-atlas/blob/48d45f6eef72778edf374ec52c379550bb21a046/im3_datacenter_centroids.geojson
2026-03-31,"Unnamed data center · Bernalillo, NM",OSM,site_mapped,43011,"{""dataset"": ""IM3 Open Source Data Center Atlas"", ""dataset_url"": ""https://data.msdlive.org/records/65g71-a4731"", ""atlas_commit"": ""48d45f6eef72778edf374ec52c379550bb21a046"", ""atlas_type"": ""building"", ""osm_name"": null, ""operator"": null, ""footprint_sqft"": 43011, ""license"": ""ODbL-1.0""}",https://github.com/IMMM-SFA/datacenter-atlas/blob/48d45f6eef72778edf374ec52c379550bb21a046/im3_datacenter_centroids.geojson
2026-03-31,"HPC · Bernalillo, NM",OSM,site_mapped,158463,"{""dataset"": ""IM3 Open Source Data Center Atlas"", ""dataset_url"": ""https://data.msdlive.org/records/65g71-a4731"", ""atlas_commit"": ""48d45f6eef72778edf374ec52c379550bb21a046"", ""atlas_type"": ""building"", ""osm_name"": ""HPC"", ""operator"": ""Sandia National Laboratories"", ""footprint_sqft"": 158463, ""license"": ""ODbL-1.0""}",https://github.com/IMMM-SFA/datacenter-atlas/blob/48d45f6eef72778edf374ec52c379550bb21a046/im3_datacenter_centroids.geojson
2026-03-31,"123 Central · Bernalillo, NM",OSM,site_mapped,,"{""dataset"": ""IM3 Open Source Data Center Atlas"", ""dataset_url"": ""https://data.msdlive.org/records/65g71-a4731"", ""atlas_commit"": ""48d45f6eef72778edf374ec52c379550bb21a046"", ""atlas_type"": ""point"", ""osm_name"": ""123 Central"", ""operator"": ""bigbyte.cc"", ""footprint_sqft"": null, ""license"": ""ODbL-1.0""}",https://github.com/IMMM-SFA/datacenter-atlas/blob/48d45f6eef72778edf374ec52c379550bb21a046/im3_datacenter_centroids.geojson
2026-03-31,"UNM Data Center · Bernalillo, NM",OSM,site_mapped,,"{""dataset"": ""IM3 Open Source Data Center Atlas"", ""dataset_url"": ""https://data.msdlive.org/records/65g71-a4731"", ""atlas_commit"": ""48d45f6eef72778edf374ec52c379550bb21a046"", ""atlas_type"": ""point"", ""osm_name"": ""UNM Data Center"", ""operator"": ""UNM"", ""footprint_sqft"": null, ""license"": ""ODbL-1.0""}",https://github.com/IMMM-SFA/datacenter-atlas/blob/48d45f6eef72778edf374ec52c379550bb21a046/im3_datacenter_centroids.geojson
2026-03-31,"505 Marquette · Bernalillo, NM",OSM,site_mapped,,"{""dataset"": ""IM3 Open Source Data Center Atlas"", ""dataset_url"": ""https://data.msdlive.org/records/65g71-a4731"", ""atlas_commit"": ""48d45f6eef72778edf374ec52c379550bb21a046"", ""atlas_type"": ""point"", ""osm_name"": ""505 Marquette"", ""operator"": null, ""footprint_sqft"": null, ""license"": ""ODbL-1.0""}",https://github.com/IMMM-SFA/datacenter-atlas/blob/48d45f6eef72778edf374ec52c379550bb21a046/im3_datacenter_centroids.geojson
2026-03-31,"Oso Grande · Bernalillo, NM",OSM,site_mapped,,"{""dataset"": ""IM3 Open Source Data Center Atlas"", ""dataset_url"": ""https://data.msdlive.org/records/65g71-a4731"", ""atlas_commit"": ""48d45f6eef72778edf374ec52c379550bb21a046"", ""atlas_type"": ""point"", ""osm_name"": ""Oso Grande"", ""operator"": ""Oso Grande"", ""footprint_sqft"": null, ""license"": ""ODbL-1.0""}",https://github.com/IMMM-SFA/datacenter-atlas/blob/48d45f6eef72778edf374ec52c379550bb21a046/im3_datacenter_centroids.geojson
2026-03-31,"Southwest Cyberport · Bernalillo, NM",OSM,site_mapped,,"{""dataset"": ""IM3 Open Source Data Center Atlas"", ""dataset_url"": ""https://data.msdlive.org/records/65g71-a4731"", ""atlas_commit"": ""48d45f6eef72778edf374ec52c379550bb21a046"", ""atlas_type"": ""point"", ""osm_name"": ""Southwest Cyberport"", ""operator"": null, ""footprint_sqft"": null, ""license"": ""ODbL-1.0""}",https://github.com/IMMM-SFA/datacenter-atlas/blob/48d45f6eef72778edf374ec52c379550bb21a046/im3_datacenter_centroids.geojson
2026-03-31,"CenturyLink data center · Doña Ana, NM",OSM,site_mapped,31837,"{""dataset"": ""IM3 Open Source Data Center Atlas"", ""dataset_url"": ""https://data.msdlive.org/records/65g71-a4731"", ""atlas_commit"": ""48d45f6eef72778edf374ec52c379550bb21a046"", ""atlas_type"": ""building"", ""osm_name"": null, ""operator"": ""CenturyLink"", ""footprint_sqft"": 31837, ""license"": ""ODbL-1.0""}",https://github.com/IMMM-SFA/datacenter-atlas/blob/48d45f6eef72778edf374ec52c379550bb21a046/im3_datacenter_centroids.geojson
2026-03-31,"John F. Simms Building · Santa Fe, NM",OSM,site_mapped,31727,"{""dataset"": ""IM3 Open Source Data Center Atlas"", ""dataset_url"": ""https://data.msdlive.org/records/65g71-a4731"", ""atlas_commit"": ""48d45f6eef72778edf374ec52c379550bb21a046"", ""atlas_type"": ""building"", ""osm_name"": ""John F. Simms Building"", ""operator"": ""SONM"", ""footprint_sqft"": 31727, ""license"": ""ODbL-1.0""}",https://github.com/IMMM-SFA/datacenter-atlas/blob/48d45f6eef72778edf374ec52c379550bb21a046/im3_datacenter_centroids.geojson
2026-03-31,"Meta · Valencia, NM #1",OSM,site_mapped,588461,"{""dataset"": ""IM3 Open Source Data Center Atlas"", ""dataset_url"": ""https://data.msdlive.org/records/65g71-a4731"", ""atlas_commit"": ""48d45f6eef72778edf374ec52c379550bb21a046"", ""atlas_type"": ""building"", ""osm_name"": ""Meta"", ""operator"": ""Meta"", ""footprint_sqft"": 588461, ""license"": ""ODbL-1.0""}",https://github.com/IMMM-SFA/datacenter-atlas/blob/48d45f6eef72778edf374ec52c379550bb21a046/im3_datacenter_centroids.geojson
2026-03-31,"Meta · Valencia, NM #2",OSM,site_mapped,588490,"{""dataset"": ""IM3 Open Source Data Center Atlas"", ""dataset_url"": ""https://data.msdlive.org/records/65g71-a4731"", ""atlas_commit"": ""48d45f6eef72778edf374ec52c379550bb21a046"", ""atlas_type"": ""building"", ""osm_name"": ""Meta"", ""operator"": ""Meta"", ""footprint_sqft"": 588490, ""license"": ""ODbL-1.0""}",https://github.com/IMMM-SFA/datacenter-atlas/blob/48d45f6eef72778edf374ec52c379550bb21a046/im3_datacenter_centroids.geojson
2026-03-31,"Meta · Valencia, NM #3",OSM,site_mapped,543736,"{""dataset"": ""IM3 Open Source Data Center Atlas"", ""dataset_url"": ""https://data.msdlive.org/records/65g71-a4731"", ""atlas_commit"": ""48d45f6eef72778edf374ec52c379550bb21a046"", ""atlas_type"": ""building"", ""osm_name"": ""Meta"", ""operator"": ""Meta"", ""footprint_sqft"": 543736, ""license"": ""ODbL-1.0""}",https://github.com/IMMM-SFA/datacenter-atlas/blob/48d45f6eef72778edf374ec52c379550bb21a046/im3_datacenter_centroids.geojson
2026-03-31,"Meta · Valencia, NM #4",OSM,site_mapped,654433,"{""dataset"": ""IM3 Open Source Data Center Atlas"", ""dataset_url"": ""https://data.msdlive.org/records/65g71-a4731"", ""atlas_commit"": ""48d45f6eef72778edf374ec52c379550bb21a046"", ""atlas_type"": ""building"", ""osm_name"": ""Meta"", ""operator"": ""Meta"", ""footprint_sqft"": 654433, ""license"": ""ODbL-1.0""}",https://github.com/IMMM-SFA/datacenter-atlas/blob/48d45f6eef72778edf374ec52c379550bb21a046/im3_datacenter_centroids.geojson
2026-03-31,"Meta · Valencia, NM #5",OSM,site_mapped,654617,"{""dataset"": ""IM3 Open Source Data Center Atlas"", ""dataset_url"": ""https://data.msdlive.org/records/65g71-a4731"", ""atlas_commit"": ""48d45f6eef72778edf374ec52c379550bb21a046"", ""atlas_type"": ""building"", ""osm_name"": ""Meta"", ""operator"": ""Meta"", ""footprint_sqft"": 654617, ""license"": ""ODbL-1.0""}",https://github.com/IMMM-SFA/datacenter-atlas/blob/48d45f6eef72778edf374ec52c379550bb21a046/im3_datacenter_centroids.geojson
2026-03-31,"Switch Las Vegas 10 · Clark, NV",OSM,site_mapped,206411,"{""dataset"": ""IM3 Open Source Data Center Atlas"", ""dataset_url"": ""https://data.msdlive.org/records/65g71-a4731"", ""atlas_commit"": ""48d45f6eef72778edf374ec52c379550bb21a046"", ""atlas_type"": ""building"", ""osm_name"": ""Switch Las Vegas 10"", ""operator"": null, ""footprint_sqft"": 206411, ""license"": ""ODbL-1.0""}",https://github.com/IMMM-SFA/datacenter-atlas/blob/48d45f6eef72778edf374ec52c379550bb21a046/im3_datacenter_centroids.geojson
2026-03-31,"Switch Las Vegas 9 · Clark, NV",OSM,site_mapped,286176,"{""dataset"": ""IM3 Open Source Data Center Atlas"", ""dataset_url"": ""https://data.msdlive.org/records/65g71-a4731"", ""atlas_commit"": ""48d45f6eef72778edf374ec52c379550bb21a046"", ""atlas_type"": ""building"", ""osm_name"": ""Switch Las Vegas 9"", ""operator"": ""Switch"", ""footprint_sqft"": 286176, ""license"": ""ODbL-1.0""}",https://github.com/IMMM-SFA/datacenter-atlas/blob/48d45f6eef72778edf374ec52c379550bb21a046/im3_datacenter_centroids.geojson
2026-03-31,"Switch Las Vegas 11 · Clark, NV",OSM,site_mapped,230261,"{""dataset"": ""IM3 Open Source Data Center Atlas"", ""dataset_url"": ""https://data.msdlive.org/records/65g71-a4731"", ""atlas_commit"": ""48d45f6eef72778edf374ec52c379550bb21a046"", ""atlas_type"": ""building"", ""osm_name"": ""Switch Las Vegas 11"", ""operator"": ""Switch"", ""footprint_sqft"": 230261, ""license"": ""ODbL-1.0""}",https://github.com/IMMM-SFA/datacenter-atlas/blob/48d45f6eef72778edf374ec52c379550bb21a046/im3_datacenter_centroids.geojson
2026-03-31,"Google · Clark, NV #1",OSM,site_mapped,143869,"{""dataset"": ""IM3 Open Source Data Center Atlas"", ""dataset_url"": ""https://data.msdlive.org/records/65g71-a4731"", ""atlas_commit"": ""48d45f6eef72778edf374ec52c379550bb21a046"", ""atlas_type"": ""building"", ""osm_name"": ""Google"", ""operator"": ""Google"", ""footprint_sqft"": 143869, ""license"": ""ODbL-1.0""}",https://github.com/IMMM-SFA/datacenter-atlas/blob/48d45f6eef72778edf374ec52c379550bb21a046/im3_datacenter_centroids.geojson
2026-03-31,"Switch Las Vegas 8 · Clark, NV",OSM,site_mapped,264412,"{""dataset"": ""IM3 Open Source Data Center Atlas"", ""dataset_url"": ""https://data.msdlive.org/records/65g71-a4731"", ""atlas_commit"": ""48d45f6eef72778edf374ec52c379550bb21a046"", ""atlas_type"": ""building"", ""osm_name"": ""Switch Las Vegas 8"", ""operator"": ""Switch"", ""footprint_sqft"": 264412, ""license"": ""ODbL-1.0""}",https://github.com/IMMM-SFA/datacenter-atlas/blob/48d45f6eef72778edf374ec52c379550bb21a046/im3_datacenter_centroids.geojson
2026-03-31,"Switch Las Vegas 12 · Clark, NV",OSM,site_mapped,484037,"{""dataset"": ""IM3 Open Source Data Center Atlas"", ""dataset_url"": ""https://data.msdlive.org/records/65g71-a4731"", ""atlas_commit"": ""48d45f6eef72778edf374ec52c379550bb21a046"", ""atlas_type"": ""campus"", ""osm_name"": ""Switch Las Vegas 12"", ""operator"": null, ""footprint_sqft"": 484037, ""license"": ""ODbL-1.0""}",https://github.com/IMMM-SFA/datacenter-atlas/blob/48d45f6eef72778edf374ec52c379550bb21a046/im3_datacenter_centroids.geojson
2026-03-31,"Google · Clark, NV #2",OSM,site_mapped,141227,"{""dataset"": ""IM3 Open Source Data Center Atlas"", ""dataset_url"": ""https://data.msdlive.org/records/65g71-a4731"", ""atlas_commit"": ""48d45f6eef72778edf374ec52c379550bb21a046"", ""atlas_type"": ""building"", ""osm_name"": ""Google"", ""operator"": ""Google"", ""footprint_sqft"": 141227, ""license"": ""ODbL-1.0""}",https://github.com/IMMM-SFA/datacenter-atlas/blob/48d45f6eef72778edf374ec52c379550bb21a046/im3_datacenter_centroids.geojson
2026-03-31,"Switch Edge 1 · Clark, NV",OSM,site_mapped,27670,"{""dataset"": ""IM3 Open Source Data Center Atlas"", ""dataset_url"": ""https://data.msdlive.org/records/65g71-a4731"", ""atlas_commit"": ""48d45f6eef72778edf374ec52c379550bb21a046"", ""atlas_type"": ""building"", ""osm_name"": ""Switch Edge 1"", ""operator"": null, ""footprint_sqft"": 27670, ""license"": ""ODbL-1.0""}",https://github.com/IMMM-SFA/datacenter-atlas/blob/48d45f6eef72778edf374ec52c379550bb21a046/im3_datacenter_centroids.geojson
2026-03-31,"DataBank Las Vegas LAS1 · Clark, NV",OSM,site_mapped,58547,"{""dataset"": ""IM3 Open Source Data Center Atlas"", ""dataset_url"": ""https://data.msdlive.org/records/65g71-a4731"", ""atlas_commit"": ""48d45f6eef72778edf374ec52c379550bb21a046"", ""atlas_type"": ""building"", ""osm_name"": ""DataBank Las Vegas LAS1"", ""operator"": null, ""footprint_sqft"": 58547, ""license"": ""ODbL-1.0""}",https://github.com/IMMM-SFA/datacenter-atlas/blob/48d45f6eef72778edf374ec52c379550bb21a046/im3_datacenter_centroids.geojson
2026-03-31,"Switch Las Vegas 7 · Clark, NV",OSM,site_mapped,324714,"{""dataset"": ""IM3 Open Source Data Center Atlas"", ""dataset_url"": ""https://data.msdlive.org/records/65g71-a4731"", ""atlas_commit"": ""48d45f6eef72778edf374ec52c379550bb21a046"", ""atlas_type"": ""building"", ""osm_name"": ""Switch Las Vegas 7"", ""operator"": ""Switch"", ""footprint_sqft"": 324714, ""license"": ""ODbL-1.0""}",https://github.com/IMMM-SFA/datacenter-atlas/blob/48d45f6eef72778edf374ec52c379550bb21a046/im3_datacenter_centroids.geojson
2026-03-31,"Switch12 · Clark, NV",OSM,site_mapped,378533,"{""dataset"": ""IM3 Open Source Data Center Atlas"", ""dataset_url"": ""https://data.msdlive.org/records/65g71-a4731"", ""atlas_commit"": ""48d45f6eef72778edf374ec52c379550bb21a046"", ""atlas_type"": ""building"", ""osm_name"": ""Switch12"", ""operator"": ""Switch"", ""footprint_sqft"": 378533, ""license"": ""ODbL-1.0""}",https://github.com/IMMM-SFA/datacenter-atlas/blob/48d45f6eef72778edf374ec52c379550bb21a046/im3_datacenter_centroids.geojson
2026-03-31,"Switch data center · Clark, NV",OSM,site_mapped,241776,"{""dataset"": ""IM3 Open Source Data Center Atlas"", ""dataset_url"": ""https://data.msdlive.org/records/65g71-a4731"", ""atlas_commit"": ""48d45f6eef72778edf374ec52c379550bb21a046"", ""atlas_type"": ""building"", ""osm_name"": null, ""operator"": ""Switch"", ""footprint_sqft"": 241776, ""license"": ""ODbL-1.0""}",https://github.com/IMMM-SFA/datacenter-atlas/blob/48d45f6eef72778edf374ec52c379550bb21a046/im3_datacenter_centroids.geojson
2026-03-31,"Switch Las Vegas 14 · Clark, NV",OSM,site_mapped,223997,"{""dataset"": ""IM3 Open Source Data Center Atlas"", ""dataset_url"": ""https://data.msdlive.org/records/65g71-a4731"", ""atlas_commit"": ""48d45f6eef72778edf374ec52c379550bb21a046"", ""atlas_type"": ""building"", ""osm_name"": ""Switch Las Vegas 14"", ""operator"": ""Switch"", ""footprint_sqft"": 223997, ""license"": ""ODbL-1.0""}",https://github.com/IMMM-SFA/datacenter-atlas/blob/48d45f6eef72778edf374ec52c379550bb21a046/im3_datacenter_centroids.geojson
2026-03-31,"Fiberhub LAS1 · Clark, NV",OSM,site_mapped,,"{""dataset"": ""IM3 Open Source Data Center Atlas"", ""dataset_url"": ""https://data.msdlive.org/records/65g71-a4731"", ""atlas_commit"": ""48d45f6eef72778edf374ec52c379550bb21a046"", ""atlas_type"": ""point"", ""osm_name"": ""Fiberhub LAS1"", ""operator"": ""Fiberhub"", ""footprint_sqft"": null, ""license"": ""ODbL-1.0""}",https://github.com/IMMM-SFA/datacenter-atlas/blob/48d45f6eef72778edf374ec52c379550bb21a046/im3_datacenter_centroids.geojson
2026-03-31,"Switch Las Vegas 5 · Clark, NV",OSM,site_mapped,15026,"{""dataset"": ""IM3 Open Source Data Center Atlas"", ""dataset_url"": ""https://data.msdlive.org/records/65g71-a4731"", ""atlas_commit"": ""48d45f6eef72778edf374ec52c379550bb21a046"", ""atlas_type"": ""building"", ""osm_name"": ""Switch Las Vegas 5"", ""operator"": ""Switch"", ""footprint_sqft"": 15026, ""license"": ""ODbL-1.0""}",https://github.com/IMMM-SFA/datacenter-atlas/blob/48d45f6eef72778edf374ec52c379550bb21a046/im3_datacenter_centroids.geojson
2026-03-31,"Switch Las Vegas 4 · Clark, NV",OSM,site_mapped,27777,"{""dataset"": ""IM3 Open Source Data Center Atlas"", ""dataset_url"": ""https://data.msdlive.org/records/65g71-a4731"", ""atlas_commit"": ""48d45f6eef72778edf374ec52c379550bb21a046"", ""atlas_type"": ""building"", ""osm_name"": ""Switch Las Vegas 4"", ""operator"": ""Switch"", ""footprint_sqft"": 27777, ""license"": ""ODbL-1.0""}",https://github.com/IMMM-SFA/datacenter-atlas/blob/48d45f6eef72778edf374ec52c379550bb21a046/im3_datacenter_centroids.geojson
2026-03-31,"CenturyLink · Clark, NV #1",OSM,site_mapped,49212,"{""dataset"": ""IM3 Open Source Data Center Atlas"", ""dataset_url"": ""https://data.msdlive.org/records/65g71-a4731"", ""atlas_commit"": ""48d45f6eef72778edf374ec52c379550bb21a046"", ""atlas_type"": ""campus"", ""osm_name"": ""CenturyLink"", ""operator"": ""Lumen Technologies"", ""footprint_sqft"": 49212, ""license"": ""ODbL-1.0""}",https://github.com/IMMM-SFA/datacenter-atlas/blob/48d45f6eef72778edf374ec52c379550bb21a046/im3_datacenter_centroids.geojson
2026-03-31,"Verizon · Clark, NV",OSM,site_mapped,25884,"{""dataset"": ""IM3 Open Source Data Center Atlas"", ""dataset_url"": ""https://data.msdlive.org/records/65g71-a4731"", ""atlas_commit"": ""48d45f6eef72778edf374ec52c379550bb21a046"", ""atlas_type"": ""building"", ""osm_name"": ""Verizon"", ""operator"": null, ""footprint_sqft"": 25884, ""license"": ""ODbL-1.0""}",https://github.com/IMMM-SFA/datacenter-atlas/blob/48d45f6eef72778edf374ec52c379550bb21a046/im3_datacenter_centroids.geojson
2026-03-31,"Flexential Las Vegas - Downtown · Clark, NV",OSM,site_mapped,439,"{""dataset"": ""IM3 Open Source Data Center Atlas"", ""dataset_url"": ""https://data.msdlive.org/records/65g71-a4731"", ""atlas_commit"": ""48d45f6eef72778edf374ec52c379550bb21a046"", ""atlas_type"": ""building"", ""osm_name"": ""Flexential Las Vegas - Downtown"", ""operator"": ""Flexential"", ""footprint_sqft"": 439, ""license"": ""ODbL-1.0""}",https://github.com/IMMM-SFA/datacenter-atlas/blob/48d45f6eef72778edf374ec52c379550bb21a046/im3_datacenter_centroids.geojson
2026-03-31,"CenturyLink · Clark, NV #2",OSM,site_mapped,11601,"{""dataset"": ""IM3 Open Source Data Center Atlas"", ""dataset_url"": ""https://data.msdlive.org/records/65g71-a4731"", ""atlas_commit"": ""48d45f6eef72778edf374ec52c379550bb21a046"", ""atlas_type"": ""building"", ""osm_name"": ""CenturyLink"", ""operator"": null, ""footprint_sqft"": 11601, ""license"": ""ODbL-1.0""}",https://github.com/IMMM-SFA/datacenter-atlas/blob/48d45f6eef72778edf374ec52c379550bb21a046/im3_datacenter_centroids.geojson
2026-03-31,"Verizon North Las Vegas · Clark, NV",OSM,site_mapped,25096,"{""dataset"": ""IM3 Open Source Data Center Atlas"", ""dataset_url"": ""https://data.msdlive.org/records/65g71-a4731"", ""atlas_commit"": ""48d45f6eef72778edf374ec52c379550bb21a046"", ""atlas_type"": ""building"", ""osm_name"": ""Verizon North Las Vegas"", ""operator"": ""Verizon"", ""footprint_sqft"": 25096, ""license"": ""ODbL-1.0""}",https://github.com/IMMM-SFA/datacenter-atlas/blob/48d45f6eef72778edf374ec52c379550bb21a046/im3_datacenter_centroids.geojson
2026-03-31,"Flexential Las Vegas - North · Clark, NV",OSM,site_mapped,110728,"{""dataset"": ""IM3 Open Source Data Center Atlas"", ""dataset_url"": ""https://data.msdlive.org/records/65g71-a4731"", ""atlas_commit"": ""48d45f6eef72778edf374ec52c379550bb21a046"", ""atlas_type"": ""building"", ""osm_name"": ""Flexential Las Vegas - North"", ""operator"": ""Flexential"", ""footprint_sqft"": 110728, ""license"": ""ODbL-1.0""}",https://github.com/IMMM-SFA/datacenter-atlas/blob/48d45f6eef72778edf374ec52c379550bb21a046/im3_datacenter_centroids.geojson
2026-03-31,"Unnamed data center · Storey, NV #1",OSM,site_mapped,390893,"{""dataset"": ""IM3 Open Source Data Center Atlas"", ""dataset_url"": ""https://data.msdlive.org/records/65g71-a4731"", ""atlas_commit"": ""48d45f6eef72778edf374ec52c379550bb21a046"", ""atlas_type"": ""building"", ""osm_name"": null, ""operator"": null, ""footprint_sqft"": 390893, ""license"": ""ODbL-1.0""}",https://github.com/IMMM-SFA/datacenter-atlas/blob/48d45f6eef72778edf374ec52c379550bb21a046/im3_datacenter_centroids.geojson
2026-03-31,"Unnamed data center · Storey, NV #2",OSM,site_mapped,296544,"{""dataset"": ""IM3 Open Source Data Center Atlas"", ""dataset_url"": ""https://data.msdlive.org/records/65g71-a4731"", ""atlas_commit"": ""48d45f6eef72778edf374ec52c379550bb21a046"", ""atlas_type"": ""building"", ""osm_name"": null, ""operator"": null, ""footprint_sqft"": 296544, ""license"": ""ODbL-1.0""}",https://github.com/IMMM-SFA/datacenter-atlas/blob/48d45f6eef72778edf374ec52c379550bb21a046/im3_datacenter_centroids.geojson
2026-03-31,"Unnamed data center · Storey, NV #3",OSM,site_mapped,628883,"{""dataset"": ""IM3 Open Source Data Center Atlas"", ""dataset_url"": ""https://data.msdlive.org/records/65g71-a4731"", ""atlas_commit"": ""48d45f6eef72778edf374ec52c379550bb21a046"", ""atlas_type"": ""building"", ""osm_name"": null, ""operator"": null, ""footprint_sqft"": 628883, ""license"": ""ODbL-1.0""}",https://github.com/IMMM-SFA/datacenter-atlas/blob/48d45f6eef72778edf374ec52c379550bb21a046/im3_datacenter_centroids.geojson
2026-03-31,"Switch Tahoe Reno - The Citadel Campus · Storey, NV",OSM,site_mapped,,"{""dataset"": ""IM3 Open Source Data Center Atlas"", ""dataset_url"": ""https://data.msdlive.org/records/65g71-a4731"", ""atlas_commit"": ""48d45f6eef72778edf374ec52c379550bb21a046"", ""atlas_type"": ""point"", ""osm_name"": ""Switch Tahoe Reno - The Citadel Campus"", ""operator"": ""Switch"", ""footprint_sqft"": null, ""license"": ""ODbL-1.0""}",https://github.com/IMMM-SFA/datacenter-atlas/blob/48d45f6eef72778edf374ec52c379550bb21a046/im3_datacenter_centroids.geojson
2026-03-31,"Unnamed data center · Washoe, NV #1",OSM,site_mapped,89076,"{""dataset"": ""IM3 Open Source Data Center Atlas"", ""dataset_url"": ""https://data.msdlive.org/records/65g71-a4731"", ""atlas_commit"": ""48d45f6eef72778edf374ec52c379550bb21a046"", ""atlas_type"": ""building"", ""osm_name"": null, ""operator"": null, ""footprint_sqft"": 89076, ""license"": ""ODbL-1.0""}",https://github.com/IMMM-SFA/datacenter-atlas/blob/48d45f6eef72778edf374ec52c379550bb21a046/im3_datacenter_centroids.geojson
2026-03-31,"Unnamed data center · Washoe, NV #2",OSM,site_mapped,90711,"{""dataset"": ""IM3 Open Source Data Center Atlas"", ""dataset_url"": ""https://data.msdlive.org/records/65g71-a4731"", ""atlas_commit"": ""48d45f6eef72778edf374ec52c379550bb21a046"", ""atlas_type"": ""building"", ""osm_name"": null, ""operator"": null, ""footprint_sqft"": 90711, ""license"": ""ODbL-1.0""}",https://github.com/IMMM-SFA/datacenter-atlas/blob/48d45f6eef72778edf374ec52c379550bb21a046/im3_datacenter_centroids.geojson
2026-03-31,"Unnamed data center · Washoe, NV #3",OSM,site_mapped,92133,"{""dataset"": ""IM3 Open Source Data Center Atlas"", ""dataset_url"": ""https://data.msdlive.org/records/65g71-a4731"", ""atlas_commit"": ""48d45f6eef72778edf374ec52c379550bb21a046"", ""atlas_type"": ""building"", ""osm_name"": null, ""operator"": null, ""footprint_sqft"": 92133, ""license"": ""ODbL-1.0""}",https://github.com/IMMM-SFA/datacenter-atlas/blob/48d45f6eef72778edf374ec52c379550bb21a046/im3_datacenter_centroids.geojson
2026-03-31,"Unnamed data center · Washoe, NV #4",OSM,site_mapped,276687,"{""dataset"": ""IM3 Open Source Data Center Atlas"", ""dataset_url"": ""https://data.msdlive.org/records/65g71-a4731"", ""atlas_commit"": ""48d45f6eef72778edf374ec52c379550bb21a046"", ""atlas_type"": ""building"", ""osm_name"": null, ""operator"": null, ""footprint_sqft"": 276687, ""license"": ""ODbL-1.0""}",https://github.com/IMMM-SFA/datacenter-atlas/blob/48d45f6eef72778edf374ec52c379550bb21a046/im3_datacenter_centroids.geojson
2026-03-31,"Unnamed data center · Washoe, NV #5",OSM,site_mapped,88594,"{""dataset"": ""IM3 Open Source Data Center Atlas"", ""dataset_url"": ""https://data.msdlive.org/records/65g71-a4731"", ""atlas_commit"": ""48d45f6eef72778edf374ec52c379550bb21a046"", ""atlas_type"": ""building"", ""osm_name"": null, ""operator"": null, ""footprint_sqft"": 88594, ""license"": ""ODbL-1.0""}",https://github.com/IMMM-SFA/datacenter-atlas/blob/48d45f6eef72778edf374ec52c379550bb21a046/im3_datacenter_centroids.geojson
2026-03-31,"Unnamed data center · Washoe, NV #6",OSM,site_mapped,89571,"{""dataset"": ""IM3 Open Source Data Center Atlas"", ""dataset_url"": ""https://data.msdlive.org/records/65g71-a4731"", ""atlas_commit"": ""48d45f6eef72778edf374ec52c379550bb21a046"", ""atlas_type"": ""building"", ""osm_name"": null, ""operator"": null, ""footprint_sqft"": 89571, ""license"": ""ODbL-1.0""}",https://github.com/IMMM-SFA/datacenter-atlas/blob/48d45f6eef72778edf374ec52c379550bb21a046/im3_datacenter_centroids.geojson
2026-03-31,"Unnamed data center · Washoe, NV #7",OSM,site_mapped,89831,"{""dataset"": ""IM3 Open Source Data Center Atlas"", ""dataset_url"": ""https://data.msdlive.org/records/65g71-a4731"", ""atlas_commit"": ""48d45f6eef72778edf374ec52c379550bb21a046"", ""atlas_type"": ""building"", ""osm_name"": null, ""operator"": null, ""footprint_sqft"": 89831, ""license"": ""ODbL-1.0""}",https://github.com/IMMM-SFA/datacenter-atlas/blob/48d45f6eef72778edf374ec52c379550bb21a046/im3_datacenter_centroids.geojson
2026-03-31,"Unnamed data center · Washoe, NV #8",OSM,site_mapped,89816,"{""dataset"": ""IM3 Open Source Data Center Atlas"", ""dataset_url"": ""https://data.msdlive.org/records/65g71-a4731"", ""atlas_commit"": ""48d45f6eef72778edf374ec52c379550bb21a046"", ""atlas_type"": ""building"", ""osm_name"": null, ""operator"": null, ""footprint_sqft"": 89816, ""license"": ""ODbL-1.0""}",https://github.com/IMMM-SFA/datacenter-atlas/blob/48d45f6eef72778edf374ec52c379550bb21a046/im3_datacenter_centroids.geojson
2026-03-31,"Unnamed data center · Washoe, NV #9",OSM,site_mapped,89816,"{""dataset"": ""IM3 Open Source Data Center Atlas"", ""dataset_url"": ""https://data.msdlive.org/records/65g71-a4731"", ""atlas_commit"": ""48d45f6eef72778edf374ec52c379550bb21a046"", ""atlas_type"": ""building"", ""osm_name"": null, ""operator"": null, ""footprint_sqft"": 89816, ""license"": ""ODbL-1.0""}",https://github.com/IMMM-SFA/datacenter-atlas/blob/48d45f6eef72778edf374ec52c379550bb21a046/im3_datacenter_centroids.geojson
2026-03-31,"Unnamed data center · Washoe, NV #10",OSM,site_mapped,89821,"{""dataset"": ""IM3 Open Source Data Center Atlas"", ""dataset_url"": ""https://data.msdlive.org/records/65g71-a4731"", ""atlas_commit"": ""48d45f6eef72778edf374ec52c379550bb21a046"", ""atlas_type"": ""building"", ""osm_name"": null, ""operator"": null, ""footprint_sqft"": 89821, ""license"": ""ODbL-1.0""}",https://github.com/IMMM-SFA/datacenter-atlas/blob/48d45f6eef72778edf374ec52c379550bb21a046/im3_datacenter_centroids.geojson
2026-03-31,"Unnamed data center · Washoe, NV #11",OSM,site_mapped,89824,"{""dataset"": ""IM3 Open Source Data Center Atlas"", ""dataset_url"": ""https://data.msdlive.org/records/65g71-a4731"", ""atlas_commit"": ""48d45f6eef72778edf374ec52c379550bb21a046"", ""atlas_type"": ""building"", ""osm_name"": null, ""operator"": null, ""footprint_sqft"": 89824, ""license"": ""ODbL-1.0""}",https://github.com/IMMM-SFA/datacenter-atlas/blob/48d45f6eef72778edf374ec52c379550bb21a046/im3_datacenter_centroids.geojson
2026-03-31,"IBM Building · Albany, NY",OSM,site_mapped,15355,"{""dataset"": ""IM3 Open Source Data Center Atlas"", ""dataset_url"": ""https://data.msdlive.org/records/65g71-a4731"", ""atlas_commit"": ""48d45f6eef72778edf374ec52c379550bb21a046"", ""atlas_type"": ""building"", ""osm_name"": ""IBM Building"", ""operator"": null, ""footprint_sqft"": 15355, ""license"": ""ODbL-1.0""}",https://github.com/IMMM-SFA/datacenter-atlas/blob/48d45f6eef72778edf374ec52c379550bb21a046/im3_datacenter_centroids.geojson
2026-03-31,"Lumen Albany 4 · Albany, NY",OSM,site_mapped,,"{""dataset"": ""IM3 Open Source Data Center Atlas"", ""dataset_url"": ""https://data.msdlive.org/records/65g71-a4731"", ""atlas_commit"": ""48d45f6eef72778edf374ec52c379550bb21a046"", ""atlas_type"": ""point"", ""osm_name"": ""Lumen Albany 4"", ""operator"": ""Lumen Technologies"", ""footprint_sqft"": null, ""license"": ""ODbL-1.0""}",https://github.com/IMMM-SFA/datacenter-atlas/blob/48d45f6eef72778edf374ec52c379550bb21a046/im3_datacenter_centroids.geojson
2026-03-31,"Turnkey Internet · Albany, NY",OSM,site_mapped,10465,"{""dataset"": ""IM3 Open Source Data Center Atlas"", ""dataset_url"": ""https://data.msdlive.org/records/65g71-a4731"", ""atlas_commit"": ""48d45f6eef72778edf374ec52c379550bb21a046"", ""atlas_type"": ""building"", ""osm_name"": ""Turnkey Internet"", ""operator"": null, ""footprint_sqft"": 10465, ""license"": ""ODbL-1.0""}",https://github.com/IMMM-SFA/datacenter-atlas/blob/48d45f6eef72778edf374ec52c379550bb21a046/im3_datacenter_centroids.geojson
2026-03-31,"Frontier Science · Erie, NY",OSM,site_mapped,,"{""dataset"": ""IM3 Open Source Data Center Atlas"", ""dataset_url"": ""https://data.msdlive.org/records/65g71-a4731"", ""atlas_commit"": ""48d45f6eef72778edf374ec52c379550bb21a046"", ""atlas_type"": ""point"", ""osm_name"": ""Frontier Science"", ""operator"": null, ""footprint_sqft"": null, ""license"": ""ODbL-1.0""}",https://github.com/IMMM-SFA/datacenter-atlas/blob/48d45f6eef72778edf374ec52c379550bb21a046/im3_datacenter_centroids.geojson
2026-03-31,"Unnamed data center · Erie, NY",OSM,site_mapped,41938,"{""dataset"": ""IM3 Open Source Data Center Atlas"", ""dataset_url"": ""https://data.msdlive.org/records/65g71-a4731"", ""atlas_commit"": ""48d45f6eef72778edf374ec52c379550bb21a046"", ""atlas_type"": ""building"", ""osm_name"": null, ""operator"": null, ""footprint_sqft"": 41938, ""license"": ""ODbL-1.0""}",https://github.com/IMMM-SFA/datacenter-atlas/blob/48d45f6eef72778edf374ec52c379550bb21a046/im3_datacenter_centroids.geojson
2026-03-31,"Dataverge · Kings, NY",OSM,site_mapped,,"{""dataset"": ""IM3 Open Source Data Center Atlas"", ""dataset_url"": ""https://data.msdlive.org/records/65g71-a4731"", ""atlas_commit"": ""48d45f6eef72778edf374ec52c379550bb21a046"", ""atlas_type"": ""point"", ""osm_name"": ""Dataverge"", ""operator"": ""Dataverge"", ""footprint_sqft"": null, ""license"": ""ODbL-1.0""}",https://github.com/IMMM-SFA/datacenter-atlas/blob/48d45f6eef72778edf374ec52c379550bb21a046/im3_datacenter_centroids.geojson
2026-03-31,"33 Thomas Street · New York, NY",OSM,site_mapped,30791,"{""dataset"": ""IM3 Open Source Data Center Atlas"", ""dataset_url"": ""https://data.msdlive.org/records/65g71-a4731"", ""atlas_commit"": ""48d45f6eef72778edf374ec52c379550bb21a046"", ""atlas_type"": ""building"", ""osm_name"": ""33 Thomas Street"", ""operator"": null, ""footprint_sqft"": 30791, ""license"": ""ODbL-1.0""}",https://github.com/IMMM-SFA/datacenter-atlas/blob/48d45f6eef72778edf374ec52c379550bb21a046/im3_datacenter_centroids.geojson
2026-03-31,"Digital Realty New York JFK12 · New York, NY",OSM,site_mapped,,"{""dataset"": ""IM3 Open Source Data Center Atlas"", ""dataset_url"": ""https://data.msdlive.org/records/65g71-a4731"", ""atlas_commit"": ""48d45f6eef72778edf374ec52c379550bb21a046"", ""atlas_type"": ""point"", ""osm_name"": ""Digital Realty New York JFK12"", ""operator"": ""Digital Realty"", ""footprint_sqft"": null, ""license"": ""ODbL-1.0""}",https://github.com/IMMM-SFA/datacenter-atlas/blob/48d45f6eef72778edf374ec52c379550bb21a046/im3_datacenter_centroids.geojson
2026-03-31,"32 Avenue of the Americas · New York, NY",OSM,site_mapped,42396,"{""dataset"": ""IM3 Open Source Data Center Atlas"", ""dataset_url"": ""https://data.msdlive.org/records/65g71-a4731"", ""atlas_commit"": ""48d45f6eef72778edf374ec52c379550bb21a046"", ""atlas_type"": ""building"", ""osm_name"": ""32 Avenue of the Americas"", ""operator"": null, ""footprint_sqft"": 42396, ""license"": ""ODbL-1.0""}",https://github.com/IMMM-SFA/datacenter-atlas/blob/48d45f6eef72778edf374ec52c379550bb21a046/im3_datacenter_centroids.geojson
2026-03-31,"Blockfusion data center · Niagara, NY",OSM,site_mapped,16242,"{""dataset"": ""IM3 Open Source Data Center Atlas"", ""dataset_url"": ""https://data.msdlive.org/records/65g71-a4731"", ""atlas_commit"": ""48d45f6eef72778edf374ec52c379550bb21a046"", ""atlas_type"": ""building"", ""osm_name"": null, ""operator"": ""Blockfusion"", ""footprint_sqft"": 16242, ""license"": ""ODbL-1.0""}",https://github.com/IMMM-SFA/datacenter-atlas/blob/48d45f6eef72778edf374ec52c379550bb21a046/im3_datacenter_centroids.geojson
2026-03-31,"US Bitcoin data center · Niagara, NY",OSM,site_mapped,61559,"{""dataset"": ""IM3 Open Source Data Center Atlas"", ""dataset_url"": ""https://data.msdlive.org/records/65g71-a4731"", ""atlas_commit"": ""48d45f6eef72778edf374ec52c379550bb21a046"", ""atlas_type"": ""building"", ""osm_name"": null, ""operator"": ""US Bitcoin"", ""footprint_sqft"": 61559, ""license"": ""ODbL-1.0""}",https://github.com/IMMM-SFA/datacenter-atlas/blob/48d45f6eef72778edf374ec52c379550bb21a046/im3_datacenter_centroids.geojson
2026-03-31,"SU Green Data Center · Onondaga, NY",OSM,site_mapped,12169,"{""dataset"": ""IM3 Open Source Data Center Atlas"", ""dataset_url"": ""https://data.msdlive.org/records/65g71-a4731"", ""atlas_commit"": ""48d45f6eef72778edf374ec52c379550bb21a046"", ""atlas_type"": ""building"", ""osm_name"": ""SU Green Data Center"", ""operator"": ""Syracuse University"", ""footprint_sqft"": 12169, ""license"": ""ODbL-1.0""}",https://github.com/IMMM-SFA/datacenter-atlas/blob/48d45f6eef72778edf374ec52c379550bb21a046/im3_datacenter_centroids.geojson
2026-03-31,"Telehouse Teleport · Richmond, NY",OSM,site_mapped,69999,"{""dataset"": ""IM3 Open Source Data Center Atlas"", ""dataset_url"": ""https://data.msdlive.org/records/65g71-a4731"", ""atlas_commit"": ""48d45f6eef72778edf374ec52c379550bb21a046"", ""atlas_type"": ""building"", ""osm_name"": ""Telehouse Teleport"", ""operator"": ""Telehouse"", ""footprint_sqft"": 69999, ""license"": ""ODbL-1.0""}",https://github.com/IMMM-SFA/datacenter-atlas/blob/48d45f6eef72778edf374ec52c379550bb21a046/im3_datacenter_centroids.geojson
2026-03-31,"Merrill Lynch Data Center · Richmond, NY",OSM,site_mapped,63435,"{""dataset"": ""IM3 Open Source Data Center Atlas"", ""dataset_url"": ""https://data.msdlive.org/records/65g71-a4731"", ""atlas_commit"": ""48d45f6eef72778edf374ec52c379550bb21a046"", ""atlas_type"": ""building"", ""osm_name"": ""Merrill Lynch Data Center"", ""operator"": ""Merrill Lynch"", ""footprint_sqft"": 63435, ""license"": ""ODbL-1.0""}",https://github.com/IMMM-SFA/datacenter-atlas/blob/48d45f6eef72778edf374ec52c379550bb21a046/im3_datacenter_centroids.geojson
2026-03-31,"fifteenfortyseven CSR ORNY1 · Rockland, NY",OSM,site_mapped,151516,"{""dataset"": ""IM3 Open Source Data Center Atlas"", ""dataset_url"": ""https://data.msdlive.org/records/65g71-a4731"", ""atlas_commit"": ""48d45f6eef72778edf374ec52c379550bb21a046"", ""atlas_type"": ""building"", ""osm_name"": ""fifteenfortyseven CSR ORNY1"", ""operator"": ""fifteenfortyseven Critical Systems Realty"", ""footprint_sqft"": 151516, ""license"": ""ODbL-1.0""}",https://github.com/IMMM-SFA/datacenter-atlas/blob/48d45f6eef72778edf374ec52c379550bb21a046/im3_datacenter_centroids.geojson
2026-03-31,"Bloomberg Data Center · Rockland, NY",OSM,site_mapped,182539,"{""dataset"": ""IM3 Open Source Data Center Atlas"", ""dataset_url"": ""https://data.msdlive.org/records/65g71-a4731"", ""atlas_commit"": ""48d45f6eef72778edf374ec52c379550bb21a046"", ""atlas_type"": ""building"", ""osm_name"": ""Bloomberg Data Center"", ""operator"": ""Bloomberg"", ""footprint_sqft"": 182539, ""license"": ""ODbL-1.0""}",https://github.com/IMMM-SFA/datacenter-atlas/blob/48d45f6eef72778edf374ec52c379550bb21a046/im3_datacenter_centroids.geojson
2026-03-31,"Databank LGA3 · Rockland, NY",OSM,site_mapped,197452,"{""dataset"": ""IM3 Open Source Data Center Atlas"", ""dataset_url"": ""https://data.msdlive.org/records/65g71-a4731"", ""atlas_commit"": ""48d45f6eef72778edf374ec52c379550bb21a046"", ""atlas_type"": ""building"", ""osm_name"": ""Databank LGA3"", ""operator"": ""Databank"", ""footprint_sqft"": 197452, ""license"": ""ODbL-1.0""}",https://github.com/IMMM-SFA/datacenter-atlas/blob/48d45f6eef72778edf374ec52c379550bb21a046/im3_datacenter_centroids.geojson
2026-03-31,"Unnamed data center · Rockland, NY",OSM,site_mapped,262772,"{""dataset"": ""IM3 Open Source Data Center Atlas"", ""dataset_url"": ""https://data.msdlive.org/records/65g71-a4731"", ""atlas_commit"": ""48d45f6eef72778edf374ec52c379550bb21a046"", ""atlas_type"": ""building"", ""osm_name"": null, ""operator"": null, ""footprint_sqft"": 262772, ""license"": ""ODbL-1.0""}",https://github.com/IMMM-SFA/datacenter-atlas/blob/48d45f6eef72778edf374ec52c379550bb21a046/im3_datacenter_centroids.geojson
2026-03-31,"Cable & Wireless Cable Landing Station · Suffolk, NY",OSM,site_mapped,36746,"{""dataset"": ""IM3 Open Source Data Center Atlas"", ""dataset_url"": ""https://data.msdlive.org/records/65g71-a4731"", ""atlas_commit"": ""48d45f6eef72778edf374ec52c379550bb21a046"", ""atlas_type"": ""building"", ""osm_name"": ""Cable & Wireless Cable Landing Station"", ""operator"": null, ""footprint_sqft"": 36746, ""license"": ""ODbL-1.0""}",https://github.com/IMMM-SFA/datacenter-atlas/blob/48d45f6eef72778edf374ec52c379550bb21a046/im3_datacenter_centroids.geojson
2026-03-31,"Unnamed data center · Westchester, NY",OSM,site_mapped,13426,"{""dataset"": ""IM3 Open Source Data Center Atlas"", ""dataset_url"": ""https://data.msdlive.org/records/65g71-a4731"", ""atlas_commit"": ""48d45f6eef72778edf374ec52c379550bb21a046"", ""atlas_type"": ""building"", ""osm_name"": null, ""operator"": null, ""footprint_sqft"": 13426, ""license"": ""ODbL-1.0""}",https://github.com/IMMM-SFA/datacenter-atlas/blob/48d45f6eef72778edf374ec52c379550bb21a046/im3_datacenter_centroids.geojson
2026-03-31,"Flexential Cincinnati · Butler, OH",OSM,site_mapped,,"{""dataset"": ""IM3 Open Source Data Center Atlas"", ""dataset_url"": ""https://data.msdlive.org/records/65g71-a4731"", ""atlas_commit"": ""48d45f6eef72778edf374ec52c379550bb21a046"", ""atlas_type"": ""point"", ""osm_name"": ""Flexential Cincinnati"", ""operator"": ""Flexential"", ""footprint_sqft"": null, ""license"": ""ODbL-1.0""}",https://github.com/IMMM-SFA/datacenter-atlas/blob/48d45f6eef72778edf374ec52c379550bb21a046/im3_datacenter_centroids.geojson
2026-03-31,"CyrusOne Cincinnati-Hamilton CIN4 · Butler, OH",OSM,site_mapped,1543625,"{""dataset"": ""IM3 Open Source Data Center Atlas"", ""dataset_url"": ""https://data.msdlive.org/records/65g71-a4731"", ""atlas_commit"": ""48d45f6eef72778edf374ec52c379550bb21a046"", ""atlas_type"": ""campus"", ""osm_name"": ""CyrusOne Cincinnati-Hamilton CIN4"", ""operator"": ""CyrusOne"", ""footprint_sqft"": 1543625, ""license"": ""ODbL-1.0""}",https://github.com/IMMM-SFA/datacenter-atlas/blob/48d45f6eef72778edf374ec52c379550bb21a046/im3_datacenter_centroids.geojson
2026-03-31,"LexisNexus Springfield · Clark, OH",OSM,site_mapped,79937,"{""dataset"": ""IM3 Open Source Data Center Atlas"", ""dataset_url"": ""https://data.msdlive.org/records/65g71-a4731"", ""atlas_commit"": ""48d45f6eef72778edf374ec52c379550bb21a046"", ""atlas_type"": ""building"", ""osm_name"": ""LexisNexus Springfield"", ""operator"": null, ""footprint_sqft"": 79937, ""license"": ""ODbL-1.0""}",https://github.com/IMMM-SFA/datacenter-atlas/blob/48d45f6eef72778edf374ec52c379550bb21a046/im3_datacenter_centroids.geojson
2026-03-31,"Involta Independence · Cuyahoga, OH",OSM,site_mapped,26393,"{""dataset"": ""IM3 Open Source Data Center Atlas"", ""dataset_url"": ""https://data.msdlive.org/records/65g71-a4731"", ""atlas_commit"": ""48d45f6eef72778edf374ec52c379550bb21a046"", ""atlas_type"": ""building"", ""osm_name"": ""Involta Independence"", ""operator"": null, ""footprint_sqft"": 26393, ""license"": ""ODbL-1.0""}",https://github.com/IMMM-SFA/datacenter-atlas/blob/48d45f6eef72778edf374ec52c379550bb21a046/im3_datacenter_centroids.geojson
2026-03-31,"T5@Cleveland · Cuyahoga, OH",OSM,site_mapped,244723,"{""dataset"": ""IM3 Open Source Data Center Atlas"", ""dataset_url"": ""https://data.msdlive.org/records/65g71-a4731"", ""atlas_commit"": ""48d45f6eef72778edf374ec52c379550bb21a046"", ""atlas_type"": ""building"", ""osm_name"": ""T5@Cleveland"", ""operator"": ""T5 Data Centers"", ""footprint_sqft"": 244723, ""license"": ""ODbL-1.0""}",https://github.com/IMMM-SFA/datacenter-atlas/blob/48d45f6eef72778edf374ec52c379550bb21a046/im3_datacenter_centroids.geojson
2026-03-31,"Lumen Cleveland · Cuyahoga, OH",OSM,site_mapped,29490,"{""dataset"": ""IM3 Open Source Data Center Atlas"", ""dataset_url"": ""https://data.msdlive.org/records/65g71-a4731"", ""atlas_commit"": ""48d45f6eef72778edf374ec52c379550bb21a046"", ""atlas_type"": ""building"", ""osm_name"": ""Lumen Cleveland"", ""operator"": null, ""footprint_sqft"": 29490, ""license"": ""ODbL-1.0""}",https://github.com/IMMM-SFA/datacenter-atlas/blob/48d45f6eef72778edf374ec52c379550bb21a046/im3_datacenter_centroids.geojson
2026-03-31,"H5 Data Center · Cuyahoga, OH",OSM,site_mapped,71439,"{""dataset"": ""IM3 Open Source Data Center Atlas"", ""dataset_url"": ""https://data.msdlive.org/records/65g71-a4731"", ""atlas_commit"": ""48d45f6eef72778edf374ec52c379550bb21a046"", ""atlas_type"": ""building"", ""osm_name"": ""H5 Data Center"", ""operator"": null, ""footprint_sqft"": 71439, ""license"": ""ODbL-1.0""}",https://github.com/IMMM-SFA/datacenter-atlas/blob/48d45f6eef72778edf374ec52c379550bb21a046/im3_datacenter_centroids.geojson
2026-03-31,"Unnamed data center · Delaware, OH",OSM,site_mapped,307645,"{""dataset"": ""IM3 Open Source Data Center Atlas"", ""dataset_url"": ""https://data.msdlive.org/records/65g71-a4731"", ""atlas_commit"": ""48d45f6eef72778edf374ec52c379550bb21a046"", ""atlas_type"": ""building"", ""osm_name"": null, ""operator"": null, ""footprint_sqft"": 307645, ""license"": ""ODbL-1.0""}",https://github.com/IMMM-SFA/datacenter-atlas/blob/48d45f6eef72778edf374ec52c379550bb21a046/im3_datacenter_centroids.geojson
2026-03-31,"Aligned Data Centers data center · Erie, OH",OSM,site_mapped,633484,"{""dataset"": ""IM3 Open Source Data Center Atlas"", ""dataset_url"": ""https://data.msdlive.org/records/65g71-a4731"", ""atlas_commit"": ""48d45f6eef72778edf374ec52c379550bb21a046"", ""atlas_type"": ""building"", ""osm_name"": null, ""operator"": ""Aligned Data Centers"", ""footprint_sqft"": 633484, ""license"": ""ODbL-1.0""}",https://github.com/IMMM-SFA/datacenter-atlas/blob/48d45f6eef72778edf374ec52c379550bb21a046/im3_datacenter_centroids.geojson
2026-03-31,"Google · Fairfield, OH",OSM,site_mapped,289253,"{""dataset"": ""IM3 Open Source Data Center Atlas"", ""dataset_url"": ""https://data.msdlive.org/records/65g71-a4731"", ""atlas_commit"": ""48d45f6eef72778edf374ec52c379550bb21a046"", ""atlas_type"": ""building"", ""osm_name"": ""Google"", ""operator"": ""Google"", ""footprint_sqft"": 289253, ""license"": ""ODbL-1.0""}",https://github.com/IMMM-SFA/datacenter-atlas/blob/48d45f6eef72778edf374ec52c379550bb21a046/im3_datacenter_centroids.geojson
2026-03-31,"Google · Franklin, OH",OSM,site_mapped,289874,"{""dataset"": ""IM3 Open Source Data Center Atlas"", ""dataset_url"": ""https://data.msdlive.org/records/65g71-a4731"", ""atlas_commit"": ""48d45f6eef72778edf374ec52c379550bb21a046"", ""atlas_type"": ""building"", ""osm_name"": ""Google"", ""operator"": ""Google"", ""footprint_sqft"": 289874, ""license"": ""ODbL-1.0""}",https://github.com/IMMM-SFA/datacenter-atlas/blob/48d45f6eef72778edf374ec52c379550bb21a046/im3_datacenter_centroids.geojson
2026-03-31,"Amazon Web Services · Franklin, OH #1",OSM,site_mapped,212842,"{""dataset"": ""IM3 Open Source Data Center Atlas"", ""dataset_url"": ""https://data.msdlive.org/records/65g71-a4731"", ""atlas_commit"": ""48d45f6eef72778edf374ec52c379550bb21a046"", ""atlas_type"": ""building"", ""osm_name"": ""Amazon Web Services"", ""operator"": ""Amazon Web Services"", ""footprint_sqft"": 212842, ""license"": ""ODbL-1.0""}",https://github.com/IMMM-SFA/datacenter-atlas/blob/48d45f6eef72778edf374ec52c379550bb21a046/im3_datacenter_centroids.geojson
2026-03-31,"Unnamed data center · Franklin, OH #1",OSM,site_mapped,261665,"{""dataset"": ""IM3 Open Source Data Center Atlas"", ""dataset_url"": ""https://data.msdlive.org/records/65g71-a4731"", ""atlas_commit"": ""48d45f6eef72778edf374ec52c379550bb21a046"", ""atlas_type"": ""building"", ""osm_name"": null, ""operator"": null, ""footprint_sqft"": 261665, ""license"": ""ODbL-1.0""}",https://github.com/IMMM-SFA/datacenter-atlas/blob/48d45f6eef72778edf374ec52c379550bb21a046/im3_datacenter_centroids.geojson
2026-03-31,"Amazon Web Services · Franklin, OH #2",OSM,site_mapped,217920,"{""dataset"": ""IM3 Open Source Data Center Atlas"", ""dataset_url"": ""https://data.msdlive.org/records/65g71-a4731"", ""atlas_commit"": ""48d45f6eef72778edf374ec52c379550bb21a046"", ""atlas_type"": ""building"", ""osm_name"": ""Amazon Web Services"", ""operator"": ""Amazon Web Services"", ""footprint_sqft"": 217920, ""license"": ""ODbL-1.0""}",https://github.com/IMMM-SFA/datacenter-atlas/blob/48d45f6eef72778edf374ec52c379550bb21a046/im3_datacenter_centroids.geojson
2026-03-31,"Unnamed data center · Franklin, OH #2",OSM,site_mapped,130027,"{""dataset"": ""IM3 Open Source Data Center Atlas"", ""dataset_url"": ""https://data.msdlive.org/records/65g71-a4731"", ""atlas_commit"": ""48d45f6eef72778edf374ec52c379550bb21a046"", ""atlas_type"": ""building"", ""osm_name"": null, ""operator"": null, ""footprint_sqft"": 130027, ""license"": ""ODbL-1.0""}",https://github.com/IMMM-SFA/datacenter-atlas/blob/48d45f6eef72778edf374ec52c379550bb21a046/im3_datacenter_centroids.geojson
2026-03-31,"Amazon Web Services · Franklin, OH #3",OSM,site_mapped,14456,"{""dataset"": ""IM3 Open Source Data Center Atlas"", ""dataset_url"": ""https://data.msdlive.org/records/65g71-a4731"", ""atlas_commit"": ""48d45f6eef72778edf374ec52c379550bb21a046"", ""atlas_type"": ""building"", ""osm_name"": ""Amazon Web Services"", ""operator"": ""Amazon Web Services"", ""footprint_sqft"": 14456, ""license"": ""ODbL-1.0""}",https://github.com/IMMM-SFA/datacenter-atlas/blob/48d45f6eef72778edf374ec52c379550bb21a046/im3_datacenter_centroids.geojson
2026-03-31,"Amazon Web Services data center · Franklin, OH",OSM,site_mapped,217845,"{""dataset"": ""IM3 Open Source Data Center Atlas"", ""dataset_url"": ""https://data.msdlive.org/records/65g71-a4731"", ""atlas_commit"": ""48d45f6eef72778edf374ec52c379550bb21a046"", ""atlas_type"": ""building"", ""osm_name"": null, ""operator"": ""Amazon Web Services"", ""footprint_sqft"": 217845, ""license"": ""ODbL-1.0""}",https://github.com/IMMM-SFA/datacenter-atlas/blob/48d45f6eef72778edf374ec52c379550bb21a046/im3_datacenter_centroids.geojson
2026-03-31,"Amazon Web Services · Franklin, OH #4",OSM,site_mapped,220580,"{""dataset"": ""IM3 Open Source Data Center Atlas"", ""dataset_url"": ""https://data.msdlive.org/records/65g71-a4731"", ""atlas_commit"": ""48d45f6eef72778edf374ec52c379550bb21a046"", ""atlas_type"": ""building"", ""osm_name"": ""Amazon Web Services"", ""operator"": ""Amazon Web Services"", ""footprint_sqft"": 220580, ""license"": ""ODbL-1.0""}",https://github.com/IMMM-SFA/datacenter-atlas/blob/48d45f6eef72778edf374ec52c379550bb21a046/im3_datacenter_centroids.geojson
2026-03-31,"Amazon Web Services · Franklin, OH #5",OSM,site_mapped,214085,"{""dataset"": ""IM3 Open Source Data Center Atlas"", ""dataset_url"": ""https://data.msdlive.org/records/65g71-a4731"", ""atlas_commit"": ""48d45f6eef72778edf374ec52c379550bb21a046"", ""atlas_type"": ""building"", ""osm_name"": ""Amazon Web Services"", ""operator"": ""Amazon Web Services"", ""footprint_sqft"": 214085, ""license"": ""ODbL-1.0""}",https://github.com/IMMM-SFA/datacenter-atlas/blob/48d45f6eef72778edf374ec52c379550bb21a046/im3_datacenter_centroids.geojson
2026-03-31,"Amazon Web Services · Franklin, OH #6",OSM,site_mapped,211155,"{""dataset"": ""IM3 Open Source Data Center Atlas"", ""dataset_url"": ""https://data.msdlive.org/records/65g71-a4731"", ""atlas_commit"": ""48d45f6eef72778edf374ec52c379550bb21a046"", ""atlas_type"": ""building"", ""osm_name"": ""Amazon Web Services"", ""operator"": ""Amazon Web Services"", ""footprint_sqft"": 211155, ""license"": ""ODbL-1.0""}",https://github.com/IMMM-SFA/datacenter-atlas/blob/48d45f6eef72778edf374ec52c379550bb21a046/im3_datacenter_centroids.geojson
2026-03-31,"Oppidan data center · Franklin, OH",OSM,site_mapped,89315,"{""dataset"": ""IM3 Open Source Data Center Atlas"", ""dataset_url"": ""https://data.msdlive.org/records/65g71-a4731"", ""atlas_commit"": ""48d45f6eef72778edf374ec52c379550bb21a046"", ""atlas_type"": ""building"", ""osm_name"": null, ""operator"": ""Oppidan"", ""footprint_sqft"": 89315, ""license"": ""ODbL-1.0""}",https://github.com/IMMM-SFA/datacenter-atlas/blob/48d45f6eef72778edf374ec52c379550bb21a046/im3_datacenter_centroids.geojson
2026-03-31,"Google NBY-6 · Franklin, OH",OSM,site_mapped,287583,"{""dataset"": ""IM3 Open Source Data Center Atlas"", ""dataset_url"": ""https://data.msdlive.org/records/65g71-a4731"", ""atlas_commit"": ""48d45f6eef72778edf374ec52c379550bb21a046"", ""atlas_type"": ""building"", ""osm_name"": ""Google NBY-6"", ""operator"": ""Google"", ""footprint_sqft"": 287583, ""license"": ""ODbL-1.0""}",https://github.com/IMMM-SFA/datacenter-atlas/blob/48d45f6eef72778edf374ec52c379550bb21a046/im3_datacenter_centroids.geojson
2026-03-31,"Google NBY-5 · Franklin, OH",OSM,site_mapped,287008,"{""dataset"": ""IM3 Open Source Data Center Atlas"", ""dataset_url"": ""https://data.msdlive.org/records/65g71-a4731"", ""atlas_commit"": ""48d45f6eef72778edf374ec52c379550bb21a046"", ""atlas_type"": ""building"", ""osm_name"": ""Google NBY-5"", ""operator"": ""Google"", ""footprint_sqft"": 287008, ""license"": ""ODbL-1.0""}",https://github.com/IMMM-SFA/datacenter-atlas/blob/48d45f6eef72778edf374ec52c379550bb21a046/im3_datacenter_centroids.geojson
2026-03-31,"Amazon Web Services · Franklin, OH #7",OSM,site_mapped,133709,"{""dataset"": ""IM3 Open Source Data Center Atlas"", ""dataset_url"": ""https://data.msdlive.org/records/65g71-a4731"", ""atlas_commit"": ""48d45f6eef72778edf374ec52c379550bb21a046"", ""atlas_type"": ""building"", ""osm_name"": ""Amazon Web Services"", ""operator"": ""Amazon Web Services"", ""footprint_sqft"": 133709, ""license"": ""ODbL-1.0""}",https://github.com/IMMM-SFA/datacenter-atlas/blob/48d45f6eef72778edf374ec52c379550bb21a046/im3_datacenter_centroids.geojson
2026-03-31,"Amazon Web Services · Franklin, OH #8",OSM,site_mapped,170922,"{""dataset"": ""IM3 Open Source Data Center Atlas"", ""dataset_url"": ""https://data.msdlive.org/records/65g71-a4731"", ""atlas_commit"": ""48d45f6eef72778edf374ec52c379550bb21a046"", ""atlas_type"": ""building"", ""osm_name"": ""Amazon Web Services"", ""operator"": ""Amazon Web Services"", ""footprint_sqft"": 170922, ""license"": ""ODbL-1.0""}",https://github.com/IMMM-SFA/datacenter-atlas/blob/48d45f6eef72778edf374ec52c379550bb21a046/im3_datacenter_centroids.geojson
2026-03-31,"Google NBY-4 · Franklin, OH",OSM,site_mapped,294201,"{""dataset"": ""IM3 Open Source Data Center Atlas"", ""dataset_url"": ""https://data.msdlive.org/records/65g71-a4731"", ""atlas_commit"": ""48d45f6eef72778edf374ec52c379550bb21a046"", ""atlas_type"": ""building"", ""osm_name"": ""Google NBY-4"", ""operator"": ""Google"", ""footprint_sqft"": 294201, ""license"": ""ODbL-1.0""}",https://github.com/IMMM-SFA/datacenter-atlas/blob/48d45f6eef72778edf374ec52c379550bb21a046/im3_datacenter_centroids.geojson
2026-03-31,"Amazon Web Services · Franklin, OH #9",OSM,site_mapped,161757,"{""dataset"": ""IM3 Open Source Data Center Atlas"", ""dataset_url"": ""https://data.msdlive.org/records/65g71-a4731"", ""atlas_commit"": ""48d45f6eef72778edf374ec52c379550bb21a046"", ""atlas_type"": ""building"", ""osm_name"": ""Amazon Web Services"", ""operator"": ""Amazon Web Services"", ""footprint_sqft"": 161757, ""license"": ""ODbL-1.0""}",https://github.com/IMMM-SFA/datacenter-atlas/blob/48d45f6eef72778edf374ec52c379550bb21a046/im3_datacenter_centroids.geojson
2026-03-31,"Amazon Web Services · Franklin, OH #10",OSM,site_mapped,142297,"{""dataset"": ""IM3 Open Source Data Center Atlas"", ""dataset_url"": ""https://data.msdlive.org/records/65g71-a4731"", ""atlas_commit"": ""48d45f6eef72778edf374ec52c379550bb21a046"", ""atlas_type"": ""building"", ""osm_name"": ""Amazon Web Services"", ""operator"": ""Amazon Web Services"", ""footprint_sqft"": 142297, ""license"": ""ODbL-1.0""}",https://github.com/IMMM-SFA/datacenter-atlas/blob/48d45f6eef72778edf374ec52c379550bb21a046/im3_datacenter_centroids.geojson
2026-03-31,"Amazon Web Services · Franklin, OH #11",OSM,site_mapped,161809,"{""dataset"": ""IM3 Open Source Data Center Atlas"", ""dataset_url"": ""https://data.msdlive.org/records/65g71-a4731"", ""atlas_commit"": ""48d45f6eef72778edf374ec52c379550bb21a046"", ""atlas_type"": ""building"", ""osm_name"": ""Amazon Web Services"", ""operator"": ""Amazon Web Services"", ""footprint_sqft"": 161809, ""license"": ""ODbL-1.0""}",https://github.com/IMMM-SFA/datacenter-atlas/blob/48d45f6eef72778edf374ec52c379550bb21a046/im3_datacenter_centroids.geojson
2026-03-31,"Amazon Web Services · Franklin, OH #12",OSM,site_mapped,131786,"{""dataset"": ""IM3 Open Source Data Center Atlas"", ""dataset_url"": ""https://data.msdlive.org/records/65g71-a4731"", ""atlas_commit"": ""48d45f6eef72778edf374ec52c379550bb21a046"", ""atlas_type"": ""building"", ""osm_name"": ""Amazon Web Services"", ""operator"": ""Amazon Web Services"", ""footprint_sqft"": 131786, ""license"": ""ODbL-1.0""}",https://github.com/IMMM-SFA/datacenter-atlas/blob/48d45f6eef72778edf374ec52c379550bb21a046/im3_datacenter_centroids.geojson
2026-03-31,"Amazon Web Services · Franklin, OH #13",OSM,site_mapped,150211,"{""dataset"": ""IM3 Open Source Data Center Atlas"", ""dataset_url"": ""https://data.msdlive.org/records/65g71-a4731"", ""atlas_commit"": ""48d45f6eef72778edf374ec52c379550bb21a046"", ""atlas_type"": ""building"", ""osm_name"": ""Amazon Web Services"", ""operator"": ""Amazon Web Services"", ""footprint_sqft"": 150211, ""license"": ""ODbL-1.0""}",https://github.com/IMMM-SFA/datacenter-atlas/blob/48d45f6eef72778edf374ec52c379550bb21a046/im3_datacenter_centroids.geojson
2026-03-31,"Amazon Web Services · Franklin, OH #14",OSM,site_mapped,150776,"{""dataset"": ""IM3 Open Source Data Center Atlas"", ""dataset_url"": ""https://data.msdlive.org/records/65g71-a4731"", ""atlas_commit"": ""48d45f6eef72778edf374ec52c379550bb21a046"", ""atlas_type"": ""building"", ""osm_name"": ""Amazon Web Services"", ""operator"": ""Amazon Web Services"", ""footprint_sqft"": 150776, ""license"": ""ODbL-1.0""}",https://github.com/IMMM-SFA/datacenter-atlas/blob/48d45f6eef72778edf374ec52c379550bb21a046/im3_datacenter_centroids.geojson
2026-03-31,"Amazon Web Services · Franklin, OH #15",OSM,site_mapped,151703,"{""dataset"": ""IM3 Open Source Data Center Atlas"", ""dataset_url"": ""https://data.msdlive.org/records/65g71-a4731"", ""atlas_commit"": ""48d45f6eef72778edf374ec52c379550bb21a046"", ""atlas_type"": ""building"", ""osm_name"": ""Amazon Web Services"", ""operator"": ""Amazon Web Services"", ""footprint_sqft"": 151703, ""license"": ""ODbL-1.0""}",https://github.com/IMMM-SFA/datacenter-atlas/blob/48d45f6eef72778edf374ec52c379550bb21a046/im3_datacenter_centroids.geojson
2026-03-31,"Amazon Web Services · Franklin, OH #16",OSM,site_mapped,159123,"{""dataset"": ""IM3 Open Source Data Center Atlas"", ""dataset_url"": ""https://data.msdlive.org/records/65g71-a4731"", ""atlas_commit"": ""48d45f6eef72778edf374ec52c379550bb21a046"", ""atlas_type"": ""building"", ""osm_name"": ""Amazon Web Services"", ""operator"": ""Amazon Web Services"", ""footprint_sqft"": 159123, ""license"": ""ODbL-1.0""}",https://github.com/IMMM-SFA/datacenter-atlas/blob/48d45f6eef72778edf374ec52c379550bb21a046/im3_datacenter_centroids.geojson
2026-03-31,"Compugen New Albany · Franklin, OH #1",OSM,site_mapped,32222,"{""dataset"": ""IM3 Open Source Data Center Atlas"", ""dataset_url"": ""https://data.msdlive.org/records/65g71-a4731"", ""atlas_commit"": ""48d45f6eef72778edf374ec52c379550bb21a046"", ""atlas_type"": ""building"", ""osm_name"": ""Compugen New Albany"", ""operator"": null, ""footprint_sqft"": 32222, ""license"": ""ODbL-1.0""}",https://github.com/IMMM-SFA/datacenter-atlas/blob/48d45f6eef72778edf374ec52c379550bb21a046/im3_datacenter_centroids.geojson
2026-03-31,"TJX Corporate Techno · Franklin, OH",OSM,site_mapped,102681,"{""dataset"": ""IM3 Open Source Data Center Atlas"", ""dataset_url"": ""https://data.msdlive.org/records/65g71-a4731"", ""atlas_commit"": ""48d45f6eef72778edf374ec52c379550bb21a046"", ""atlas_type"": ""building"", ""osm_name"": ""TJX Corporate Techno"", ""operator"": null, ""footprint_sqft"": 102681, ""license"": ""ODbL-1.0""}",https://github.com/IMMM-SFA/datacenter-atlas/blob/48d45f6eef72778edf374ec52c379550bb21a046/im3_datacenter_centroids.geojson
2026-03-31,"Compugen New Albany · Franklin, OH #2",OSM,site_mapped,44250,"{""dataset"": ""IM3 Open Source Data Center Atlas"", ""dataset_url"": ""https://data.msdlive.org/records/65g71-a4731"", ""atlas_commit"": ""48d45f6eef72778edf374ec52c379550bb21a046"", ""atlas_type"": ""building"", ""osm_name"": ""Compugen New Albany"", ""operator"": null, ""footprint_sqft"": 44250, ""license"": ""ODbL-1.0""}",https://github.com/IMMM-SFA/datacenter-atlas/blob/48d45f6eef72778edf374ec52c379550bb21a046/im3_datacenter_centroids.geojson
2026-03-31,"STACK New Albany · Franklin, OH",OSM,site_mapped,563283,"{""dataset"": ""IM3 Open Source Data Center Atlas"", ""dataset_url"": ""https://data.msdlive.org/records/65g71-a4731"", ""atlas_commit"": ""48d45f6eef72778edf374ec52c379550bb21a046"", ""atlas_type"": ""campus"", ""osm_name"": ""STACK New Albany"", ""operator"": null, ""footprint_sqft"": 563283, ""license"": ""ODbL-1.0""}",https://github.com/IMMM-SFA/datacenter-atlas/blob/48d45f6eef72778edf374ec52c379550bb21a046/im3_datacenter_centroids.geojson
2026-03-31,"Unnamed data center · Franklin, OH #3",OSM,site_mapped,56266,"{""dataset"": ""IM3 Open Source Data Center Atlas"", ""dataset_url"": ""https://data.msdlive.org/records/65g71-a4731"", ""atlas_commit"": ""48d45f6eef72778edf374ec52c379550bb21a046"", ""atlas_type"": ""building"", ""osm_name"": null, ""operator"": null, ""footprint_sqft"": 56266, ""license"": ""ODbL-1.0""}",https://github.com/IMMM-SFA/datacenter-atlas/blob/48d45f6eef72778edf374ec52c379550bb21a046/im3_datacenter_centroids.geojson
2026-03-31,"Unnamed data center · Franklin, OH #4",OSM,site_mapped,100131,"{""dataset"": ""IM3 Open Source Data Center Atlas"", ""dataset_url"": ""https://data.msdlive.org/records/65g71-a4731"", ""atlas_commit"": ""48d45f6eef72778edf374ec52c379550bb21a046"", ""atlas_type"": ""building"", ""osm_name"": null, ""operator"": null, ""footprint_sqft"": 100131, ""license"": ""ODbL-1.0""}",https://github.com/IMMM-SFA/datacenter-atlas/blob/48d45f6eef72778edf374ec52c379550bb21a046/im3_datacenter_centroids.geojson
2026-03-31,"CyrusOne CIN2 · Hamilton, OH",OSM,site_mapped,29534,"{""dataset"": ""IM3 Open Source Data Center Atlas"", ""dataset_url"": ""https://data.msdlive.org/records/65g71-a4731"", ""atlas_commit"": ""48d45f6eef72778edf374ec52c379550bb21a046"", ""atlas_type"": ""building"", ""osm_name"": ""CyrusOne CIN2"", ""operator"": ""CyrusOne"", ""footprint_sqft"": 29534, ""license"": ""ODbL-1.0""}",https://github.com/IMMM-SFA/datacenter-atlas/blob/48d45f6eef72778edf374ec52c379550bb21a046/im3_datacenter_centroids.geojson
2026-03-31,"Unnamed data center · Hamilton, OH",OSM,site_mapped,13074,"{""dataset"": ""IM3 Open Source Data Center Atlas"", ""dataset_url"": ""https://data.msdlive.org/records/65g71-a4731"", ""atlas_commit"": ""48d45f6eef72778edf374ec52c379550bb21a046"", ""atlas_type"": ""building"", ""osm_name"": null, ""operator"": null, ""footprint_sqft"": 13074, ""license"": ""ODbL-1.0""}",https://github.com/IMMM-SFA/datacenter-atlas/blob/48d45f6eef72778edf374ec52c379550bb21a046/im3_datacenter_centroids.geojson
2026-03-31,"QTS NAL 2 DC2 · Licking, OH",OSM,site_mapped,147657,"{""dataset"": ""IM3 Open Source Data Center Atlas"", ""dataset_url"": ""https://data.msdlive.org/records/65g71-a4731"", ""atlas_commit"": ""48d45f6eef72778edf374ec52c379550bb21a046"", ""atlas_type"": ""building"", ""osm_name"": ""QTS NAL 2 DC2"", ""operator"": ""Quality Technology Services"", ""footprint_sqft"": 147657, ""license"": ""ODbL-1.0""}",https://github.com/IMMM-SFA/datacenter-atlas/blob/48d45f6eef72778edf374ec52c379550bb21a046/im3_datacenter_centroids.geojson
2026-03-31,"Google NBY-6 · Licking, OH",OSM,site_mapped,287583,"{""dataset"": ""IM3 Open Source Data Center Atlas"", ""dataset_url"": ""https://data.msdlive.org/records/65g71-a4731"", ""atlas_commit"": ""48d45f6eef72778edf374ec52c379550bb21a046"", ""atlas_type"": ""building"", ""osm_name"": ""Google NBY-6"", ""operator"": ""Google"", ""footprint_sqft"": 287583, ""license"": ""ODbL-1.0""}",https://github.com/IMMM-SFA/datacenter-atlas/blob/48d45f6eef72778edf374ec52c379550bb21a046/im3_datacenter_centroids.geojson
2026-03-31,"Google NBY-7 · Licking, OH",OSM,site_mapped,175532,"{""dataset"": ""IM3 Open Source Data Center Atlas"", ""dataset_url"": ""https://data.msdlive.org/records/65g71-a4731"", ""atlas_commit"": ""48d45f6eef72778edf374ec52c379550bb21a046"", ""atlas_type"": ""building"", ""osm_name"": ""Google NBY-7"", ""operator"": ""Google"", ""footprint_sqft"": 175532, ""license"": ""ODbL-1.0""}",https://github.com/IMMM-SFA/datacenter-atlas/blob/48d45f6eef72778edf374ec52c379550bb21a046/im3_datacenter_centroids.geojson
2026-03-31,"QTS NAL 2 DC1 · Licking, OH",OSM,site_mapped,163319,"{""dataset"": ""IM3 Open Source Data Center Atlas"", ""dataset_url"": ""https://data.msdlive.org/records/65g71-a4731"", ""atlas_commit"": ""48d45f6eef72778edf374ec52c379550bb21a046"", ""atlas_type"": ""building"", ""osm_name"": ""QTS NAL 2 DC1"", ""operator"": ""Quality Technology Services"", ""footprint_sqft"": 163319, ""license"": ""ODbL-1.0""}",https://github.com/IMMM-SFA/datacenter-atlas/blob/48d45f6eef72778edf374ec52c379550bb21a046/im3_datacenter_centroids.geojson
2026-03-31,"Google NBY-3 · Licking, OH",OSM,site_mapped,284807,"{""dataset"": ""IM3 Open Source Data Center Atlas"", ""dataset_url"": ""https://data.msdlive.org/records/65g71-a4731"", ""atlas_commit"": ""48d45f6eef72778edf374ec52c379550bb21a046"", ""atlas_type"": ""building"", ""osm_name"": ""Google NBY-3"", ""operator"": ""Google"", ""footprint_sqft"": 284807, ""license"": ""ODbL-1.0""}",https://github.com/IMMM-SFA/datacenter-atlas/blob/48d45f6eef72778edf374ec52c379550bb21a046/im3_datacenter_centroids.geojson
2026-03-31,"Unnamed data center · Licking, OH",OSM,site_mapped,95190,"{""dataset"": ""IM3 Open Source Data Center Atlas"", ""dataset_url"": ""https://data.msdlive.org/records/65g71-a4731"", ""atlas_commit"": ""48d45f6eef72778edf374ec52c379550bb21a046"", ""atlas_type"": ""building"", ""osm_name"": null, ""operator"": null, ""footprint_sqft"": 95190, ""license"": ""ODbL-1.0""}",https://github.com/IMMM-SFA/datacenter-atlas/blob/48d45f6eef72778edf374ec52c379550bb21a046/im3_datacenter_centroids.geojson
2026-03-31,"Google NBY-2 · Licking, OH",OSM,site_mapped,138878,"{""dataset"": ""IM3 Open Source Data Center Atlas"", ""dataset_url"": ""https://data.msdlive.org/records/65g71-a4731"", ""atlas_commit"": ""48d45f6eef72778edf374ec52c379550bb21a046"", ""atlas_type"": ""building"", ""osm_name"": ""Google NBY-2"", ""operator"": ""Google"", ""footprint_sqft"": 138878, ""license"": ""ODbL-1.0""}",https://github.com/IMMM-SFA/datacenter-atlas/blob/48d45f6eef72778edf374ec52c379550bb21a046/im3_datacenter_centroids.geojson
2026-03-31,"Meta New Albany Data Center · Licking, OH #1",OSM,site_mapped,608761,"{""dataset"": ""IM3 Open Source Data Center Atlas"", ""dataset_url"": ""https://data.msdlive.org/records/65g71-a4731"", ""atlas_commit"": ""48d45f6eef72778edf374ec52c379550bb21a046"", ""atlas_type"": ""building"", ""osm_name"": ""Meta New Albany Data Center"", ""operator"": ""Meta"", ""footprint_sqft"": 608761, ""license"": ""ODbL-1.0""}",https://github.com/IMMM-SFA/datacenter-atlas/blob/48d45f6eef72778edf374ec52c379550bb21a046/im3_datacenter_centroids.geojson
2026-03-31,"Google NBY-1 · Licking, OH",OSM,site_mapped,145177,"{""dataset"": ""IM3 Open Source Data Center Atlas"", ""dataset_url"": ""https://data.msdlive.org/records/65g71-a4731"", ""atlas_commit"": ""48d45f6eef72778edf374ec52c379550bb21a046"", ""atlas_type"": ""building"", ""osm_name"": ""Google NBY-1"", ""operator"": ""Google"", ""footprint_sqft"": 145177, ""license"": ""ODbL-1.0""}",https://github.com/IMMM-SFA/datacenter-atlas/blob/48d45f6eef72778edf374ec52c379550bb21a046/im3_datacenter_centroids.geojson
2026-03-31,"Meta · Licking, OH #1",OSM,site_mapped,365548,"{""dataset"": ""IM3 Open Source Data Center Atlas"", ""dataset_url"": ""https://data.msdlive.org/records/65g71-a4731"", ""atlas_commit"": ""48d45f6eef72778edf374ec52c379550bb21a046"", ""atlas_type"": ""building"", ""osm_name"": ""Meta"", ""operator"": ""Meta"", ""footprint_sqft"": 365548, ""license"": ""ODbL-1.0""}",https://github.com/IMMM-SFA/datacenter-atlas/blob/48d45f6eef72778edf374ec52c379550bb21a046/im3_datacenter_centroids.geojson
2026-03-31,"QTS NAL1 DC2 · Licking, OH",OSM,site_mapped,226711,"{""dataset"": ""IM3 Open Source Data Center Atlas"", ""dataset_url"": ""https://data.msdlive.org/records/65g71-a4731"", ""atlas_commit"": ""48d45f6eef72778edf374ec52c379550bb21a046"", ""atlas_type"": ""building"", ""osm_name"": ""QTS NAL1 DC2"", ""operator"": ""Quality Technology Services"", ""footprint_sqft"": 226711, ""license"": ""ODbL-1.0""}",https://github.com/IMMM-SFA/datacenter-atlas/blob/48d45f6eef72778edf374ec52c379550bb21a046/im3_datacenter_centroids.geojson
2026-03-31,"QTS NAL1 DC1 · Licking, OH",OSM,site_mapped,225116,"{""dataset"": ""IM3 Open Source Data Center Atlas"", ""dataset_url"": ""https://data.msdlive.org/records/65g71-a4731"", ""atlas_commit"": ""48d45f6eef72778edf374ec52c379550bb21a046"", ""atlas_type"": ""building"", ""osm_name"": ""QTS NAL1 DC1"", ""operator"": ""Quality Technology Services"", ""footprint_sqft"": 225116, ""license"": ""ODbL-1.0""}",https://github.com/IMMM-SFA/datacenter-atlas/blob/48d45f6eef72778edf374ec52c379550bb21a046/im3_datacenter_centroids.geojson
2026-03-31,"Meta · Licking, OH #2",OSM,site_mapped,304109,"{""dataset"": ""IM3 Open Source Data Center Atlas"", ""dataset_url"": ""https://data.msdlive.org/records/65g71-a4731"", ""atlas_commit"": ""48d45f6eef72778edf374ec52c379550bb21a046"", ""atlas_type"": ""building"", ""osm_name"": ""Meta"", ""operator"": ""Meta"", ""footprint_sqft"": 304109, ""license"": ""ODbL-1.0""}",https://github.com/IMMM-SFA/datacenter-atlas/blob/48d45f6eef72778edf374ec52c379550bb21a046/im3_datacenter_centroids.geojson
2026-03-31,"Meta New Albany Data Center · Licking, OH #2",OSM,site_mapped,663286,"{""dataset"": ""IM3 Open Source Data Center Atlas"", ""dataset_url"": ""https://data.msdlive.org/records/65g71-a4731"", ""atlas_commit"": ""48d45f6eef72778edf374ec52c379550bb21a046"", ""atlas_type"": ""building"", ""osm_name"": ""Meta New Albany Data Center"", ""operator"": ""Meta"", ""footprint_sqft"": 663286, ""license"": ""ODbL-1.0""}",https://github.com/IMMM-SFA/datacenter-atlas/blob/48d45f6eef72778edf374ec52c379550bb21a046/im3_datacenter_centroids.geojson
2026-03-31,"Meta New Albany Data Center · Licking, OH #3",OSM,site_mapped,663238,"{""dataset"": ""IM3 Open Source Data Center Atlas"", ""dataset_url"": ""https://data.msdlive.org/records/65g71-a4731"", ""atlas_commit"": ""48d45f6eef72778edf374ec52c379550bb21a046"", ""atlas_type"": ""building"", ""osm_name"": ""Meta New Albany Data Center"", ""operator"": ""Meta"", ""footprint_sqft"": 663238, ""license"": ""ODbL-1.0""}",https://github.com/IMMM-SFA/datacenter-atlas/blob/48d45f6eef72778edf374ec52c379550bb21a046/im3_datacenter_centroids.geojson
2026-03-31,"Amazon Web Services · Licking, OH #1",OSM,site_mapped,214261,"{""dataset"": ""IM3 Open Source Data Center Atlas"", ""dataset_url"": ""https://data.msdlive.org/records/65g71-a4731"", ""atlas_commit"": ""48d45f6eef72778edf374ec52c379550bb21a046"", ""atlas_type"": ""building"", ""osm_name"": ""Amazon Web Services"", ""operator"": ""Amazon Web Services"", ""footprint_sqft"": 214261, ""license"": ""ODbL-1.0""}",https://github.com/IMMM-SFA/datacenter-atlas/blob/48d45f6eef72778edf374ec52c379550bb21a046/im3_datacenter_centroids.geojson
2026-03-31,"Amazon Web Services · Licking, OH #2",OSM,site_mapped,14223,"{""dataset"": ""IM3 Open Source Data Center Atlas"", ""dataset_url"": ""https://data.msdlive.org/records/65g71-a4731"", ""atlas_commit"": ""48d45f6eef72778edf374ec52c379550bb21a046"", ""atlas_type"": ""building"", ""osm_name"": ""Amazon Web Services"", ""operator"": ""Amazon Web Services"", ""footprint_sqft"": 14223, ""license"": ""ODbL-1.0""}",https://github.com/IMMM-SFA/datacenter-atlas/blob/48d45f6eef72778edf374ec52c379550bb21a046/im3_datacenter_centroids.geojson
2026-03-31,"Amazon Web Services CMH62 · Licking, OH",OSM,site_mapped,136329,"{""dataset"": ""IM3 Open Source Data Center Atlas"", ""dataset_url"": ""https://data.msdlive.org/records/65g71-a4731"", ""atlas_commit"": ""48d45f6eef72778edf374ec52c379550bb21a046"", ""atlas_type"": ""building"", ""osm_name"": ""Amazon Web Services CMH62"", ""operator"": ""Amazon Web Services"", ""footprint_sqft"": 136329, ""license"": ""ODbL-1.0""}",https://github.com/IMMM-SFA/datacenter-atlas/blob/48d45f6eef72778edf374ec52c379550bb21a046/im3_datacenter_centroids.geojson
2026-03-31,"Amazon Web Services · Licking, OH #3",OSM,site_mapped,214329,"{""dataset"": ""IM3 Open Source Data Center Atlas"", ""dataset_url"": ""https://data.msdlive.org/records/65g71-a4731"", ""atlas_commit"": ""48d45f6eef72778edf374ec52c379550bb21a046"", ""atlas_type"": ""building"", ""osm_name"": ""Amazon Web Services"", ""operator"": ""Amazon Web Services"", ""footprint_sqft"": 214329, ""license"": ""ODbL-1.0""}",https://github.com/IMMM-SFA/datacenter-atlas/blob/48d45f6eef72778edf374ec52c379550bb21a046/im3_datacenter_centroids.geojson
2026-03-31,"Amazon Web Services  CMH53 · Licking, OH",OSM,site_mapped,154029,"{""dataset"": ""IM3 Open Source Data Center Atlas"", ""dataset_url"": ""https://data.msdlive.org/records/65g71-a4731"", ""atlas_commit"": ""48d45f6eef72778edf374ec52c379550bb21a046"", ""atlas_type"": ""building"", ""osm_name"": ""Amazon Web Services  CMH53"", ""operator"": ""Amazon Web Services"", ""footprint_sqft"": 154029, ""license"": ""ODbL-1.0""}",https://github.com/IMMM-SFA/datacenter-atlas/blob/48d45f6eef72778edf374ec52c379550bb21a046/im3_datacenter_centroids.geojson
2026-03-31,"Amazon Web Services  CMH59 · Licking, OH",OSM,site_mapped,161123,"{""dataset"": ""IM3 Open Source Data Center Atlas"", ""dataset_url"": ""https://data.msdlive.org/records/65g71-a4731"", ""atlas_commit"": ""48d45f6eef72778edf374ec52c379550bb21a046"", ""atlas_type"": ""building"", ""osm_name"": ""Amazon Web Services  CMH59"", ""operator"": ""Amazon Web Services"", ""footprint_sqft"": 161123, ""license"": ""ODbL-1.0""}",https://github.com/IMMM-SFA/datacenter-atlas/blob/48d45f6eef72778edf374ec52c379550bb21a046/im3_datacenter_centroids.geojson
2026-03-31,"Amazon Web Services · Licking, OH #4",OSM,site_mapped,213118,"{""dataset"": ""IM3 Open Source Data Center Atlas"", ""dataset_url"": ""https://data.msdlive.org/records/65g71-a4731"", ""atlas_commit"": ""48d45f6eef72778edf374ec52c379550bb21a046"", ""atlas_type"": ""building"", ""osm_name"": ""Amazon Web Services"", ""operator"": ""Amazon Web Services"", ""footprint_sqft"": 213118, ""license"": ""ODbL-1.0""}",https://github.com/IMMM-SFA/datacenter-atlas/blob/48d45f6eef72778edf374ec52c379550bb21a046/im3_datacenter_centroids.geojson
2026-03-31,"Amazon Web Services · Licking, OH #5",OSM,site_mapped,72426,"{""dataset"": ""IM3 Open Source Data Center Atlas"", ""dataset_url"": ""https://data.msdlive.org/records/65g71-a4731"", ""atlas_commit"": ""48d45f6eef72778edf374ec52c379550bb21a046"", ""atlas_type"": ""building"", ""osm_name"": ""Amazon Web Services"", ""operator"": ""Amazon Web Services"", ""footprint_sqft"": 72426, ""license"": ""ODbL-1.0""}",https://github.com/IMMM-SFA/datacenter-atlas/blob/48d45f6eef72778edf374ec52c379550bb21a046/im3_datacenter_centroids.geojson
2026-03-31,"Amazon Web Services  CMH50 · Licking, OH",OSM,site_mapped,161683,"{""dataset"": ""IM3 Open Source Data Center Atlas"", ""dataset_url"": ""https://data.msdlive.org/records/65g71-a4731"", ""atlas_commit"": ""48d45f6eef72778edf374ec52c379550bb21a046"", ""atlas_type"": ""building"", ""osm_name"": ""Amazon Web Services  CMH50"", ""operator"": ""Amazon Web Services"", ""footprint_sqft"": 161683, ""license"": ""ODbL-1.0""}",https://github.com/IMMM-SFA/datacenter-atlas/blob/48d45f6eef72778edf374ec52c379550bb21a046/im3_datacenter_centroids.geojson
2026-03-31,"Amazon Web Services · Licking, OH #6",OSM,site_mapped,211441,"{""dataset"": ""IM3 Open Source Data Center Atlas"", ""dataset_url"": ""https://data.msdlive.org/records/65g71-a4731"", ""atlas_commit"": ""48d45f6eef72778edf374ec52c379550bb21a046"", ""atlas_type"": ""building"", ""osm_name"": ""Amazon Web Services"", ""operator"": ""Amazon Web Services"", ""footprint_sqft"": 211441, ""license"": ""ODbL-1.0""}",https://github.com/IMMM-SFA/datacenter-atlas/blob/48d45f6eef72778edf374ec52c379550bb21a046/im3_datacenter_centroids.geojson
2026-03-31,"Amazon Web Services CMH56 · Licking, OH",OSM,site_mapped,154677,"{""dataset"": ""IM3 Open Source Data Center Atlas"", ""dataset_url"": ""https://data.msdlive.org/records/65g71-a4731"", ""atlas_commit"": ""48d45f6eef72778edf374ec52c379550bb21a046"", ""atlas_type"": ""building"", ""osm_name"": ""Amazon Web Services CMH56"", ""operator"": ""Amazon Web Services"", ""footprint_sqft"": 154677, ""license"": ""ODbL-1.0""}",https://github.com/IMMM-SFA/datacenter-atlas/blob/48d45f6eef72778edf374ec52c379550bb21a046/im3_datacenter_centroids.geojson
2026-03-31,"Vantage Building 3 · Licking, OH",OSM,site_mapped,222450,"{""dataset"": ""IM3 Open Source Data Center Atlas"", ""dataset_url"": ""https://data.msdlive.org/records/65g71-a4731"", ""atlas_commit"": ""48d45f6eef72778edf374ec52c379550bb21a046"", ""atlas_type"": ""building"", ""osm_name"": ""Vantage Building 3"", ""operator"": ""Vantage"", ""footprint_sqft"": 222450, ""license"": ""ODbL-1.0""}",https://github.com/IMMM-SFA/datacenter-atlas/blob/48d45f6eef72778edf374ec52c379550bb21a046/im3_datacenter_centroids.geojson
2026-03-31,"Amazon New Albany: Jug and Beach Road · Licking, OH",OSM,site_mapped,1524640,"{""dataset"": ""IM3 Open Source Data Center Atlas"", ""dataset_url"": ""https://data.msdlive.org/records/65g71-a4731"", ""atlas_commit"": ""48d45f6eef72778edf374ec52c379550bb21a046"", ""atlas_type"": ""campus"", ""osm_name"": ""Amazon New Albany: Jug and Beach Road"", ""operator"": null, ""footprint_sqft"": 1524640, ""license"": ""ODbL-1.0""}",https://github.com/IMMM-SFA/datacenter-atlas/blob/48d45f6eef72778edf374ec52c379550bb21a046/im3_datacenter_centroids.geojson
2026-03-31,"Vantage Building 2 · Licking, OH",OSM,site_mapped,237734,"{""dataset"": ""IM3 Open Source Data Center Atlas"", ""dataset_url"": ""https://data.msdlive.org/records/65g71-a4731"", ""atlas_commit"": ""48d45f6eef72778edf374ec52c379550bb21a046"", ""atlas_type"": ""building"", ""osm_name"": ""Vantage Building 2"", ""operator"": ""Vantage"", ""footprint_sqft"": 237734, ""license"": ""ODbL-1.0""}",https://github.com/IMMM-SFA/datacenter-atlas/blob/48d45f6eef72778edf374ec52c379550bb21a046/im3_datacenter_centroids.geojson
2026-03-31,"Amazon Web Services · Licking, OH #7",OSM,site_mapped,125656,"{""dataset"": ""IM3 Open Source Data Center Atlas"", ""dataset_url"": ""https://data.msdlive.org/records/65g71-a4731"", ""atlas_commit"": ""48d45f6eef72778edf374ec52c379550bb21a046"", ""atlas_type"": ""building"", ""osm_name"": ""Amazon Web Services"", ""operator"": ""Amazon Web Services"", ""footprint_sqft"": 125656, ""license"": ""ODbL-1.0""}",https://github.com/IMMM-SFA/datacenter-atlas/blob/48d45f6eef72778edf374ec52c379550bb21a046/im3_datacenter_centroids.geojson
2026-03-31,"Amazon Web Services · Licking, OH #8",OSM,site_mapped,213519,"{""dataset"": ""IM3 Open Source Data Center Atlas"", ""dataset_url"": ""https://data.msdlive.org/records/65g71-a4731"", ""atlas_commit"": ""48d45f6eef72778edf374ec52c379550bb21a046"", ""atlas_type"": ""building"", ""osm_name"": ""Amazon Web Services"", ""operator"": ""Amazon Web Services"", ""footprint_sqft"": 213519, ""license"": ""ODbL-1.0""}",https://github.com/IMMM-SFA/datacenter-atlas/blob/48d45f6eef72778edf374ec52c379550bb21a046/im3_datacenter_centroids.geojson
2026-03-31,"Vantage Building 1 · Licking, OH",OSM,site_mapped,245446,"{""dataset"": ""IM3 Open Source Data Center Atlas"", ""dataset_url"": ""https://data.msdlive.org/records/65g71-a4731"", ""atlas_commit"": ""48d45f6eef72778edf374ec52c379550bb21a046"", ""atlas_type"": ""building"", ""osm_name"": ""Vantage Building 1"", ""operator"": ""Vantage"", ""footprint_sqft"": 245446, ""license"": ""ODbL-1.0""}",https://github.com/IMMM-SFA/datacenter-atlas/blob/48d45f6eef72778edf374ec52c379550bb21a046/im3_datacenter_centroids.geojson
2026-03-31,"Carrier Services Group · Mahoning, OH",OSM,site_mapped,75379,"{""dataset"": ""IM3 Open Source Data Center Atlas"", ""dataset_url"": ""https://data.msdlive.org/records/65g71-a4731"", ""atlas_commit"": ""48d45f6eef72778edf374ec52c379550bb21a046"", ""atlas_type"": ""building"", ""osm_name"": ""Carrier Services Group"", ""operator"": null, ""footprint_sqft"": 75379, ""license"": ""ODbL-1.0""}",https://github.com/IMMM-SFA/datacenter-atlas/blob/48d45f6eef72778edf374ec52c379550bb21a046/im3_datacenter_centroids.geojson
2026-03-31,"Involta-Akron · Summit, OH",OSM,site_mapped,59427,"{""dataset"": ""IM3 Open Source Data Center Atlas"", ""dataset_url"": ""https://data.msdlive.org/records/65g71-a4731"", ""atlas_commit"": ""48d45f6eef72778edf374ec52c379550bb21a046"", ""atlas_type"": ""building"", ""osm_name"": ""Involta-Akron"", ""operator"": null, ""footprint_sqft"": 59427, ""license"": ""ODbL-1.0""}",https://github.com/IMMM-SFA/datacenter-atlas/blob/48d45f6eef72778edf374ec52c379550bb21a046/im3_datacenter_centroids.geojson
2026-03-31,"Amazon Web Services · Union, OH #1",OSM,site_mapped,218032,"{""dataset"": ""IM3 Open Source Data Center Atlas"", ""dataset_url"": ""https://data.msdlive.org/records/65g71-a4731"", ""atlas_commit"": ""48d45f6eef72778edf374ec52c379550bb21a046"", ""atlas_type"": ""building"", ""osm_name"": ""Amazon Web Services"", ""operator"": ""Amazon Web Services"", ""footprint_sqft"": 218032, ""license"": ""ODbL-1.0""}",https://github.com/IMMM-SFA/datacenter-atlas/blob/48d45f6eef72778edf374ec52c379550bb21a046/im3_datacenter_centroids.geojson
2026-03-31,"Amazon Web Services data center · Union, OH",OSM,site_mapped,213349,"{""dataset"": ""IM3 Open Source Data Center Atlas"", ""dataset_url"": ""https://data.msdlive.org/records/65g71-a4731"", ""atlas_commit"": ""48d45f6eef72778edf374ec52c379550bb21a046"", ""atlas_type"": ""building"", ""osm_name"": null, ""operator"": ""Amazon Web Services"", ""footprint_sqft"": 213349, ""license"": ""ODbL-1.0""}",https://github.com/IMMM-SFA/datacenter-atlas/blob/48d45f6eef72778edf374ec52c379550bb21a046/im3_datacenter_centroids.geojson
2026-03-31,"Amazon Web Services · Union, OH #2",OSM,site_mapped,216190,"{""dataset"": ""IM3 Open Source Data Center Atlas"", ""dataset_url"": ""https://data.msdlive.org/records/65g71-a4731"", ""atlas_commit"": ""48d45f6eef72778edf374ec52c379550bb21a046"", ""atlas_type"": ""building"", ""osm_name"": ""Amazon Web Services"", ""operator"": ""Amazon Web Services"", ""footprint_sqft"": 216190, ""license"": ""ODbL-1.0""}",https://github.com/IMMM-SFA/datacenter-atlas/blob/48d45f6eef72778edf374ec52c379550bb21a046/im3_datacenter_centroids.geojson
2026-03-31,"Amazon Web Services · Union, OH #3",OSM,site_mapped,13652,"{""dataset"": ""IM3 Open Source Data Center Atlas"", ""dataset_url"": ""https://data.msdlive.org/records/65g71-a4731"", ""atlas_commit"": ""48d45f6eef72778edf374ec52c379550bb21a046"", ""atlas_type"": ""building"", ""osm_name"": ""Amazon Web Services"", ""operator"": ""Amazon Web Services"", ""footprint_sqft"": 13652, ""license"": ""ODbL-1.0""}",https://github.com/IMMM-SFA/datacenter-atlas/blob/48d45f6eef72778edf374ec52c379550bb21a046/im3_datacenter_centroids.geojson
2026-03-31,"Amazon Web Services · Union, OH #4",OSM,site_mapped,211969,"{""dataset"": ""IM3 Open Source Data Center Atlas"", ""dataset_url"": ""https://data.msdlive.org/records/65g71-a4731"", ""atlas_commit"": ""48d45f6eef72778edf374ec52c379550bb21a046"", ""atlas_type"": ""building"", ""osm_name"": ""Amazon Web Services"", ""operator"": ""Amazon Web Services"", ""footprint_sqft"": 211969, ""license"": ""ODbL-1.0""}",https://github.com/IMMM-SFA/datacenter-atlas/blob/48d45f6eef72778edf374ec52c379550bb21a046/im3_datacenter_centroids.geojson
2026-03-31,"Amazon Web Services · Union, OH #5",OSM,site_mapped,156855,"{""dataset"": ""IM3 Open Source Data Center Atlas"", ""dataset_url"": ""https://data.msdlive.org/records/65g71-a4731"", ""atlas_commit"": ""48d45f6eef72778edf374ec52c379550bb21a046"", ""atlas_type"": ""building"", ""osm_name"": ""Amazon Web Services"", ""operator"": ""Amazon Web Services"", ""footprint_sqft"": 156855, ""license"": ""ODbL-1.0""}",https://github.com/IMMM-SFA/datacenter-atlas/blob/48d45f6eef72778edf374ec52c379550bb21a046/im3_datacenter_centroids.geojson
2026-03-31,"Amazon Web Services · Union, OH #6",OSM,site_mapped,233609,"{""dataset"": ""IM3 Open Source Data Center Atlas"", ""dataset_url"": ""https://data.msdlive.org/records/65g71-a4731"", ""atlas_commit"": ""48d45f6eef72778edf374ec52c379550bb21a046"", ""atlas_type"": ""building"", ""osm_name"": ""Amazon Web Services"", ""operator"": ""Amazon Web Services"", ""footprint_sqft"": 233609, ""license"": ""ODbL-1.0""}",https://github.com/IMMM-SFA/datacenter-atlas/blob/48d45f6eef72778edf374ec52c379550bb21a046/im3_datacenter_centroids.geojson
2026-03-31,"Amazon Web Services · Union, OH #7",OSM,site_mapped,210421,"{""dataset"": ""IM3 Open Source Data Center Atlas"", ""dataset_url"": ""https://data.msdlive.org/records/65g71-a4731"", ""atlas_commit"": ""48d45f6eef72778edf374ec52c379550bb21a046"", ""atlas_type"": ""building"", ""osm_name"": ""Amazon Web Services"", ""operator"": ""Amazon Web Services"", ""footprint_sqft"": 210421, ""license"": ""ODbL-1.0""}",https://github.com/IMMM-SFA/datacenter-atlas/blob/48d45f6eef72778edf374ec52c379550bb21a046/im3_datacenter_centroids.geojson
2026-03-31,"CyrusOne Cincinnati-Mason CIN3 · Warren, OH",OSM,site_mapped,82813,"{""dataset"": ""IM3 Open Source Data Center Atlas"", ""dataset_url"": ""https://data.msdlive.org/records/65g71-a4731"", ""atlas_commit"": ""48d45f6eef72778edf374ec52c379550bb21a046"", ""atlas_type"": ""building"", ""osm_name"": ""CyrusOne Cincinnati-Mason CIN3"", ""operator"": ""CyrusOne"", ""footprint_sqft"": 82813, ""license"": ""ODbL-1.0""}",https://github.com/IMMM-SFA/datacenter-atlas/blob/48d45f6eef72778edf374ec52c379550bb21a046/im3_datacenter_centroids.geojson
2026-03-31,"CyrusOne Cincinnati-Lebanon · Warren, OH",OSM,site_mapped,198403,"{""dataset"": ""IM3 Open Source Data Center Atlas"", ""dataset_url"": ""https://data.msdlive.org/records/65g71-a4731"", ""atlas_commit"": ""48d45f6eef72778edf374ec52c379550bb21a046"", ""atlas_type"": ""building"", ""osm_name"": ""CyrusOne Cincinnati-Lebanon"", ""operator"": null, ""footprint_sqft"": 198403, ""license"": ""ODbL-1.0""}",https://github.com/IMMM-SFA/datacenter-atlas/blob/48d45f6eef72778edf374ec52c379550bb21a046/im3_datacenter_centroids.geojson
2026-03-31,"Meta Bowling Green Data Center · Wood, OH",OSM,site_mapped,21498189,"{""dataset"": ""IM3 Open Source Data Center Atlas"", ""dataset_url"": ""https://data.msdlive.org/records/65g71-a4731"", ""atlas_commit"": ""48d45f6eef72778edf374ec52c379550bb21a046"", ""atlas_type"": ""campus"", ""osm_name"": ""Meta Bowling Green Data Center"", ""operator"": null, ""footprint_sqft"": 21498189, ""license"": ""ODbL-1.0""}",https://github.com/IMMM-SFA/datacenter-atlas/blob/48d45f6eef72778edf374ec52c379550bb21a046/im3_datacenter_centroids.geojson
2026-03-31,"Choctaw Nation of Oklahoma Data Center · Bryan, OK",OSM,site_mapped,13494,"{""dataset"": ""IM3 Open Source Data Center Atlas"", ""dataset_url"": ""https://data.msdlive.org/records/65g71-a4731"", ""atlas_commit"": ""48d45f6eef72778edf374ec52c379550bb21a046"", ""atlas_type"": ""building"", ""osm_name"": ""Choctaw Nation of Oklahoma Data Center"", ""operator"": ""Choctaw Nation of oklahoma"", ""footprint_sqft"": 13494, ""license"": ""ODbL-1.0""}",https://github.com/IMMM-SFA/datacenter-atlas/blob/48d45f6eef72778edf374ec52c379550bb21a046/im3_datacenter_centroids.geojson
2026-03-31,"Unnamed data center · Muskogee, OK",OSM,site_mapped,112466,"{""dataset"": ""IM3 Open Source Data Center Atlas"", ""dataset_url"": ""https://data.msdlive.org/records/65g71-a4731"", ""atlas_commit"": ""48d45f6eef72778edf374ec52c379550bb21a046"", ""atlas_type"": ""building"", ""osm_name"": null, ""operator"": null, ""footprint_sqft"": 112466, ""license"": ""ODbL-1.0""}",https://github.com/IMMM-SFA/datacenter-atlas/blob/48d45f6eef72778edf374ec52c379550bb21a046/im3_datacenter_centroids.geojson
2026-03-31,"Rack59 Data Center · Oklahoma, OK",OSM,site_mapped,,"{""dataset"": ""IM3 Open Source Data Center Atlas"", ""dataset_url"": ""https://data.msdlive.org/records/65g71-a4731"", ""atlas_commit"": ""48d45f6eef72778edf374ec52c379550bb21a046"", ""atlas_type"": ""point"", ""osm_name"": ""Rack59 Data Center"", ""operator"": null, ""footprint_sqft"": null, ""license"": ""ODbL-1.0""}",https://github.com/IMMM-SFA/datacenter-atlas/blob/48d45f6eef72778edf374ec52c379550bb21a046/im3_datacenter_centroids.geojson
2026-03-31,"Unnamed data center · Tulsa, OK",OSM,site_mapped,8589,"{""dataset"": ""IM3 Open Source Data Center Atlas"", ""dataset_url"": ""https://data.msdlive.org/records/65g71-a4731"", ""atlas_commit"": ""48d45f6eef72778edf374ec52c379550bb21a046"", ""atlas_type"": ""building"", ""osm_name"": null, ""operator"": null, ""footprint_sqft"": 8589, ""license"": ""ODbL-1.0""}",https://github.com/IMMM-SFA/datacenter-atlas/blob/48d45f6eef72778edf374ec52c379550bb21a046/im3_datacenter_centroids.geojson
2026-03-31,"TulsaConnect DC3 · Tulsa, OK",OSM,site_mapped,,"{""dataset"": ""IM3 Open Source Data Center Atlas"", ""dataset_url"": ""https://data.msdlive.org/records/65g71-a4731"", ""atlas_commit"": ""48d45f6eef72778edf374ec52c379550bb21a046"", ""atlas_type"": ""point"", ""osm_name"": ""TulsaConnect DC3"", ""operator"": null, ""footprint_sqft"": null, ""license"": ""ODbL-1.0""}",https://github.com/IMMM-SFA/datacenter-atlas/blob/48d45f6eef72778edf374ec52c379550bb21a046/im3_datacenter_centroids.geojson
2026-03-31,"Cherokee Data Center · Tulsa, OK",OSM,site_mapped,414827,"{""dataset"": ""IM3 Open Source Data Center Atlas"", ""dataset_url"": ""https://data.msdlive.org/records/65g71-a4731"", ""atlas_commit"": ""48d45f6eef72778edf374ec52c379550bb21a046"", ""atlas_type"": ""building"", ""osm_name"": ""Cherokee Data Center"", ""operator"": null, ""footprint_sqft"": 414827, ""license"": ""ODbL-1.0""}",https://github.com/IMMM-SFA/datacenter-atlas/blob/48d45f6eef72778edf374ec52c379550bb21a046/im3_datacenter_centroids.geojson
2026-03-31,"Juniper · Clackamas, OR",OSM,site_mapped,24854,"{""dataset"": ""IM3 Open Source Data Center Atlas"", ""dataset_url"": ""https://data.msdlive.org/records/65g71-a4731"", ""atlas_commit"": ""48d45f6eef72778edf374ec52c379550bb21a046"", ""atlas_type"": ""building"", ""osm_name"": ""Juniper"", ""operator"": null, ""footprint_sqft"": 24854, ""license"": ""ODbL-1.0""}",https://github.com/IMMM-SFA/datacenter-atlas/blob/48d45f6eef72778edf374ec52c379550bb21a046/im3_datacenter_centroids.geojson
2026-03-31,"Unnamed data center · Crook, OR #1",OSM,site_mapped,275217,"{""dataset"": ""IM3 Open Source Data Center Atlas"", ""dataset_url"": ""https://data.msdlive.org/records/65g71-a4731"", ""atlas_commit"": ""48d45f6eef72778edf374ec52c379550bb21a046"", ""atlas_type"": ""building"", ""osm_name"": null, ""operator"": null, ""footprint_sqft"": 275217, ""license"": ""ODbL-1.0""}",https://github.com/IMMM-SFA/datacenter-atlas/blob/48d45f6eef72778edf374ec52c379550bb21a046/im3_datacenter_centroids.geojson
2026-03-31,"Unnamed data center · Crook, OR #2",OSM,site_mapped,344665,"{""dataset"": ""IM3 Open Source Data Center Atlas"", ""dataset_url"": ""https://data.msdlive.org/records/65g71-a4731"", ""atlas_commit"": ""48d45f6eef72778edf374ec52c379550bb21a046"", ""atlas_type"": ""building"", ""osm_name"": null, ""operator"": null, ""footprint_sqft"": 344665, ""license"": ""ODbL-1.0""}",https://github.com/IMMM-SFA/datacenter-atlas/blob/48d45f6eef72778edf374ec52c379550bb21a046/im3_datacenter_centroids.geojson
2026-03-31,"Unnamed data center · Crook, OR #3",OSM,site_mapped,377457,"{""dataset"": ""IM3 Open Source Data Center Atlas"", ""dataset_url"": ""https://data.msdlive.org/records/65g71-a4731"", ""atlas_commit"": ""48d45f6eef72778edf374ec52c379550bb21a046"", ""atlas_type"": ""building"", ""osm_name"": null, ""operator"": null, ""footprint_sqft"": 377457, ""license"": ""ODbL-1.0""}",https://github.com/IMMM-SFA/datacenter-atlas/blob/48d45f6eef72778edf374ec52c379550bb21a046/im3_datacenter_centroids.geojson
2026-03-31,"Apple data center · Crook, OR",OSM,site_mapped,9228,"{""dataset"": ""IM3 Open Source Data Center Atlas"", ""dataset_url"": ""https://data.msdlive.org/records/65g71-a4731"", ""atlas_commit"": ""48d45f6eef72778edf374ec52c379550bb21a046"", ""atlas_type"": ""building"", ""osm_name"": null, ""operator"": ""Apple"", ""footprint_sqft"": 9228, ""license"": ""ODbL-1.0""}",https://github.com/IMMM-SFA/datacenter-atlas/blob/48d45f6eef72778edf374ec52c379550bb21a046/im3_datacenter_centroids.geojson
2026-03-31,"Unnamed data center · Crook, OR #4",OSM,site_mapped,328376,"{""dataset"": ""IM3 Open Source Data Center Atlas"", ""dataset_url"": ""https://data.msdlive.org/records/65g71-a4731"", ""atlas_commit"": ""48d45f6eef72778edf374ec52c379550bb21a046"", ""atlas_type"": ""building"", ""osm_name"": null, ""operator"": null, ""footprint_sqft"": 328376, ""license"": ""ODbL-1.0""}",https://github.com/IMMM-SFA/datacenter-atlas/blob/48d45f6eef72778edf374ec52c379550bb21a046/im3_datacenter_centroids.geojson
2026-03-31,"Unnamed data center · Crook, OR #5",OSM,site_mapped,231830,"{""dataset"": ""IM3 Open Source Data Center Atlas"", ""dataset_url"": ""https://data.msdlive.org/records/65g71-a4731"", ""atlas_commit"": ""48d45f6eef72778edf374ec52c379550bb21a046"", ""atlas_type"": ""building"", ""osm_name"": null, ""operator"": null, ""footprint_sqft"": 231830, ""license"": ""ODbL-1.0""}",https://github.com/IMMM-SFA/datacenter-atlas/blob/48d45f6eef72778edf374ec52c379550bb21a046/im3_datacenter_centroids.geojson
2026-03-31,"Unnamed data center · Crook, OR #6",OSM,site_mapped,269642,"{""dataset"": ""IM3 Open Source Data Center Atlas"", ""dataset_url"": ""https://data.msdlive.org/records/65g71-a4731"", ""atlas_commit"": ""48d45f6eef72778edf374ec52c379550bb21a046"", ""atlas_type"": ""building"", ""osm_name"": null, ""operator"": null, ""footprint_sqft"": 269642, ""license"": ""ODbL-1.0""}",https://github.com/IMMM-SFA/datacenter-atlas/blob/48d45f6eef72778edf374ec52c379550bb21a046/im3_datacenter_centroids.geojson
2026-03-31,"Unnamed data center · Crook, OR #7",OSM,site_mapped,630160,"{""dataset"": ""IM3 Open Source Data Center Atlas"", ""dataset_url"": ""https://data.msdlive.org/records/65g71-a4731"", ""atlas_commit"": ""48d45f6eef72778edf374ec52c379550bb21a046"", ""atlas_type"": ""building"", ""osm_name"": null, ""operator"": null, ""footprint_sqft"": 630160, ""license"": ""ODbL-1.0""}",https://github.com/IMMM-SFA/datacenter-atlas/blob/48d45f6eef72778edf374ec52c379550bb21a046/im3_datacenter_centroids.geojson
2026-03-31,"Unnamed data center · Crook, OR #8",OSM,site_mapped,241183,"{""dataset"": ""IM3 Open Source Data Center Atlas"", ""dataset_url"": ""https://data.msdlive.org/records/65g71-a4731"", ""atlas_commit"": ""48d45f6eef72778edf374ec52c379550bb21a046"", ""atlas_type"": ""building"", ""osm_name"": null, ""operator"": null, ""footprint_sqft"": 241183, ""license"": ""ODbL-1.0""}",https://github.com/IMMM-SFA/datacenter-atlas/blob/48d45f6eef72778edf374ec52c379550bb21a046/im3_datacenter_centroids.geojson
2026-03-31,"Unnamed data center · Crook, OR #9",OSM,site_mapped,622980,"{""dataset"": ""IM3 Open Source Data Center Atlas"", ""dataset_url"": ""https://data.msdlive.org/records/65g71-a4731"", ""atlas_commit"": ""48d45f6eef72778edf374ec52c379550bb21a046"", ""atlas_type"": ""building"", ""osm_name"": null, ""operator"": null, ""footprint_sqft"": 622980, ""license"": ""ODbL-1.0""}",https://github.com/IMMM-SFA/datacenter-atlas/blob/48d45f6eef72778edf374ec52c379550bb21a046/im3_datacenter_centroids.geojson
2026-03-31,"Unnamed data center · Crook, OR #10",OSM,site_mapped,455401,"{""dataset"": ""IM3 Open Source Data Center Atlas"", ""dataset_url"": ""https://data.msdlive.org/records/65g71-a4731"", ""atlas_commit"": ""48d45f6eef72778edf374ec52c379550bb21a046"", ""atlas_type"": ""building"", ""osm_name"": null, ""operator"": null, ""footprint_sqft"": 455401, ""license"": ""ODbL-1.0""}",https://github.com/IMMM-SFA/datacenter-atlas/blob/48d45f6eef72778edf374ec52c379550bb21a046/im3_datacenter_centroids.geojson
2026-03-31,"Unnamed data center · Deschutes, OR",OSM,site_mapped,11249,"{""dataset"": ""IM3 Open Source Data Center Atlas"", ""dataset_url"": ""https://data.msdlive.org/records/65g71-a4731"", ""atlas_commit"": ""48d45f6eef72778edf374ec52c379550bb21a046"", ""atlas_type"": ""building"", ""osm_name"": null, ""operator"": null, ""footprint_sqft"": 11249, ""license"": ""ODbL-1.0""}",https://github.com/IMMM-SFA/datacenter-atlas/blob/48d45f6eef72778edf374ec52c379550bb21a046/im3_datacenter_centroids.geojson
2026-03-31,"FCR · Josephine, OR",OSM,site_mapped,,"{""dataset"": ""IM3 Open Source Data Center Atlas"", ""dataset_url"": ""https://data.msdlive.org/records/65g71-a4731"", ""atlas_commit"": ""48d45f6eef72778edf374ec52c379550bb21a046"", ""atlas_type"": ""point"", ""osm_name"": ""FCR"", ""operator"": null, ""footprint_sqft"": null, ""license"": ""ODbL-1.0""}",https://github.com/IMMM-SFA/datacenter-atlas/blob/48d45f6eef72778edf374ec52c379550bb21a046/im3_datacenter_centroids.geojson
2026-03-31,"EarthClick.net LLC · Lane, OR",OSM,site_mapped,,"{""dataset"": ""IM3 Open Source Data Center Atlas"", ""dataset_url"": ""https://data.msdlive.org/records/65g71-a4731"", ""atlas_commit"": ""48d45f6eef72778edf374ec52c379550bb21a046"", ""atlas_type"": ""point"", ""osm_name"": ""EarthClick.net LLC"", ""operator"": null, ""footprint_sqft"": null, ""license"": ""ODbL-1.0""}",https://github.com/IMMM-SFA/datacenter-atlas/blob/48d45f6eef72778edf374ec52c379550bb21a046/im3_datacenter_centroids.geojson
2026-03-31,"PTC · Linn, OR",OSM,site_mapped,2521,"{""dataset"": ""IM3 Open Source Data Center Atlas"", ""dataset_url"": ""https://data.msdlive.org/records/65g71-a4731"", ""atlas_commit"": ""48d45f6eef72778edf374ec52c379550bb21a046"", ""atlas_type"": ""building"", ""osm_name"": ""PTC"", ""operator"": ""Stayton Cooperative Telephone Company"", ""footprint_sqft"": 2521, ""license"": ""ODbL-1.0""}",https://github.com/IMMM-SFA/datacenter-atlas/blob/48d45f6eef72778edf374ec52c379550bb21a046/im3_datacenter_centroids.geojson
2026-03-31,"Oregon State Data Center · Marion, OR",OSM,site_mapped,46536,"{""dataset"": ""IM3 Open Source Data Center Atlas"", ""dataset_url"": ""https://data.msdlive.org/records/65g71-a4731"", ""atlas_commit"": ""48d45f6eef72778edf374ec52c379550bb21a046"", ""atlas_type"": ""building"", ""osm_name"": ""Oregon State Data Center"", ""operator"": ""State of Oregon"", ""footprint_sqft"": 46536, ""license"": ""ODbL-1.0""}",https://github.com/IMMM-SFA/datacenter-atlas/blob/48d45f6eef72778edf374ec52c379550bb21a046/im3_datacenter_centroids.geojson
2026-03-31,"CenturyLink · Marion, OR",OSM,site_mapped,24529,"{""dataset"": ""IM3 Open Source Data Center Atlas"", ""dataset_url"": ""https://data.msdlive.org/records/65g71-a4731"", ""atlas_commit"": ""48d45f6eef72778edf374ec52c379550bb21a046"", ""atlas_type"": ""building"", ""osm_name"": ""CenturyLink"", ""operator"": ""CenturyLink"", ""footprint_sqft"": 24529, ""license"": ""ODbL-1.0""}",https://github.com/IMMM-SFA/datacenter-atlas/blob/48d45f6eef72778edf374ec52c379550bb21a046/im3_datacenter_centroids.geojson
2026-03-31,"Amazon Web Services · Morrow, OR #1",OSM,site_mapped,215555,"{""dataset"": ""IM3 Open Source Data Center Atlas"", ""dataset_url"": ""https://data.msdlive.org/records/65g71-a4731"", ""atlas_commit"": ""48d45f6eef72778edf374ec52c379550bb21a046"", ""atlas_type"": ""building"", ""osm_name"": ""Amazon Web Services"", ""operator"": ""Amazon Web Services"", ""footprint_sqft"": 215555, ""license"": ""ODbL-1.0""}",https://github.com/IMMM-SFA/datacenter-atlas/blob/48d45f6eef72778edf374ec52c379550bb21a046/im3_datacenter_centroids.geojson
2026-03-31,"Amazon Web Services · Morrow, OR #2",OSM,site_mapped,210662,"{""dataset"": ""IM3 Open Source Data Center Atlas"", ""dataset_url"": ""https://data.msdlive.org/records/65g71-a4731"", ""atlas_commit"": ""48d45f6eef72778edf374ec52c379550bb21a046"", ""atlas_type"": ""building"", ""osm_name"": ""Amazon Web Services"", ""operator"": ""Amazon Web Services"", ""footprint_sqft"": 210662, ""license"": ""ODbL-1.0""}",https://github.com/IMMM-SFA/datacenter-atlas/blob/48d45f6eef72778edf374ec52c379550bb21a046/im3_datacenter_centroids.geojson
2026-03-31,"Amazon Web Services · Morrow, OR #3",OSM,site_mapped,212775,"{""dataset"": ""IM3 Open Source Data Center Atlas"", ""dataset_url"": ""https://data.msdlive.org/records/65g71-a4731"", ""atlas_commit"": ""48d45f6eef72778edf374ec52c379550bb21a046"", ""atlas_type"": ""building"", ""osm_name"": ""Amazon Web Services"", ""operator"": ""Amazon Web Services"", ""footprint_sqft"": 212775, ""license"": ""ODbL-1.0""}",https://github.com/IMMM-SFA/datacenter-atlas/blob/48d45f6eef72778edf374ec52c379550bb21a046/im3_datacenter_centroids.geojson
2026-03-31,"Amazon Web Services · Morrow, OR #4",OSM,site_mapped,209033,"{""dataset"": ""IM3 Open Source Data Center Atlas"", ""dataset_url"": ""https://data.msdlive.org/records/65g71-a4731"", ""atlas_commit"": ""48d45f6eef72778edf374ec52c379550bb21a046"", ""atlas_type"": ""building"", ""osm_name"": ""Amazon Web Services"", ""operator"": ""Amazon Web Services"", ""footprint_sqft"": 209033, ""license"": ""ODbL-1.0""}",https://github.com/IMMM-SFA/datacenter-atlas/blob/48d45f6eef72778edf374ec52c379550bb21a046/im3_datacenter_centroids.geojson
2026-03-31,"Amazon Web Services · Morrow, OR #5",OSM,site_mapped,213843,"{""dataset"": ""IM3 Open Source Data Center Atlas"", ""dataset_url"": ""https://data.msdlive.org/records/65g71-a4731"", ""atlas_commit"": ""48d45f6eef72778edf374ec52c379550bb21a046"", ""atlas_type"": ""building"", ""osm_name"": ""Amazon Web Services"", ""operator"": ""Amazon Web Services"", ""footprint_sqft"": 213843, ""license"": ""ODbL-1.0""}",https://github.com/IMMM-SFA/datacenter-atlas/blob/48d45f6eef72778edf374ec52c379550bb21a046/im3_datacenter_centroids.geojson
2026-03-31,"Amazon PDX93 · Morrow, OR",OSM,site_mapped,213828,"{""dataset"": ""IM3 Open Source Data Center Atlas"", ""dataset_url"": ""https://data.msdlive.org/records/65g71-a4731"", ""atlas_commit"": ""48d45f6eef72778edf374ec52c379550bb21a046"", ""atlas_type"": ""building"", ""osm_name"": ""Amazon PDX93"", ""operator"": ""Amazon Web Services"", ""footprint_sqft"": 213828, ""license"": ""ODbL-1.0""}",https://github.com/IMMM-SFA/datacenter-atlas/blob/48d45f6eef72778edf374ec52c379550bb21a046/im3_datacenter_centroids.geojson
2026-03-31,"Amazon PDX92 · Morrow, OR",OSM,site_mapped,211026,"{""dataset"": ""IM3 Open Source Data Center Atlas"", ""dataset_url"": ""https://data.msdlive.org/records/65g71-a4731"", ""atlas_commit"": ""48d45f6eef72778edf374ec52c379550bb21a046"", ""atlas_type"": ""building"", ""osm_name"": ""Amazon PDX92"", ""operator"": ""Amazon Web Services"", ""footprint_sqft"": 211026, ""license"": ""ODbL-1.0""}",https://github.com/IMMM-SFA/datacenter-atlas/blob/48d45f6eef72778edf374ec52c379550bb21a046/im3_datacenter_centroids.geojson
2026-03-31,"Amazon PDX91 · Morrow, OR",OSM,site_mapped,210994,"{""dataset"": ""IM3 Open Source Data Center Atlas"", ""dataset_url"": ""https://data.msdlive.org/records/65g71-a4731"", ""atlas_commit"": ""48d45f6eef72778edf374ec52c379550bb21a046"", ""atlas_type"": ""building"", ""osm_name"": ""Amazon PDX91"", ""operator"": ""Amazon Web Services"", ""footprint_sqft"": 210994, ""license"": ""ODbL-1.0""}",https://github.com/IMMM-SFA/datacenter-atlas/blob/48d45f6eef72778edf374ec52c379550bb21a046/im3_datacenter_centroids.geojson
2026-03-31,"Amazon Web Services us-west-2 · Morrow, OR #1",OSM,site_mapped,151857,"{""dataset"": ""IM3 Open Source Data Center Atlas"", ""dataset_url"": ""https://data.msdlive.org/records/65g71-a4731"", ""atlas_commit"": ""48d45f6eef72778edf374ec52c379550bb21a046"", ""atlas_type"": ""building"", ""osm_name"": ""Amazon Web Services us-west-2"", ""operator"": ""Amazon Web Services"", ""footprint_sqft"": 151857, ""license"": ""ODbL-1.0""}",https://github.com/IMMM-SFA/datacenter-atlas/blob/48d45f6eef72778edf374ec52c379550bb21a046/im3_datacenter_centroids.geojson
2026-03-31,"Amazon Web Services · Morrow, OR #6",OSM,site_mapped,13923,"{""dataset"": ""IM3 Open Source Data Center Atlas"", ""dataset_url"": ""https://data.msdlive.org/records/65g71-a4731"", ""atlas_commit"": ""48d45f6eef72778edf374ec52c379550bb21a046"", ""atlas_type"": ""building"", ""osm_name"": ""Amazon Web Services"", ""operator"": ""Amazon Web Services"", ""footprint_sqft"": 13923, ""license"": ""ODbL-1.0""}",https://github.com/IMMM-SFA/datacenter-atlas/blob/48d45f6eef72778edf374ec52c379550bb21a046/im3_datacenter_centroids.geojson
2026-03-31,"Amazon Web Services us-west-2 · Morrow, OR #2",OSM,site_mapped,127483,"{""dataset"": ""IM3 Open Source Data Center Atlas"", ""dataset_url"": ""https://data.msdlive.org/records/65g71-a4731"", ""atlas_commit"": ""48d45f6eef72778edf374ec52c379550bb21a046"", ""atlas_type"": ""building"", ""osm_name"": ""Amazon Web Services us-west-2"", ""operator"": ""Amazon Web Services"", ""footprint_sqft"": 127483, ""license"": ""ODbL-1.0""}",https://github.com/IMMM-SFA/datacenter-atlas/blob/48d45f6eef72778edf374ec52c379550bb21a046/im3_datacenter_centroids.geojson
2026-03-31,"Amazon Web Services us-west-2 · Morrow, OR #3",OSM,site_mapped,123601,"{""dataset"": ""IM3 Open Source Data Center Atlas"", ""dataset_url"": ""https://data.msdlive.org/records/65g71-a4731"", ""atlas_commit"": ""48d45f6eef72778edf374ec52c379550bb21a046"", ""atlas_type"": ""building"", ""osm_name"": ""Amazon Web Services us-west-2"", ""operator"": ""Amazon Web Services"", ""footprint_sqft"": 123601, ""license"": ""ODbL-1.0""}",https://github.com/IMMM-SFA/datacenter-atlas/blob/48d45f6eef72778edf374ec52c379550bb21a046/im3_datacenter_centroids.geojson
2026-03-31,"Amazon Web Services us-west-2 · Morrow, OR #4",OSM,site_mapped,284033,"{""dataset"": ""IM3 Open Source Data Center Atlas"", ""dataset_url"": ""https://data.msdlive.org/records/65g71-a4731"", ""atlas_commit"": ""48d45f6eef72778edf374ec52c379550bb21a046"", ""atlas_type"": ""building"", ""osm_name"": ""Amazon Web Services us-west-2"", ""operator"": ""Amazon Web Services"", ""footprint_sqft"": 284033, ""license"": ""ODbL-1.0""}",https://github.com/IMMM-SFA/datacenter-atlas/blob/48d45f6eef72778edf374ec52c379550bb21a046/im3_datacenter_centroids.geojson
2026-03-31,"Amazon Web Services · Morrow, OR #7",OSM,site_mapped,13765,"{""dataset"": ""IM3 Open Source Data Center Atlas"", ""dataset_url"": ""https://data.msdlive.org/records/65g71-a4731"", ""atlas_commit"": ""48d45f6eef72778edf374ec52c379550bb21a046"", ""atlas_type"": ""building"", ""osm_name"": ""Amazon Web Services"", ""operator"": ""Amazon Web Services"", ""footprint_sqft"": 13765, ""license"": ""ODbL-1.0""}",https://github.com/IMMM-SFA/datacenter-atlas/blob/48d45f6eef72778edf374ec52c379550bb21a046/im3_datacenter_centroids.geojson
2026-03-31,"Amazon Web Services us-west-2 · Morrow, OR #5",OSM,site_mapped,211938,"{""dataset"": ""IM3 Open Source Data Center Atlas"", ""dataset_url"": ""https://data.msdlive.org/records/65g71-a4731"", ""atlas_commit"": ""48d45f6eef72778edf374ec52c379550bb21a046"", ""atlas_type"": ""building"", ""osm_name"": ""Amazon Web Services us-west-2"", ""operator"": ""Amazon Web Services"", ""footprint_sqft"": 211938, ""license"": ""ODbL-1.0""}",https://github.com/IMMM-SFA/datacenter-atlas/blob/48d45f6eef72778edf374ec52c379550bb21a046/im3_datacenter_centroids.geojson
2026-03-31,"Amazon Web Services us-west-2 · Morrow, OR #6",OSM,site_mapped,211981,"{""dataset"": ""IM3 Open Source Data Center Atlas"", ""dataset_url"": ""https://data.msdlive.org/records/65g71-a4731"", ""atlas_commit"": ""48d45f6eef72778edf374ec52c379550bb21a046"", ""atlas_type"": ""building"", ""osm_name"": ""Amazon Web Services us-west-2"", ""operator"": ""Amazon Web Services"", ""footprint_sqft"": 211981, ""license"": ""ODbL-1.0""}",https://github.com/IMMM-SFA/datacenter-atlas/blob/48d45f6eef72778edf374ec52c379550bb21a046/im3_datacenter_centroids.geojson
2026-03-31,"Amazon Web Services us-west-2 · Morrow, OR #7",OSM,site_mapped,211938,"{""dataset"": ""IM3 Open Source Data Center Atlas"", ""dataset_url"": ""https://data.msdlive.org/records/65g71-a4731"", ""atlas_commit"": ""48d45f6eef72778edf374ec52c379550bb21a046"", ""atlas_type"": ""building"", ""osm_name"": ""Amazon Web Services us-west-2"", ""operator"": ""Amazon Web Services"", ""footprint_sqft"": 211938, ""license"": ""ODbL-1.0""}",https://github.com/IMMM-SFA/datacenter-atlas/blob/48d45f6eef72778edf374ec52c379550bb21a046/im3_datacenter_centroids.geojson
2026-03-31,"Amazon Web Services us-west-2 · Morrow, OR #8",OSM,site_mapped,221562,"{""dataset"": ""IM3 Open Source Data Center Atlas"", ""dataset_url"": ""https://data.msdlive.org/records/65g71-a4731"", ""atlas_commit"": ""48d45f6eef72778edf374ec52c379550bb21a046"", ""atlas_type"": ""building"", ""osm_name"": ""Amazon Web Services us-west-2"", ""operator"": ""Amazon Web Services"", ""footprint_sqft"": 221562, ""license"": ""ODbL-1.0""}",https://github.com/IMMM-SFA/datacenter-atlas/blob/48d45f6eef72778edf374ec52c379550bb21a046/im3_datacenter_centroids.geojson
2026-03-31,"Amazon Web Services us-west-2 · Morrow, OR #9",OSM,site_mapped,103260,"{""dataset"": ""IM3 Open Source Data Center Atlas"", ""dataset_url"": ""https://data.msdlive.org/records/65g71-a4731"", ""atlas_commit"": ""48d45f6eef72778edf374ec52c379550bb21a046"", ""atlas_type"": ""building"", ""osm_name"": ""Amazon Web Services us-west-2"", ""operator"": ""Amazon Web Services"", ""footprint_sqft"": 103260, ""license"": ""ODbL-1.0""}",https://github.com/IMMM-SFA/datacenter-atlas/blob/48d45f6eef72778edf374ec52c379550bb21a046/im3_datacenter_centroids.geojson
2026-03-31,"Amazon Web Services · Morrow, OR #8",OSM,site_mapped,214042,"{""dataset"": ""IM3 Open Source Data Center Atlas"", ""dataset_url"": ""https://data.msdlive.org/records/65g71-a4731"", ""atlas_commit"": ""48d45f6eef72778edf374ec52c379550bb21a046"", ""atlas_type"": ""building"", ""osm_name"": ""Amazon Web Services"", ""operator"": ""Amazon Web Services"", ""footprint_sqft"": 214042, ""license"": ""ODbL-1.0""}",https://github.com/IMMM-SFA/datacenter-atlas/blob/48d45f6eef72778edf374ec52c379550bb21a046/im3_datacenter_centroids.geojson
2026-03-31,"Amazon Web Services us-west-2 · Morrow, OR #10",OSM,site_mapped,267452,"{""dataset"": ""IM3 Open Source Data Center Atlas"", ""dataset_url"": ""https://data.msdlive.org/records/65g71-a4731"", ""atlas_commit"": ""48d45f6eef72778edf374ec52c379550bb21a046"", ""atlas_type"": ""building"", ""osm_name"": ""Amazon Web Services us-west-2"", ""operator"": ""Amazon Web Services"", ""footprint_sqft"": 267452, ""license"": ""ODbL-1.0""}",https://github.com/IMMM-SFA/datacenter-atlas/blob/48d45f6eef72778edf374ec52c379550bb21a046/im3_datacenter_centroids.geojson
2026-03-31,"Amazon Web Services · Morrow, OR #9",OSM,site_mapped,210337,"{""dataset"": ""IM3 Open Source Data Center Atlas"", ""dataset_url"": ""https://data.msdlive.org/records/65g71-a4731"", ""atlas_commit"": ""48d45f6eef72778edf374ec52c379550bb21a046"", ""atlas_type"": ""building"", ""osm_name"": ""Amazon Web Services"", ""operator"": ""Amazon Web Services"", ""footprint_sqft"": 210337, ""license"": ""ODbL-1.0""}",https://github.com/IMMM-SFA/datacenter-atlas/blob/48d45f6eef72778edf374ec52c379550bb21a046/im3_datacenter_centroids.geojson
2026-03-31,"Amazon Web Services us-west-2 · Morrow, OR #11",OSM,site_mapped,263671,"{""dataset"": ""IM3 Open Source Data Center Atlas"", ""dataset_url"": ""https://data.msdlive.org/records/65g71-a4731"", ""atlas_commit"": ""48d45f6eef72778edf374ec52c379550bb21a046"", ""atlas_type"": ""building"", ""osm_name"": ""Amazon Web Services us-west-2"", ""operator"": ""Amazon Web Services"", ""footprint_sqft"": 263671, ""license"": ""ODbL-1.0""}",https://github.com/IMMM-SFA/datacenter-atlas/blob/48d45f6eef72778edf374ec52c379550bb21a046/im3_datacenter_centroids.geojson
2026-03-31,"Amazon Web Services · Morrow, OR #10",OSM,site_mapped,12811,"{""dataset"": ""IM3 Open Source Data Center Atlas"", ""dataset_url"": ""https://data.msdlive.org/records/65g71-a4731"", ""atlas_commit"": ""48d45f6eef72778edf374ec52c379550bb21a046"", ""atlas_type"": ""building"", ""osm_name"": ""Amazon Web Services"", ""operator"": ""Amazon Web Services"", ""footprint_sqft"": 12811, ""license"": ""ODbL-1.0""}",https://github.com/IMMM-SFA/datacenter-atlas/blob/48d45f6eef72778edf374ec52c379550bb21a046/im3_datacenter_centroids.geojson
2026-03-31,"Amazon Web Services · Morrow, OR #11",OSM,site_mapped,210570,"{""dataset"": ""IM3 Open Source Data Center Atlas"", ""dataset_url"": ""https://data.msdlive.org/records/65g71-a4731"", ""atlas_commit"": ""48d45f6eef72778edf374ec52c379550bb21a046"", ""atlas_type"": ""building"", ""osm_name"": ""Amazon Web Services"", ""operator"": ""Amazon Web Services"", ""footprint_sqft"": 210570, ""license"": ""ODbL-1.0""}",https://github.com/IMMM-SFA/datacenter-atlas/blob/48d45f6eef72778edf374ec52c379550bb21a046/im3_datacenter_centroids.geojson
2026-03-31,"Amazon Web Services · Morrow, OR #12",OSM,site_mapped,211904,"{""dataset"": ""IM3 Open Source Data Center Atlas"", ""dataset_url"": ""https://data.msdlive.org/records/65g71-a4731"", ""atlas_commit"": ""48d45f6eef72778edf374ec52c379550bb21a046"", ""atlas_type"": ""building"", ""osm_name"": ""Amazon Web Services"", ""operator"": ""Amazon Web Services"", ""footprint_sqft"": 211904, ""license"": ""ODbL-1.0""}",https://github.com/IMMM-SFA/datacenter-atlas/blob/48d45f6eef72778edf374ec52c379550bb21a046/im3_datacenter_centroids.geojson
2026-03-31,"Amazon Web Services · Morrow, OR #13",OSM,site_mapped,216528,"{""dataset"": ""IM3 Open Source Data Center Atlas"", ""dataset_url"": ""https://data.msdlive.org/records/65g71-a4731"", ""atlas_commit"": ""48d45f6eef72778edf374ec52c379550bb21a046"", ""atlas_type"": ""building"", ""osm_name"": ""Amazon Web Services"", ""operator"": ""Amazon Web Services"", ""footprint_sqft"": 216528, ""license"": ""ODbL-1.0""}",https://github.com/IMMM-SFA/datacenter-atlas/blob/48d45f6eef72778edf374ec52c379550bb21a046/im3_datacenter_centroids.geojson
2026-03-31,"Amazon Web Services · Morrow, OR #14",OSM,site_mapped,211930,"{""dataset"": ""IM3 Open Source Data Center Atlas"", ""dataset_url"": ""https://data.msdlive.org/records/65g71-a4731"", ""atlas_commit"": ""48d45f6eef72778edf374ec52c379550bb21a046"", ""atlas_type"": ""building"", ""osm_name"": ""Amazon Web Services"", ""operator"": ""Amazon Web Services"", ""footprint_sqft"": 211930, ""license"": ""ODbL-1.0""}",https://github.com/IMMM-SFA/datacenter-atlas/blob/48d45f6eef72778edf374ec52c379550bb21a046/im3_datacenter_centroids.geojson
2026-03-31,"Pittock Block · Multnomah, OR",OSM,site_mapped,41556,"{""dataset"": ""IM3 Open Source Data Center Atlas"", ""dataset_url"": ""https://data.msdlive.org/records/65g71-a4731"", ""atlas_commit"": ""48d45f6eef72778edf374ec52c379550bb21a046"", ""atlas_type"": ""building"", ""osm_name"": ""Pittock Block"", ""operator"": null, ""footprint_sqft"": 41556, ""license"": ""ODbL-1.0""}",https://github.com/IMMM-SFA/datacenter-atlas/blob/48d45f6eef72778edf374ec52c379550bb21a046/im3_datacenter_centroids.geojson
2026-03-31,"Amazon Web Services · Umatilla, OR #1",OSM,site_mapped,13867,"{""dataset"": ""IM3 Open Source Data Center Atlas"", ""dataset_url"": ""https://data.msdlive.org/records/65g71-a4731"", ""atlas_commit"": ""48d45f6eef72778edf374ec52c379550bb21a046"", ""atlas_type"": ""building"", ""osm_name"": ""Amazon Web Services"", ""operator"": ""Amazon Web Services"", ""footprint_sqft"": 13867, ""license"": ""ODbL-1.0""}",https://github.com/IMMM-SFA/datacenter-atlas/blob/48d45f6eef72778edf374ec52c379550bb21a046/im3_datacenter_centroids.geojson
2026-03-31,"Amazon Web Services · Umatilla, OR #2",OSM,site_mapped,216777,"{""dataset"": ""IM3 Open Source Data Center Atlas"", ""dataset_url"": ""https://data.msdlive.org/records/65g71-a4731"", ""atlas_commit"": ""48d45f6eef72778edf374ec52c379550bb21a046"", ""atlas_type"": ""building"", ""osm_name"": ""Amazon Web Services"", ""operator"": ""Amazon Web Services"", ""footprint_sqft"": 216777, ""license"": ""ODbL-1.0""}",https://github.com/IMMM-SFA/datacenter-atlas/blob/48d45f6eef72778edf374ec52c379550bb21a046/im3_datacenter_centroids.geojson
2026-03-31,"Amazon PDX80 · Umatilla, OR",OSM,site_mapped,215703,"{""dataset"": ""IM3 Open Source Data Center Atlas"", ""dataset_url"": ""https://data.msdlive.org/records/65g71-a4731"", ""atlas_commit"": ""48d45f6eef72778edf374ec52c379550bb21a046"", ""atlas_type"": ""building"", ""osm_name"": ""Amazon PDX80"", ""operator"": ""Amazon Web Services"", ""footprint_sqft"": 215703, ""license"": ""ODbL-1.0""}",https://github.com/IMMM-SFA/datacenter-atlas/blob/48d45f6eef72778edf374ec52c379550bb21a046/im3_datacenter_centroids.geojson
2026-03-31,"Amazon Web Services · Umatilla, OR #3",OSM,site_mapped,215405,"{""dataset"": ""IM3 Open Source Data Center Atlas"", ""dataset_url"": ""https://data.msdlive.org/records/65g71-a4731"", ""atlas_commit"": ""48d45f6eef72778edf374ec52c379550bb21a046"", ""atlas_type"": ""building"", ""osm_name"": ""Amazon Web Services"", ""operator"": ""Amazon Web Services"", ""footprint_sqft"": 215405, ""license"": ""ODbL-1.0""}",https://github.com/IMMM-SFA/datacenter-atlas/blob/48d45f6eef72778edf374ec52c379550bb21a046/im3_datacenter_centroids.geojson
2026-03-31,"Amazon Web Services · Umatilla, OR #4",OSM,site_mapped,216903,"{""dataset"": ""IM3 Open Source Data Center Atlas"", ""dataset_url"": ""https://data.msdlive.org/records/65g71-a4731"", ""atlas_commit"": ""48d45f6eef72778edf374ec52c379550bb21a046"", ""atlas_type"": ""building"", ""osm_name"": ""Amazon Web Services"", ""operator"": ""Amazon Web Services"", ""footprint_sqft"": 216903, ""license"": ""ODbL-1.0""}",https://github.com/IMMM-SFA/datacenter-atlas/blob/48d45f6eef72778edf374ec52c379550bb21a046/im3_datacenter_centroids.geojson
2026-03-31,"Amazon Web Services · Umatilla, OR #5",OSM,site_mapped,13837,"{""dataset"": ""IM3 Open Source Data Center Atlas"", ""dataset_url"": ""https://data.msdlive.org/records/65g71-a4731"", ""atlas_commit"": ""48d45f6eef72778edf374ec52c379550bb21a046"", ""atlas_type"": ""building"", ""osm_name"": ""Amazon Web Services"", ""operator"": ""Amazon Web Services"", ""footprint_sqft"": 13837, ""license"": ""ODbL-1.0""}",https://github.com/IMMM-SFA/datacenter-atlas/blob/48d45f6eef72778edf374ec52c379550bb21a046/im3_datacenter_centroids.geojson
2026-03-31,"Amazon Web Services · Umatilla, OR #6",OSM,site_mapped,212806,"{""dataset"": ""IM3 Open Source Data Center Atlas"", ""dataset_url"": ""https://data.msdlive.org/records/65g71-a4731"", ""atlas_commit"": ""48d45f6eef72778edf374ec52c379550bb21a046"", ""atlas_type"": ""building"", ""osm_name"": ""Amazon Web Services"", ""operator"": ""Amazon Web Services"", ""footprint_sqft"": 212806, ""license"": ""ODbL-1.0""}",https://github.com/IMMM-SFA/datacenter-atlas/blob/48d45f6eef72778edf374ec52c379550bb21a046/im3_datacenter_centroids.geojson
2026-03-31,"Amazon Web Services · Umatilla, OR #7",OSM,site_mapped,211502,"{""dataset"": ""IM3 Open Source Data Center Atlas"", ""dataset_url"": ""https://data.msdlive.org/records/65g71-a4731"", ""atlas_commit"": ""48d45f6eef72778edf374ec52c379550bb21a046"", ""atlas_type"": ""building"", ""osm_name"": ""Amazon Web Services"", ""operator"": ""Amazon Web Services"", ""footprint_sqft"": 211502, ""license"": ""ODbL-1.0""}",https://github.com/IMMM-SFA/datacenter-atlas/blob/48d45f6eef72778edf374ec52c379550bb21a046/im3_datacenter_centroids.geojson
2026-03-31,"Amazon Web Services · Umatilla, OR #8",OSM,site_mapped,218723,"{""dataset"": ""IM3 Open Source Data Center Atlas"", ""dataset_url"": ""https://data.msdlive.org/records/65g71-a4731"", ""atlas_commit"": ""48d45f6eef72778edf374ec52c379550bb21a046"", ""atlas_type"": ""building"", ""osm_name"": ""Amazon Web Services"", ""operator"": ""Amazon Web Services"", ""footprint_sqft"": 218723, ""license"": ""ODbL-1.0""}",https://github.com/IMMM-SFA/datacenter-atlas/blob/48d45f6eef72778edf374ec52c379550bb21a046/im3_datacenter_centroids.geojson
2026-03-31,"Amazon Web Services · Umatilla, OR #9",OSM,site_mapped,218698,"{""dataset"": ""IM3 Open Source Data Center Atlas"", ""dataset_url"": ""https://data.msdlive.org/records/65g71-a4731"", ""atlas_commit"": ""48d45f6eef72778edf374ec52c379550bb21a046"", ""atlas_type"": ""building"", ""osm_name"": ""Amazon Web Services"", ""operator"": ""Amazon Web Services"", ""footprint_sqft"": 218698, ""license"": ""ODbL-1.0""}",https://github.com/IMMM-SFA/datacenter-atlas/blob/48d45f6eef72778edf374ec52c379550bb21a046/im3_datacenter_centroids.geojson
2026-03-31,"Amazon Web Services · Umatilla, OR #10",OSM,site_mapped,218708,"{""dataset"": ""IM3 Open Source Data Center Atlas"", ""dataset_url"": ""https://data.msdlive.org/records/65g71-a4731"", ""atlas_commit"": ""48d45f6eef72778edf374ec52c379550bb21a046"", ""atlas_type"": ""building"", ""osm_name"": ""Amazon Web Services"", ""operator"": ""Amazon Web Services"", ""footprint_sqft"": 218708, ""license"": ""ODbL-1.0""}",https://github.com/IMMM-SFA/datacenter-atlas/blob/48d45f6eef72778edf374ec52c379550bb21a046/im3_datacenter_centroids.geojson
2026-03-31,"Amazon PDX63 · Umatilla, OR",OSM,site_mapped,227376,"{""dataset"": ""IM3 Open Source Data Center Atlas"", ""dataset_url"": ""https://data.msdlive.org/records/65g71-a4731"", ""atlas_commit"": ""48d45f6eef72778edf374ec52c379550bb21a046"", ""atlas_type"": ""building"", ""osm_name"": ""Amazon PDX63"", ""operator"": ""Amazon Web Services"", ""footprint_sqft"": 227376, ""license"": ""ODbL-1.0""}",https://github.com/IMMM-SFA/datacenter-atlas/blob/48d45f6eef72778edf374ec52c379550bb21a046/im3_datacenter_centroids.geojson
2026-03-31,"Amazon PDX65 · Umatilla, OR",OSM,site_mapped,217425,"{""dataset"": ""IM3 Open Source Data Center Atlas"", ""dataset_url"": ""https://data.msdlive.org/records/65g71-a4731"", ""atlas_commit"": ""48d45f6eef72778edf374ec52c379550bb21a046"", ""atlas_type"": ""building"", ""osm_name"": ""Amazon PDX65"", ""operator"": ""Amazon Web Services"", ""footprint_sqft"": 217425, ""license"": ""ODbL-1.0""}",https://github.com/IMMM-SFA/datacenter-atlas/blob/48d45f6eef72778edf374ec52c379550bb21a046/im3_datacenter_centroids.geojson
2026-03-31,"Amazon PDX67 · Umatilla, OR",OSM,site_mapped,219900,"{""dataset"": ""IM3 Open Source Data Center Atlas"", ""dataset_url"": ""https://data.msdlive.org/records/65g71-a4731"", ""atlas_commit"": ""48d45f6eef72778edf374ec52c379550bb21a046"", ""atlas_type"": ""building"", ""osm_name"": ""Amazon PDX67"", ""operator"": ""Amazon Web Services"", ""footprint_sqft"": 219900, ""license"": ""ODbL-1.0""}",https://github.com/IMMM-SFA/datacenter-atlas/blob/48d45f6eef72778edf374ec52c379550bb21a046/im3_datacenter_centroids.geojson
2026-03-31,"Amazon PDX69 · Umatilla, OR",OSM,site_mapped,219735,"{""dataset"": ""IM3 Open Source Data Center Atlas"", ""dataset_url"": ""https://data.msdlive.org/records/65g71-a4731"", ""atlas_commit"": ""48d45f6eef72778edf374ec52c379550bb21a046"", ""atlas_type"": ""building"", ""osm_name"": ""Amazon PDX69"", ""operator"": ""Amazon Web Services"", ""footprint_sqft"": 219735, ""license"": ""ODbL-1.0""}",https://github.com/IMMM-SFA/datacenter-atlas/blob/48d45f6eef72778edf374ec52c379550bb21a046/im3_datacenter_centroids.geojson
2026-03-31,"Amazon PDX57/60 · Umatilla, OR",OSM,site_mapped,271590,"{""dataset"": ""IM3 Open Source Data Center Atlas"", ""dataset_url"": ""https://data.msdlive.org/records/65g71-a4731"", ""atlas_commit"": ""48d45f6eef72778edf374ec52c379550bb21a046"", ""atlas_type"": ""building"", ""osm_name"": ""Amazon PDX57/60"", ""operator"": ""Amazon Web Services"", ""footprint_sqft"": 271590, ""license"": ""ODbL-1.0""}",https://github.com/IMMM-SFA/datacenter-atlas/blob/48d45f6eef72778edf374ec52c379550bb21a046/im3_datacenter_centroids.geojson
2026-03-31,"Unnamed data center · Umatilla, OR #1",OSM,site_mapped,15313,"{""dataset"": ""IM3 Open Source Data Center Atlas"", ""dataset_url"": ""https://data.msdlive.org/records/65g71-a4731"", ""atlas_commit"": ""48d45f6eef72778edf374ec52c379550bb21a046"", ""atlas_type"": ""building"", ""osm_name"": null, ""operator"": null, ""footprint_sqft"": 15313, ""license"": ""ODbL-1.0""}",https://github.com/IMMM-SFA/datacenter-atlas/blob/48d45f6eef72778edf374ec52c379550bb21a046/im3_datacenter_centroids.geojson
2026-03-31,"Unnamed data center · Umatilla, OR #2",OSM,site_mapped,2605,"{""dataset"": ""IM3 Open Source Data Center Atlas"", ""dataset_url"": ""https://data.msdlive.org/records/65g71-a4731"", ""atlas_commit"": ""48d45f6eef72778edf374ec52c379550bb21a046"", ""atlas_type"": ""building"", ""osm_name"": null, ""operator"": null, ""footprint_sqft"": 2605, ""license"": ""ODbL-1.0""}",https://github.com/IMMM-SFA/datacenter-atlas/blob/48d45f6eef72778edf374ec52c379550bb21a046/im3_datacenter_centroids.geojson
2026-03-31,"Unnamed data center · Umatilla, OR #3",OSM,site_mapped,2605,"{""dataset"": ""IM3 Open Source Data Center Atlas"", ""dataset_url"": ""https://data.msdlive.org/records/65g71-a4731"", ""atlas_commit"": ""48d45f6eef72778edf374ec52c379550bb21a046"", ""atlas_type"": ""building"", ""osm_name"": null, ""operator"": null, ""footprint_sqft"": 2605, ""license"": ""ODbL-1.0""}",https://github.com/IMMM-SFA/datacenter-atlas/blob/48d45f6eef72778edf374ec52c379550bb21a046/im3_datacenter_centroids.geojson
2026-03-31,"Unnamed data center · Umatilla, OR #4",OSM,site_mapped,2605,"{""dataset"": ""IM3 Open Source Data Center Atlas"", ""dataset_url"": ""https://data.msdlive.org/records/65g71-a4731"", ""atlas_commit"": ""48d45f6eef72778edf374ec52c379550bb21a046"", ""atlas_type"": ""building"", ""osm_name"": null, ""operator"": null, ""footprint_sqft"": 2605, ""license"": ""ODbL-1.0""}",https://github.com/IMMM-SFA/datacenter-atlas/blob/48d45f6eef72778edf374ec52c379550bb21a046/im3_datacenter_centroids.geojson
2026-03-31,"Unnamed data center · Umatilla, OR #5",OSM,site_mapped,2605,"{""dataset"": ""IM3 Open Source Data Center Atlas"", ""dataset_url"": ""https://data.msdlive.org/records/65g71-a4731"", ""atlas_commit"": ""48d45f6eef72778edf374ec52c379550bb21a046"", ""atlas_type"": ""building"", ""osm_name"": null, ""operator"": null, ""footprint_sqft"": 2605, ""license"": ""ODbL-1.0""}",https://github.com/IMMM-SFA/datacenter-atlas/blob/48d45f6eef72778edf374ec52c379550bb21a046/im3_datacenter_centroids.geojson
2026-03-31,"Unnamed data center · Umatilla, OR #6",OSM,site_mapped,2608,"{""dataset"": ""IM3 Open Source Data Center Atlas"", ""dataset_url"": ""https://data.msdlive.org/records/65g71-a4731"", ""atlas_commit"": ""48d45f6eef72778edf374ec52c379550bb21a046"", ""atlas_type"": ""building"", ""osm_name"": null, ""operator"": null, ""footprint_sqft"": 2608, ""license"": ""ODbL-1.0""}",https://github.com/IMMM-SFA/datacenter-atlas/blob/48d45f6eef72778edf374ec52c379550bb21a046/im3_datacenter_centroids.geojson
2026-03-31,"Unnamed data center · Umatilla, OR #7",OSM,site_mapped,2605,"{""dataset"": ""IM3 Open Source Data Center Atlas"", ""dataset_url"": ""https://data.msdlive.org/records/65g71-a4731"", ""atlas_commit"": ""48d45f6eef72778edf374ec52c379550bb21a046"", ""atlas_type"": ""building"", ""osm_name"": null, ""operator"": null, ""footprint_sqft"": 2605, ""license"": ""ODbL-1.0""}",https://github.com/IMMM-SFA/datacenter-atlas/blob/48d45f6eef72778edf374ec52c379550bb21a046/im3_datacenter_centroids.geojson
2026-03-31,"Unnamed data center · Umatilla, OR #8",OSM,site_mapped,2605,"{""dataset"": ""IM3 Open Source Data Center Atlas"", ""dataset_url"": ""https://data.msdlive.org/records/65g71-a4731"", ""atlas_commit"": ""48d45f6eef72778edf374ec52c379550bb21a046"", ""atlas_type"": ""building"", ""osm_name"": null, ""operator"": null, ""footprint_sqft"": 2605, ""license"": ""ODbL-1.0""}",https://github.com/IMMM-SFA/datacenter-atlas/blob/48d45f6eef72778edf374ec52c379550bb21a046/im3_datacenter_centroids.geojson
2026-03-31,"Amazon PDX2 · Umatilla, OR",OSM,site_mapped,133053,"{""dataset"": ""IM3 Open Source Data Center Atlas"", ""dataset_url"": ""https://data.msdlive.org/records/65g71-a4731"", ""atlas_commit"": ""48d45f6eef72778edf374ec52c379550bb21a046"", ""atlas_type"": ""building"", ""osm_name"": ""Amazon PDX2"", ""operator"": ""Amazon Web Services"", ""footprint_sqft"": 133053, ""license"": ""ODbL-1.0""}",https://github.com/IMMM-SFA/datacenter-atlas/blob/48d45f6eef72778edf374ec52c379550bb21a046/im3_datacenter_centroids.geojson
2026-03-31,"Amazon PDX51/54 · Umatilla, OR",OSM,site_mapped,260806,"{""dataset"": ""IM3 Open Source Data Center Atlas"", ""dataset_url"": ""https://data.msdlive.org/records/65g71-a4731"", ""atlas_commit"": ""48d45f6eef72778edf374ec52c379550bb21a046"", ""atlas_type"": ""building"", ""osm_name"": ""Amazon PDX51/54"", ""operator"": ""Amazon Web Services"", ""footprint_sqft"": 260806, ""license"": ""ODbL-1.0""}",https://github.com/IMMM-SFA/datacenter-atlas/blob/48d45f6eef72778edf374ec52c379550bb21a046/im3_datacenter_centroids.geojson
2026-03-31,"Amazon Web Services · Umatilla, OR #11",OSM,site_mapped,16064,"{""dataset"": ""IM3 Open Source Data Center Atlas"", ""dataset_url"": ""https://data.msdlive.org/records/65g71-a4731"", ""atlas_commit"": ""48d45f6eef72778edf374ec52c379550bb21a046"", ""atlas_type"": ""building"", ""osm_name"": ""Amazon Web Services"", ""operator"": ""Amazon Web Services"", ""footprint_sqft"": 16064, ""license"": ""ODbL-1.0""}",https://github.com/IMMM-SFA/datacenter-atlas/blob/48d45f6eef72778edf374ec52c379550bb21a046/im3_datacenter_centroids.geojson
2026-03-31,"Amazon Web Services · Umatilla, OR #12",OSM,site_mapped,217375,"{""dataset"": ""IM3 Open Source Data Center Atlas"", ""dataset_url"": ""https://data.msdlive.org/records/65g71-a4731"", ""atlas_commit"": ""48d45f6eef72778edf374ec52c379550bb21a046"", ""atlas_type"": ""building"", ""osm_name"": ""Amazon Web Services"", ""operator"": ""Amazon Web Services"", ""footprint_sqft"": 217375, ""license"": ""ODbL-1.0""}",https://github.com/IMMM-SFA/datacenter-atlas/blob/48d45f6eef72778edf374ec52c379550bb21a046/im3_datacenter_centroids.geojson
2026-03-31,"Amazon Web Services · Umatilla, OR #13",OSM,site_mapped,225421,"{""dataset"": ""IM3 Open Source Data Center Atlas"", ""dataset_url"": ""https://data.msdlive.org/records/65g71-a4731"", ""atlas_commit"": ""48d45f6eef72778edf374ec52c379550bb21a046"", ""atlas_type"": ""building"", ""osm_name"": ""Amazon Web Services"", ""operator"": ""Amazon Web Services"", ""footprint_sqft"": 225421, ""license"": ""ODbL-1.0""}",https://github.com/IMMM-SFA/datacenter-atlas/blob/48d45f6eef72778edf374ec52c379550bb21a046/im3_datacenter_centroids.geojson
2026-03-31,"Amazon Web Services · Umatilla, OR #14",OSM,site_mapped,216430,"{""dataset"": ""IM3 Open Source Data Center Atlas"", ""dataset_url"": ""https://data.msdlive.org/records/65g71-a4731"", ""atlas_commit"": ""48d45f6eef72778edf374ec52c379550bb21a046"", ""atlas_type"": ""building"", ""osm_name"": ""Amazon Web Services"", ""operator"": ""Amazon Web Services"", ""footprint_sqft"": 216430, ""license"": ""ODbL-1.0""}",https://github.com/IMMM-SFA/datacenter-atlas/blob/48d45f6eef72778edf374ec52c379550bb21a046/im3_datacenter_centroids.geojson
2026-03-31,"Amazon Web Services · Umatilla, OR #15",OSM,site_mapped,211240,"{""dataset"": ""IM3 Open Source Data Center Atlas"", ""dataset_url"": ""https://data.msdlive.org/records/65g71-a4731"", ""atlas_commit"": ""48d45f6eef72778edf374ec52c379550bb21a046"", ""atlas_type"": ""building"", ""osm_name"": ""Amazon Web Services"", ""operator"": ""Amazon Web Services"", ""footprint_sqft"": 211240, ""license"": ""ODbL-1.0""}",https://github.com/IMMM-SFA/datacenter-atlas/blob/48d45f6eef72778edf374ec52c379550bb21a046/im3_datacenter_centroids.geojson
2026-03-31,"Google Data Center The Dalles Oregon · Wasco, OR",OSM,site_mapped,1487396,"{""dataset"": ""IM3 Open Source Data Center Atlas"", ""dataset_url"": ""https://data.msdlive.org/records/65g71-a4731"", ""atlas_commit"": ""48d45f6eef72778edf374ec52c379550bb21a046"", ""atlas_type"": ""campus"", ""osm_name"": ""Google Data Center The Dalles Oregon"", ""operator"": ""Google"", ""footprint_sqft"": 1487396, ""license"": ""ODbL-1.0""}",https://github.com/IMMM-SFA/datacenter-atlas/blob/48d45f6eef72778edf374ec52c379550bb21a046/im3_datacenter_centroids.geojson
2026-03-31,"Google Taylor Lake Data Center · Wasco, OR",OSM,site_mapped,1100932,"{""dataset"": ""IM3 Open Source Data Center Atlas"", ""dataset_url"": ""https://data.msdlive.org/records/65g71-a4731"", ""atlas_commit"": ""48d45f6eef72778edf374ec52c379550bb21a046"", ""atlas_type"": ""campus"", ""osm_name"": ""Google Taylor Lake Data Center"", ""operator"": ""Google"", ""footprint_sqft"": 1100932, ""license"": ""ODbL-1.0""}",https://github.com/IMMM-SFA/datacenter-atlas/blob/48d45f6eef72778edf374ec52c379550bb21a046/im3_datacenter_centroids.geojson
2026-03-31,"Data Center · Washington, OR",OSM,site_mapped,25297,"{""dataset"": ""IM3 Open Source Data Center Atlas"", ""dataset_url"": ""https://data.msdlive.org/records/65g71-a4731"", ""atlas_commit"": ""48d45f6eef72778edf374ec52c379550bb21a046"", ""atlas_type"": ""building"", ""osm_name"": ""Data Center"", ""operator"": ""Oregon Health & Science University"", ""footprint_sqft"": 25297, ""license"": ""ODbL-1.0""}",https://github.com/IMMM-SFA/datacenter-atlas/blob/48d45f6eef72778edf374ec52c379550bb21a046/im3_datacenter_centroids.geojson
2026-03-31,"Stack Infrastructure Portland 2 Data Center · Washington, OR",OSM,site_mapped,215217,"{""dataset"": ""IM3 Open Source Data Center Atlas"", ""dataset_url"": ""https://data.msdlive.org/records/65g71-a4731"", ""atlas_commit"": ""48d45f6eef72778edf374ec52c379550bb21a046"", ""atlas_type"": ""building"", ""osm_name"": ""Stack Infrastructure Portland 2 Data Center"", ""operator"": null, ""footprint_sqft"": 215217, ""license"": ""ODbL-1.0""}",https://github.com/IMMM-SFA/datacenter-atlas/blob/48d45f6eef72778edf374ec52c379550bb21a046/im3_datacenter_centroids.geojson
2026-03-31,"Digital Realty PDX10 Data Center · Washington, OR",OSM,site_mapped,68807,"{""dataset"": ""IM3 Open Source Data Center Atlas"", ""dataset_url"": ""https://data.msdlive.org/records/65g71-a4731"", ""atlas_commit"": ""48d45f6eef72778edf374ec52c379550bb21a046"", ""atlas_type"": ""building"", ""osm_name"": ""Digital Realty PDX10 Data Center"", ""operator"": ""Digital Realty"", ""footprint_sqft"": 68807, ""license"": ""ODbL-1.0""}",https://github.com/IMMM-SFA/datacenter-atlas/blob/48d45f6eef72778edf374ec52c379550bb21a046/im3_datacenter_centroids.geojson
2026-03-31,"NTT RagingWire Data Center · Washington, OR",OSM,site_mapped,260339,"{""dataset"": ""IM3 Open Source Data Center Atlas"", ""dataset_url"": ""https://data.msdlive.org/records/65g71-a4731"", ""atlas_commit"": ""48d45f6eef72778edf374ec52c379550bb21a046"", ""atlas_type"": ""building"", ""osm_name"": ""NTT RagingWire Data Center"", ""operator"": ""NTT"", ""footprint_sqft"": 260339, ""license"": ""ODbL-1.0""}",https://github.com/IMMM-SFA/datacenter-atlas/blob/48d45f6eef72778edf374ec52c379550bb21a046/im3_datacenter_centroids.geojson
2026-03-31,"Flexential · Washington, OR",OSM,site_mapped,41245,"{""dataset"": ""IM3 Open Source Data Center Atlas"", ""dataset_url"": ""https://data.msdlive.org/records/65g71-a4731"", ""atlas_commit"": ""48d45f6eef72778edf374ec52c379550bb21a046"", ""atlas_type"": ""building"", ""osm_name"": ""Flexential"", ""operator"": ""Flexential"", ""footprint_sqft"": 41245, ""license"": ""ODbL-1.0""}",https://github.com/IMMM-SFA/datacenter-atlas/blob/48d45f6eef72778edf374ec52c379550bb21a046/im3_datacenter_centroids.geojson
2026-03-31,"Adobe Data Center · Washington, OR",OSM,site_mapped,89232,"{""dataset"": ""IM3 Open Source Data Center Atlas"", ""dataset_url"": ""https://data.msdlive.org/records/65g71-a4731"", ""atlas_commit"": ""48d45f6eef72778edf374ec52c379550bb21a046"", ""atlas_type"": ""building"", ""osm_name"": ""Adobe Data Center"", ""operator"": null, ""footprint_sqft"": 89232, ""license"": ""ODbL-1.0""}",https://github.com/IMMM-SFA/datacenter-atlas/blob/48d45f6eef72778edf374ec52c379550bb21a046/im3_datacenter_centroids.geojson
2026-03-31,"Flexential Portland - Hillsboro 1 · Washington, OR",OSM,site_mapped,44088,"{""dataset"": ""IM3 Open Source Data Center Atlas"", ""dataset_url"": ""https://data.msdlive.org/records/65g71-a4731"", ""atlas_commit"": ""48d45f6eef72778edf374ec52c379550bb21a046"", ""atlas_type"": ""building"", ""osm_name"": ""Flexential Portland - Hillsboro 1"", ""operator"": ""Flexential"", ""footprint_sqft"": 44088, ""license"": ""ODbL-1.0""}",https://github.com/IMMM-SFA/datacenter-atlas/blob/48d45f6eef72778edf374ec52c379550bb21a046/im3_datacenter_centroids.geojson
2026-03-31,"Aligned Data Centers data center · Washington, OR",OSM,site_mapped,155423,"{""dataset"": ""IM3 Open Source Data Center Atlas"", ""dataset_url"": ""https://data.msdlive.org/records/65g71-a4731"", ""atlas_commit"": ""48d45f6eef72778edf374ec52c379550bb21a046"", ""atlas_type"": ""building"", ""osm_name"": null, ""operator"": ""Aligned Data Centers"", ""footprint_sqft"": 155423, ""license"": ""ODbL-1.0""}",https://github.com/IMMM-SFA/datacenter-atlas/blob/48d45f6eef72778edf374ec52c379550bb21a046/im3_datacenter_centroids.geojson
2026-03-31,"Stack Infrastructure Portland 3 Data Center -Bld POR3a · Washington, OR",OSM,site_mapped,94010,"{""dataset"": ""IM3 Open Source Data Center Atlas"", ""dataset_url"": ""https://data.msdlive.org/records/65g71-a4731"", ""atlas_commit"": ""48d45f6eef72778edf374ec52c379550bb21a046"", ""atlas_type"": ""building"", ""osm_name"": ""Stack Infrastructure Portland 3 Data Center -Bld POR3a"", ""operator"": ""Stack Infrastructure"", ""footprint_sqft"": 94010, ""license"": ""ODbL-1.0""}",https://github.com/IMMM-SFA/datacenter-atlas/blob/48d45f6eef72778edf374ec52c379550bb21a046/im3_datacenter_centroids.geojson
2026-03-31,"Stack Infrastructure Portland 3 Data Center -Bld POR3b · Washington, OR",OSM,site_mapped,91092,"{""dataset"": ""IM3 Open Source Data Center Atlas"", ""dataset_url"": ""https://data.msdlive.org/records/65g71-a4731"", ""atlas_commit"": ""48d45f6eef72778edf374ec52c379550bb21a046"", ""atlas_type"": ""building"", ""osm_name"": ""Stack Infrastructure Portland 3 Data Center -Bld POR3b"", ""operator"": ""Stack Infrastructure"", ""footprint_sqft"": 91092, ""license"": ""ODbL-1.0""}",https://github.com/IMMM-SFA/datacenter-atlas/blob/48d45f6eef72778edf374ec52c379550bb21a046/im3_datacenter_centroids.geojson
2026-03-31,"Stack Infrastructure Portland 3 Data Center -Bld POR3c · Washington, OR",OSM,site_mapped,93274,"{""dataset"": ""IM3 Open Source Data Center Atlas"", ""dataset_url"": ""https://data.msdlive.org/records/65g71-a4731"", ""atlas_commit"": ""48d45f6eef72778edf374ec52c379550bb21a046"", ""atlas_type"": ""building"", ""osm_name"": ""Stack Infrastructure Portland 3 Data Center -Bld POR3c"", ""operator"": ""Stack Infrastructure"", ""footprint_sqft"": 93274, ""license"": ""ODbL-1.0""}",https://github.com/IMMM-SFA/datacenter-atlas/blob/48d45f6eef72778edf374ec52c379550bb21a046/im3_datacenter_centroids.geojson
2026-03-31,"Flexential Portland - Hillsboro 4 · Washington, OR",OSM,site_mapped,97536,"{""dataset"": ""IM3 Open Source Data Center Atlas"", ""dataset_url"": ""https://data.msdlive.org/records/65g71-a4731"", ""atlas_commit"": ""48d45f6eef72778edf374ec52c379550bb21a046"", ""atlas_type"": ""building"", ""osm_name"": ""Flexential Portland - Hillsboro 4"", ""operator"": ""Flexential"", ""footprint_sqft"": 97536, ""license"": ""ODbL-1.0""}",https://github.com/IMMM-SFA/datacenter-atlas/blob/48d45f6eef72778edf374ec52c379550bb21a046/im3_datacenter_centroids.geojson
2026-03-31,"Flexential Portland - Hillsboro 4 Expansion · Washington, OR",OSM,site_mapped,20041,"{""dataset"": ""IM3 Open Source Data Center Atlas"", ""dataset_url"": ""https://data.msdlive.org/records/65g71-a4731"", ""atlas_commit"": ""48d45f6eef72778edf374ec52c379550bb21a046"", ""atlas_type"": ""building"", ""osm_name"": ""Flexential Portland - Hillsboro 4 Expansion"", ""operator"": ""Flexential"", ""footprint_sqft"": 20041, ""license"": ""ODbL-1.0""}",https://github.com/IMMM-SFA/datacenter-atlas/blob/48d45f6eef72778edf374ec52c379550bb21a046/im3_datacenter_centroids.geojson
2026-03-31,"Flexential Portland - Hillsboro 5 · Washington, OR",OSM,site_mapped,180357,"{""dataset"": ""IM3 Open Source Data Center Atlas"", ""dataset_url"": ""https://data.msdlive.org/records/65g71-a4731"", ""atlas_commit"": ""48d45f6eef72778edf374ec52c379550bb21a046"", ""atlas_type"": ""building"", ""osm_name"": ""Flexential Portland - Hillsboro 5"", ""operator"": ""Flexential"", ""footprint_sqft"": 180357, ""license"": ""ODbL-1.0""}",https://github.com/IMMM-SFA/datacenter-atlas/blob/48d45f6eef72778edf374ec52c379550bb21a046/im3_datacenter_centroids.geojson
2026-03-31,"EdgeConneX Data Center · Washington, OR",OSM,site_mapped,111564,"{""dataset"": ""IM3 Open Source Data Center Atlas"", ""dataset_url"": ""https://data.msdlive.org/records/65g71-a4731"", ""atlas_commit"": ""48d45f6eef72778edf374ec52c379550bb21a046"", ""atlas_type"": ""building"", ""osm_name"": ""EdgeConneX Data Center"", ""operator"": ""EdgeConneX"", ""footprint_sqft"": 111564, ""license"": ""ODbL-1.0""}",https://github.com/IMMM-SFA/datacenter-atlas/blob/48d45f6eef72778edf374ec52c379550bb21a046/im3_datacenter_centroids.geojson
2026-03-31,"Flexential Portland - Hillsboro 2 · Washington, OR",OSM,site_mapped,214259,"{""dataset"": ""IM3 Open Source Data Center Atlas"", ""dataset_url"": ""https://data.msdlive.org/records/65g71-a4731"", ""atlas_commit"": ""48d45f6eef72778edf374ec52c379550bb21a046"", ""atlas_type"": ""building"", ""osm_name"": ""Flexential Portland - Hillsboro 2"", ""operator"": ""Flexential"", ""footprint_sqft"": 214259, ""license"": ""ODbL-1.0""}",https://github.com/IMMM-SFA/datacenter-atlas/blob/48d45f6eef72778edf374ec52c379550bb21a046/im3_datacenter_centroids.geojson
2026-03-31,"QTS Data Center Bld 2 · Washington, OR",OSM,site_mapped,172698,"{""dataset"": ""IM3 Open Source Data Center Atlas"", ""dataset_url"": ""https://data.msdlive.org/records/65g71-a4731"", ""atlas_commit"": ""48d45f6eef72778edf374ec52c379550bb21a046"", ""atlas_type"": ""building"", ""osm_name"": ""QTS Data Center Bld 2"", ""operator"": ""Quality Technology Services"", ""footprint_sqft"": 172698, ""license"": ""ODbL-1.0""}",https://github.com/IMMM-SFA/datacenter-atlas/blob/48d45f6eef72778edf374ec52c379550bb21a046/im3_datacenter_centroids.geojson
2026-03-31,"QTS Data Center Bld 1 · Washington, OR",OSM,site_mapped,157854,"{""dataset"": ""IM3 Open Source Data Center Atlas"", ""dataset_url"": ""https://data.msdlive.org/records/65g71-a4731"", ""atlas_commit"": ""48d45f6eef72778edf374ec52c379550bb21a046"", ""atlas_type"": ""building"", ""osm_name"": ""QTS Data Center Bld 1"", ""operator"": ""Quality Technology Services"", ""footprint_sqft"": 157854, ""license"": ""ODbL-1.0""}",https://github.com/IMMM-SFA/datacenter-atlas/blob/48d45f6eef72778edf374ec52c379550bb21a046/im3_datacenter_centroids.geojson
2026-03-31,"QTS Data Center Bld 3 · Washington, OR",OSM,site_mapped,171585,"{""dataset"": ""IM3 Open Source Data Center Atlas"", ""dataset_url"": ""https://data.msdlive.org/records/65g71-a4731"", ""atlas_commit"": ""48d45f6eef72778edf374ec52c379550bb21a046"", ""atlas_type"": ""building"", ""osm_name"": ""QTS Data Center Bld 3"", ""operator"": ""Quality Technology Services"", ""footprint_sqft"": 171585, ""license"": ""ODbL-1.0""}",https://github.com/IMMM-SFA/datacenter-atlas/blob/48d45f6eef72778edf374ec52c379550bb21a046/im3_datacenter_centroids.geojson
2026-03-31,"QTS Data Center Bld 4 · Washington, OR",OSM,site_mapped,173993,"{""dataset"": ""IM3 Open Source Data Center Atlas"", ""dataset_url"": ""https://data.msdlive.org/records/65g71-a4731"", ""atlas_commit"": ""48d45f6eef72778edf374ec52c379550bb21a046"", ""atlas_type"": ""building"", ""osm_name"": ""QTS Data Center Bld 4"", ""operator"": ""Quality Technology Services"", ""footprint_sqft"": 173993, ""license"": ""ODbL-1.0""}",https://github.com/IMMM-SFA/datacenter-atlas/blob/48d45f6eef72778edf374ec52c379550bb21a046/im3_datacenter_centroids.geojson
2026-03-31,"QTS Data Center Bld 5 · Washington, OR",OSM,site_mapped,168921,"{""dataset"": ""IM3 Open Source Data Center Atlas"", ""dataset_url"": ""https://data.msdlive.org/records/65g71-a4731"", ""atlas_commit"": ""48d45f6eef72778edf374ec52c379550bb21a046"", ""atlas_type"": ""building"", ""osm_name"": ""QTS Data Center Bld 5"", ""operator"": ""Quality Technology Services"", ""footprint_sqft"": 168921, ""license"": ""ODbL-1.0""}",https://github.com/IMMM-SFA/datacenter-atlas/blob/48d45f6eef72778edf374ec52c379550bb21a046/im3_datacenter_centroids.geojson
2026-03-31,"Flexential Portland - Hillsboro 3 · Washington, OR",OSM,site_mapped,337274,"{""dataset"": ""IM3 Open Source Data Center Atlas"", ""dataset_url"": ""https://data.msdlive.org/records/65g71-a4731"", ""atlas_commit"": ""48d45f6eef72778edf374ec52c379550bb21a046"", ""atlas_type"": ""building"", ""osm_name"": ""Flexential Portland - Hillsboro 3"", ""operator"": ""Flexential"", ""footprint_sqft"": 337274, ""license"": ""ODbL-1.0""}",https://github.com/IMMM-SFA/datacenter-atlas/blob/48d45f6eef72778edf374ec52c379550bb21a046/im3_datacenter_centroids.geojson
2026-03-31,"Digital Realty PDX11 Data Center · Washington, OR #1",OSM,site_mapped,283056,"{""dataset"": ""IM3 Open Source Data Center Atlas"", ""dataset_url"": ""https://data.msdlive.org/records/65g71-a4731"", ""atlas_commit"": ""48d45f6eef72778edf374ec52c379550bb21a046"", ""atlas_type"": ""building"", ""osm_name"": ""Digital Realty PDX11 Data Center"", ""operator"": ""Digital Realty"", ""footprint_sqft"": 283056, ""license"": ""ODbL-1.0""}",https://github.com/IMMM-SFA/datacenter-atlas/blob/48d45f6eef72778edf374ec52c379550bb21a046/im3_datacenter_centroids.geojson
2026-03-31,"Digital Realty PDX11 Data Center · Washington, OR #2",OSM,site_mapped,287848,"{""dataset"": ""IM3 Open Source Data Center Atlas"", ""dataset_url"": ""https://data.msdlive.org/records/65g71-a4731"", ""atlas_commit"": ""48d45f6eef72778edf374ec52c379550bb21a046"", ""atlas_type"": ""building"", ""osm_name"": ""Digital Realty PDX11 Data Center"", ""operator"": ""Digital Realty"", ""footprint_sqft"": 287848, ""license"": ""ODbL-1.0""}",https://github.com/IMMM-SFA/datacenter-atlas/blob/48d45f6eef72778edf374ec52c379550bb21a046/im3_datacenter_centroids.geojson
2026-03-31,"QTS North HIL3 South Building · Washington, OR",OSM,site_mapped,215922,"{""dataset"": ""IM3 Open Source Data Center Atlas"", ""dataset_url"": ""https://data.msdlive.org/records/65g71-a4731"", ""atlas_commit"": ""48d45f6eef72778edf374ec52c379550bb21a046"", ""atlas_type"": ""campus"", ""osm_name"": ""QTS North HIL3 South Building"", ""operator"": ""Quality Technology Services"", ""footprint_sqft"": 215922, ""license"": ""ODbL-1.0""}",https://github.com/IMMM-SFA/datacenter-atlas/blob/48d45f6eef72778edf374ec52c379550bb21a046/im3_datacenter_centroids.geojson
2026-03-31,"QTS North HIL3 North Building · Washington, OR",OSM,site_mapped,176342,"{""dataset"": ""IM3 Open Source Data Center Atlas"", ""dataset_url"": ""https://data.msdlive.org/records/65g71-a4731"", ""atlas_commit"": ""48d45f6eef72778edf374ec52c379550bb21a046"", ""atlas_type"": ""campus"", ""osm_name"": ""QTS North HIL3 North Building"", ""operator"": ""Quality Technology Services"", ""footprint_sqft"": 176342, ""license"": ""ODbL-1.0""}",https://github.com/IMMM-SFA/datacenter-atlas/blob/48d45f6eef72778edf374ec52c379550bb21a046/im3_datacenter_centroids.geojson
2026-03-31,"Expedient Pittsburgh South · Allegheny, PA",OSM,site_mapped,27441,"{""dataset"": ""IM3 Open Source Data Center Atlas"", ""dataset_url"": ""https://data.msdlive.org/records/65g71-a4731"", ""atlas_commit"": ""48d45f6eef72778edf374ec52c379550bb21a046"", ""atlas_type"": ""building"", ""osm_name"": ""Expedient Pittsburgh South"", ""operator"": ""Expedient"", ""footprint_sqft"": 27441, ""license"": ""ODbL-1.0""}",https://github.com/IMMM-SFA/datacenter-atlas/blob/48d45f6eef72778edf374ec52c379550bb21a046/im3_datacenter_centroids.geojson
2026-03-31,"DataBank Pittsburgh PIT2 · Allegheny, PA",OSM,site_mapped,60007,"{""dataset"": ""IM3 Open Source Data Center Atlas"", ""dataset_url"": ""https://data.msdlive.org/records/65g71-a4731"", ""atlas_commit"": ""48d45f6eef72778edf374ec52c379550bb21a046"", ""atlas_type"": ""building"", ""osm_name"": ""DataBank Pittsburgh PIT2"", ""operator"": null, ""footprint_sqft"": 60007, ""license"": ""ODbL-1.0""}",https://github.com/IMMM-SFA/datacenter-atlas/blob/48d45f6eef72778edf374ec52c379550bb21a046/im3_datacenter_centroids.geojson
2026-03-31,"Allentown-TekPark · Lehigh, PA",OSM,site_mapped,146248,"{""dataset"": ""IM3 Open Source Data Center Atlas"", ""dataset_url"": ""https://data.msdlive.org/records/65g71-a4731"", ""atlas_commit"": ""48d45f6eef72778edf374ec52c379550bb21a046"", ""atlas_type"": ""building"", ""osm_name"": ""Allentown-TekPark"", ""operator"": null, ""footprint_sqft"": 146248, ""license"": ""ODbL-1.0""}",https://github.com/IMMM-SFA/datacenter-atlas/blob/48d45f6eef72778edf374ec52c379550bb21a046/im3_datacenter_centroids.geojson
2026-03-31,"Flexential Allentown data center · Lehigh, PA",OSM,site_mapped,48995,"{""dataset"": ""IM3 Open Source Data Center Atlas"", ""dataset_url"": ""https://data.msdlive.org/records/65g71-a4731"", ""atlas_commit"": ""48d45f6eef72778edf374ec52c379550bb21a046"", ""atlas_type"": ""building"", ""osm_name"": ""Flexential Allentown data center"", ""operator"": ""Flexential"", ""footprint_sqft"": 48995, ""license"": ""ODbL-1.0""}",https://github.com/IMMM-SFA/datacenter-atlas/blob/48d45f6eef72778edf374ec52c379550bb21a046/im3_datacenter_centroids.geojson
2026-03-31,"DāStor: 3400 Horizon Drive · Montgomery, PA",OSM,site_mapped,,"{""dataset"": ""IM3 Open Source Data Center Atlas"", ""dataset_url"": ""https://data.msdlive.org/records/65g71-a4731"", ""atlas_commit"": ""48d45f6eef72778edf374ec52c379550bb21a046"", ""atlas_type"": ""point"", ""osm_name"": ""D\u0101Stor: 3400 Horizon Drive"", ""operator"": null, ""footprint_sqft"": null, ""license"": ""ODbL-1.0""}",https://github.com/IMMM-SFA/datacenter-atlas/blob/48d45f6eef72778edf374ec52c379550bb21a046/im3_datacenter_centroids.geojson
2026-03-31,"TierPoint Valley Forge · Montgomery, PA",OSM,site_mapped,62375,"{""dataset"": ""IM3 Open Source Data Center Atlas"", ""dataset_url"": ""https://data.msdlive.org/records/65g71-a4731"", ""atlas_commit"": ""48d45f6eef72778edf374ec52c379550bb21a046"", ""atlas_type"": ""building"", ""osm_name"": ""TierPoint Valley Forge"", ""operator"": ""TierPoint"", ""footprint_sqft"": 62375, ""license"": ""ODbL-1.0""}",https://github.com/IMMM-SFA/datacenter-atlas/blob/48d45f6eef72778edf374ec52c379550bb21a046/im3_datacenter_centroids.geojson
2026-03-31,"Lumen Norristown · Montgomery, PA",OSM,site_mapped,34224,"{""dataset"": ""IM3 Open Source Data Center Atlas"", ""dataset_url"": ""https://data.msdlive.org/records/65g71-a4731"", ""atlas_commit"": ""48d45f6eef72778edf374ec52c379550bb21a046"", ""atlas_type"": ""building"", ""osm_name"": ""Lumen Norristown"", ""operator"": ""Lumen Technologies"", ""footprint_sqft"": 34224, ""license"": ""ODbL-1.0""}",https://github.com/IMMM-SFA/datacenter-atlas/blob/48d45f6eef72778edf374ec52c379550bb21a046/im3_datacenter_centroids.geojson
2026-03-31,"Flexential Philadelphia - Collegeville · Montgomery, PA",OSM,site_mapped,110941,"{""dataset"": ""IM3 Open Source Data Center Atlas"", ""dataset_url"": ""https://data.msdlive.org/records/65g71-a4731"", ""atlas_commit"": ""48d45f6eef72778edf374ec52c379550bb21a046"", ""atlas_type"": ""building"", ""osm_name"": ""Flexential Philadelphia - Collegeville"", ""operator"": ""Flexential"", ""footprint_sqft"": 110941, ""license"": ""ODbL-1.0""}",https://github.com/IMMM-SFA/datacenter-atlas/blob/48d45f6eef72778edf374ec52c379550bb21a046/im3_datacenter_centroids.geojson
2026-03-31,"Terminal Commerce Building · Philadelphia, PA",OSM,site_mapped,119659,"{""dataset"": ""IM3 Open Source Data Center Atlas"", ""dataset_url"": ""https://data.msdlive.org/records/65g71-a4731"", ""atlas_commit"": ""48d45f6eef72778edf374ec52c379550bb21a046"", ""atlas_type"": ""building"", ""osm_name"": ""Terminal Commerce Building"", ""operator"": null, ""footprint_sqft"": 119659, ""license"": ""ODbL-1.0""}",https://github.com/IMMM-SFA/datacenter-atlas/blob/48d45f6eef72778edf374ec52c379550bb21a046/im3_datacenter_centroids.geojson
2026-03-31,"Microsoft · Guaynabo, PR",OSM,site_mapped,,"{""dataset"": ""IM3 Open Source Data Center Atlas"", ""dataset_url"": ""https://data.msdlive.org/records/65g71-a4731"", ""atlas_commit"": ""48d45f6eef72778edf374ec52c379550bb21a046"", ""atlas_type"": ""point"", ""osm_name"": ""Microsoft"", ""operator"": ""Microsoft"", ""footprint_sqft"": null, ""license"": ""ODbL-1.0""}",https://github.com/IMMM-SFA/datacenter-atlas/blob/48d45f6eef72778edf374ec52c379550bb21a046/im3_datacenter_centroids.geojson
2026-03-31,"Claro data center · San Juan, PR",OSM,site_mapped,23137,"{""dataset"": ""IM3 Open Source Data Center Atlas"", ""dataset_url"": ""https://data.msdlive.org/records/65g71-a4731"", ""atlas_commit"": ""48d45f6eef72778edf374ec52c379550bb21a046"", ""atlas_type"": ""building"", ""osm_name"": null, ""operator"": ""Claro"", ""footprint_sqft"": 23137, ""license"": ""ODbL-1.0""}",https://github.com/IMMM-SFA/datacenter-atlas/blob/48d45f6eef72778edf374ec52c379550bb21a046/im3_datacenter_centroids.geojson
2026-03-31,"Meta Aiken Data Center · Aiken, SC",OSM,site_mapped,3608146,"{""dataset"": ""IM3 Open Source Data Center Atlas"", ""dataset_url"": ""https://data.msdlive.org/records/65g71-a4731"", ""atlas_commit"": ""48d45f6eef72778edf374ec52c379550bb21a046"", ""atlas_type"": ""campus"", ""osm_name"": ""Meta Aiken Data Center"", ""operator"": ""Meta"", ""footprint_sqft"": 3608146, ""license"": ""ODbL-1.0""}",https://github.com/IMMM-SFA/datacenter-atlas/blob/48d45f6eef72778edf374ec52c379550bb21a046/im3_datacenter_centroids.geojson
2026-03-31,"Google · Berkeley, SC #1",OSM,site_mapped,697831,"{""dataset"": ""IM3 Open Source Data Center Atlas"", ""dataset_url"": ""https://data.msdlive.org/records/65g71-a4731"", ""atlas_commit"": ""48d45f6eef72778edf374ec52c379550bb21a046"", ""atlas_type"": ""building"", ""osm_name"": ""Google"", ""operator"": ""Google"", ""footprint_sqft"": 697831, ""license"": ""ODbL-1.0""}",https://github.com/IMMM-SFA/datacenter-atlas/blob/48d45f6eef72778edf374ec52c379550bb21a046/im3_datacenter_centroids.geojson
2026-03-31,"Google data center · Berkeley, SC",OSM,site_mapped,182645,"{""dataset"": ""IM3 Open Source Data Center Atlas"", ""dataset_url"": ""https://data.msdlive.org/records/65g71-a4731"", ""atlas_commit"": ""48d45f6eef72778edf374ec52c379550bb21a046"", ""atlas_type"": ""building"", ""osm_name"": null, ""operator"": ""Google"", ""footprint_sqft"": 182645, ""license"": ""ODbL-1.0""}",https://github.com/IMMM-SFA/datacenter-atlas/blob/48d45f6eef72778edf374ec52c379550bb21a046/im3_datacenter_centroids.geojson
2026-03-31,"Google · Berkeley, SC #2",OSM,site_mapped,206252,"{""dataset"": ""IM3 Open Source Data Center Atlas"", ""dataset_url"": ""https://data.msdlive.org/records/65g71-a4731"", ""atlas_commit"": ""48d45f6eef72778edf374ec52c379550bb21a046"", ""atlas_type"": ""building"", ""osm_name"": ""Google"", ""operator"": ""Google"", ""footprint_sqft"": 206252, ""license"": ""ODbL-1.0""}",https://github.com/IMMM-SFA/datacenter-atlas/blob/48d45f6eef72778edf374ec52c379550bb21a046/im3_datacenter_centroids.geojson
2026-03-31,"Google · Berkeley, SC #3",OSM,site_mapped,181261,"{""dataset"": ""IM3 Open Source Data Center Atlas"", ""dataset_url"": ""https://data.msdlive.org/records/65g71-a4731"", ""atlas_commit"": ""48d45f6eef72778edf374ec52c379550bb21a046"", ""atlas_type"": ""building"", ""osm_name"": ""Google"", ""operator"": ""Google"", ""footprint_sqft"": 181261, ""license"": ""ODbL-1.0""}",https://github.com/IMMM-SFA/datacenter-atlas/blob/48d45f6eef72778edf374ec52c379550bb21a046/im3_datacenter_centroids.geojson
2026-03-31,"Google · Berkeley, SC #4",OSM,site_mapped,249320,"{""dataset"": ""IM3 Open Source Data Center Atlas"", ""dataset_url"": ""https://data.msdlive.org/records/65g71-a4731"", ""atlas_commit"": ""48d45f6eef72778edf374ec52c379550bb21a046"", ""atlas_type"": ""building"", ""osm_name"": ""Google"", ""operator"": ""Google"", ""footprint_sqft"": 249320, ""license"": ""ODbL-1.0""}",https://github.com/IMMM-SFA/datacenter-atlas/blob/48d45f6eef72778edf374ec52c379550bb21a046/im3_datacenter_centroids.geojson
2026-03-31,"Google · Berkeley, SC #5",OSM,site_mapped,146623,"{""dataset"": ""IM3 Open Source Data Center Atlas"", ""dataset_url"": ""https://data.msdlive.org/records/65g71-a4731"", ""atlas_commit"": ""48d45f6eef72778edf374ec52c379550bb21a046"", ""atlas_type"": ""building"", ""osm_name"": ""Google"", ""operator"": ""Google"", ""footprint_sqft"": 146623, ""license"": ""ODbL-1.0""}",https://github.com/IMMM-SFA/datacenter-atlas/blob/48d45f6eef72778edf374ec52c379550bb21a046/im3_datacenter_centroids.geojson
2026-03-31,"Google · Berkeley, SC #6",OSM,site_mapped,181645,"{""dataset"": ""IM3 Open Source Data Center Atlas"", ""dataset_url"": ""https://data.msdlive.org/records/65g71-a4731"", ""atlas_commit"": ""48d45f6eef72778edf374ec52c379550bb21a046"", ""atlas_type"": ""building"", ""osm_name"": ""Google"", ""operator"": ""Google"", ""footprint_sqft"": 181645, ""license"": ""ODbL-1.0""}",https://github.com/IMMM-SFA/datacenter-atlas/blob/48d45f6eef72778edf374ec52c379550bb21a046/im3_datacenter_centroids.geojson
2026-03-31,"Google · Berkeley, SC #7",OSM,site_mapped,145533,"{""dataset"": ""IM3 Open Source Data Center Atlas"", ""dataset_url"": ""https://data.msdlive.org/records/65g71-a4731"", ""atlas_commit"": ""48d45f6eef72778edf374ec52c379550bb21a046"", ""atlas_type"": ""building"", ""osm_name"": ""Google"", ""operator"": ""Google"", ""footprint_sqft"": 145533, ""license"": ""ODbL-1.0""}",https://github.com/IMMM-SFA/datacenter-atlas/blob/48d45f6eef72778edf374ec52c379550bb21a046/im3_datacenter_centroids.geojson
2026-03-31,"Google · Berkeley, SC #8",OSM,site_mapped,131216,"{""dataset"": ""IM3 Open Source Data Center Atlas"", ""dataset_url"": ""https://data.msdlive.org/records/65g71-a4731"", ""atlas_commit"": ""48d45f6eef72778edf374ec52c379550bb21a046"", ""atlas_type"": ""building"", ""osm_name"": ""Google"", ""operator"": ""Google"", ""footprint_sqft"": 131216, ""license"": ""ODbL-1.0""}",https://github.com/IMMM-SFA/datacenter-atlas/blob/48d45f6eef72778edf374ec52c379550bb21a046/im3_datacenter_centroids.geojson
2026-03-31,"DC BLOX Myrtle Beach Cable Landing Station · Horry, SC",OSM,site_mapped,91946,"{""dataset"": ""IM3 Open Source Data Center Atlas"", ""dataset_url"": ""https://data.msdlive.org/records/65g71-a4731"", ""atlas_commit"": ""48d45f6eef72778edf374ec52c379550bb21a046"", ""atlas_type"": ""building"", ""osm_name"": ""DC BLOX Myrtle Beach Cable Landing Station"", ""operator"": null, ""footprint_sqft"": 91946, ""license"": ""ODbL-1.0""}",https://github.com/IMMM-SFA/datacenter-atlas/blob/48d45f6eef72778edf374ec52c379550bb21a046/im3_datacenter_centroids.geojson
2026-03-31,"ADP South Dakota · Minnehaha, SD",OSM,site_mapped,243125,"{""dataset"": ""IM3 Open Source Data Center Atlas"", ""dataset_url"": ""https://data.msdlive.org/records/65g71-a4731"", ""atlas_commit"": ""48d45f6eef72778edf374ec52c379550bb21a046"", ""atlas_type"": ""building"", ""osm_name"": ""ADP South Dakota"", ""operator"": null, ""footprint_sqft"": 243125, ""license"": ""ODbL-1.0""}",https://github.com/IMMM-SFA/datacenter-atlas/blob/48d45f6eef72778edf374ec52c379550bb21a046/im3_datacenter_centroids.geojson
2026-03-31,"TierPoint Sioux Falls West Data Center · Minnehaha, SD",OSM,site_mapped,55963,"{""dataset"": ""IM3 Open Source Data Center Atlas"", ""dataset_url"": ""https://data.msdlive.org/records/65g71-a4731"", ""atlas_commit"": ""48d45f6eef72778edf374ec52c379550bb21a046"", ""atlas_type"": ""building"", ""osm_name"": ""TierPoint Sioux Falls West Data Center"", ""operator"": null, ""footprint_sqft"": 55963, ""license"": ""ODbL-1.0""}",https://github.com/IMMM-SFA/datacenter-atlas/blob/48d45f6eef72778edf374ec52c379550bb21a046/im3_datacenter_centroids.geojson
2026-03-31,"Unnamed data center · Davidson, TN #1",OSM,site_mapped,93318,"{""dataset"": ""IM3 Open Source Data Center Atlas"", ""dataset_url"": ""https://data.msdlive.org/records/65g71-a4731"", ""atlas_commit"": ""48d45f6eef72778edf374ec52c379550bb21a046"", ""atlas_type"": ""building"", ""osm_name"": null, ""operator"": null, ""footprint_sqft"": 93318, ""license"": ""ODbL-1.0""}",https://github.com/IMMM-SFA/datacenter-atlas/blob/48d45f6eef72778edf374ec52c379550bb21a046/im3_datacenter_centroids.geojson
2026-03-31,"Unnamed data center · Davidson, TN #2",OSM,site_mapped,10355,"{""dataset"": ""IM3 Open Source Data Center Atlas"", ""dataset_url"": ""https://data.msdlive.org/records/65g71-a4731"", ""atlas_commit"": ""48d45f6eef72778edf374ec52c379550bb21a046"", ""atlas_type"": ""building"", ""osm_name"": null, ""operator"": null, ""footprint_sqft"": 10355, ""license"": ""ODbL-1.0""}",https://github.com/IMMM-SFA/datacenter-atlas/blob/48d45f6eef72778edf374ec52c379550bb21a046/im3_datacenter_centroids.geojson
2026-03-31,"BNYM data center · Davidson, TN",OSM,site_mapped,191585,"{""dataset"": ""IM3 Open Source Data Center Atlas"", ""dataset_url"": ""https://data.msdlive.org/records/65g71-a4731"", ""atlas_commit"": ""48d45f6eef72778edf374ec52c379550bb21a046"", ""atlas_type"": ""building"", ""osm_name"": null, ""operator"": ""BNYM"", ""footprint_sqft"": 191585, ""license"": ""ODbL-1.0""}",https://github.com/IMMM-SFA/datacenter-atlas/blob/48d45f6eef72778edf374ec52c379550bb21a046/im3_datacenter_centroids.geojson
2026-03-31,"Unnamed data center · Grainger, TN",OSM,site_mapped,1232,"{""dataset"": ""IM3 Open Source Data Center Atlas"", ""dataset_url"": ""https://data.msdlive.org/records/65g71-a4731"", ""atlas_commit"": ""48d45f6eef72778edf374ec52c379550bb21a046"", ""atlas_type"": ""building"", ""osm_name"": null, ""operator"": null, ""footprint_sqft"": 1232, ""license"": ""ODbL-1.0""}",https://github.com/IMMM-SFA/datacenter-atlas/blob/48d45f6eef72778edf374ec52c379550bb21a046/im3_datacenter_centroids.geojson
2026-03-31,"Newrays Two LLC Mining · Henry, TN",OSM,site_mapped,85491,"{""dataset"": ""IM3 Open Source Data Center Atlas"", ""dataset_url"": ""https://data.msdlive.org/records/65g71-a4731"", ""atlas_commit"": ""48d45f6eef72778edf374ec52c379550bb21a046"", ""atlas_type"": ""campus"", ""osm_name"": ""Newrays Two LLC Mining"", ""operator"": null, ""footprint_sqft"": 85491, ""license"": ""ODbL-1.0""}",https://github.com/IMMM-SFA/datacenter-atlas/blob/48d45f6eef72778edf374ec52c379550bb21a046/im3_datacenter_centroids.geojson
2026-03-31,"SPC4A · Montgomery, TN",OSM,site_mapped,169749,"{""dataset"": ""IM3 Open Source Data Center Atlas"", ""dataset_url"": ""https://data.msdlive.org/records/65g71-a4731"", ""atlas_commit"": ""48d45f6eef72778edf374ec52c379550bb21a046"", ""atlas_type"": ""building"", ""osm_name"": ""SPC4A"", ""operator"": ""Google"", ""footprint_sqft"": 169749, ""license"": ""ODbL-1.0""}",https://github.com/IMMM-SFA/datacenter-atlas/blob/48d45f6eef72778edf374ec52c379550bb21a046/im3_datacenter_centroids.geojson
2026-03-31,"SPC3A · Montgomery, TN",OSM,site_mapped,169748,"{""dataset"": ""IM3 Open Source Data Center Atlas"", ""dataset_url"": ""https://data.msdlive.org/records/65g71-a4731"", ""atlas_commit"": ""48d45f6eef72778edf374ec52c379550bb21a046"", ""atlas_type"": ""building"", ""osm_name"": ""SPC3A"", ""operator"": ""Google"", ""footprint_sqft"": 169748, ""license"": ""ODbL-1.0""}",https://github.com/IMMM-SFA/datacenter-atlas/blob/48d45f6eef72778edf374ec52c379550bb21a046/im3_datacenter_centroids.geojson
2026-03-31,"Google · Montgomery, TN #1",OSM,site_mapped,169736,"{""dataset"": ""IM3 Open Source Data Center Atlas"", ""dataset_url"": ""https://data.msdlive.org/records/65g71-a4731"", ""atlas_commit"": ""48d45f6eef72778edf374ec52c379550bb21a046"", ""atlas_type"": ""building"", ""osm_name"": ""Google"", ""operator"": ""Google"", ""footprint_sqft"": 169736, ""license"": ""ODbL-1.0""}",https://github.com/IMMM-SFA/datacenter-atlas/blob/48d45f6eef72778edf374ec52c379550bb21a046/im3_datacenter_centroids.geojson
2026-03-31,"Google · Montgomery, TN #2",OSM,site_mapped,169733,"{""dataset"": ""IM3 Open Source Data Center Atlas"", ""dataset_url"": ""https://data.msdlive.org/records/65g71-a4731"", ""atlas_commit"": ""48d45f6eef72778edf374ec52c379550bb21a046"", ""atlas_type"": ""building"", ""osm_name"": ""Google"", ""operator"": ""Google"", ""footprint_sqft"": 169733, ""license"": ""ODbL-1.0""}",https://github.com/IMMM-SFA/datacenter-atlas/blob/48d45f6eef72778edf374ec52c379550bb21a046/im3_datacenter_centroids.geojson
2026-03-31,"Frontier (supercomputer) · Roane, TN",OSM,site_mapped,,"{""dataset"": ""IM3 Open Source Data Center Atlas"", ""dataset_url"": ""https://data.msdlive.org/records/65g71-a4731"", ""atlas_commit"": ""48d45f6eef72778edf374ec52c379550bb21a046"", ""atlas_type"": ""point"", ""osm_name"": ""Frontier (supercomputer)"", ""operator"": ""Oak Ridge National Laboratory"", ""footprint_sqft"": null, ""license"": ""ODbL-1.0""}",https://github.com/IMMM-SFA/datacenter-atlas/blob/48d45f6eef72778edf374ec52c379550bb21a046/im3_datacenter_centroids.geojson
2026-03-31,"xAI Macrohard Colossus 2 · Shelby, TN",OSM,site_mapped,961601,"{""dataset"": ""IM3 Open Source Data Center Atlas"", ""dataset_url"": ""https://data.msdlive.org/records/65g71-a4731"", ""atlas_commit"": ""48d45f6eef72778edf374ec52c379550bb21a046"", ""atlas_type"": ""building"", ""osm_name"": ""xAI Macrohard Colossus 2"", ""operator"": ""xAI"", ""footprint_sqft"": 961601, ""license"": ""ODbL-1.0""}",https://github.com/IMMM-SFA/datacenter-atlas/blob/48d45f6eef72778edf374ec52c379550bb21a046/im3_datacenter_centroids.geojson
2026-03-31,"xAI Colossus · Shelby, TN",OSM,site_mapped,776966,"{""dataset"": ""IM3 Open Source Data Center Atlas"", ""dataset_url"": ""https://data.msdlive.org/records/65g71-a4731"", ""atlas_commit"": ""48d45f6eef72778edf374ec52c379550bb21a046"", ""atlas_type"": ""building"", ""osm_name"": ""xAI Colossus"", ""operator"": null, ""footprint_sqft"": 776966, ""license"": ""ODbL-1.0""}",https://github.com/IMMM-SFA/datacenter-atlas/blob/48d45f6eef72778edf374ec52c379550bb21a046/im3_datacenter_centroids.geojson
2026-03-31,"Meta Gallatin Data Center · Sumner, TN #1",OSM,site_mapped,626683,"{""dataset"": ""IM3 Open Source Data Center Atlas"", ""dataset_url"": ""https://data.msdlive.org/records/65g71-a4731"", ""atlas_commit"": ""48d45f6eef72778edf374ec52c379550bb21a046"", ""atlas_type"": ""building"", ""osm_name"": ""Meta Gallatin Data Center"", ""operator"": ""Meta"", ""footprint_sqft"": 626683, ""license"": ""ODbL-1.0""}",https://github.com/IMMM-SFA/datacenter-atlas/blob/48d45f6eef72778edf374ec52c379550bb21a046/im3_datacenter_centroids.geojson
2026-03-31,"Meta Gallatin Data Center · Sumner, TN #2",OSM,site_mapped,626568,"{""dataset"": ""IM3 Open Source Data Center Atlas"", ""dataset_url"": ""https://data.msdlive.org/records/65g71-a4731"", ""atlas_commit"": ""48d45f6eef72778edf374ec52c379550bb21a046"", ""atlas_type"": ""building"", ""osm_name"": ""Meta Gallatin Data Center"", ""operator"": ""Meta"", ""footprint_sqft"": 626568, ""license"": ""ODbL-1.0""}",https://github.com/IMMM-SFA/datacenter-atlas/blob/48d45f6eef72778edf374ec52c379550bb21a046/im3_datacenter_centroids.geojson
2026-03-31,"Meta Gallatin Data Center · Sumner, TN #3",OSM,site_mapped,626571,"{""dataset"": ""IM3 Open Source Data Center Atlas"", ""dataset_url"": ""https://data.msdlive.org/records/65g71-a4731"", ""atlas_commit"": ""48d45f6eef72778edf374ec52c379550bb21a046"", ""atlas_type"": ""building"", ""osm_name"": ""Meta Gallatin Data Center"", ""operator"": ""Meta"", ""footprint_sqft"": 626571, ""license"": ""ODbL-1.0""}",https://github.com/IMMM-SFA/datacenter-atlas/blob/48d45f6eef72778edf374ec52c379550bb21a046/im3_datacenter_centroids.geojson
2026-03-31,"Flexential Nashville - Franklin · Williamson, TN",OSM,site_mapped,74934,"{""dataset"": ""IM3 Open Source Data Center Atlas"", ""dataset_url"": ""https://data.msdlive.org/records/65g71-a4731"", ""atlas_commit"": ""48d45f6eef72778edf374ec52c379550bb21a046"", ""atlas_type"": ""building"", ""osm_name"": ""Flexential Nashville - Franklin"", ""operator"": ""Flexential"", ""footprint_sqft"": 74934, ""license"": ""ODbL-1.0""}",https://github.com/IMMM-SFA/datacenter-atlas/blob/48d45f6eef72778edf374ec52c379550bb21a046/im3_datacenter_centroids.geojson
2026-03-31,"TierPoint · Williamson, TN",OSM,site_mapped,285740,"{""dataset"": ""IM3 Open Source Data Center Atlas"", ""dataset_url"": ""https://data.msdlive.org/records/65g71-a4731"", ""atlas_commit"": ""48d45f6eef72778edf374ec52c379550bb21a046"", ""atlas_type"": ""campus"", ""osm_name"": ""TierPoint"", ""operator"": null, ""footprint_sqft"": 285740, ""license"": ""ODbL-1.0""}",https://github.com/IMMM-SFA/datacenter-atlas/blob/48d45f6eef72778edf374ec52c379550bb21a046/im3_datacenter_centroids.geojson
2026-03-31,"Flexential Nashville - Cool Springs · Williamson, TN",OSM,site_mapped,69261,"{""dataset"": ""IM3 Open Source Data Center Atlas"", ""dataset_url"": ""https://data.msdlive.org/records/65g71-a4731"", ""atlas_commit"": ""48d45f6eef72778edf374ec52c379550bb21a046"", ""atlas_type"": ""building"", ""osm_name"": ""Flexential Nashville - Cool Springs"", ""operator"": ""Flexential"", ""footprint_sqft"": 69261, ""license"": ""ODbL-1.0""}",https://github.com/IMMM-SFA/datacenter-atlas/blob/48d45f6eef72778edf374ec52c379550bb21a046/im3_datacenter_centroids.geojson
2026-03-31,"Flexential Nashville - Brentwood · Williamson, TN",OSM,site_mapped,,"{""dataset"": ""IM3 Open Source Data Center Atlas"", ""dataset_url"": ""https://data.msdlive.org/records/65g71-a4731"", ""atlas_commit"": ""48d45f6eef72778edf374ec52c379550bb21a046"", ""atlas_type"": ""point"", ""osm_name"": ""Flexential Nashville - Brentwood"", ""operator"": ""Flexential"", ""footprint_sqft"": null, ""license"": ""ODbL-1.0""}",https://github.com/IMMM-SFA/datacenter-atlas/blob/48d45f6eef72778edf374ec52c379550bb21a046/im3_datacenter_centroids.geojson
2026-03-31,"Unnamed data center · Williamson, TN",OSM,site_mapped,1834566,"{""dataset"": ""IM3 Open Source Data Center Atlas"", ""dataset_url"": ""https://data.msdlive.org/records/65g71-a4731"", ""atlas_commit"": ""48d45f6eef72778edf374ec52c379550bb21a046"", ""atlas_type"": ""campus"", ""osm_name"": null, ""operator"": null, ""footprint_sqft"": 1834566, ""license"": ""ODbL-1.0""}",https://github.com/IMMM-SFA/datacenter-atlas/blob/48d45f6eef72778edf374ec52c379550bb21a046/im3_datacenter_centroids.geojson
2026-03-31,"Unnamed data center · Angelina, TX",OSM,site_mapped,12987,"{""dataset"": ""IM3 Open Source Data Center Atlas"", ""dataset_url"": ""https://data.msdlive.org/records/65g71-a4731"", ""atlas_commit"": ""48d45f6eef72778edf374ec52c379550bb21a046"", ""atlas_type"": ""building"", ""osm_name"": null, ""operator"": null, ""footprint_sqft"": 12987, ""license"": ""ODbL-1.0""}",https://github.com/IMMM-SFA/datacenter-atlas/blob/48d45f6eef72778edf374ec52c379550bb21a046/im3_datacenter_centroids.geojson
2026-03-31,"Unnamed data center · Bexar, TX #1",OSM,site_mapped,64212,"{""dataset"": ""IM3 Open Source Data Center Atlas"", ""dataset_url"": ""https://data.msdlive.org/records/65g71-a4731"", ""atlas_commit"": ""48d45f6eef72778edf374ec52c379550bb21a046"", ""atlas_type"": ""building"", ""osm_name"": null, ""operator"": null, ""footprint_sqft"": 64212, ""license"": ""ODbL-1.0""}",https://github.com/IMMM-SFA/datacenter-atlas/blob/48d45f6eef72778edf374ec52c379550bb21a046/im3_datacenter_centroids.geojson
2026-03-31,"Unnamed data center · Bexar, TX #2",OSM,site_mapped,109489,"{""dataset"": ""IM3 Open Source Data Center Atlas"", ""dataset_url"": ""https://data.msdlive.org/records/65g71-a4731"", ""atlas_commit"": ""48d45f6eef72778edf374ec52c379550bb21a046"", ""atlas_type"": ""building"", ""osm_name"": null, ""operator"": null, ""footprint_sqft"": 109489, ""license"": ""ODbL-1.0""}",https://github.com/IMMM-SFA/datacenter-atlas/blob/48d45f6eef72778edf374ec52c379550bb21a046/im3_datacenter_centroids.geojson
2026-03-31,"H5 Data Centers San Antonio · Bexar, TX",OSM,site_mapped,20898,"{""dataset"": ""IM3 Open Source Data Center Atlas"", ""dataset_url"": ""https://data.msdlive.org/records/65g71-a4731"", ""atlas_commit"": ""48d45f6eef72778edf374ec52c379550bb21a046"", ""atlas_type"": ""building"", ""osm_name"": ""H5 Data Centers San Antonio"", ""operator"": ""H5 Data Centers"", ""footprint_sqft"": 20898, ""license"": ""ODbL-1.0""}",https://github.com/IMMM-SFA/datacenter-atlas/blob/48d45f6eef72778edf374ec52c379550bb21a046/im3_datacenter_centroids.geojson
2026-03-31,"Lumen San Antonio 2 · Bexar, TX",OSM,site_mapped,12722,"{""dataset"": ""IM3 Open Source Data Center Atlas"", ""dataset_url"": ""https://data.msdlive.org/records/65g71-a4731"", ""atlas_commit"": ""48d45f6eef72778edf374ec52c379550bb21a046"", ""atlas_type"": ""building"", ""osm_name"": ""Lumen San Antonio 2"", ""operator"": ""Lumen Technologies"", ""footprint_sqft"": 12722, ""license"": ""ODbL-1.0""}",https://github.com/IMMM-SFA/datacenter-atlas/blob/48d45f6eef72778edf374ec52c379550bb21a046/im3_datacenter_centroids.geojson
2026-03-31,"Unnamed data center · Bexar, TX #3",OSM,site_mapped,127563,"{""dataset"": ""IM3 Open Source Data Center Atlas"", ""dataset_url"": ""https://data.msdlive.org/records/65g71-a4731"", ""atlas_commit"": ""48d45f6eef72778edf374ec52c379550bb21a046"", ""atlas_type"": ""building"", ""osm_name"": null, ""operator"": null, ""footprint_sqft"": 127563, ""license"": ""ODbL-1.0""}",https://github.com/IMMM-SFA/datacenter-atlas/blob/48d45f6eef72778edf374ec52c379550bb21a046/im3_datacenter_centroids.geojson
2026-03-31,"Unnamed data center · Bexar, TX #4",OSM,site_mapped,36014,"{""dataset"": ""IM3 Open Source Data Center Atlas"", ""dataset_url"": ""https://data.msdlive.org/records/65g71-a4731"", ""atlas_commit"": ""48d45f6eef72778edf374ec52c379550bb21a046"", ""atlas_type"": ""building"", ""osm_name"": null, ""operator"": null, ""footprint_sqft"": 36014, ""license"": ""ODbL-1.0""}",https://github.com/IMMM-SFA/datacenter-atlas/blob/48d45f6eef72778edf374ec52c379550bb21a046/im3_datacenter_centroids.geojson
2026-03-31,"Unnamed data center · Bexar, TX #5",OSM,site_mapped,142712,"{""dataset"": ""IM3 Open Source Data Center Atlas"", ""dataset_url"": ""https://data.msdlive.org/records/65g71-a4731"", ""atlas_commit"": ""48d45f6eef72778edf374ec52c379550bb21a046"", ""atlas_type"": ""building"", ""osm_name"": null, ""operator"": null, ""footprint_sqft"": 142712, ""license"": ""ODbL-1.0""}",https://github.com/IMMM-SFA/datacenter-atlas/blob/48d45f6eef72778edf374ec52c379550bb21a046/im3_datacenter_centroids.geojson
2026-03-31,"QTS San Antonio II · Bexar, TX",OSM,site_mapped,140321,"{""dataset"": ""IM3 Open Source Data Center Atlas"", ""dataset_url"": ""https://data.msdlive.org/records/65g71-a4731"", ""atlas_commit"": ""48d45f6eef72778edf374ec52c379550bb21a046"", ""atlas_type"": ""building"", ""osm_name"": ""QTS San Antonio II"", ""operator"": ""Quality Technology Services"", ""footprint_sqft"": 140321, ""license"": ""ODbL-1.0""}",https://github.com/IMMM-SFA/datacenter-atlas/blob/48d45f6eef72778edf374ec52c379550bb21a046/im3_datacenter_centroids.geojson
2026-03-31,"Unnamed data center · Bexar, TX #6",OSM,site_mapped,154443,"{""dataset"": ""IM3 Open Source Data Center Atlas"", ""dataset_url"": ""https://data.msdlive.org/records/65g71-a4731"", ""atlas_commit"": ""48d45f6eef72778edf374ec52c379550bb21a046"", ""atlas_type"": ""building"", ""osm_name"": null, ""operator"": null, ""footprint_sqft"": 154443, ""license"": ""ODbL-1.0""}",https://github.com/IMMM-SFA/datacenter-atlas/blob/48d45f6eef72778edf374ec52c379550bb21a046/im3_datacenter_centroids.geojson
2026-03-31,"Unnamed data center · Bexar, TX #7",OSM,site_mapped,154441,"{""dataset"": ""IM3 Open Source Data Center Atlas"", ""dataset_url"": ""https://data.msdlive.org/records/65g71-a4731"", ""atlas_commit"": ""48d45f6eef72778edf374ec52c379550bb21a046"", ""atlas_type"": ""building"", ""osm_name"": null, ""operator"": null, ""footprint_sqft"": 154441, ""license"": ""ODbL-1.0""}",https://github.com/IMMM-SFA/datacenter-atlas/blob/48d45f6eef72778edf374ec52c379550bb21a046/im3_datacenter_centroids.geojson
2026-03-31,"Unnamed data center · Bexar, TX #8",OSM,site_mapped,154439,"{""dataset"": ""IM3 Open Source Data Center Atlas"", ""dataset_url"": ""https://data.msdlive.org/records/65g71-a4731"", ""atlas_commit"": ""48d45f6eef72778edf374ec52c379550bb21a046"", ""atlas_type"": ""building"", ""osm_name"": null, ""operator"": null, ""footprint_sqft"": 154439, ""license"": ""ODbL-1.0""}",https://github.com/IMMM-SFA/datacenter-atlas/blob/48d45f6eef72778edf374ec52c379550bb21a046/im3_datacenter_centroids.geojson
2026-03-31,"CyrusOne San Antonio I · Bexar, TX",OSM,site_mapped,102327,"{""dataset"": ""IM3 Open Source Data Center Atlas"", ""dataset_url"": ""https://data.msdlive.org/records/65g71-a4731"", ""atlas_commit"": ""48d45f6eef72778edf374ec52c379550bb21a046"", ""atlas_type"": ""building"", ""osm_name"": ""CyrusOne San Antonio I"", ""operator"": ""CyrusOne"", ""footprint_sqft"": 102327, ""license"": ""ODbL-1.0""}",https://github.com/IMMM-SFA/datacenter-atlas/blob/48d45f6eef72778edf374ec52c379550bb21a046/im3_datacenter_centroids.geojson
2026-03-31,"CyrusOne San Antonio III · Bexar, TX",OSM,site_mapped,100537,"{""dataset"": ""IM3 Open Source Data Center Atlas"", ""dataset_url"": ""https://data.msdlive.org/records/65g71-a4731"", ""atlas_commit"": ""48d45f6eef72778edf374ec52c379550bb21a046"", ""atlas_type"": ""building"", ""osm_name"": ""CyrusOne San Antonio III"", ""operator"": ""CyrusOne"", ""footprint_sqft"": 100537, ""license"": ""ODbL-1.0""}",https://github.com/IMMM-SFA/datacenter-atlas/blob/48d45f6eef72778edf374ec52c379550bb21a046/im3_datacenter_centroids.geojson
2026-03-31,"Frost Bank data center · Bexar, TX",OSM,site_mapped,68591,"{""dataset"": ""IM3 Open Source Data Center Atlas"", ""dataset_url"": ""https://data.msdlive.org/records/65g71-a4731"", ""atlas_commit"": ""48d45f6eef72778edf374ec52c379550bb21a046"", ""atlas_type"": ""building"", ""osm_name"": null, ""operator"": ""Frost Bank"", ""footprint_sqft"": 68591, ""license"": ""ODbL-1.0""}",https://github.com/IMMM-SFA/datacenter-atlas/blob/48d45f6eef72778edf374ec52c379550bb21a046/im3_datacenter_centroids.geojson
2026-03-31,"CHRISTUS Health data center · Bexar, TX",OSM,site_mapped,48815,"{""dataset"": ""IM3 Open Source Data Center Atlas"", ""dataset_url"": ""https://data.msdlive.org/records/65g71-a4731"", ""atlas_commit"": ""48d45f6eef72778edf374ec52c379550bb21a046"", ""atlas_type"": ""building"", ""osm_name"": null, ""operator"": ""CHRISTUS Health"", ""footprint_sqft"": 48815, ""license"": ""ODbL-1.0""}",https://github.com/IMMM-SFA/datacenter-atlas/blob/48d45f6eef72778edf374ec52c379550bb21a046/im3_datacenter_centroids.geojson
2026-03-31,"CyrusOne San Antonio IV · Bexar, TX",OSM,site_mapped,92543,"{""dataset"": ""IM3 Open Source Data Center Atlas"", ""dataset_url"": ""https://data.msdlive.org/records/65g71-a4731"", ""atlas_commit"": ""48d45f6eef72778edf374ec52c379550bb21a046"", ""atlas_type"": ""building"", ""osm_name"": ""CyrusOne San Antonio IV"", ""operator"": null, ""footprint_sqft"": 92543, ""license"": ""ODbL-1.0""}",https://github.com/IMMM-SFA/datacenter-atlas/blob/48d45f6eef72778edf374ec52c379550bb21a046/im3_datacenter_centroids.geojson
2026-03-31,"CyrusOne San Antonio II · Bexar, TX",OSM,site_mapped,108554,"{""dataset"": ""IM3 Open Source Data Center Atlas"", ""dataset_url"": ""https://data.msdlive.org/records/65g71-a4731"", ""atlas_commit"": ""48d45f6eef72778edf374ec52c379550bb21a046"", ""atlas_type"": ""building"", ""osm_name"": ""CyrusOne San Antonio II"", ""operator"": ""CyrusOne"", ""footprint_sqft"": 108554, ""license"": ""ODbL-1.0""}",https://github.com/IMMM-SFA/datacenter-atlas/blob/48d45f6eef72778edf374ec52c379550bb21a046/im3_datacenter_centroids.geojson
2026-03-31,"Stream San Antonio II · Bexar, TX",OSM,site_mapped,71324,"{""dataset"": ""IM3 Open Source Data Center Atlas"", ""dataset_url"": ""https://data.msdlive.org/records/65g71-a4731"", ""atlas_commit"": ""48d45f6eef72778edf374ec52c379550bb21a046"", ""atlas_type"": ""building"", ""osm_name"": ""Stream San Antonio II"", ""operator"": null, ""footprint_sqft"": 71324, ""license"": ""ODbL-1.0""}",https://github.com/IMMM-SFA/datacenter-atlas/blob/48d45f6eef72778edf374ec52c379550bb21a046/im3_datacenter_centroids.geojson
2026-03-31,"Lowe's Data Center · Bexar, TX",OSM,site_mapped,55066,"{""dataset"": ""IM3 Open Source Data Center Atlas"", ""dataset_url"": ""https://data.msdlive.org/records/65g71-a4731"", ""atlas_commit"": ""48d45f6eef72778edf374ec52c379550bb21a046"", ""atlas_type"": ""building"", ""osm_name"": ""Lowe's Data Center"", ""operator"": ""Lowe's"", ""footprint_sqft"": 55066, ""license"": ""ODbL-1.0""}",https://github.com/IMMM-SFA/datacenter-atlas/blob/48d45f6eef72778edf374ec52c379550bb21a046/im3_datacenter_centroids.geojson
2026-03-31,"Valero Wiserman · Bexar, TX",OSM,site_mapped,58304,"{""dataset"": ""IM3 Open Source Data Center Atlas"", ""dataset_url"": ""https://data.msdlive.org/records/65g71-a4731"", ""atlas_commit"": ""48d45f6eef72778edf374ec52c379550bb21a046"", ""atlas_type"": ""building"", ""osm_name"": ""Valero Wiserman"", ""operator"": ""Valero"", ""footprint_sqft"": 58304, ""license"": ""ODbL-1.0""}",https://github.com/IMMM-SFA/datacenter-atlas/blob/48d45f6eef72778edf374ec52c379550bb21a046/im3_datacenter_centroids.geojson
2026-03-31,"HEB data center · Bexar, TX",OSM,site_mapped,36241,"{""dataset"": ""IM3 Open Source Data Center Atlas"", ""dataset_url"": ""https://data.msdlive.org/records/65g71-a4731"", ""atlas_commit"": ""48d45f6eef72778edf374ec52c379550bb21a046"", ""atlas_type"": ""building"", ""osm_name"": null, ""operator"": ""HEB"", ""footprint_sqft"": 36241, ""license"": ""ODbL-1.0""}",https://github.com/IMMM-SFA/datacenter-atlas/blob/48d45f6eef72778edf374ec52c379550bb21a046/im3_datacenter_centroids.geojson
2026-03-31,"GVTC · Bexar, TX",OSM,site_mapped,445,"{""dataset"": ""IM3 Open Source Data Center Atlas"", ""dataset_url"": ""https://data.msdlive.org/records/65g71-a4731"", ""atlas_commit"": ""48d45f6eef72778edf374ec52c379550bb21a046"", ""atlas_type"": ""building"", ""osm_name"": ""GVTC"", ""operator"": ""GVTC"", ""footprint_sqft"": 445, ""license"": ""ODbL-1.0""}",https://github.com/IMMM-SFA/datacenter-atlas/blob/48d45f6eef72778edf374ec52c379550bb21a046/im3_datacenter_centroids.geojson
2026-03-31,"Flexential Dallas - Richardson · Collin, TX",OSM,site_mapped,68520,"{""dataset"": ""IM3 Open Source Data Center Atlas"", ""dataset_url"": ""https://data.msdlive.org/records/65g71-a4731"", ""atlas_commit"": ""48d45f6eef72778edf374ec52c379550bb21a046"", ""atlas_type"": ""building"", ""osm_name"": ""Flexential Dallas - Richardson"", ""operator"": ""Flexential"", ""footprint_sqft"": 68520, ""license"": ""ODbL-1.0""}",https://github.com/IMMM-SFA/datacenter-atlas/blob/48d45f6eef72778edf374ec52c379550bb21a046/im3_datacenter_centroids.geojson
2026-03-31,"Stream DFW IV · Collin, TX",OSM,site_mapped,19684,"{""dataset"": ""IM3 Open Source Data Center Atlas"", ""dataset_url"": ""https://data.msdlive.org/records/65g71-a4731"", ""atlas_commit"": ""48d45f6eef72778edf374ec52c379550bb21a046"", ""atlas_type"": ""building"", ""osm_name"": ""Stream DFW IV"", ""operator"": ""Stream"", ""footprint_sqft"": 19684, ""license"": ""ODbL-1.0""}",https://github.com/IMMM-SFA/datacenter-atlas/blob/48d45f6eef72778edf374ec52c379550bb21a046/im3_datacenter_centroids.geojson
2026-03-31,"Flexential Dallas - Plano · Collin, TX",OSM,site_mapped,217850,"{""dataset"": ""IM3 Open Source Data Center Atlas"", ""dataset_url"": ""https://data.msdlive.org/records/65g71-a4731"", ""atlas_commit"": ""48d45f6eef72778edf374ec52c379550bb21a046"", ""atlas_type"": ""building"", ""osm_name"": ""Flexential Dallas - Plano"", ""operator"": ""Flexential"", ""footprint_sqft"": 217850, ""license"": ""ODbL-1.0""}",https://github.com/IMMM-SFA/datacenter-atlas/blob/48d45f6eef72778edf374ec52c379550bb21a046/im3_datacenter_centroids.geojson
2026-03-31,"Unnamed data center · Collin, TX #1",OSM,site_mapped,108401,"{""dataset"": ""IM3 Open Source Data Center Atlas"", ""dataset_url"": ""https://data.msdlive.org/records/65g71-a4731"", ""atlas_commit"": ""48d45f6eef72778edf374ec52c379550bb21a046"", ""atlas_type"": ""building"", ""osm_name"": null, ""operator"": null, ""footprint_sqft"": 108401, ""license"": ""ODbL-1.0""}",https://github.com/IMMM-SFA/datacenter-atlas/blob/48d45f6eef72778edf374ec52c379550bb21a046/im3_datacenter_centroids.geojson
2026-03-31,"DataBank Plano Data Center · Collin, TX",OSM,site_mapped,375691,"{""dataset"": ""IM3 Open Source Data Center Atlas"", ""dataset_url"": ""https://data.msdlive.org/records/65g71-a4731"", ""atlas_commit"": ""48d45f6eef72778edf374ec52c379550bb21a046"", ""atlas_type"": ""campus"", ""osm_name"": ""DataBank Plano Data Center"", ""operator"": null, ""footprint_sqft"": 375691, ""license"": ""ODbL-1.0""}",https://github.com/IMMM-SFA/datacenter-atlas/blob/48d45f6eef72778edf374ec52c379550bb21a046/im3_datacenter_centroids.geojson
2026-03-31,"Evoque Allen DA1 · Collin, TX",OSM,site_mapped,114534,"{""dataset"": ""IM3 Open Source Data Center Atlas"", ""dataset_url"": ""https://data.msdlive.org/records/65g71-a4731"", ""atlas_commit"": ""48d45f6eef72778edf374ec52c379550bb21a046"", ""atlas_type"": ""building"", ""osm_name"": ""Evoque Allen DA1"", ""operator"": ""Centersquare"", ""footprint_sqft"": 114534, ""license"": ""ODbL-1.0""}",https://github.com/IMMM-SFA/datacenter-atlas/blob/48d45f6eef72778edf374ec52c379550bb21a046/im3_datacenter_centroids.geojson
2026-03-31,"Unnamed data center · Collin, TX #2",OSM,site_mapped,121665,"{""dataset"": ""IM3 Open Source Data Center Atlas"", ""dataset_url"": ""https://data.msdlive.org/records/65g71-a4731"", ""atlas_commit"": ""48d45f6eef72778edf374ec52c379550bb21a046"", ""atlas_type"": ""building"", ""osm_name"": null, ""operator"": null, ""footprint_sqft"": 121665, ""license"": ""ODbL-1.0""}",https://github.com/IMMM-SFA/datacenter-atlas/blob/48d45f6eef72778edf374ec52c379550bb21a046/im3_datacenter_centroids.geojson
2026-03-31,"Cisco Allen · Collin, TX",OSM,site_mapped,162023,"{""dataset"": ""IM3 Open Source Data Center Atlas"", ""dataset_url"": ""https://data.msdlive.org/records/65g71-a4731"", ""atlas_commit"": ""48d45f6eef72778edf374ec52c379550bb21a046"", ""atlas_type"": ""building"", ""osm_name"": ""Cisco Allen"", ""operator"": null, ""footprint_sqft"": 162023, ""license"": ""ODbL-1.0""}",https://github.com/IMMM-SFA/datacenter-atlas/blob/48d45f6eef72778edf374ec52c379550bb21a046/im3_datacenter_centroids.geojson
2026-03-31,"Unnamed data center · Collin, TX #3",OSM,site_mapped,33064,"{""dataset"": ""IM3 Open Source Data Center Atlas"", ""dataset_url"": ""https://data.msdlive.org/records/65g71-a4731"", ""atlas_commit"": ""48d45f6eef72778edf374ec52c379550bb21a046"", ""atlas_type"": ""building"", ""osm_name"": null, ""operator"": null, ""footprint_sqft"": 33064, ""license"": ""ODbL-1.0""}",https://github.com/IMMM-SFA/datacenter-atlas/blob/48d45f6eef72778edf374ec52c379550bb21a046/im3_datacenter_centroids.geojson
2026-03-31,"Tierpoint Dallas-Allen · Collin, TX",OSM,site_mapped,30651,"{""dataset"": ""IM3 Open Source Data Center Atlas"", ""dataset_url"": ""https://data.msdlive.org/records/65g71-a4731"", ""atlas_commit"": ""48d45f6eef72778edf374ec52c379550bb21a046"", ""atlas_type"": ""building"", ""osm_name"": ""Tierpoint Dallas-Allen"", ""operator"": null, ""footprint_sqft"": 30651, ""license"": ""ODbL-1.0""}",https://github.com/IMMM-SFA/datacenter-atlas/blob/48d45f6eef72778edf374ec52c379550bb21a046/im3_datacenter_centroids.geojson
2026-03-31,"CyrusOne Allen · Collin, TX",OSM,site_mapped,271378,"{""dataset"": ""IM3 Open Source Data Center Atlas"", ""dataset_url"": ""https://data.msdlive.org/records/65g71-a4731"", ""atlas_commit"": ""48d45f6eef72778edf374ec52c379550bb21a046"", ""atlas_type"": ""building"", ""osm_name"": ""CyrusOne Allen"", ""operator"": ""CyrusOne"", ""footprint_sqft"": 271378, ""license"": ""ODbL-1.0""}",https://github.com/IMMM-SFA/datacenter-atlas/blob/48d45f6eef72778edf374ec52c379550bb21a046/im3_datacenter_centroids.geojson
2026-03-31,"Experian McKinney Data Center · Collin, TX",OSM,site_mapped,76624,"{""dataset"": ""IM3 Open Source Data Center Atlas"", ""dataset_url"": ""https://data.msdlive.org/records/65g71-a4731"", ""atlas_commit"": ""48d45f6eef72778edf374ec52c379550bb21a046"", ""atlas_type"": ""building"", ""osm_name"": ""Experian McKinney Data Center"", ""operator"": null, ""footprint_sqft"": 76624, ""license"": ""ODbL-1.0""}",https://github.com/IMMM-SFA/datacenter-atlas/blob/48d45f6eef72778edf374ec52c379550bb21a046/im3_datacenter_centroids.geojson
2026-03-31,"DataBank · Dallas, TX",OSM,site_mapped,43564,"{""dataset"": ""IM3 Open Source Data Center Atlas"", ""dataset_url"": ""https://data.msdlive.org/records/65g71-a4731"", ""atlas_commit"": ""48d45f6eef72778edf374ec52c379550bb21a046"", ""atlas_type"": ""building"", ""osm_name"": ""DataBank"", ""operator"": null, ""footprint_sqft"": 43564, ""license"": ""ODbL-1.0""}",https://github.com/IMMM-SFA/datacenter-atlas/blob/48d45f6eef72778edf374ec52c379550bb21a046/im3_datacenter_centroids.geojson
2026-03-31,"VIRTBIZ · Dallas, TX",OSM,site_mapped,,"{""dataset"": ""IM3 Open Source Data Center Atlas"", ""dataset_url"": ""https://data.msdlive.org/records/65g71-a4731"", ""atlas_commit"": ""48d45f6eef72778edf374ec52c379550bb21a046"", ""atlas_type"": ""point"", ""osm_name"": ""VIRTBIZ"", ""operator"": null, ""footprint_sqft"": null, ""license"": ""ODbL-1.0""}",https://github.com/IMMM-SFA/datacenter-atlas/blob/48d45f6eef72778edf374ec52c379550bb21a046/im3_datacenter_centroids.geojson
2026-03-31,"Live Oak Data Center · Dallas, TX",OSM,site_mapped,49853,"{""dataset"": ""IM3 Open Source Data Center Atlas"", ""dataset_url"": ""https://data.msdlive.org/records/65g71-a4731"", ""atlas_commit"": ""48d45f6eef72778edf374ec52c379550bb21a046"", ""atlas_type"": ""building"", ""osm_name"": ""Live Oak Data Center"", ""operator"": null, ""footprint_sqft"": 49853, ""license"": ""ODbL-1.0""}",https://github.com/IMMM-SFA/datacenter-atlas/blob/48d45f6eef72778edf374ec52c379550bb21a046/im3_datacenter_centroids.geojson
2026-03-31,"Equinix Infomart · Dallas, TX",OSM,site_mapped,239835,"{""dataset"": ""IM3 Open Source Data Center Atlas"", ""dataset_url"": ""https://data.msdlive.org/records/65g71-a4731"", ""atlas_commit"": ""48d45f6eef72778edf374ec52c379550bb21a046"", ""atlas_type"": ""building"", ""osm_name"": ""Equinix Infomart"", ""operator"": ""Equinix"", ""footprint_sqft"": 239835, ""license"": ""ODbL-1.0""}",https://github.com/IMMM-SFA/datacenter-atlas/blob/48d45f6eef72778edf374ec52c379550bb21a046/im3_datacenter_centroids.geojson
2026-03-31,"Lumen Dallas - 3180 Irving Blvd. · Dallas, TX",OSM,site_mapped,80859,"{""dataset"": ""IM3 Open Source Data Center Atlas"", ""dataset_url"": ""https://data.msdlive.org/records/65g71-a4731"", ""atlas_commit"": ""48d45f6eef72778edf374ec52c379550bb21a046"", ""atlas_type"": ""building"", ""osm_name"": ""Lumen Dallas - 3180 Irving Blvd."", ""operator"": ""Lumen Technologies"", ""footprint_sqft"": 80859, ""license"": ""ODbL-1.0""}",https://github.com/IMMM-SFA/datacenter-atlas/blob/48d45f6eef72778edf374ec52c379550bb21a046/im3_datacenter_centroids.geojson
2026-03-31,"TierPoint Dallas Data Center · Dallas, TX",OSM,site_mapped,71358,"{""dataset"": ""IM3 Open Source Data Center Atlas"", ""dataset_url"": ""https://data.msdlive.org/records/65g71-a4731"", ""atlas_commit"": ""48d45f6eef72778edf374ec52c379550bb21a046"", ""atlas_type"": ""building"", ""osm_name"": ""TierPoint Dallas Data Center"", ""operator"": ""TierPoint"", ""footprint_sqft"": 71358, ""license"": ""ODbL-1.0""}",https://github.com/IMMM-SFA/datacenter-atlas/blob/48d45f6eef72778edf374ec52c379550bb21a046/im3_datacenter_centroids.geojson
2026-03-31,"CoreSpace Dallas · Dallas, TX",OSM,site_mapped,31626,"{""dataset"": ""IM3 Open Source Data Center Atlas"", ""dataset_url"": ""https://data.msdlive.org/records/65g71-a4731"", ""atlas_commit"": ""48d45f6eef72778edf374ec52c379550bb21a046"", ""atlas_type"": ""building"", ""osm_name"": ""CoreSpace Dallas"", ""operator"": ""CoreSpace"", ""footprint_sqft"": 31626, ""license"": ""ODbL-1.0""}",https://github.com/IMMM-SFA/datacenter-atlas/blob/48d45f6eef72778edf374ec52c379550bb21a046/im3_datacenter_centroids.geojson
2026-03-31,"DataBank Dallas Empire Central Data Center · Dallas, TX",OSM,site_mapped,67717,"{""dataset"": ""IM3 Open Source Data Center Atlas"", ""dataset_url"": ""https://data.msdlive.org/records/65g71-a4731"", ""atlas_commit"": ""48d45f6eef72778edf374ec52c379550bb21a046"", ""atlas_type"": ""building"", ""osm_name"": ""DataBank Dallas Empire Central Data Center"", ""operator"": ""DataBank"", ""footprint_sqft"": 67717, ""license"": ""ODbL-1.0""}",https://github.com/IMMM-SFA/datacenter-atlas/blob/48d45f6eef72778edf374ec52c379550bb21a046/im3_datacenter_centroids.geojson
2026-03-31,"Digital Realty DFW36 · Dallas, TX",OSM,site_mapped,24499,"{""dataset"": ""IM3 Open Source Data Center Atlas"", ""dataset_url"": ""https://data.msdlive.org/records/65g71-a4731"", ""atlas_commit"": ""48d45f6eef72778edf374ec52c379550bb21a046"", ""atlas_type"": ""building"", ""osm_name"": ""Digital Realty DFW36"", ""operator"": ""Digital Realty"", ""footprint_sqft"": 24499, ""license"": ""ODbL-1.0""}",https://github.com/IMMM-SFA/datacenter-atlas/blob/48d45f6eef72778edf374ec52c379550bb21a046/im3_datacenter_centroids.geojson
2026-03-31,"Lumen Dallas 6 · Dallas, TX",OSM,site_mapped,12977,"{""dataset"": ""IM3 Open Source Data Center Atlas"", ""dataset_url"": ""https://data.msdlive.org/records/65g71-a4731"", ""atlas_commit"": ""48d45f6eef72778edf374ec52c379550bb21a046"", ""atlas_type"": ""building"", ""osm_name"": ""Lumen Dallas 6"", ""operator"": ""Lumen Technologies"", ""footprint_sqft"": 12977, ""license"": ""ODbL-1.0""}",https://github.com/IMMM-SFA/datacenter-atlas/blob/48d45f6eef72778edf374ec52c379550bb21a046/im3_datacenter_centroids.geojson
2026-03-31,"Prime DFW01-01 · Dallas, TX #1",OSM,site_mapped,49683,"{""dataset"": ""IM3 Open Source Data Center Atlas"", ""dataset_url"": ""https://data.msdlive.org/records/65g71-a4731"", ""atlas_commit"": ""48d45f6eef72778edf374ec52c379550bb21a046"", ""atlas_type"": ""building"", ""osm_name"": ""Prime DFW01-01"", ""operator"": ""Prime"", ""footprint_sqft"": 49683, ""license"": ""ODbL-1.0""}",https://github.com/IMMM-SFA/datacenter-atlas/blob/48d45f6eef72778edf374ec52c379550bb21a046/im3_datacenter_centroids.geojson
2026-03-31,"Prime DFW01-01 · Dallas, TX #2",OSM,site_mapped,88881,"{""dataset"": ""IM3 Open Source Data Center Atlas"", ""dataset_url"": ""https://data.msdlive.org/records/65g71-a4731"", ""atlas_commit"": ""48d45f6eef72778edf374ec52c379550bb21a046"", ""atlas_type"": ""building"", ""osm_name"": ""Prime DFW01-01"", ""operator"": ""Prime"", ""footprint_sqft"": 88881, ""license"": ""ODbL-1.0""}",https://github.com/IMMM-SFA/datacenter-atlas/blob/48d45f6eef72778edf374ec52c379550bb21a046/im3_datacenter_centroids.geojson
2026-03-31,"Unnamed data center · Dallas, TX #1",OSM,site_mapped,141788,"{""dataset"": ""IM3 Open Source Data Center Atlas"", ""dataset_url"": ""https://data.msdlive.org/records/65g71-a4731"", ""atlas_commit"": ""48d45f6eef72778edf374ec52c379550bb21a046"", ""atlas_type"": ""building"", ""osm_name"": null, ""operator"": null, ""footprint_sqft"": 141788, ""license"": ""ODbL-1.0""}",https://github.com/IMMM-SFA/datacenter-atlas/blob/48d45f6eef72778edf374ec52c379550bb21a046/im3_datacenter_centroids.geojson
2026-03-31,"QTS Irving - Dallas Data Center Campus · Dallas, TX",OSM,site_mapped,306213,"{""dataset"": ""IM3 Open Source Data Center Atlas"", ""dataset_url"": ""https://data.msdlive.org/records/65g71-a4731"", ""atlas_commit"": ""48d45f6eef72778edf374ec52c379550bb21a046"", ""atlas_type"": ""building"", ""osm_name"": ""QTS Irving - Dallas Data Center Campus"", ""operator"": ""Quality Technology Services"", ""footprint_sqft"": 306213, ""license"": ""ODbL-1.0""}",https://github.com/IMMM-SFA/datacenter-atlas/blob/48d45f6eef72778edf374ec52c379550bb21a046/im3_datacenter_centroids.geojson
2026-03-31,"Rackspace Richardson DFW3 · Dallas, TX",OSM,site_mapped,112950,"{""dataset"": ""IM3 Open Source Data Center Atlas"", ""dataset_url"": ""https://data.msdlive.org/records/65g71-a4731"", ""atlas_commit"": ""48d45f6eef72778edf374ec52c379550bb21a046"", ""atlas_type"": ""building"", ""osm_name"": ""Rackspace Richardson DFW3"", ""operator"": ""Rackspace"", ""footprint_sqft"": 112950, ""license"": ""ODbL-1.0""}",https://github.com/IMMM-SFA/datacenter-atlas/blob/48d45f6eef72778edf374ec52c379550bb21a046/im3_datacenter_centroids.geojson
2026-03-31,"Digital Realty Dallas DFW35 · Dallas, TX",OSM,site_mapped,116539,"{""dataset"": ""IM3 Open Source Data Center Atlas"", ""dataset_url"": ""https://data.msdlive.org/records/65g71-a4731"", ""atlas_commit"": ""48d45f6eef72778edf374ec52c379550bb21a046"", ""atlas_type"": ""building"", ""osm_name"": ""Digital Realty Dallas DFW35"", ""operator"": ""Digital Realty"", ""footprint_sqft"": 116539, ""license"": ""ODbL-1.0""}",https://github.com/IMMM-SFA/datacenter-atlas/blob/48d45f6eef72778edf374ec52c379550bb21a046/im3_datacenter_centroids.geojson
2026-03-31,"Digital Realty Dallas DFW18 · Dallas, TX",OSM,site_mapped,222335,"{""dataset"": ""IM3 Open Source Data Center Atlas"", ""dataset_url"": ""https://data.msdlive.org/records/65g71-a4731"", ""atlas_commit"": ""48d45f6eef72778edf374ec52c379550bb21a046"", ""atlas_type"": ""building"", ""osm_name"": ""Digital Realty Dallas DFW18"", ""operator"": ""Digital Realty"", ""footprint_sqft"": 222335, ""license"": ""ODbL-1.0""}",https://github.com/IMMM-SFA/datacenter-atlas/blob/48d45f6eef72778edf374ec52c379550bb21a046/im3_datacenter_centroids.geojson
2026-03-31,"Digital Realty Dallas DFW16 · Dallas, TX",OSM,site_mapped,109470,"{""dataset"": ""IM3 Open Source Data Center Atlas"", ""dataset_url"": ""https://data.msdlive.org/records/65g71-a4731"", ""atlas_commit"": ""48d45f6eef72778edf374ec52c379550bb21a046"", ""atlas_type"": ""building"", ""osm_name"": ""Digital Realty Dallas DFW16"", ""operator"": ""Digital Realty"", ""footprint_sqft"": 109470, ""license"": ""ODbL-1.0""}",https://github.com/IMMM-SFA/datacenter-atlas/blob/48d45f6eef72778edf374ec52c379550bb21a046/im3_datacenter_centroids.geojson
2026-03-31,"Unnamed data center · Dallas, TX #2",OSM,site_mapped,62460,"{""dataset"": ""IM3 Open Source Data Center Atlas"", ""dataset_url"": ""https://data.msdlive.org/records/65g71-a4731"", ""atlas_commit"": ""48d45f6eef72778edf374ec52c379550bb21a046"", ""atlas_type"": ""building"", ""osm_name"": null, ""operator"": null, ""footprint_sqft"": 62460, ""license"": ""ODbL-1.0""}",https://github.com/IMMM-SFA/datacenter-atlas/blob/48d45f6eef72778edf374ec52c379550bb21a046/im3_datacenter_centroids.geojson
2026-03-31,"Digital Realty Dallas DFW17 · Dallas, TX",OSM,site_mapped,83615,"{""dataset"": ""IM3 Open Source Data Center Atlas"", ""dataset_url"": ""https://data.msdlive.org/records/65g71-a4731"", ""atlas_commit"": ""48d45f6eef72778edf374ec52c379550bb21a046"", ""atlas_type"": ""building"", ""osm_name"": ""Digital Realty Dallas DFW17"", ""operator"": ""Digital Realty"", ""footprint_sqft"": 83615, ""license"": ""ODbL-1.0""}",https://github.com/IMMM-SFA/datacenter-atlas/blob/48d45f6eef72778edf374ec52c379550bb21a046/im3_datacenter_centroids.geojson
2026-03-31,"Digital Realty Dallas DFW29 · Dallas, TX",OSM,site_mapped,122436,"{""dataset"": ""IM3 Open Source Data Center Atlas"", ""dataset_url"": ""https://data.msdlive.org/records/65g71-a4731"", ""atlas_commit"": ""48d45f6eef72778edf374ec52c379550bb21a046"", ""atlas_type"": ""building"", ""osm_name"": ""Digital Realty Dallas DFW29"", ""operator"": ""Digital Realty"", ""footprint_sqft"": 122436, ""license"": ""ODbL-1.0""}",https://github.com/IMMM-SFA/datacenter-atlas/blob/48d45f6eef72778edf374ec52c379550bb21a046/im3_datacenter_centroids.geojson
2026-03-31,"Digital Realty Dallas DFW28 · Dallas, TX",OSM,site_mapped,122015,"{""dataset"": ""IM3 Open Source Data Center Atlas"", ""dataset_url"": ""https://data.msdlive.org/records/65g71-a4731"", ""atlas_commit"": ""48d45f6eef72778edf374ec52c379550bb21a046"", ""atlas_type"": ""building"", ""osm_name"": ""Digital Realty Dallas DFW28"", ""operator"": ""Digital Realty"", ""footprint_sqft"": 122015, ""license"": ""ODbL-1.0""}",https://github.com/IMMM-SFA/datacenter-atlas/blob/48d45f6eef72778edf374ec52c379550bb21a046/im3_datacenter_centroids.geojson
2026-03-31,"Stream Data Centers · Dallas, TX",OSM,site_mapped,280635,"{""dataset"": ""IM3 Open Source Data Center Atlas"", ""dataset_url"": ""https://data.msdlive.org/records/65g71-a4731"", ""atlas_commit"": ""48d45f6eef72778edf374ec52c379550bb21a046"", ""atlas_type"": ""building"", ""osm_name"": ""Stream Data Centers"", ""operator"": null, ""footprint_sqft"": 280635, ""license"": ""ODbL-1.0""}",https://github.com/IMMM-SFA/datacenter-atlas/blob/48d45f6eef72778edf374ec52c379550bb21a046/im3_datacenter_centroids.geojson
2026-03-31,"Charles Schwab Data Center · Denton, TX",OSM,site_mapped,79688,"{""dataset"": ""IM3 Open Source Data Center Atlas"", ""dataset_url"": ""https://data.msdlive.org/records/65g71-a4731"", ""atlas_commit"": ""48d45f6eef72778edf374ec52c379550bb21a046"", ""atlas_type"": ""building"", ""osm_name"": ""Charles Schwab Data Center"", ""operator"": null, ""footprint_sqft"": 79688, ""license"": ""ODbL-1.0""}",https://github.com/IMMM-SFA/datacenter-atlas/blob/48d45f6eef72778edf374ec52c379550bb21a046/im3_datacenter_centroids.geojson
2026-03-31,"CITIGROUP TECHNOLOGY INC · Denton, TX",OSM,site_mapped,242536,"{""dataset"": ""IM3 Open Source Data Center Atlas"", ""dataset_url"": ""https://data.msdlive.org/records/65g71-a4731"", ""atlas_commit"": ""48d45f6eef72778edf374ec52c379550bb21a046"", ""atlas_type"": ""building"", ""osm_name"": ""CITIGROUP TECHNOLOGY INC"", ""operator"": null, ""footprint_sqft"": 242536, ""license"": ""ODbL-1.0""}",https://github.com/IMMM-SFA/datacenter-atlas/blob/48d45f6eef72778edf374ec52c379550bb21a046/im3_datacenter_centroids.geojson
2026-03-31,"Compass Data Center · Ellis, TX #1",OSM,site_mapped,41692,"{""dataset"": ""IM3 Open Source Data Center Atlas"", ""dataset_url"": ""https://data.msdlive.org/records/65g71-a4731"", ""atlas_commit"": ""48d45f6eef72778edf374ec52c379550bb21a046"", ""atlas_type"": ""building"", ""osm_name"": ""Compass Data Center"", ""operator"": null, ""footprint_sqft"": 41692, ""license"": ""ODbL-1.0""}",https://github.com/IMMM-SFA/datacenter-atlas/blob/48d45f6eef72778edf374ec52c379550bb21a046/im3_datacenter_centroids.geojson
2026-03-31,"Compass Data Center · Ellis, TX #2",OSM,site_mapped,247998,"{""dataset"": ""IM3 Open Source Data Center Atlas"", ""dataset_url"": ""https://data.msdlive.org/records/65g71-a4731"", ""atlas_commit"": ""48d45f6eef72778edf374ec52c379550bb21a046"", ""atlas_type"": ""building"", ""osm_name"": ""Compass Data Center"", ""operator"": null, ""footprint_sqft"": 247998, ""license"": ""ODbL-1.0""}",https://github.com/IMMM-SFA/datacenter-atlas/blob/48d45f6eef72778edf374ec52c379550bb21a046/im3_datacenter_centroids.geojson
2026-03-31,"Compass Data Center · Ellis, TX #3",OSM,site_mapped,248989,"{""dataset"": ""IM3 Open Source Data Center Atlas"", ""dataset_url"": ""https://data.msdlive.org/records/65g71-a4731"", ""atlas_commit"": ""48d45f6eef72778edf374ec52c379550bb21a046"", ""atlas_type"": ""building"", ""osm_name"": ""Compass Data Center"", ""operator"": null, ""footprint_sqft"": 248989, ""license"": ""ODbL-1.0""}",https://github.com/IMMM-SFA/datacenter-atlas/blob/48d45f6eef72778edf374ec52c379550bb21a046/im3_datacenter_centroids.geojson
2026-03-31,"Compass Data Center · Ellis, TX #4",OSM,site_mapped,251939,"{""dataset"": ""IM3 Open Source Data Center Atlas"", ""dataset_url"": ""https://data.msdlive.org/records/65g71-a4731"", ""atlas_commit"": ""48d45f6eef72778edf374ec52c379550bb21a046"", ""atlas_type"": ""building"", ""osm_name"": ""Compass Data Center"", ""operator"": null, ""footprint_sqft"": 251939, ""license"": ""ODbL-1.0""}",https://github.com/IMMM-SFA/datacenter-atlas/blob/48d45f6eef72778edf374ec52c379550bb21a046/im3_datacenter_centroids.geojson
2026-03-31,"Compass Data Center · Ellis, TX #5",OSM,site_mapped,248988,"{""dataset"": ""IM3 Open Source Data Center Atlas"", ""dataset_url"": ""https://data.msdlive.org/records/65g71-a4731"", ""atlas_commit"": ""48d45f6eef72778edf374ec52c379550bb21a046"", ""atlas_type"": ""building"", ""osm_name"": ""Compass Data Center"", ""operator"": null, ""footprint_sqft"": 248988, ""license"": ""ODbL-1.0""}",https://github.com/IMMM-SFA/datacenter-atlas/blob/48d45f6eef72778edf374ec52c379550bb21a046/im3_datacenter_centroids.geojson
2026-03-31,"Compass Data Center · Ellis, TX #6",OSM,site_mapped,251923,"{""dataset"": ""IM3 Open Source Data Center Atlas"", ""dataset_url"": ""https://data.msdlive.org/records/65g71-a4731"", ""atlas_commit"": ""48d45f6eef72778edf374ec52c379550bb21a046"", ""atlas_type"": ""building"", ""osm_name"": ""Compass Data Center"", ""operator"": null, ""footprint_sqft"": 251923, ""license"": ""ODbL-1.0""}",https://github.com/IMMM-SFA/datacenter-atlas/blob/48d45f6eef72778edf374ec52c379550bb21a046/im3_datacenter_centroids.geojson
2026-03-31,"Compass Data Center · Ellis, TX #7",OSM,site_mapped,251912,"{""dataset"": ""IM3 Open Source Data Center Atlas"", ""dataset_url"": ""https://data.msdlive.org/records/65g71-a4731"", ""atlas_commit"": ""48d45f6eef72778edf374ec52c379550bb21a046"", ""atlas_type"": ""building"", ""osm_name"": ""Compass Data Center"", ""operator"": null, ""footprint_sqft"": 251912, ""license"": ""ODbL-1.0""}",https://github.com/IMMM-SFA/datacenter-atlas/blob/48d45f6eef72778edf374ec52c379550bb21a046/im3_datacenter_centroids.geojson
2026-03-31,"Compass Data Center · Ellis, TX #8",OSM,site_mapped,248985,"{""dataset"": ""IM3 Open Source Data Center Atlas"", ""dataset_url"": ""https://data.msdlive.org/records/65g71-a4731"", ""atlas_commit"": ""48d45f6eef72778edf374ec52c379550bb21a046"", ""atlas_type"": ""building"", ""osm_name"": ""Compass Data Center"", ""operator"": null, ""footprint_sqft"": 248985, ""license"": ""ODbL-1.0""}",https://github.com/IMMM-SFA/datacenter-atlas/blob/48d45f6eef72778edf374ec52c379550bb21a046/im3_datacenter_centroids.geojson
2026-03-31,"Compass Data Center · Ellis, TX #9",OSM,site_mapped,251941,"{""dataset"": ""IM3 Open Source Data Center Atlas"", ""dataset_url"": ""https://data.msdlive.org/records/65g71-a4731"", ""atlas_commit"": ""48d45f6eef72778edf374ec52c379550bb21a046"", ""atlas_type"": ""building"", ""osm_name"": ""Compass Data Center"", ""operator"": null, ""footprint_sqft"": 251941, ""license"": ""ODbL-1.0""}",https://github.com/IMMM-SFA/datacenter-atlas/blob/48d45f6eef72778edf374ec52c379550bb21a046/im3_datacenter_centroids.geojson
2026-03-31,"Compass Data Center · Ellis, TX #10",OSM,site_mapped,251911,"{""dataset"": ""IM3 Open Source Data Center Atlas"", ""dataset_url"": ""https://data.msdlive.org/records/65g71-a4731"", ""atlas_commit"": ""48d45f6eef72778edf374ec52c379550bb21a046"", ""atlas_type"": ""building"", ""osm_name"": ""Compass Data Center"", ""operator"": null, ""footprint_sqft"": 251911, ""license"": ""ODbL-1.0""}",https://github.com/IMMM-SFA/datacenter-atlas/blob/48d45f6eef72778edf374ec52c379550bb21a046/im3_datacenter_centroids.geojson
2026-03-31,"Compass Data Center · Ellis, TX #11",OSM,site_mapped,248978,"{""dataset"": ""IM3 Open Source Data Center Atlas"", ""dataset_url"": ""https://data.msdlive.org/records/65g71-a4731"", ""atlas_commit"": ""48d45f6eef72778edf374ec52c379550bb21a046"", ""atlas_type"": ""building"", ""osm_name"": ""Compass Data Center"", ""operator"": null, ""footprint_sqft"": 248978, ""license"": ""ODbL-1.0""}",https://github.com/IMMM-SFA/datacenter-atlas/blob/48d45f6eef72778edf374ec52c379550bb21a046/im3_datacenter_centroids.geojson
2026-03-31,"Rice Data Center · Harris, TX",OSM,site_mapped,25487,"{""dataset"": ""IM3 Open Source Data Center Atlas"", ""dataset_url"": ""https://data.msdlive.org/records/65g71-a4731"", ""atlas_commit"": ""48d45f6eef72778edf374ec52c379550bb21a046"", ""atlas_type"": ""building"", ""osm_name"": ""Rice Data Center"", ""operator"": null, ""footprint_sqft"": 25487, ""license"": ""ODbL-1.0""}",https://github.com/IMMM-SFA/datacenter-atlas/blob/48d45f6eef72778edf374ec52c379550bb21a046/im3_datacenter_centroids.geojson
2026-03-31,"Skybox Houston One · Harris, TX",OSM,site_mapped,344540,"{""dataset"": ""IM3 Open Source Data Center Atlas"", ""dataset_url"": ""https://data.msdlive.org/records/65g71-a4731"", ""atlas_commit"": ""48d45f6eef72778edf374ec52c379550bb21a046"", ""atlas_type"": ""campus"", ""osm_name"": ""Skybox Houston One"", ""operator"": ""Skybox"", ""footprint_sqft"": 344540, ""license"": ""ODbL-1.0""}",https://github.com/IMMM-SFA/datacenter-atlas/blob/48d45f6eef72778edf374ec52c379550bb21a046/im3_datacenter_centroids.geojson
2026-03-31,"Unnamed data center · Harris, TX",OSM,site_mapped,98195,"{""dataset"": ""IM3 Open Source Data Center Atlas"", ""dataset_url"": ""https://data.msdlive.org/records/65g71-a4731"", ""atlas_commit"": ""48d45f6eef72778edf374ec52c379550bb21a046"", ""atlas_type"": ""building"", ""osm_name"": null, ""operator"": null, ""footprint_sqft"": 98195, ""license"": ""ODbL-1.0""}",https://github.com/IMMM-SFA/datacenter-atlas/blob/48d45f6eef72778edf374ec52c379550bb21a046/im3_datacenter_centroids.geojson
2026-03-31,"DXC Technology data center · Harris, TX #1",OSM,site_mapped,264173,"{""dataset"": ""IM3 Open Source Data Center Atlas"", ""dataset_url"": ""https://data.msdlive.org/records/65g71-a4731"", ""atlas_commit"": ""48d45f6eef72778edf374ec52c379550bb21a046"", ""atlas_type"": ""building"", ""osm_name"": null, ""operator"": ""DXC Technology"", ""footprint_sqft"": 264173, ""license"": ""ODbL-1.0""}",https://github.com/IMMM-SFA/datacenter-atlas/blob/48d45f6eef72778edf374ec52c379550bb21a046/im3_datacenter_centroids.geojson
2026-03-31,"DXC Technology data center · Harris, TX #2",OSM,site_mapped,113970,"{""dataset"": ""IM3 Open Source Data Center Atlas"", ""dataset_url"": ""https://data.msdlive.org/records/65g71-a4731"", ""atlas_commit"": ""48d45f6eef72778edf374ec52c379550bb21a046"", ""atlas_type"": ""building"", ""osm_name"": null, ""operator"": ""DXC Technology"", ""footprint_sqft"": 113970, ""license"": ""ODbL-1.0""}",https://github.com/IMMM-SFA/datacenter-atlas/blob/48d45f6eef72778edf374ec52c379550bb21a046/im3_datacenter_centroids.geojson
2026-03-31,"DXC Technology data center · Harris, TX #3",OSM,site_mapped,352246,"{""dataset"": ""IM3 Open Source Data Center Atlas"", ""dataset_url"": ""https://data.msdlive.org/records/65g71-a4731"", ""atlas_commit"": ""48d45f6eef72778edf374ec52c379550bb21a046"", ""atlas_type"": ""building"", ""osm_name"": null, ""operator"": ""DXC Technology"", ""footprint_sqft"": 352246, ""license"": ""ODbL-1.0""}",https://github.com/IMMM-SFA/datacenter-atlas/blob/48d45f6eef72778edf374ec52c379550bb21a046/im3_datacenter_centroids.geojson
2026-03-31,"MARA Data Center · Hood, TX",OSM,site_mapped,1768886,"{""dataset"": ""IM3 Open Source Data Center Atlas"", ""dataset_url"": ""https://data.msdlive.org/records/65g71-a4731"", ""atlas_commit"": ""48d45f6eef72778edf374ec52c379550bb21a046"", ""atlas_type"": ""campus"", ""osm_name"": ""MARA Data Center"", ""operator"": ""Marathon Digital Holdings"", ""footprint_sqft"": 1768886, ""license"": ""ODbL-1.0""}",https://github.com/IMMM-SFA/datacenter-atlas/blob/48d45f6eef72778edf374ec52c379550bb21a046/im3_datacenter_centroids.geojson
2026-03-31,"Riot Rockdale · Milam, TX",OSM,site_mapped,4357993,"{""dataset"": ""IM3 Open Source Data Center Atlas"", ""dataset_url"": ""https://data.msdlive.org/records/65g71-a4731"", ""atlas_commit"": ""48d45f6eef72778edf374ec52c379550bb21a046"", ""atlas_type"": ""campus"", ""osm_name"": ""Riot Rockdale"", ""operator"": null, ""footprint_sqft"": 4357993, ""license"": ""ODbL-1.0""}",https://github.com/IMMM-SFA/datacenter-atlas/blob/48d45f6eef72778edf374ec52c379550bb21a046/im3_datacenter_centroids.geojson
2026-03-31,"Unnamed data center · Montgomery, TX",OSM,site_mapped,126121,"{""dataset"": ""IM3 Open Source Data Center Atlas"", ""dataset_url"": ""https://data.msdlive.org/records/65g71-a4731"", ""atlas_commit"": ""48d45f6eef72778edf374ec52c379550bb21a046"", ""atlas_type"": ""building"", ""osm_name"": null, ""operator"": null, ""footprint_sqft"": 126121, ""license"": ""ODbL-1.0""}",https://github.com/IMMM-SFA/datacenter-atlas/blob/48d45f6eef72778edf374ec52c379550bb21a046/im3_datacenter_centroids.geojson
2026-03-31,"Stream Data Centers Houston · Montgomery, TX",OSM,site_mapped,,"{""dataset"": ""IM3 Open Source Data Center Atlas"", ""dataset_url"": ""https://data.msdlive.org/records/65g71-a4731"", ""atlas_commit"": ""48d45f6eef72778edf374ec52c379550bb21a046"", ""atlas_type"": ""point"", ""osm_name"": ""Stream Data Centers Houston"", ""operator"": null, ""footprint_sqft"": null, ""license"": ""ODbL-1.0""}",https://github.com/IMMM-SFA/datacenter-atlas/blob/48d45f6eef72778edf374ec52c379550bb21a046/im3_datacenter_centroids.geojson
2026-03-31,"Riot Corsiana · Navarro, TX",OSM,site_mapped,11717820,"{""dataset"": ""IM3 Open Source Data Center Atlas"", ""dataset_url"": ""https://data.msdlive.org/records/65g71-a4731"", ""atlas_commit"": ""48d45f6eef72778edf374ec52c379550bb21a046"", ""atlas_type"": ""campus"", ""osm_name"": ""Riot Corsiana"", ""operator"": null, ""footprint_sqft"": 11717820, ""license"": ""ODbL-1.0""}",https://github.com/IMMM-SFA/datacenter-atlas/blob/48d45f6eef72778edf374ec52c379550bb21a046/im3_datacenter_centroids.geojson
2026-03-31,"Alinged Data Center · Tarrant, TX",OSM,site_mapped,188257,"{""dataset"": ""IM3 Open Source Data Center Atlas"", ""dataset_url"": ""https://data.msdlive.org/records/65g71-a4731"", ""atlas_commit"": ""48d45f6eef72778edf374ec52c379550bb21a046"", ""atlas_type"": ""building"", ""osm_name"": ""Alinged Data Center"", ""operator"": ""Aligned Data Centers, LLC"", ""footprint_sqft"": 188257, ""license"": ""ODbL-1.0""}",https://github.com/IMMM-SFA/datacenter-atlas/blob/48d45f6eef72778edf374ec52c379550bb21a046/im3_datacenter_centroids.geojson
2026-03-31,"Novartis · Tarrant, TX",OSM,site_mapped,42691,"{""dataset"": ""IM3 Open Source Data Center Atlas"", ""dataset_url"": ""https://data.msdlive.org/records/65g71-a4731"", ""atlas_commit"": ""48d45f6eef72778edf374ec52c379550bb21a046"", ""atlas_type"": ""building"", ""osm_name"": ""Novartis"", ""operator"": null, ""footprint_sqft"": 42691, ""license"": ""ODbL-1.0""}",https://github.com/IMMM-SFA/datacenter-atlas/blob/48d45f6eef72778edf374ec52c379550bb21a046/im3_datacenter_centroids.geojson
2026-03-31,"Cyxtera Dallas-Fort Worth Data Center · Tarrant, TX",OSM,site_mapped,309104,"{""dataset"": ""IM3 Open Source Data Center Atlas"", ""dataset_url"": ""https://data.msdlive.org/records/65g71-a4731"", ""atlas_commit"": ""48d45f6eef72778edf374ec52c379550bb21a046"", ""atlas_type"": ""building"", ""osm_name"": ""Cyxtera Dallas-Fort Worth Data Center"", ""operator"": ""Cyxtera"", ""footprint_sqft"": 309104, ""license"": ""ODbL-1.0""}",https://github.com/IMMM-SFA/datacenter-atlas/blob/48d45f6eef72778edf374ec52c379550bb21a046/im3_datacenter_centroids.geojson
2026-03-31,"Verizon Wireless Mew Building · Tarrant, TX",OSM,site_mapped,176383,"{""dataset"": ""IM3 Open Source Data Center Atlas"", ""dataset_url"": ""https://data.msdlive.org/records/65g71-a4731"", ""atlas_commit"": ""48d45f6eef72778edf374ec52c379550bb21a046"", ""atlas_type"": ""building"", ""osm_name"": ""Verizon Wireless Mew Building"", ""operator"": null, ""footprint_sqft"": 176383, ""license"": ""ODbL-1.0""}",https://github.com/IMMM-SFA/datacenter-atlas/blob/48d45f6eef72778edf374ec52c379550bb21a046/im3_datacenter_centroids.geojson
2026-03-31,"Facebook Fort Worth Datacenter · Tarrant, TX #1",OSM,site_mapped,634395,"{""dataset"": ""IM3 Open Source Data Center Atlas"", ""dataset_url"": ""https://data.msdlive.org/records/65g71-a4731"", ""atlas_commit"": ""48d45f6eef72778edf374ec52c379550bb21a046"", ""atlas_type"": ""building"", ""osm_name"": ""Facebook Fort Worth Datacenter"", ""operator"": ""Meta"", ""footprint_sqft"": 634395, ""license"": ""ODbL-1.0""}",https://github.com/IMMM-SFA/datacenter-atlas/blob/48d45f6eef72778edf374ec52c379550bb21a046/im3_datacenter_centroids.geojson
2026-03-31,"Facebook Fort Worth Datacenter · Tarrant, TX #2",OSM,site_mapped,435206,"{""dataset"": ""IM3 Open Source Data Center Atlas"", ""dataset_url"": ""https://data.msdlive.org/records/65g71-a4731"", ""atlas_commit"": ""48d45f6eef72778edf374ec52c379550bb21a046"", ""atlas_type"": ""building"", ""osm_name"": ""Facebook Fort Worth Datacenter"", ""operator"": ""Meta"", ""footprint_sqft"": 435206, ""license"": ""ODbL-1.0""}",https://github.com/IMMM-SFA/datacenter-atlas/blob/48d45f6eef72778edf374ec52c379550bb21a046/im3_datacenter_centroids.geojson
2026-03-31,"Facebook Fort Worth Datacenter · Tarrant, TX #3",OSM,site_mapped,753193,"{""dataset"": ""IM3 Open Source Data Center Atlas"", ""dataset_url"": ""https://data.msdlive.org/records/65g71-a4731"", ""atlas_commit"": ""48d45f6eef72778edf374ec52c379550bb21a046"", ""atlas_type"": ""building"", ""osm_name"": ""Facebook Fort Worth Datacenter"", ""operator"": ""Meta"", ""footprint_sqft"": 753193, ""license"": ""ODbL-1.0""}",https://github.com/IMMM-SFA/datacenter-atlas/blob/48d45f6eef72778edf374ec52c379550bb21a046/im3_datacenter_centroids.geojson
2026-03-31,"QTS Data Center · Tarrant, TX",OSM,site_mapped,277996,"{""dataset"": ""IM3 Open Source Data Center Atlas"", ""dataset_url"": ""https://data.msdlive.org/records/65g71-a4731"", ""atlas_commit"": ""48d45f6eef72778edf374ec52c379550bb21a046"", ""atlas_type"": ""building"", ""osm_name"": ""QTS Data Center"", ""operator"": ""Quality Technology Services"", ""footprint_sqft"": 277996, ""license"": ""ODbL-1.0""}",https://github.com/IMMM-SFA/datacenter-atlas/blob/48d45f6eef72778edf374ec52c379550bb21a046/im3_datacenter_centroids.geojson
2026-03-31,"Lumen Austin 1 · Travis, TX",OSM,site_mapped,74722,"{""dataset"": ""IM3 Open Source Data Center Atlas"", ""dataset_url"": ""https://data.msdlive.org/records/65g71-a4731"", ""atlas_commit"": ""48d45f6eef72778edf374ec52c379550bb21a046"", ""atlas_type"": ""building"", ""osm_name"": ""Lumen Austin 1"", ""operator"": null, ""footprint_sqft"": 74722, ""license"": ""ODbL-1.0""}",https://github.com/IMMM-SFA/datacenter-atlas/blob/48d45f6eef72778edf374ec52c379550bb21a046/im3_datacenter_centroids.geojson
2026-03-31,"Data Foundry - Texas 1 · Travis, TX",OSM,site_mapped,137095,"{""dataset"": ""IM3 Open Source Data Center Atlas"", ""dataset_url"": ""https://data.msdlive.org/records/65g71-a4731"", ""atlas_commit"": ""48d45f6eef72778edf374ec52c379550bb21a046"", ""atlas_type"": ""building"", ""osm_name"": ""Data Foundry - Texas 1"", ""operator"": null, ""footprint_sqft"": 137095, ""license"": ""ODbL-1.0""}",https://github.com/IMMM-SFA/datacenter-atlas/blob/48d45f6eef72778edf374ec52c379550bb21a046/im3_datacenter_centroids.geojson
2026-03-31,"Data Foundry - Texas 2 · Travis, TX",OSM,site_mapped,104857,"{""dataset"": ""IM3 Open Source Data Center Atlas"", ""dataset_url"": ""https://data.msdlive.org/records/65g71-a4731"", ""atlas_commit"": ""48d45f6eef72778edf374ec52c379550bb21a046"", ""atlas_type"": ""building"", ""osm_name"": ""Data Foundry - Texas 2"", ""operator"": null, ""footprint_sqft"": 104857, ""license"": ""ODbL-1.0""}",https://github.com/IMMM-SFA/datacenter-atlas/blob/48d45f6eef72778edf374ec52c379550bb21a046/im3_datacenter_centroids.geojson
2026-03-31,"LightEdge Austin II · Travis, TX",OSM,site_mapped,86445,"{""dataset"": ""IM3 Open Source Data Center Atlas"", ""dataset_url"": ""https://data.msdlive.org/records/65g71-a4731"", ""atlas_commit"": ""48d45f6eef72778edf374ec52c379550bb21a046"", ""atlas_type"": ""building"", ""osm_name"": ""LightEdge Austin II"", ""operator"": null, ""footprint_sqft"": 86445, ""license"": ""ODbL-1.0""}",https://github.com/IMMM-SFA/datacenter-atlas/blob/48d45f6eef72778edf374ec52c379550bb21a046/im3_datacenter_centroids.geojson
2026-03-31,"CyrusOne Austin Data Center II · Travis, TX",OSM,site_mapped,77356,"{""dataset"": ""IM3 Open Source Data Center Atlas"", ""dataset_url"": ""https://data.msdlive.org/records/65g71-a4731"", ""atlas_commit"": ""48d45f6eef72778edf374ec52c379550bb21a046"", ""atlas_type"": ""building"", ""osm_name"": ""CyrusOne Austin Data Center II"", ""operator"": null, ""footprint_sqft"": 77356, ""license"": ""ODbL-1.0""}",https://github.com/IMMM-SFA/datacenter-atlas/blob/48d45f6eef72778edf374ec52c379550bb21a046/im3_datacenter_centroids.geojson
2026-03-31,"CyrusOne Austin Data Center III · Travis, TX",OSM,site_mapped,189921,"{""dataset"": ""IM3 Open Source Data Center Atlas"", ""dataset_url"": ""https://data.msdlive.org/records/65g71-a4731"", ""atlas_commit"": ""48d45f6eef72778edf374ec52c379550bb21a046"", ""atlas_type"": ""building"", ""osm_name"": ""CyrusOne Austin Data Center III"", ""operator"": null, ""footprint_sqft"": 189921, ""license"": ""ODbL-1.0""}",https://github.com/IMMM-SFA/datacenter-atlas/blob/48d45f6eef72778edf374ec52c379550bb21a046/im3_datacenter_centroids.geojson
2026-03-31,"Digital Realty Austin AUS11 · Travis, TX",OSM,site_mapped,79985,"{""dataset"": ""IM3 Open Source Data Center Atlas"", ""dataset_url"": ""https://data.msdlive.org/records/65g71-a4731"", ""atlas_commit"": ""48d45f6eef72778edf374ec52c379550bb21a046"", ""atlas_type"": ""building"", ""osm_name"": ""Digital Realty Austin AUS11"", ""operator"": null, ""footprint_sqft"": 79985, ""license"": ""ODbL-1.0""}",https://github.com/IMMM-SFA/datacenter-atlas/blob/48d45f6eef72778edf374ec52c379550bb21a046/im3_datacenter_centroids.geojson
2026-03-31,"LightEdge Austin I · Travis, TX",OSM,site_mapped,30876,"{""dataset"": ""IM3 Open Source Data Center Atlas"", ""dataset_url"": ""https://data.msdlive.org/records/65g71-a4731"", ""atlas_commit"": ""48d45f6eef72778edf374ec52c379550bb21a046"", ""atlas_type"": ""building"", ""osm_name"": ""LightEdge Austin I"", ""operator"": null, ""footprint_sqft"": 30876, ""license"": ""ODbL-1.0""}",https://github.com/IMMM-SFA/datacenter-atlas/blob/48d45f6eef72778edf374ec52c379550bb21a046/im3_datacenter_centroids.geojson
2026-03-31,"Cortex supercomputer · Travis, TX",OSM,site_mapped,427833,"{""dataset"": ""IM3 Open Source Data Center Atlas"", ""dataset_url"": ""https://data.msdlive.org/records/65g71-a4731"", ""atlas_commit"": ""48d45f6eef72778edf374ec52c379550bb21a046"", ""atlas_type"": ""building"", ""osm_name"": ""Cortex supercomputer"", ""operator"": null, ""footprint_sqft"": 427833, ""license"": ""ODbL-1.0""}",https://github.com/IMMM-SFA/datacenter-atlas/blob/48d45f6eef72778edf374ec52c379550bb21a046/im3_datacenter_centroids.geojson
2026-03-31,"Data Foundry Austin 1 Data Center · Travis, TX",OSM,site_mapped,50461,"{""dataset"": ""IM3 Open Source Data Center Atlas"", ""dataset_url"": ""https://data.msdlive.org/records/65g71-a4731"", ""atlas_commit"": ""48d45f6eef72778edf374ec52c379550bb21a046"", ""atlas_type"": ""building"", ""osm_name"": ""Data Foundry Austin 1 Data Center"", ""operator"": null, ""footprint_sqft"": 50461, ""license"": ""ODbL-1.0""}",https://github.com/IMMM-SFA/datacenter-atlas/blob/48d45f6eef72778edf374ec52c379550bb21a046/im3_datacenter_centroids.geojson
2026-03-31,"Alpheus DataCenter · Travis, TX",OSM,site_mapped,36089,"{""dataset"": ""IM3 Open Source Data Center Atlas"", ""dataset_url"": ""https://data.msdlive.org/records/65g71-a4731"", ""atlas_commit"": ""48d45f6eef72778edf374ec52c379550bb21a046"", ""atlas_type"": ""building"", ""osm_name"": ""Alpheus DataCenter"", ""operator"": ""Alpheus"", ""footprint_sqft"": 36089, ""license"": ""ODbL-1.0""}",https://github.com/IMMM-SFA/datacenter-atlas/blob/48d45f6eef72778edf374ec52c379550bb21a046/im3_datacenter_centroids.geojson
2026-03-31,"Lumen Austin 3 · Travis, TX",OSM,site_mapped,5068,"{""dataset"": ""IM3 Open Source Data Center Atlas"", ""dataset_url"": ""https://data.msdlive.org/records/65g71-a4731"", ""atlas_commit"": ""48d45f6eef72778edf374ec52c379550bb21a046"", ""atlas_type"": ""building"", ""osm_name"": ""Lumen Austin 3"", ""operator"": ""Lumen Technologies"", ""footprint_sqft"": 5068, ""license"": ""ODbL-1.0""}",https://github.com/IMMM-SFA/datacenter-atlas/blob/48d45f6eef72778edf374ec52c379550bb21a046/im3_datacenter_centroids.geojson
2026-03-31,"Element Critical · Travis, TX",OSM,site_mapped,61978,"{""dataset"": ""IM3 Open Source Data Center Atlas"", ""dataset_url"": ""https://data.msdlive.org/records/65g71-a4731"", ""atlas_commit"": ""48d45f6eef72778edf374ec52c379550bb21a046"", ""atlas_type"": ""building"", ""osm_name"": ""Element Critical"", ""operator"": null, ""footprint_sqft"": 61978, ""license"": ""ODbL-1.0""}",https://github.com/IMMM-SFA/datacenter-atlas/blob/48d45f6eef72778edf374ec52c379550bb21a046/im3_datacenter_centroids.geojson
2026-03-31,"Thin-nology · Travis, TX",OSM,site_mapped,9209,"{""dataset"": ""IM3 Open Source Data Center Atlas"", ""dataset_url"": ""https://data.msdlive.org/records/65g71-a4731"", ""atlas_commit"": ""48d45f6eef72778edf374ec52c379550bb21a046"", ""atlas_type"": ""building"", ""osm_name"": ""Thin-nology"", ""operator"": null, ""footprint_sqft"": 9209, ""license"": ""ODbL-1.0""}",https://github.com/IMMM-SFA/datacenter-atlas/blob/48d45f6eef72778edf374ec52c379550bb21a046/im3_datacenter_centroids.geojson
2026-03-31,"IONIC Digital Cedarvale · Ward, TX",OSM,site_mapped,2238928,"{""dataset"": ""IM3 Open Source Data Center Atlas"", ""dataset_url"": ""https://data.msdlive.org/records/65g71-a4731"", ""atlas_commit"": ""48d45f6eef72778edf374ec52c379550bb21a046"", ""atlas_type"": ""building"", ""osm_name"": ""IONIC Digital Cedarvale"", ""operator"": ""IONIC Digital"", ""footprint_sqft"": 2238928, ""license"": ""ODbL-1.0""}",https://github.com/IMMM-SFA/datacenter-atlas/blob/48d45f6eef72778edf374ec52c379550bb21a046/im3_datacenter_centroids.geojson
2026-03-31,"Unnamed data center · Wichita, TX",OSM,site_mapped,39127,"{""dataset"": ""IM3 Open Source Data Center Atlas"", ""dataset_url"": ""https://data.msdlive.org/records/65g71-a4731"", ""atlas_commit"": ""48d45f6eef72778edf374ec52c379550bb21a046"", ""atlas_type"": ""building"", ""osm_name"": null, ""operator"": null, ""footprint_sqft"": 39127, ""license"": ""ODbL-1.0""}",https://github.com/IMMM-SFA/datacenter-atlas/blob/48d45f6eef72778edf374ec52c379550bb21a046/im3_datacenter_centroids.geojson
2026-03-31,"eBay · Salt Lake, UT",OSM,site_mapped,183167,"{""dataset"": ""IM3 Open Source Data Center Atlas"", ""dataset_url"": ""https://data.msdlive.org/records/65g71-a4731"", ""atlas_commit"": ""48d45f6eef72778edf374ec52c379550bb21a046"", ""atlas_type"": ""building"", ""osm_name"": ""eBay"", ""operator"": null, ""footprint_sqft"": 183167, ""license"": ""ODbL-1.0""}",https://github.com/IMMM-SFA/datacenter-atlas/blob/48d45f6eef72778edf374ec52c379550bb21a046/im3_datacenter_centroids.geojson
2026-03-31,"Ebay · Salt Lake, UT",OSM,site_mapped,146408,"{""dataset"": ""IM3 Open Source Data Center Atlas"", ""dataset_url"": ""https://data.msdlive.org/records/65g71-a4731"", ""atlas_commit"": ""48d45f6eef72778edf374ec52c379550bb21a046"", ""atlas_type"": ""building"", ""osm_name"": ""Ebay"", ""operator"": null, ""footprint_sqft"": 146408, ""license"": ""ODbL-1.0""}",https://github.com/IMMM-SFA/datacenter-atlas/blob/48d45f6eef72778edf374ec52c379550bb21a046/im3_datacenter_centroids.geojson
2026-03-31,"Flexential Salt Lake City - South Valley · Salt Lake, UT",OSM,site_mapped,30547,"{""dataset"": ""IM3 Open Source Data Center Atlas"", ""dataset_url"": ""https://data.msdlive.org/records/65g71-a4731"", ""atlas_commit"": ""48d45f6eef72778edf374ec52c379550bb21a046"", ""atlas_type"": ""building"", ""osm_name"": ""Flexential Salt Lake City - South Valley"", ""operator"": ""Flexential"", ""footprint_sqft"": 30547, ""license"": ""ODbL-1.0""}",https://github.com/IMMM-SFA/datacenter-atlas/blob/48d45f6eef72778edf374ec52c379550bb21a046/im3_datacenter_centroids.geojson
2026-03-31,"Flexential Salt Lake City - Millcreek · Salt Lake, UT",OSM,site_mapped,28092,"{""dataset"": ""IM3 Open Source Data Center Atlas"", ""dataset_url"": ""https://data.msdlive.org/records/65g71-a4731"", ""atlas_commit"": ""48d45f6eef72778edf374ec52c379550bb21a046"", ""atlas_type"": ""building"", ""osm_name"": ""Flexential Salt Lake City - Millcreek"", ""operator"": ""Flexential"", ""footprint_sqft"": 28092, ""license"": ""ODbL-1.0""}",https://github.com/IMMM-SFA/datacenter-atlas/blob/48d45f6eef72778edf374ec52c379550bb21a046/im3_datacenter_centroids.geojson
2026-03-31,"Flexential Salt Lake City - Downtown · Salt Lake, UT",OSM,site_mapped,63362,"{""dataset"": ""IM3 Open Source Data Center Atlas"", ""dataset_url"": ""https://data.msdlive.org/records/65g71-a4731"", ""atlas_commit"": ""48d45f6eef72778edf374ec52c379550bb21a046"", ""atlas_type"": ""building"", ""osm_name"": ""Flexential Salt Lake City - Downtown"", ""operator"": ""Flexential"", ""footprint_sqft"": 63362, ""license"": ""ODbL-1.0""}",https://github.com/IMMM-SFA/datacenter-atlas/blob/48d45f6eef72778edf374ec52c379550bb21a046/im3_datacenter_centroids.geojson
2026-03-31,"Flexential Salt Lake City - Fair Park · Salt Lake, UT",OSM,site_mapped,12565,"{""dataset"": ""IM3 Open Source Data Center Atlas"", ""dataset_url"": ""https://data.msdlive.org/records/65g71-a4731"", ""atlas_commit"": ""48d45f6eef72778edf374ec52c379550bb21a046"", ""atlas_type"": ""building"", ""osm_name"": ""Flexential Salt Lake City - Fair Park"", ""operator"": ""Flexential"", ""footprint_sqft"": 12565, ""license"": ""ODbL-1.0""}",https://github.com/IMMM-SFA/datacenter-atlas/blob/48d45f6eef72778edf374ec52c379550bb21a046/im3_datacenter_centroids.geojson
2026-03-31,"Strata Networks · Uintah, UT",OSM,site_mapped,12971,"{""dataset"": ""IM3 Open Source Data Center Atlas"", ""dataset_url"": ""https://data.msdlive.org/records/65g71-a4731"", ""atlas_commit"": ""48d45f6eef72778edf374ec52c379550bb21a046"", ""atlas_type"": ""building"", ""osm_name"": ""Strata Networks"", ""operator"": null, ""footprint_sqft"": 12971, ""license"": ""ODbL-1.0""}",https://github.com/IMMM-SFA/datacenter-atlas/blob/48d45f6eef72778edf374ec52c379550bb21a046/im3_datacenter_centroids.geojson
2026-03-31,"Meta Eagle Mountain Data Center · Utah, UT #1",OSM,site_mapped,626371,"{""dataset"": ""IM3 Open Source Data Center Atlas"", ""dataset_url"": ""https://data.msdlive.org/records/65g71-a4731"", ""atlas_commit"": ""48d45f6eef72778edf374ec52c379550bb21a046"", ""atlas_type"": ""building"", ""osm_name"": ""Meta Eagle Mountain Data Center"", ""operator"": ""Meta"", ""footprint_sqft"": 626371, ""license"": ""ODbL-1.0""}",https://github.com/IMMM-SFA/datacenter-atlas/blob/48d45f6eef72778edf374ec52c379550bb21a046/im3_datacenter_centroids.geojson
2026-03-31,"Unnamed data center · Utah, UT #1",OSM,site_mapped,378788,"{""dataset"": ""IM3 Open Source Data Center Atlas"", ""dataset_url"": ""https://data.msdlive.org/records/65g71-a4731"", ""atlas_commit"": ""48d45f6eef72778edf374ec52c379550bb21a046"", ""atlas_type"": ""building"", ""osm_name"": null, ""operator"": null, ""footprint_sqft"": 378788, ""license"": ""ODbL-1.0""}",https://github.com/IMMM-SFA/datacenter-atlas/blob/48d45f6eef72778edf374ec52c379550bb21a046/im3_datacenter_centroids.geojson
2026-03-31,"Meta Eagle Mountain Data Center · Utah, UT #2",OSM,site_mapped,344790,"{""dataset"": ""IM3 Open Source Data Center Atlas"", ""dataset_url"": ""https://data.msdlive.org/records/65g71-a4731"", ""atlas_commit"": ""48d45f6eef72778edf374ec52c379550bb21a046"", ""atlas_type"": ""building"", ""osm_name"": ""Meta Eagle Mountain Data Center"", ""operator"": ""Meta"", ""footprint_sqft"": 344790, ""license"": ""ODbL-1.0""}",https://github.com/IMMM-SFA/datacenter-atlas/blob/48d45f6eef72778edf374ec52c379550bb21a046/im3_datacenter_centroids.geojson
2026-03-31,"Unnamed data center · Utah, UT #2",OSM,site_mapped,310201,"{""dataset"": ""IM3 Open Source Data Center Atlas"", ""dataset_url"": ""https://data.msdlive.org/records/65g71-a4731"", ""atlas_commit"": ""48d45f6eef72778edf374ec52c379550bb21a046"", ""atlas_type"": ""building"", ""osm_name"": null, ""operator"": null, ""footprint_sqft"": 310201, ""license"": ""ODbL-1.0""}",https://github.com/IMMM-SFA/datacenter-atlas/blob/48d45f6eef72778edf374ec52c379550bb21a046/im3_datacenter_centroids.geojson
2026-03-31,"Meta Eagle Mountain Data Center · Utah, UT #3",OSM,site_mapped,628165,"{""dataset"": ""IM3 Open Source Data Center Atlas"", ""dataset_url"": ""https://data.msdlive.org/records/65g71-a4731"", ""atlas_commit"": ""48d45f6eef72778edf374ec52c379550bb21a046"", ""atlas_type"": ""building"", ""osm_name"": ""Meta Eagle Mountain Data Center"", ""operator"": ""Meta"", ""footprint_sqft"": 628165, ""license"": ""ODbL-1.0""}",https://github.com/IMMM-SFA/datacenter-atlas/blob/48d45f6eef72778edf374ec52c379550bb21a046/im3_datacenter_centroids.geojson
2026-03-31,"Flexential Salt Lake City - Lindon · Utah, UT",OSM,site_mapped,,"{""dataset"": ""IM3 Open Source Data Center Atlas"", ""dataset_url"": ""https://data.msdlive.org/records/65g71-a4731"", ""atlas_commit"": ""48d45f6eef72778edf374ec52c379550bb21a046"", ""atlas_type"": ""point"", ""osm_name"": ""Flexential Salt Lake City - Lindon"", ""operator"": ""Flexential"", ""footprint_sqft"": null, ""license"": ""ODbL-1.0""}",https://github.com/IMMM-SFA/datacenter-atlas/blob/48d45f6eef72778edf374ec52c379550bb21a046/im3_datacenter_centroids.geojson
2026-03-31,"Lumen · Washington, UT",OSM,site_mapped,1833,"{""dataset"": ""IM3 Open Source Data Center Atlas"", ""dataset_url"": ""https://data.msdlive.org/records/65g71-a4731"", ""atlas_commit"": ""48d45f6eef72778edf374ec52c379550bb21a046"", ""atlas_type"": ""building"", ""osm_name"": ""Lumen"", ""operator"": ""Lumen Technologies"", ""footprint_sqft"": 1833, ""license"": ""ODbL-1.0""}",https://github.com/IMMM-SFA/datacenter-atlas/blob/48d45f6eef72778edf374ec52c379550bb21a046/im3_datacenter_centroids.geojson
2026-03-31,"Equinix CU2 · Culpeper, VA",OSM,site_mapped,1299936,"{""dataset"": ""IM3 Open Source Data Center Atlas"", ""dataset_url"": ""https://data.msdlive.org/records/65g71-a4731"", ""atlas_commit"": ""48d45f6eef72778edf374ec52c379550bb21a046"", ""atlas_type"": ""campus"", ""osm_name"": ""Equinix CU2"", ""operator"": ""Equinix"", ""footprint_sqft"": 1299936, ""license"": ""ODbL-1.0""}",https://github.com/IMMM-SFA/datacenter-atlas/blob/48d45f6eef72778edf374ec52c379550bb21a046/im3_datacenter_centroids.geojson
2026-03-31,"Unnamed data center · Fairfax, VA #1",OSM,site_mapped,56049,"{""dataset"": ""IM3 Open Source Data Center Atlas"", ""dataset_url"": ""https://data.msdlive.org/records/65g71-a4731"", ""atlas_commit"": ""48d45f6eef72778edf374ec52c379550bb21a046"", ""atlas_type"": ""building"", ""osm_name"": null, ""operator"": null, ""footprint_sqft"": 56049, ""license"": ""ODbL-1.0""}",https://github.com/IMMM-SFA/datacenter-atlas/blob/48d45f6eef72778edf374ec52c379550bb21a046/im3_datacenter_centroids.geojson
2026-03-31,"Amazon IAD-1 · Fairfax, VA",OSM,site_mapped,93882,"{""dataset"": ""IM3 Open Source Data Center Atlas"", ""dataset_url"": ""https://data.msdlive.org/records/65g71-a4731"", ""atlas_commit"": ""48d45f6eef72778edf374ec52c379550bb21a046"", ""atlas_type"": ""building"", ""osm_name"": ""Amazon IAD-1"", ""operator"": ""Amazon Web Services"", ""footprint_sqft"": 93882, ""license"": ""ODbL-1.0""}",https://github.com/IMMM-SFA/datacenter-atlas/blob/48d45f6eef72778edf374ec52c379550bb21a046/im3_datacenter_centroids.geojson
2026-03-31,"Amazon IAD22 · Fairfax, VA",OSM,site_mapped,30140,"{""dataset"": ""IM3 Open Source Data Center Atlas"", ""dataset_url"": ""https://data.msdlive.org/records/65g71-a4731"", ""atlas_commit"": ""48d45f6eef72778edf374ec52c379550bb21a046"", ""atlas_type"": ""building"", ""osm_name"": ""Amazon IAD22"", ""operator"": null, ""footprint_sqft"": 30140, ""license"": ""ODbL-1.0""}",https://github.com/IMMM-SFA/datacenter-atlas/blob/48d45f6eef72778edf374ec52c379550bb21a046/im3_datacenter_centroids.geojson
2026-03-31,"Amazon IAD-9 · Fairfax, VA",OSM,site_mapped,85855,"{""dataset"": ""IM3 Open Source Data Center Atlas"", ""dataset_url"": ""https://data.msdlive.org/records/65g71-a4731"", ""atlas_commit"": ""48d45f6eef72778edf374ec52c379550bb21a046"", ""atlas_type"": ""building"", ""osm_name"": ""Amazon IAD-9"", ""operator"": ""Amazon Web Services"", ""footprint_sqft"": 85855, ""license"": ""ODbL-1.0""}",https://github.com/IMMM-SFA/datacenter-atlas/blob/48d45f6eef72778edf374ec52c379550bb21a046/im3_datacenter_centroids.geojson
2026-03-31,"Amazon Web Services · Fairfax, VA #1",OSM,site_mapped,120946,"{""dataset"": ""IM3 Open Source Data Center Atlas"", ""dataset_url"": ""https://data.msdlive.org/records/65g71-a4731"", ""atlas_commit"": ""48d45f6eef72778edf374ec52c379550bb21a046"", ""atlas_type"": ""building"", ""osm_name"": ""Amazon Web Services"", ""operator"": ""Amazon Web Services"", ""footprint_sqft"": 120946, ""license"": ""ODbL-1.0""}",https://github.com/IMMM-SFA/datacenter-atlas/blob/48d45f6eef72778edf374ec52c379550bb21a046/im3_datacenter_centroids.geojson
2026-03-31,"Amazon Web Services · Fairfax, VA #2",OSM,site_mapped,118988,"{""dataset"": ""IM3 Open Source Data Center Atlas"", ""dataset_url"": ""https://data.msdlive.org/records/65g71-a4731"", ""atlas_commit"": ""48d45f6eef72778edf374ec52c379550bb21a046"", ""atlas_type"": ""building"", ""osm_name"": ""Amazon Web Services"", ""operator"": ""Amazon Web Services"", ""footprint_sqft"": 118988, ""license"": ""ODbL-1.0""}",https://github.com/IMMM-SFA/datacenter-atlas/blob/48d45f6eef72778edf374ec52c379550bb21a046/im3_datacenter_centroids.geojson
2026-03-31,"Element Critical VA1 · Fairfax, VA",OSM,site_mapped,20483,"{""dataset"": ""IM3 Open Source Data Center Atlas"", ""dataset_url"": ""https://data.msdlive.org/records/65g71-a4731"", ""atlas_commit"": ""48d45f6eef72778edf374ec52c379550bb21a046"", ""atlas_type"": ""building"", ""osm_name"": ""Element Critical VA1"", ""operator"": null, ""footprint_sqft"": 20483, ""license"": ""ODbL-1.0""}",https://github.com/IMMM-SFA/datacenter-atlas/blob/48d45f6eef72778edf374ec52c379550bb21a046/im3_datacenter_centroids.geojson
2026-03-31,"Equinix DC7 · Fairfax, VA",OSM,site_mapped,79709,"{""dataset"": ""IM3 Open Source Data Center Atlas"", ""dataset_url"": ""https://data.msdlive.org/records/65g71-a4731"", ""atlas_commit"": ""48d45f6eef72778edf374ec52c379550bb21a046"", ""atlas_type"": ""building"", ""osm_name"": ""Equinix DC7"", ""operator"": ""Equinix"", ""footprint_sqft"": 79709, ""license"": ""ODbL-1.0""}",https://github.com/IMMM-SFA/datacenter-atlas/blob/48d45f6eef72778edf374ec52c379550bb21a046/im3_datacenter_centroids.geojson
2026-03-31,"Unnamed data center · Fairfax, VA #2",OSM,site_mapped,43330,"{""dataset"": ""IM3 Open Source Data Center Atlas"", ""dataset_url"": ""https://data.msdlive.org/records/65g71-a4731"", ""atlas_commit"": ""48d45f6eef72778edf374ec52c379550bb21a046"", ""atlas_type"": ""building"", ""osm_name"": null, ""operator"": null, ""footprint_sqft"": 43330, ""license"": ""ODbL-1.0""}",https://github.com/IMMM-SFA/datacenter-atlas/blob/48d45f6eef72778edf374ec52c379550bb21a046/im3_datacenter_centroids.geojson
2026-03-31,"Unnamed data center · Fairfax, VA #3",OSM,site_mapped,32222,"{""dataset"": ""IM3 Open Source Data Center Atlas"", ""dataset_url"": ""https://data.msdlive.org/records/65g71-a4731"", ""atlas_commit"": ""48d45f6eef72778edf374ec52c379550bb21a046"", ""atlas_type"": ""building"", ""osm_name"": null, ""operator"": null, ""footprint_sqft"": 32222, ""license"": ""ODbL-1.0""}",https://github.com/IMMM-SFA/datacenter-atlas/blob/48d45f6eef72778edf374ec52c379550bb21a046/im3_datacenter_centroids.geojson
2026-03-31,"Digital Realty · Fairfax, VA",OSM,site_mapped,72337,"{""dataset"": ""IM3 Open Source Data Center Atlas"", ""dataset_url"": ""https://data.msdlive.org/records/65g71-a4731"", ""atlas_commit"": ""48d45f6eef72778edf374ec52c379550bb21a046"", ""atlas_type"": ""building"", ""osm_name"": ""Digital Realty"", ""operator"": ""Digital Realty"", ""footprint_sqft"": 72337, ""license"": ""ODbL-1.0""}",https://github.com/IMMM-SFA/datacenter-atlas/blob/48d45f6eef72778edf374ec52c379550bb21a046/im3_datacenter_centroids.geojson
2026-03-31,"Unnamed data center · Fairfax, VA #4",OSM,site_mapped,19578,"{""dataset"": ""IM3 Open Source Data Center Atlas"", ""dataset_url"": ""https://data.msdlive.org/records/65g71-a4731"", ""atlas_commit"": ""48d45f6eef72778edf374ec52c379550bb21a046"", ""atlas_type"": ""building"", ""osm_name"": null, ""operator"": null, ""footprint_sqft"": 19578, ""license"": ""ODbL-1.0""}",https://github.com/IMMM-SFA/datacenter-atlas/blob/48d45f6eef72778edf374ec52c379550bb21a046/im3_datacenter_centroids.geojson
2026-03-31,"DataBank McLean IAD2 · Fairfax, VA",OSM,site_mapped,22957,"{""dataset"": ""IM3 Open Source Data Center Atlas"", ""dataset_url"": ""https://data.msdlive.org/records/65g71-a4731"", ""atlas_commit"": ""48d45f6eef72778edf374ec52c379550bb21a046"", ""atlas_type"": ""building"", ""osm_name"": ""DataBank McLean IAD2"", ""operator"": ""DataBank"", ""footprint_sqft"": 22957, ""license"": ""ODbL-1.0""}",https://github.com/IMMM-SFA/datacenter-atlas/blob/48d45f6eef72778edf374ec52c379550bb21a046/im3_datacenter_centroids.geojson
2026-03-31,"Lumen McLean · Fairfax, VA #1",OSM,site_mapped,42056,"{""dataset"": ""IM3 Open Source Data Center Atlas"", ""dataset_url"": ""https://data.msdlive.org/records/65g71-a4731"", ""atlas_commit"": ""48d45f6eef72778edf374ec52c379550bb21a046"", ""atlas_type"": ""building"", ""osm_name"": ""Lumen McLean"", ""operator"": ""Lumen Technologies"", ""footprint_sqft"": 42056, ""license"": ""ODbL-1.0""}",https://github.com/IMMM-SFA/datacenter-atlas/blob/48d45f6eef72778edf374ec52c379550bb21a046/im3_datacenter_centroids.geojson
2026-03-31,"Lumen McLean · Fairfax, VA #2",OSM,site_mapped,,"{""dataset"": ""IM3 Open Source Data Center Atlas"", ""dataset_url"": ""https://data.msdlive.org/records/65g71-a4731"", ""atlas_commit"": ""48d45f6eef72778edf374ec52c379550bb21a046"", ""atlas_type"": ""point"", ""osm_name"": ""Lumen McLean"", ""operator"": ""Lumen Technologies"", ""footprint_sqft"": null, ""license"": ""ODbL-1.0""}",https://github.com/IMMM-SFA/datacenter-atlas/blob/48d45f6eef72778edf374ec52c379550bb21a046/im3_datacenter_centroids.geojson
2026-03-31,"Unnamed data center · Fairfax, VA #5",OSM,site_mapped,130413,"{""dataset"": ""IM3 Open Source Data Center Atlas"", ""dataset_url"": ""https://data.msdlive.org/records/65g71-a4731"", ""atlas_commit"": ""48d45f6eef72778edf374ec52c379550bb21a046"", ""atlas_type"": ""building"", ""osm_name"": null, ""operator"": null, ""footprint_sqft"": 130413, ""license"": ""ODbL-1.0""}",https://github.com/IMMM-SFA/datacenter-atlas/blob/48d45f6eef72778edf374ec52c379550bb21a046/im3_datacenter_centroids.geojson
2026-03-31,"Unnamed data center · Fairfax, VA #6",OSM,site_mapped,132753,"{""dataset"": ""IM3 Open Source Data Center Atlas"", ""dataset_url"": ""https://data.msdlive.org/records/65g71-a4731"", ""atlas_commit"": ""48d45f6eef72778edf374ec52c379550bb21a046"", ""atlas_type"": ""building"", ""osm_name"": null, ""operator"": null, ""footprint_sqft"": 132753, ""license"": ""ODbL-1.0""}",https://github.com/IMMM-SFA/datacenter-atlas/blob/48d45f6eef72778edf374ec52c379550bb21a046/im3_datacenter_centroids.geojson
2026-03-31,"Unnamed data center · Fairfax, VA #7",OSM,site_mapped,135479,"{""dataset"": ""IM3 Open Source Data Center Atlas"", ""dataset_url"": ""https://data.msdlive.org/records/65g71-a4731"", ""atlas_commit"": ""48d45f6eef72778edf374ec52c379550bb21a046"", ""atlas_type"": ""building"", ""osm_name"": null, ""operator"": null, ""footprint_sqft"": 135479, ""license"": ""ODbL-1.0""}",https://github.com/IMMM-SFA/datacenter-atlas/blob/48d45f6eef72778edf374ec52c379550bb21a046/im3_datacenter_centroids.geojson
2026-03-31,"Unnamed data center · Fairfax, VA #8",OSM,site_mapped,113584,"{""dataset"": ""IM3 Open Source Data Center Atlas"", ""dataset_url"": ""https://data.msdlive.org/records/65g71-a4731"", ""atlas_commit"": ""48d45f6eef72778edf374ec52c379550bb21a046"", ""atlas_type"": ""building"", ""osm_name"": null, ""operator"": null, ""footprint_sqft"": 113584, ""license"": ""ODbL-1.0""}",https://github.com/IMMM-SFA/datacenter-atlas/blob/48d45f6eef72778edf374ec52c379550bb21a046/im3_datacenter_centroids.geojson
2026-03-31,"Unnamed data center · Fairfax, VA #9",OSM,site_mapped,131768,"{""dataset"": ""IM3 Open Source Data Center Atlas"", ""dataset_url"": ""https://data.msdlive.org/records/65g71-a4731"", ""atlas_commit"": ""48d45f6eef72778edf374ec52c379550bb21a046"", ""atlas_type"": ""building"", ""osm_name"": null, ""operator"": null, ""footprint_sqft"": 131768, ""license"": ""ODbL-1.0""}",https://github.com/IMMM-SFA/datacenter-atlas/blob/48d45f6eef72778edf374ec52c379550bb21a046/im3_datacenter_centroids.geojson
2026-03-31,"VA3 · Fairfax, VA",OSM,site_mapped,96241,"{""dataset"": ""IM3 Open Source Data Center Atlas"", ""dataset_url"": ""https://data.msdlive.org/records/65g71-a4731"", ""atlas_commit"": ""48d45f6eef72778edf374ec52c379550bb21a046"", ""atlas_type"": ""building"", ""osm_name"": ""VA3"", ""operator"": ""Digital Realty"", ""footprint_sqft"": 96241, ""license"": ""ODbL-1.0""}",https://github.com/IMMM-SFA/datacenter-atlas/blob/48d45f6eef72778edf374ec52c379550bb21a046/im3_datacenter_centroids.geojson
2026-03-31,"CoreSite Reston VA3 · Fairfax, VA",OSM,site_mapped,249707,"{""dataset"": ""IM3 Open Source Data Center Atlas"", ""dataset_url"": ""https://data.msdlive.org/records/65g71-a4731"", ""atlas_commit"": ""48d45f6eef72778edf374ec52c379550bb21a046"", ""atlas_type"": ""building"", ""osm_name"": ""CoreSite Reston VA3"", ""operator"": ""CoreSite"", ""footprint_sqft"": 249707, ""license"": ""ODbL-1.0""}",https://github.com/IMMM-SFA/datacenter-atlas/blob/48d45f6eef72778edf374ec52c379550bb21a046/im3_datacenter_centroids.geojson
2026-03-31,"IAD1 · Fairfax, VA",OSM,site_mapped,19325,"{""dataset"": ""IM3 Open Source Data Center Atlas"", ""dataset_url"": ""https://data.msdlive.org/records/65g71-a4731"", ""atlas_commit"": ""48d45f6eef72778edf374ec52c379550bb21a046"", ""atlas_type"": ""building"", ""osm_name"": ""IAD1"", ""operator"": ""Evocative"", ""footprint_sqft"": 19325, ""license"": ""ODbL-1.0""}",https://github.com/IMMM-SFA/datacenter-atlas/blob/48d45f6eef72778edf374ec52c379550bb21a046/im3_datacenter_centroids.geojson
2026-03-31,"CoreSite Reston Campus VA1 · Fairfax, VA",OSM,site_mapped,138035,"{""dataset"": ""IM3 Open Source Data Center Atlas"", ""dataset_url"": ""https://data.msdlive.org/records/65g71-a4731"", ""atlas_commit"": ""48d45f6eef72778edf374ec52c379550bb21a046"", ""atlas_type"": ""building"", ""osm_name"": ""CoreSite Reston Campus VA1"", ""operator"": ""CoreSite"", ""footprint_sqft"": 138035, ""license"": ""ODbL-1.0""}",https://github.com/IMMM-SFA/datacenter-atlas/blob/48d45f6eef72778edf374ec52c379550bb21a046/im3_datacenter_centroids.geojson
2026-03-31,"CoreSite Reston Campus VA2 · Fairfax, VA",OSM,site_mapped,40517,"{""dataset"": ""IM3 Open Source Data Center Atlas"", ""dataset_url"": ""https://data.msdlive.org/records/65g71-a4731"", ""atlas_commit"": ""48d45f6eef72778edf374ec52c379550bb21a046"", ""atlas_type"": ""building"", ""osm_name"": ""CoreSite Reston Campus VA2"", ""operator"": ""CoreSite"", ""footprint_sqft"": 40517, ""license"": ""ODbL-1.0""}",https://github.com/IMMM-SFA/datacenter-atlas/blob/48d45f6eef72778edf374ec52c379550bb21a046/im3_datacenter_centroids.geojson
2026-03-31,"Equinix DC97 · Fairfax, VA",OSM,site_mapped,43991,"{""dataset"": ""IM3 Open Source Data Center Atlas"", ""dataset_url"": ""https://data.msdlive.org/records/65g71-a4731"", ""atlas_commit"": ""48d45f6eef72778edf374ec52c379550bb21a046"", ""atlas_type"": ""building"", ""osm_name"": ""Equinix DC97"", ""operator"": null, ""footprint_sqft"": 43991, ""license"": ""ODbL-1.0""}",https://github.com/IMMM-SFA/datacenter-atlas/blob/48d45f6eef72778edf374ec52c379550bb21a046/im3_datacenter_centroids.geojson
2026-03-31,"Unnamed data center · Fauquier, VA #1",OSM,site_mapped,59703,"{""dataset"": ""IM3 Open Source Data Center Atlas"", ""dataset_url"": ""https://data.msdlive.org/records/65g71-a4731"", ""atlas_commit"": ""48d45f6eef72778edf374ec52c379550bb21a046"", ""atlas_type"": ""building"", ""osm_name"": null, ""operator"": null, ""footprint_sqft"": 59703, ""license"": ""ODbL-1.0""}",https://github.com/IMMM-SFA/datacenter-atlas/blob/48d45f6eef72778edf374ec52c379550bb21a046/im3_datacenter_centroids.geojson
2026-03-31,"Unnamed data center · Fauquier, VA #2",OSM,site_mapped,107125,"{""dataset"": ""IM3 Open Source Data Center Atlas"", ""dataset_url"": ""https://data.msdlive.org/records/65g71-a4731"", ""atlas_commit"": ""48d45f6eef72778edf374ec52c379550bb21a046"", ""atlas_type"": ""building"", ""osm_name"": null, ""operator"": null, ""footprint_sqft"": 107125, ""license"": ""ODbL-1.0""}",https://github.com/IMMM-SFA/datacenter-atlas/blob/48d45f6eef72778edf374ec52c379550bb21a046/im3_datacenter_centroids.geojson
2026-03-31,"OVH US East Vint Hill · Fauquier, VA",OSM,site_mapped,85783,"{""dataset"": ""IM3 Open Source Data Center Atlas"", ""dataset_url"": ""https://data.msdlive.org/records/65g71-a4731"", ""atlas_commit"": ""48d45f6eef72778edf374ec52c379550bb21a046"", ""atlas_type"": ""building"", ""osm_name"": ""OVH US East Vint Hill"", ""operator"": null, ""footprint_sqft"": 85783, ""license"": ""ODbL-1.0""}",https://github.com/IMMM-SFA/datacenter-atlas/blob/48d45f6eef72778edf374ec52c379550bb21a046/im3_datacenter_centroids.geojson
2026-03-31,"Middletown Data Center · Frederick, VA",OSM,site_mapped,273198,"{""dataset"": ""IM3 Open Source Data Center Atlas"", ""dataset_url"": ""https://data.msdlive.org/records/65g71-a4731"", ""atlas_commit"": ""48d45f6eef72778edf374ec52c379550bb21a046"", ""atlas_type"": ""campus"", ""osm_name"": ""Middletown Data Center"", ""operator"": null, ""footprint_sqft"": 273198, ""license"": ""ODbL-1.0""}",https://github.com/IMMM-SFA/datacenter-atlas/blob/48d45f6eef72778edf374ec52c379550bb21a046/im3_datacenter_centroids.geojson
2026-03-31,"DBT Data - Harrisonburg Center · Harrisonburg city, VA",OSM,site_mapped,505755,"{""dataset"": ""IM3 Open Source Data Center Atlas"", ""dataset_url"": ""https://data.msdlive.org/records/65g71-a4731"", ""atlas_commit"": ""48d45f6eef72778edf374ec52c379550bb21a046"", ""atlas_type"": ""campus"", ""osm_name"": ""DBT Data - Harrisonburg Center"", ""operator"": null, ""footprint_sqft"": 505755, ""license"": ""ODbL-1.0""}",https://github.com/IMMM-SFA/datacenter-atlas/blob/48d45f6eef72778edf374ec52c379550bb21a046/im3_datacenter_centroids.geojson
2026-03-31,"Meta Henrico Data Center · Henrico, VA #1",OSM,site_mapped,604696,"{""dataset"": ""IM3 Open Source Data Center Atlas"", ""dataset_url"": ""https://data.msdlive.org/records/65g71-a4731"", ""atlas_commit"": ""48d45f6eef72778edf374ec52c379550bb21a046"", ""atlas_type"": ""building"", ""osm_name"": ""Meta Henrico Data Center"", ""operator"": ""Meta"", ""footprint_sqft"": 604696, ""license"": ""ODbL-1.0""}",https://github.com/IMMM-SFA/datacenter-atlas/blob/48d45f6eef72778edf374ec52c379550bb21a046/im3_datacenter_centroids.geojson
2026-03-31,"Meta Henrico Data Center · Henrico, VA #2",OSM,site_mapped,327920,"{""dataset"": ""IM3 Open Source Data Center Atlas"", ""dataset_url"": ""https://data.msdlive.org/records/65g71-a4731"", ""atlas_commit"": ""48d45f6eef72778edf374ec52c379550bb21a046"", ""atlas_type"": ""building"", ""osm_name"": ""Meta Henrico Data Center"", ""operator"": ""Meta"", ""footprint_sqft"": 327920, ""license"": ""ODbL-1.0""}",https://github.com/IMMM-SFA/datacenter-atlas/blob/48d45f6eef72778edf374ec52c379550bb21a046/im3_datacenter_centroids.geojson
2026-03-31,"Meta Henrico Data Center · Henrico, VA #3",OSM,site_mapped,588189,"{""dataset"": ""IM3 Open Source Data Center Atlas"", ""dataset_url"": ""https://data.msdlive.org/records/65g71-a4731"", ""atlas_commit"": ""48d45f6eef72778edf374ec52c379550bb21a046"", ""atlas_type"": ""building"", ""osm_name"": ""Meta Henrico Data Center"", ""operator"": ""Meta"", ""footprint_sqft"": 588189, ""license"": ""ODbL-1.0""}",https://github.com/IMMM-SFA/datacenter-atlas/blob/48d45f6eef72778edf374ec52c379550bb21a046/im3_datacenter_centroids.geojson
2026-03-31,"QTS Richmond Data Center · Henrico, VA",OSM,site_mapped,3801096,"{""dataset"": ""IM3 Open Source Data Center Atlas"", ""dataset_url"": ""https://data.msdlive.org/records/65g71-a4731"", ""atlas_commit"": ""48d45f6eef72778edf374ec52c379550bb21a046"", ""atlas_type"": ""campus"", ""osm_name"": ""QTS Richmond Data Center"", ""operator"": ""Quality Technology Services"", ""footprint_sqft"": 3801096, ""license"": ""ODbL-1.0""}",https://github.com/IMMM-SFA/datacenter-atlas/blob/48d45f6eef72778edf374ec52c379550bb21a046/im3_datacenter_centroids.geojson
2026-03-31,"Bank of America Data Center · Henrico, VA",OSM,site_mapped,2209960,"{""dataset"": ""IM3 Open Source Data Center Atlas"", ""dataset_url"": ""https://data.msdlive.org/records/65g71-a4731"", ""atlas_commit"": ""48d45f6eef72778edf374ec52c379550bb21a046"", ""atlas_type"": ""campus"", ""osm_name"": ""Bank of America Data Center"", ""operator"": null, ""footprint_sqft"": 2209960, ""license"": ""ODbL-1.0""}",https://github.com/IMMM-SFA/datacenter-atlas/blob/48d45f6eef72778edf374ec52c379550bb21a046/im3_datacenter_centroids.geojson
2026-03-31,"Flexential - Richmond · Henrico, VA",OSM,site_mapped,39778,"{""dataset"": ""IM3 Open Source Data Center Atlas"", ""dataset_url"": ""https://data.msdlive.org/records/65g71-a4731"", ""atlas_commit"": ""48d45f6eef72778edf374ec52c379550bb21a046"", ""atlas_type"": ""building"", ""osm_name"": ""Flexential - Richmond"", ""operator"": ""Flexential"", ""footprint_sqft"": 39778, ""license"": ""ODbL-1.0""}",https://github.com/IMMM-SFA/datacenter-atlas/blob/48d45f6eef72778edf374ec52c379550bb21a046/im3_datacenter_centroids.geojson
2026-03-31,"Amazon Web Services · Loudoun, VA #1",OSM,site_mapped,13879,"{""dataset"": ""IM3 Open Source Data Center Atlas"", ""dataset_url"": ""https://data.msdlive.org/records/65g71-a4731"", ""atlas_commit"": ""48d45f6eef72778edf374ec52c379550bb21a046"", ""atlas_type"": ""building"", ""osm_name"": ""Amazon Web Services"", ""operator"": ""Amazon Web Services"", ""footprint_sqft"": 13879, ""license"": ""ODbL-1.0""}",https://github.com/IMMM-SFA/datacenter-atlas/blob/48d45f6eef72778edf374ec52c379550bb21a046/im3_datacenter_centroids.geojson
2026-03-31,"Amazon IAD-61 · Loudoun, VA",OSM,site_mapped,152289,"{""dataset"": ""IM3 Open Source Data Center Atlas"", ""dataset_url"": ""https://data.msdlive.org/records/65g71-a4731"", ""atlas_commit"": ""48d45f6eef72778edf374ec52c379550bb21a046"", ""atlas_type"": ""building"", ""osm_name"": ""Amazon IAD-61"", ""operator"": ""Amazon Web Services"", ""footprint_sqft"": 152289, ""license"": ""ODbL-1.0""}",https://github.com/IMMM-SFA/datacenter-atlas/blob/48d45f6eef72778edf374ec52c379550bb21a046/im3_datacenter_centroids.geojson
2026-03-31,"Amazon Web Services · Loudoun, VA #2",OSM,site_mapped,87645,"{""dataset"": ""IM3 Open Source Data Center Atlas"", ""dataset_url"": ""https://data.msdlive.org/records/65g71-a4731"", ""atlas_commit"": ""48d45f6eef72778edf374ec52c379550bb21a046"", ""atlas_type"": ""building"", ""osm_name"": ""Amazon Web Services"", ""operator"": ""Amazon Web Services"", ""footprint_sqft"": 87645, ""license"": ""ODbL-1.0""}",https://github.com/IMMM-SFA/datacenter-atlas/blob/48d45f6eef72778edf374ec52c379550bb21a046/im3_datacenter_centroids.geojson
2026-03-31,"Amazon IAD150 · Loudoun, VA",OSM,site_mapped,213595,"{""dataset"": ""IM3 Open Source Data Center Atlas"", ""dataset_url"": ""https://data.msdlive.org/records/65g71-a4731"", ""atlas_commit"": ""48d45f6eef72778edf374ec52c379550bb21a046"", ""atlas_type"": ""building"", ""osm_name"": ""Amazon IAD150"", ""operator"": ""Amazon Web Services"", ""footprint_sqft"": 213595, ""license"": ""ODbL-1.0""}",https://github.com/IMMM-SFA/datacenter-atlas/blob/48d45f6eef72778edf374ec52c379550bb21a046/im3_datacenter_centroids.geojson
2026-03-31,"Amazon IAD151 · Loudoun, VA",OSM,site_mapped,155542,"{""dataset"": ""IM3 Open Source Data Center Atlas"", ""dataset_url"": ""https://data.msdlive.org/records/65g71-a4731"", ""atlas_commit"": ""48d45f6eef72778edf374ec52c379550bb21a046"", ""atlas_type"": ""building"", ""osm_name"": ""Amazon IAD151"", ""operator"": ""Amazon Web Services"", ""footprint_sqft"": 155542, ""license"": ""ODbL-1.0""}",https://github.com/IMMM-SFA/datacenter-atlas/blob/48d45f6eef72778edf374ec52c379550bb21a046/im3_datacenter_centroids.geojson
2026-03-31,"Amazon IAD152 · Loudoun, VA",OSM,site_mapped,156644,"{""dataset"": ""IM3 Open Source Data Center Atlas"", ""dataset_url"": ""https://data.msdlive.org/records/65g71-a4731"", ""atlas_commit"": ""48d45f6eef72778edf374ec52c379550bb21a046"", ""atlas_type"": ""building"", ""osm_name"": ""Amazon IAD152"", ""operator"": ""Amazon Web Services"", ""footprint_sqft"": 156644, ""license"": ""ODbL-1.0""}",https://github.com/IMMM-SFA/datacenter-atlas/blob/48d45f6eef72778edf374ec52c379550bb21a046/im3_datacenter_centroids.geojson
2026-03-31,"Amazon IAD63 · Loudoun, VA",OSM,site_mapped,143980,"{""dataset"": ""IM3 Open Source Data Center Atlas"", ""dataset_url"": ""https://data.msdlive.org/records/65g71-a4731"", ""atlas_commit"": ""48d45f6eef72778edf374ec52c379550bb21a046"", ""atlas_type"": ""building"", ""osm_name"": ""Amazon IAD63"", ""operator"": ""Amazon Web Services"", ""footprint_sqft"": 143980, ""license"": ""ODbL-1.0""}",https://github.com/IMMM-SFA/datacenter-atlas/blob/48d45f6eef72778edf374ec52c379550bb21a046/im3_datacenter_centroids.geojson
2026-03-31,"Amazon IAD65 · Loudoun, VA",OSM,site_mapped,151356,"{""dataset"": ""IM3 Open Source Data Center Atlas"", ""dataset_url"": ""https://data.msdlive.org/records/65g71-a4731"", ""atlas_commit"": ""48d45f6eef72778edf374ec52c379550bb21a046"", ""atlas_type"": ""building"", ""osm_name"": ""Amazon IAD65"", ""operator"": ""Amazon Web Services"", ""footprint_sqft"": 151356, ""license"": ""ODbL-1.0""}",https://github.com/IMMM-SFA/datacenter-atlas/blob/48d45f6eef72778edf374ec52c379550bb21a046/im3_datacenter_centroids.geojson
2026-03-31,"Amazon IAD86 · Loudoun, VA",OSM,site_mapped,150112,"{""dataset"": ""IM3 Open Source Data Center Atlas"", ""dataset_url"": ""https://data.msdlive.org/records/65g71-a4731"", ""atlas_commit"": ""48d45f6eef72778edf374ec52c379550bb21a046"", ""atlas_type"": ""building"", ""osm_name"": ""Amazon IAD86"", ""operator"": ""Amazon Web Services"", ""footprint_sqft"": 150112, ""license"": ""ODbL-1.0""}",https://github.com/IMMM-SFA/datacenter-atlas/blob/48d45f6eef72778edf374ec52c379550bb21a046/im3_datacenter_centroids.geojson
2026-03-31,"Amazon Web Services · Loudoun, VA #3",OSM,site_mapped,133944,"{""dataset"": ""IM3 Open Source Data Center Atlas"", ""dataset_url"": ""https://data.msdlive.org/records/65g71-a4731"", ""atlas_commit"": ""48d45f6eef72778edf374ec52c379550bb21a046"", ""atlas_type"": ""building"", ""osm_name"": ""Amazon Web Services"", ""operator"": ""Amazon Web Services"", ""footprint_sqft"": 133944, ""license"": ""ODbL-1.0""}",https://github.com/IMMM-SFA/datacenter-atlas/blob/48d45f6eef72778edf374ec52c379550bb21a046/im3_datacenter_centroids.geojson
2026-03-31,"Google: Arcola 2 · Loudoun, VA",OSM,site_mapped,289889,"{""dataset"": ""IM3 Open Source Data Center Atlas"", ""dataset_url"": ""https://data.msdlive.org/records/65g71-a4731"", ""atlas_commit"": ""48d45f6eef72778edf374ec52c379550bb21a046"", ""atlas_type"": ""building"", ""osm_name"": ""Google: Arcola 2"", ""operator"": ""Google"", ""footprint_sqft"": 289889, ""license"": ""ODbL-1.0""}",https://github.com/IMMM-SFA/datacenter-atlas/blob/48d45f6eef72778edf374ec52c379550bb21a046/im3_datacenter_centroids.geojson
2026-03-31,"Google · Loudoun, VA",OSM,site_mapped,215928,"{""dataset"": ""IM3 Open Source Data Center Atlas"", ""dataset_url"": ""https://data.msdlive.org/records/65g71-a4731"", ""atlas_commit"": ""48d45f6eef72778edf374ec52c379550bb21a046"", ""atlas_type"": ""building"", ""osm_name"": ""Google"", ""operator"": ""Google"", ""footprint_sqft"": 215928, ""license"": ""ODbL-1.0""}",https://github.com/IMMM-SFA/datacenter-atlas/blob/48d45f6eef72778edf374ec52c379550bb21a046/im3_datacenter_centroids.geojson
2026-03-31,"Amazon Web Services · Loudoun, VA #4",OSM,site_mapped,16739,"{""dataset"": ""IM3 Open Source Data Center Atlas"", ""dataset_url"": ""https://data.msdlive.org/records/65g71-a4731"", ""atlas_commit"": ""48d45f6eef72778edf374ec52c379550bb21a046"", ""atlas_type"": ""building"", ""osm_name"": ""Amazon Web Services"", ""operator"": ""Amazon Web Services"", ""footprint_sqft"": 16739, ""license"": ""ODbL-1.0""}",https://github.com/IMMM-SFA/datacenter-atlas/blob/48d45f6eef72778edf374ec52c379550bb21a046/im3_datacenter_centroids.geojson
2026-03-31,"Amazon Web Services · Loudoun, VA #5",OSM,site_mapped,13569,"{""dataset"": ""IM3 Open Source Data Center Atlas"", ""dataset_url"": ""https://data.msdlive.org/records/65g71-a4731"", ""atlas_commit"": ""48d45f6eef72778edf374ec52c379550bb21a046"", ""atlas_type"": ""building"", ""osm_name"": ""Amazon Web Services"", ""operator"": ""Amazon Web Services"", ""footprint_sqft"": 13569, ""license"": ""ODbL-1.0""}",https://github.com/IMMM-SFA/datacenter-atlas/blob/48d45f6eef72778edf374ec52c379550bb21a046/im3_datacenter_centroids.geojson
2026-03-31,"Amazon IAD83 · Loudoun, VA",OSM,site_mapped,156166,"{""dataset"": ""IM3 Open Source Data Center Atlas"", ""dataset_url"": ""https://data.msdlive.org/records/65g71-a4731"", ""atlas_commit"": ""48d45f6eef72778edf374ec52c379550bb21a046"", ""atlas_type"": ""building"", ""osm_name"": ""Amazon IAD83"", ""operator"": ""Amazon Web Services"", ""footprint_sqft"": 156166, ""license"": ""ODbL-1.0""}",https://github.com/IMMM-SFA/datacenter-atlas/blob/48d45f6eef72778edf374ec52c379550bb21a046/im3_datacenter_centroids.geojson
2026-03-31,"Unnamed data center · Loudoun, VA #1",OSM,site_mapped,130181,"{""dataset"": ""IM3 Open Source Data Center Atlas"", ""dataset_url"": ""https://data.msdlive.org/records/65g71-a4731"", ""atlas_commit"": ""48d45f6eef72778edf374ec52c379550bb21a046"", ""atlas_type"": ""building"", ""osm_name"": null, ""operator"": null, ""footprint_sqft"": 130181, ""license"": ""ODbL-1.0""}",https://github.com/IMMM-SFA/datacenter-atlas/blob/48d45f6eef72778edf374ec52c379550bb21a046/im3_datacenter_centroids.geojson
2026-03-31,"Amazon IAD125 · Loudoun, VA",OSM,site_mapped,104431,"{""dataset"": ""IM3 Open Source Data Center Atlas"", ""dataset_url"": ""https://data.msdlive.org/records/65g71-a4731"", ""atlas_commit"": ""48d45f6eef72778edf374ec52c379550bb21a046"", ""atlas_type"": ""building"", ""osm_name"": ""Amazon IAD125"", ""operator"": ""Amazon Web Services"", ""footprint_sqft"": 104431, ""license"": ""ODbL-1.0""}",https://github.com/IMMM-SFA/datacenter-atlas/blob/48d45f6eef72778edf374ec52c379550bb21a046/im3_datacenter_centroids.geojson
2026-03-31,"Microsoft IAD11 · Loudoun, VA",OSM,site_mapped,242344,"{""dataset"": ""IM3 Open Source Data Center Atlas"", ""dataset_url"": ""https://data.msdlive.org/records/65g71-a4731"", ""atlas_commit"": ""48d45f6eef72778edf374ec52c379550bb21a046"", ""atlas_type"": ""building"", ""osm_name"": ""Microsoft IAD11"", ""operator"": ""Microsoft"", ""footprint_sqft"": 242344, ""license"": ""ODbL-1.0""}",https://github.com/IMMM-SFA/datacenter-atlas/blob/48d45f6eef72778edf374ec52c379550bb21a046/im3_datacenter_centroids.geojson
2026-03-31,"Amazon IAD81 · Loudoun, VA",OSM,site_mapped,184907,"{""dataset"": ""IM3 Open Source Data Center Atlas"", ""dataset_url"": ""https://data.msdlive.org/records/65g71-a4731"", ""atlas_commit"": ""48d45f6eef72778edf374ec52c379550bb21a046"", ""atlas_type"": ""building"", ""osm_name"": ""Amazon IAD81"", ""operator"": ""Amazon Web Services"", ""footprint_sqft"": 184907, ""license"": ""ODbL-1.0""}",https://github.com/IMMM-SFA/datacenter-atlas/blob/48d45f6eef72778edf374ec52c379550bb21a046/im3_datacenter_centroids.geojson
2026-03-31,"Amazon IAD68 · Loudoun, VA",OSM,site_mapped,181794,"{""dataset"": ""IM3 Open Source Data Center Atlas"", ""dataset_url"": ""https://data.msdlive.org/records/65g71-a4731"", ""atlas_commit"": ""48d45f6eef72778edf374ec52c379550bb21a046"", ""atlas_type"": ""building"", ""osm_name"": ""Amazon IAD68"", ""operator"": ""Amazon Web Services"", ""footprint_sqft"": 181794, ""license"": ""ODbL-1.0""}",https://github.com/IMMM-SFA/datacenter-atlas/blob/48d45f6eef72778edf374ec52c379550bb21a046/im3_datacenter_centroids.geojson
2026-03-31,"Amazon Web Services · Loudoun, VA #6",OSM,site_mapped,14235,"{""dataset"": ""IM3 Open Source Data Center Atlas"", ""dataset_url"": ""https://data.msdlive.org/records/65g71-a4731"", ""atlas_commit"": ""48d45f6eef72778edf374ec52c379550bb21a046"", ""atlas_type"": ""building"", ""osm_name"": ""Amazon Web Services"", ""operator"": ""Amazon Web Services"", ""footprint_sqft"": 14235, ""license"": ""ODbL-1.0""}",https://github.com/IMMM-SFA/datacenter-atlas/blob/48d45f6eef72778edf374ec52c379550bb21a046/im3_datacenter_centroids.geojson
2026-03-31,"Amazon IAD62 · Loudoun, VA",OSM,site_mapped,149941,"{""dataset"": ""IM3 Open Source Data Center Atlas"", ""dataset_url"": ""https://data.msdlive.org/records/65g71-a4731"", ""atlas_commit"": ""48d45f6eef72778edf374ec52c379550bb21a046"", ""atlas_type"": ""building"", ""osm_name"": ""Amazon IAD62"", ""operator"": ""Amazon Web Services"", ""footprint_sqft"": 149941, ""license"": ""ODbL-1.0""}",https://github.com/IMMM-SFA/datacenter-atlas/blob/48d45f6eef72778edf374ec52c379550bb21a046/im3_datacenter_centroids.geojson
2026-03-31,"Unnamed data center · Loudoun, VA #2",OSM,site_mapped,172204,"{""dataset"": ""IM3 Open Source Data Center Atlas"", ""dataset_url"": ""https://data.msdlive.org/records/65g71-a4731"", ""atlas_commit"": ""48d45f6eef72778edf374ec52c379550bb21a046"", ""atlas_type"": ""building"", ""osm_name"": null, ""operator"": null, ""footprint_sqft"": 172204, ""license"": ""ODbL-1.0""}",https://github.com/IMMM-SFA/datacenter-atlas/blob/48d45f6eef72778edf374ec52c379550bb21a046/im3_datacenter_centroids.geojson
2026-03-31,"Amazon IAD124 · Loudoun, VA",OSM,site_mapped,104434,"{""dataset"": ""IM3 Open Source Data Center Atlas"", ""dataset_url"": ""https://data.msdlive.org/records/65g71-a4731"", ""atlas_commit"": ""48d45f6eef72778edf374ec52c379550bb21a046"", ""atlas_type"": ""building"", ""osm_name"": ""Amazon IAD124"", ""operator"": ""Amazon Web Services"", ""footprint_sqft"": 104434, ""license"": ""ODbL-1.0""}",https://github.com/IMMM-SFA/datacenter-atlas/blob/48d45f6eef72778edf374ec52c379550bb21a046/im3_datacenter_centroids.geojson
2026-03-31,"Unnamed data center · Loudoun, VA #3",OSM,site_mapped,130174,"{""dataset"": ""IM3 Open Source Data Center Atlas"", ""dataset_url"": ""https://data.msdlive.org/records/65g71-a4731"", ""atlas_commit"": ""48d45f6eef72778edf374ec52c379550bb21a046"", ""atlas_type"": ""building"", ""osm_name"": null, ""operator"": null, ""footprint_sqft"": 130174, ""license"": ""ODbL-1.0""}",https://github.com/IMMM-SFA/datacenter-atlas/blob/48d45f6eef72778edf374ec52c379550bb21a046/im3_datacenter_centroids.geojson
2026-03-31,"Amazon IAD122 · Loudoun, VA",OSM,site_mapped,153273,"{""dataset"": ""IM3 Open Source Data Center Atlas"", ""dataset_url"": ""https://data.msdlive.org/records/65g71-a4731"", ""atlas_commit"": ""48d45f6eef72778edf374ec52c379550bb21a046"", ""atlas_type"": ""building"", ""osm_name"": ""Amazon IAD122"", ""operator"": ""Amazon Web Services"", ""footprint_sqft"": 153273, ""license"": ""ODbL-1.0""}",https://github.com/IMMM-SFA/datacenter-atlas/blob/48d45f6eef72778edf374ec52c379550bb21a046/im3_datacenter_centroids.geojson
2026-03-31,"Amazon IAD121 · Loudoun, VA",OSM,site_mapped,154814,"{""dataset"": ""IM3 Open Source Data Center Atlas"", ""dataset_url"": ""https://data.msdlive.org/records/65g71-a4731"", ""atlas_commit"": ""48d45f6eef72778edf374ec52c379550bb21a046"", ""atlas_type"": ""building"", ""osm_name"": ""Amazon IAD121"", ""operator"": ""Amazon Web Services"", ""footprint_sqft"": 154814, ""license"": ""ODbL-1.0""}",https://github.com/IMMM-SFA/datacenter-atlas/blob/48d45f6eef72778edf374ec52c379550bb21a046/im3_datacenter_centroids.geojson
2026-03-31,"Amazon IAD120 · Loudoun, VA",OSM,site_mapped,188334,"{""dataset"": ""IM3 Open Source Data Center Atlas"", ""dataset_url"": ""https://data.msdlive.org/records/65g71-a4731"", ""atlas_commit"": ""48d45f6eef72778edf374ec52c379550bb21a046"", ""atlas_type"": ""building"", ""osm_name"": ""Amazon IAD120"", ""operator"": ""Amazon Web Services"", ""footprint_sqft"": 188334, ""license"": ""ODbL-1.0""}",https://github.com/IMMM-SFA/datacenter-atlas/blob/48d45f6eef72778edf374ec52c379550bb21a046/im3_datacenter_centroids.geojson
2026-03-31,"CyrusOne Sterling IX · Loudoun, VA",OSM,site_mapped,266078,"{""dataset"": ""IM3 Open Source Data Center Atlas"", ""dataset_url"": ""https://data.msdlive.org/records/65g71-a4731"", ""atlas_commit"": ""48d45f6eef72778edf374ec52c379550bb21a046"", ""atlas_type"": ""building"", ""osm_name"": ""CyrusOne Sterling IX"", ""operator"": ""CyrusOne"", ""footprint_sqft"": 266078, ""license"": ""ODbL-1.0""}",https://github.com/IMMM-SFA/datacenter-atlas/blob/48d45f6eef72778edf374ec52c379550bb21a046/im3_datacenter_centroids.geojson
2026-03-31,"Digital Realty Northern Virginia IAD44 · Loudoun, VA",OSM,site_mapped,399540,"{""dataset"": ""IM3 Open Source Data Center Atlas"", ""dataset_url"": ""https://data.msdlive.org/records/65g71-a4731"", ""atlas_commit"": ""48d45f6eef72778edf374ec52c379550bb21a046"", ""atlas_type"": ""building"", ""osm_name"": ""Digital Realty Northern Virginia IAD44"", ""operator"": ""Digital Realty"", ""footprint_sqft"": 399540, ""license"": ""ODbL-1.0""}",https://github.com/IMMM-SFA/datacenter-atlas/blob/48d45f6eef72778edf374ec52c379550bb21a046/im3_datacenter_centroids.geojson
2026-03-31,"Amazon Web Services · Loudoun, VA #7",OSM,site_mapped,129566,"{""dataset"": ""IM3 Open Source Data Center Atlas"", ""dataset_url"": ""https://data.msdlive.org/records/65g71-a4731"", ""atlas_commit"": ""48d45f6eef72778edf374ec52c379550bb21a046"", ""atlas_type"": ""building"", ""osm_name"": ""Amazon Web Services"", ""operator"": ""Amazon Web Services"", ""footprint_sqft"": 129566, ""license"": ""ODbL-1.0""}",https://github.com/IMMM-SFA/datacenter-atlas/blob/48d45f6eef72778edf374ec52c379550bb21a046/im3_datacenter_centroids.geojson
2026-03-31,"Amazon Web Services · Loudoun, VA #8",OSM,site_mapped,132491,"{""dataset"": ""IM3 Open Source Data Center Atlas"", ""dataset_url"": ""https://data.msdlive.org/records/65g71-a4731"", ""atlas_commit"": ""48d45f6eef72778edf374ec52c379550bb21a046"", ""atlas_type"": ""building"", ""osm_name"": ""Amazon Web Services"", ""operator"": ""Amazon Web Services"", ""footprint_sqft"": 132491, ""license"": ""ODbL-1.0""}",https://github.com/IMMM-SFA/datacenter-atlas/blob/48d45f6eef72778edf374ec52c379550bb21a046/im3_datacenter_centroids.geojson
2026-03-31,"Amazon IAD175 · Loudoun, VA",OSM,site_mapped,86503,"{""dataset"": ""IM3 Open Source Data Center Atlas"", ""dataset_url"": ""https://data.msdlive.org/records/65g71-a4731"", ""atlas_commit"": ""48d45f6eef72778edf374ec52c379550bb21a046"", ""atlas_type"": ""building"", ""osm_name"": ""Amazon IAD175"", ""operator"": ""Amazon Web Services"", ""footprint_sqft"": 86503, ""license"": ""ODbL-1.0""}",https://github.com/IMMM-SFA/datacenter-atlas/blob/48d45f6eef72778edf374ec52c379550bb21a046/im3_datacenter_centroids.geojson
2026-03-31,"Centersquare IAD3 · Loudoun, VA",OSM,site_mapped,130748,"{""dataset"": ""IM3 Open Source Data Center Atlas"", ""dataset_url"": ""https://data.msdlive.org/records/65g71-a4731"", ""atlas_commit"": ""48d45f6eef72778edf374ec52c379550bb21a046"", ""atlas_type"": ""building"", ""osm_name"": ""Centersquare IAD3"", ""operator"": ""Centersquare"", ""footprint_sqft"": 130748, ""license"": ""ODbL-1.0""}",https://github.com/IMMM-SFA/datacenter-atlas/blob/48d45f6eef72778edf374ec52c379550bb21a046/im3_datacenter_centroids.geojson
2026-03-31,"Amazon IAD140 · Loudoun, VA",OSM,site_mapped,215095,"{""dataset"": ""IM3 Open Source Data Center Atlas"", ""dataset_url"": ""https://data.msdlive.org/records/65g71-a4731"", ""atlas_commit"": ""48d45f6eef72778edf374ec52c379550bb21a046"", ""atlas_type"": ""building"", ""osm_name"": ""Amazon IAD140"", ""operator"": ""Amazon Web Services"", ""footprint_sqft"": 215095, ""license"": ""ODbL-1.0""}",https://github.com/IMMM-SFA/datacenter-atlas/blob/48d45f6eef72778edf374ec52c379550bb21a046/im3_datacenter_centroids.geojson
2026-03-31,"Amazon IAD603 · Loudoun, VA",OSM,site_mapped,14733,"{""dataset"": ""IM3 Open Source Data Center Atlas"", ""dataset_url"": ""https://data.msdlive.org/records/65g71-a4731"", ""atlas_commit"": ""48d45f6eef72778edf374ec52c379550bb21a046"", ""atlas_type"": ""building"", ""osm_name"": ""Amazon IAD603"", ""operator"": ""Amazon Web Services"", ""footprint_sqft"": 14733, ""license"": ""ODbL-1.0""}",https://github.com/IMMM-SFA/datacenter-atlas/blob/48d45f6eef72778edf374ec52c379550bb21a046/im3_datacenter_centroids.geojson
2026-03-31,"Amazon IAD144 · Loudoun, VA",OSM,site_mapped,150384,"{""dataset"": ""IM3 Open Source Data Center Atlas"", ""dataset_url"": ""https://data.msdlive.org/records/65g71-a4731"", ""atlas_commit"": ""48d45f6eef72778edf374ec52c379550bb21a046"", ""atlas_type"": ""building"", ""osm_name"": ""Amazon IAD144"", ""operator"": ""Amazon Web Services"", ""footprint_sqft"": 150384, ""license"": ""ODbL-1.0""}",https://github.com/IMMM-SFA/datacenter-atlas/blob/48d45f6eef72778edf374ec52c379550bb21a046/im3_datacenter_centroids.geojson
2026-03-31,"Amazon IAD141 · Loudoun, VA",OSM,site_mapped,216850,"{""dataset"": ""IM3 Open Source Data Center Atlas"", ""dataset_url"": ""https://data.msdlive.org/records/65g71-a4731"", ""atlas_commit"": ""48d45f6eef72778edf374ec52c379550bb21a046"", ""atlas_type"": ""building"", ""osm_name"": ""Amazon IAD141"", ""operator"": ""Amazon Web Services"", ""footprint_sqft"": 216850, ""license"": ""ODbL-1.0""}",https://github.com/IMMM-SFA/datacenter-atlas/blob/48d45f6eef72778edf374ec52c379550bb21a046/im3_datacenter_centroids.geojson
2026-03-31,"Amazon IAD145 · Loudoun, VA",OSM,site_mapped,103663,"{""dataset"": ""IM3 Open Source Data Center Atlas"", ""dataset_url"": ""https://data.msdlive.org/records/65g71-a4731"", ""atlas_commit"": ""48d45f6eef72778edf374ec52c379550bb21a046"", ""atlas_type"": ""building"", ""osm_name"": ""Amazon IAD145"", ""operator"": ""Amazon Web Services"", ""footprint_sqft"": 103663, ""license"": ""ODbL-1.0""}",https://github.com/IMMM-SFA/datacenter-atlas/blob/48d45f6eef72778edf374ec52c379550bb21a046/im3_datacenter_centroids.geojson
2026-03-31,"Amazon Web Services · Loudoun, VA #9",OSM,site_mapped,14079,"{""dataset"": ""IM3 Open Source Data Center Atlas"", ""dataset_url"": ""https://data.msdlive.org/records/65g71-a4731"", ""atlas_commit"": ""48d45f6eef72778edf374ec52c379550bb21a046"", ""atlas_type"": ""building"", ""osm_name"": ""Amazon Web Services"", ""operator"": ""Amazon Web Services"", ""footprint_sqft"": 14079, ""license"": ""ODbL-1.0""}",https://github.com/IMMM-SFA/datacenter-atlas/blob/48d45f6eef72778edf374ec52c379550bb21a046/im3_datacenter_centroids.geojson
2026-03-31,"Centersquare IAD2-B · Loudoun, VA",OSM,site_mapped,71819,"{""dataset"": ""IM3 Open Source Data Center Atlas"", ""dataset_url"": ""https://data.msdlive.org/records/65g71-a4731"", ""atlas_commit"": ""48d45f6eef72778edf374ec52c379550bb21a046"", ""atlas_type"": ""building"", ""osm_name"": ""Centersquare IAD2-B"", ""operator"": ""Centersquare"", ""footprint_sqft"": 71819, ""license"": ""ODbL-1.0""}",https://github.com/IMMM-SFA/datacenter-atlas/blob/48d45f6eef72778edf374ec52c379550bb21a046/im3_datacenter_centroids.geojson
2026-03-31,"Centersquare IAD2-A · Loudoun, VA",OSM,site_mapped,48153,"{""dataset"": ""IM3 Open Source Data Center Atlas"", ""dataset_url"": ""https://data.msdlive.org/records/65g71-a4731"", ""atlas_commit"": ""48d45f6eef72778edf374ec52c379550bb21a046"", ""atlas_type"": ""building"", ""osm_name"": ""Centersquare IAD2-A"", ""operator"": ""Centersquare"", ""footprint_sqft"": 48153, ""license"": ""ODbL-1.0""}",https://github.com/IMMM-SFA/datacenter-atlas/blob/48d45f6eef72778edf374ec52c379550bb21a046/im3_datacenter_centroids.geojson
2026-03-31,"CyrusOne data center · Loudoun, VA",OSM,site_mapped,127744,"{""dataset"": ""IM3 Open Source Data Center Atlas"", ""dataset_url"": ""https://data.msdlive.org/records/65g71-a4731"", ""atlas_commit"": ""48d45f6eef72778edf374ec52c379550bb21a046"", ""atlas_type"": ""building"", ""osm_name"": null, ""operator"": ""CyrusOne"", ""footprint_sqft"": 127744, ""license"": ""ODbL-1.0""}",https://github.com/IMMM-SFA/datacenter-atlas/blob/48d45f6eef72778edf374ec52c379550bb21a046/im3_datacenter_centroids.geojson
2026-03-31,"Amazon IAD58 · Loudoun, VA",OSM,site_mapped,136770,"{""dataset"": ""IM3 Open Source Data Center Atlas"", ""dataset_url"": ""https://data.msdlive.org/records/65g71-a4731"", ""atlas_commit"": ""48d45f6eef72778edf374ec52c379550bb21a046"", ""atlas_type"": ""building"", ""osm_name"": ""Amazon IAD58"", ""operator"": ""Amazon Web Services"", ""footprint_sqft"": 136770, ""license"": ""ODbL-1.0""}",https://github.com/IMMM-SFA/datacenter-atlas/blob/48d45f6eef72778edf374ec52c379550bb21a046/im3_datacenter_centroids.geojson
2026-03-31,"Amazon IAD214 · Loudoun, VA",OSM,site_mapped,113421,"{""dataset"": ""IM3 Open Source Data Center Atlas"", ""dataset_url"": ""https://data.msdlive.org/records/65g71-a4731"", ""atlas_commit"": ""48d45f6eef72778edf374ec52c379550bb21a046"", ""atlas_type"": ""building"", ""osm_name"": ""Amazon IAD214"", ""operator"": ""Amazon Web Services"", ""footprint_sqft"": 113421, ""license"": ""ODbL-1.0""}",https://github.com/IMMM-SFA/datacenter-atlas/blob/48d45f6eef72778edf374ec52c379550bb21a046/im3_datacenter_centroids.geojson
2026-03-31,"Amazon IAD92 · Loudoun, VA",OSM,site_mapped,149857,"{""dataset"": ""IM3 Open Source Data Center Atlas"", ""dataset_url"": ""https://data.msdlive.org/records/65g71-a4731"", ""atlas_commit"": ""48d45f6eef72778edf374ec52c379550bb21a046"", ""atlas_type"": ""building"", ""osm_name"": ""Amazon IAD92"", ""operator"": ""Amazon Web Services"", ""footprint_sqft"": 149857, ""license"": ""ODbL-1.0""}",https://github.com/IMMM-SFA/datacenter-atlas/blob/48d45f6eef72778edf374ec52c379550bb21a046/im3_datacenter_centroids.geojson
2026-03-31,"Amazon IAD57 · Loudoun, VA",OSM,site_mapped,116533,"{""dataset"": ""IM3 Open Source Data Center Atlas"", ""dataset_url"": ""https://data.msdlive.org/records/65g71-a4731"", ""atlas_commit"": ""48d45f6eef72778edf374ec52c379550bb21a046"", ""atlas_type"": ""building"", ""osm_name"": ""Amazon IAD57"", ""operator"": ""Amazon Web Services"", ""footprint_sqft"": 116533, ""license"": ""ODbL-1.0""}",https://github.com/IMMM-SFA/datacenter-atlas/blob/48d45f6eef72778edf374ec52c379550bb21a046/im3_datacenter_centroids.geojson
2026-03-31,"Amazon IAD91 · Loudoun, VA",OSM,site_mapped,149486,"{""dataset"": ""IM3 Open Source Data Center Atlas"", ""dataset_url"": ""https://data.msdlive.org/records/65g71-a4731"", ""atlas_commit"": ""48d45f6eef72778edf374ec52c379550bb21a046"", ""atlas_type"": ""building"", ""osm_name"": ""Amazon IAD91"", ""operator"": ""Amazon Web Services"", ""footprint_sqft"": 149486, ""license"": ""ODbL-1.0""}",https://github.com/IMMM-SFA/datacenter-atlas/blob/48d45f6eef72778edf374ec52c379550bb21a046/im3_datacenter_centroids.geojson
2026-03-31,"Amazon IAD90 · Loudoun, VA",OSM,site_mapped,147749,"{""dataset"": ""IM3 Open Source Data Center Atlas"", ""dataset_url"": ""https://data.msdlive.org/records/65g71-a4731"", ""atlas_commit"": ""48d45f6eef72778edf374ec52c379550bb21a046"", ""atlas_type"": ""building"", ""osm_name"": ""Amazon IAD90"", ""operator"": ""Amazon Web Services"", ""footprint_sqft"": 147749, ""license"": ""ODbL-1.0""}",https://github.com/IMMM-SFA/datacenter-atlas/blob/48d45f6eef72778edf374ec52c379550bb21a046/im3_datacenter_centroids.geojson
2026-03-31,"Aligned IAD03 · Loudoun, VA",OSM,site_mapped,79844,"{""dataset"": ""IM3 Open Source Data Center Atlas"", ""dataset_url"": ""https://data.msdlive.org/records/65g71-a4731"", ""atlas_commit"": ""48d45f6eef72778edf374ec52c379550bb21a046"", ""atlas_type"": ""building"", ""osm_name"": ""Aligned IAD03"", ""operator"": ""Aligned"", ""footprint_sqft"": 79844, ""license"": ""ODbL-1.0""}",https://github.com/IMMM-SFA/datacenter-atlas/blob/48d45f6eef72778edf374ec52c379550bb21a046/im3_datacenter_centroids.geojson
2026-03-31,"Amazon IAD12 · Loudoun, VA",OSM,site_mapped,149598,"{""dataset"": ""IM3 Open Source Data Center Atlas"", ""dataset_url"": ""https://data.msdlive.org/records/65g71-a4731"", ""atlas_commit"": ""48d45f6eef72778edf374ec52c379550bb21a046"", ""atlas_type"": ""building"", ""osm_name"": ""Amazon IAD12"", ""operator"": ""Amazon Web Services"", ""footprint_sqft"": 149598, ""license"": ""ODbL-1.0""}",https://github.com/IMMM-SFA/datacenter-atlas/blob/48d45f6eef72778edf374ec52c379550bb21a046/im3_datacenter_centroids.geojson
2026-03-31,"Amazon IAD192 · Loudoun, VA",OSM,site_mapped,132942,"{""dataset"": ""IM3 Open Source Data Center Atlas"", ""dataset_url"": ""https://data.msdlive.org/records/65g71-a4731"", ""atlas_commit"": ""48d45f6eef72778edf374ec52c379550bb21a046"", ""atlas_type"": ""building"", ""osm_name"": ""Amazon IAD192"", ""operator"": ""Amazon Web Services"", ""footprint_sqft"": 132942, ""license"": ""ODbL-1.0""}",https://github.com/IMMM-SFA/datacenter-atlas/blob/48d45f6eef72778edf374ec52c379550bb21a046/im3_datacenter_centroids.geojson
2026-03-31,"Amazon IAD56 · Loudoun, VA",OSM,site_mapped,78441,"{""dataset"": ""IM3 Open Source Data Center Atlas"", ""dataset_url"": ""https://data.msdlive.org/records/65g71-a4731"", ""atlas_commit"": ""48d45f6eef72778edf374ec52c379550bb21a046"", ""atlas_type"": ""building"", ""osm_name"": ""Amazon IAD56"", ""operator"": ""Amazon Web Services"", ""footprint_sqft"": 78441, ""license"": ""ODbL-1.0""}",https://github.com/IMMM-SFA/datacenter-atlas/blob/48d45f6eef72778edf374ec52c379550bb21a046/im3_datacenter_centroids.geojson
2026-03-31,"Amazon IAD16 · Loudoun, VA",OSM,site_mapped,75817,"{""dataset"": ""IM3 Open Source Data Center Atlas"", ""dataset_url"": ""https://data.msdlive.org/records/65g71-a4731"", ""atlas_commit"": ""48d45f6eef72778edf374ec52c379550bb21a046"", ""atlas_type"": ""building"", ""osm_name"": ""Amazon IAD16"", ""operator"": ""Amazon Web Services"", ""footprint_sqft"": 75817, ""license"": ""ODbL-1.0""}",https://github.com/IMMM-SFA/datacenter-atlas/blob/48d45f6eef72778edf374ec52c379550bb21a046/im3_datacenter_centroids.geojson
2026-03-31,"Amazon IAD88 · Loudoun, VA",OSM,site_mapped,147468,"{""dataset"": ""IM3 Open Source Data Center Atlas"", ""dataset_url"": ""https://data.msdlive.org/records/65g71-a4731"", ""atlas_commit"": ""48d45f6eef72778edf374ec52c379550bb21a046"", ""atlas_type"": ""building"", ""osm_name"": ""Amazon IAD88"", ""operator"": ""Amazon Web Services"", ""footprint_sqft"": 147468, ""license"": ""ODbL-1.0""}",https://github.com/IMMM-SFA/datacenter-atlas/blob/48d45f6eef72778edf374ec52c379550bb21a046/im3_datacenter_centroids.geojson
2026-03-31,"Amazon IAD51 · Loudoun, VA",OSM,site_mapped,64127,"{""dataset"": ""IM3 Open Source Data Center Atlas"", ""dataset_url"": ""https://data.msdlive.org/records/65g71-a4731"", ""atlas_commit"": ""48d45f6eef72778edf374ec52c379550bb21a046"", ""atlas_type"": ""building"", ""osm_name"": ""Amazon IAD51"", ""operator"": ""Amazon Web Services"", ""footprint_sqft"": 64127, ""license"": ""ODbL-1.0""}",https://github.com/IMMM-SFA/datacenter-atlas/blob/48d45f6eef72778edf374ec52c379550bb21a046/im3_datacenter_centroids.geojson
2026-03-31,"Amazon IAD15 · Loudoun, VA",OSM,site_mapped,103452,"{""dataset"": ""IM3 Open Source Data Center Atlas"", ""dataset_url"": ""https://data.msdlive.org/records/65g71-a4731"", ""atlas_commit"": ""48d45f6eef72778edf374ec52c379550bb21a046"", ""atlas_type"": ""building"", ""osm_name"": ""Amazon IAD15"", ""operator"": ""Amazon Web Services"", ""footprint_sqft"": 103452, ""license"": ""ODbL-1.0""}",https://github.com/IMMM-SFA/datacenter-atlas/blob/48d45f6eef72778edf374ec52c379550bb21a046/im3_datacenter_centroids.geojson
2026-03-31,"Amazon IAD87 · Loudoun, VA",OSM,site_mapped,147390,"{""dataset"": ""IM3 Open Source Data Center Atlas"", ""dataset_url"": ""https://data.msdlive.org/records/65g71-a4731"", ""atlas_commit"": ""48d45f6eef72778edf374ec52c379550bb21a046"", ""atlas_type"": ""building"", ""osm_name"": ""Amazon IAD87"", ""operator"": ""Amazon Web Services"", ""footprint_sqft"": 147390, ""license"": ""ODbL-1.0""}",https://github.com/IMMM-SFA/datacenter-atlas/blob/48d45f6eef72778edf374ec52c379550bb21a046/im3_datacenter_centroids.geojson
2026-03-31,"Digital Realty IAD55 · Loudoun, VA",OSM,site_mapped,85319,"{""dataset"": ""IM3 Open Source Data Center Atlas"", ""dataset_url"": ""https://data.msdlive.org/records/65g71-a4731"", ""atlas_commit"": ""48d45f6eef72778edf374ec52c379550bb21a046"", ""atlas_type"": ""building"", ""osm_name"": ""Digital Realty IAD55"", ""operator"": ""Digital Realty"", ""footprint_sqft"": 85319, ""license"": ""ODbL-1.0""}",https://github.com/IMMM-SFA/datacenter-atlas/blob/48d45f6eef72778edf374ec52c379550bb21a046/im3_datacenter_centroids.geojson
2026-03-31,"Amazon IAD76 · Loudoun, VA",OSM,site_mapped,138071,"{""dataset"": ""IM3 Open Source Data Center Atlas"", ""dataset_url"": ""https://data.msdlive.org/records/65g71-a4731"", ""atlas_commit"": ""48d45f6eef72778edf374ec52c379550bb21a046"", ""atlas_type"": ""building"", ""osm_name"": ""Amazon IAD76"", ""operator"": ""Amazon Web Services"", ""footprint_sqft"": 138071, ""license"": ""ODbL-1.0""}",https://github.com/IMMM-SFA/datacenter-atlas/blob/48d45f6eef72778edf374ec52c379550bb21a046/im3_datacenter_centroids.geojson
2026-03-31,"Unnamed data center · Loudoun, VA #4",OSM,site_mapped,35740,"{""dataset"": ""IM3 Open Source Data Center Atlas"", ""dataset_url"": ""https://data.msdlive.org/records/65g71-a4731"", ""atlas_commit"": ""48d45f6eef72778edf374ec52c379550bb21a046"", ""atlas_type"": ""building"", ""osm_name"": null, ""operator"": null, ""footprint_sqft"": 35740, ""license"": ""ODbL-1.0""}",https://github.com/IMMM-SFA/datacenter-atlas/blob/48d45f6eef72778edf374ec52c379550bb21a046/im3_datacenter_centroids.geojson
2026-03-31,"QTS Data Centers data center · Loudoun, VA",OSM,site_mapped,10175,"{""dataset"": ""IM3 Open Source Data Center Atlas"", ""dataset_url"": ""https://data.msdlive.org/records/65g71-a4731"", ""atlas_commit"": ""48d45f6eef72778edf374ec52c379550bb21a046"", ""atlas_type"": ""building"", ""osm_name"": null, ""operator"": ""QTS Data Centers"", ""footprint_sqft"": 10175, ""license"": ""ODbL-1.0""}",https://github.com/IMMM-SFA/datacenter-atlas/blob/48d45f6eef72778edf374ec52c379550bb21a046/im3_datacenter_centroids.geojson
2026-03-31,"Amazon IAD147 · Loudoun, VA",OSM,site_mapped,102767,"{""dataset"": ""IM3 Open Source Data Center Atlas"", ""dataset_url"": ""https://data.msdlive.org/records/65g71-a4731"", ""atlas_commit"": ""48d45f6eef72778edf374ec52c379550bb21a046"", ""atlas_type"": ""building"", ""osm_name"": ""Amazon IAD147"", ""operator"": ""Amazon Web Services"", ""footprint_sqft"": 102767, ""license"": ""ODbL-1.0""}",https://github.com/IMMM-SFA/datacenter-atlas/blob/48d45f6eef72778edf374ec52c379550bb21a046/im3_datacenter_centroids.geojson
2026-03-31,"Amazon Web Services · Loudoun, VA #10",OSM,site_mapped,14683,"{""dataset"": ""IM3 Open Source Data Center Atlas"", ""dataset_url"": ""https://data.msdlive.org/records/65g71-a4731"", ""atlas_commit"": ""48d45f6eef72778edf374ec52c379550bb21a046"", ""atlas_type"": ""building"", ""osm_name"": ""Amazon Web Services"", ""operator"": ""Amazon Web Services"", ""footprint_sqft"": 14683, ""license"": ""ODbL-1.0""}",https://github.com/IMMM-SFA/datacenter-atlas/blob/48d45f6eef72778edf374ec52c379550bb21a046/im3_datacenter_centroids.geojson
2026-03-31,"QTS Ashburn Lockridge · Loudoun, VA #1",OSM,site_mapped,135570,"{""dataset"": ""IM3 Open Source Data Center Atlas"", ""dataset_url"": ""https://data.msdlive.org/records/65g71-a4731"", ""atlas_commit"": ""48d45f6eef72778edf374ec52c379550bb21a046"", ""atlas_type"": ""building"", ""osm_name"": ""QTS Ashburn Lockridge"", ""operator"": ""Quality Technology Services"", ""footprint_sqft"": 135570, ""license"": ""ODbL-1.0""}",https://github.com/IMMM-SFA/datacenter-atlas/blob/48d45f6eef72778edf374ec52c379550bb21a046/im3_datacenter_centroids.geojson
2026-03-31,"QTS Ashburn Lockridge · Loudoun, VA #2",OSM,site_mapped,153253,"{""dataset"": ""IM3 Open Source Data Center Atlas"", ""dataset_url"": ""https://data.msdlive.org/records/65g71-a4731"", ""atlas_commit"": ""48d45f6eef72778edf374ec52c379550bb21a046"", ""atlas_type"": ""building"", ""osm_name"": ""QTS Ashburn Lockridge"", ""operator"": ""Quality Technology Services"", ""footprint_sqft"": 153253, ""license"": ""ODbL-1.0""}",https://github.com/IMMM-SFA/datacenter-atlas/blob/48d45f6eef72778edf374ec52c379550bb21a046/im3_datacenter_centroids.geojson
2026-03-31,"Amazon Web Services · Loudoun, VA #11",OSM,site_mapped,131476,"{""dataset"": ""IM3 Open Source Data Center Atlas"", ""dataset_url"": ""https://data.msdlive.org/records/65g71-a4731"", ""atlas_commit"": ""48d45f6eef72778edf374ec52c379550bb21a046"", ""atlas_type"": ""building"", ""osm_name"": ""Amazon Web Services"", ""operator"": ""Amazon Web Services"", ""footprint_sqft"": 131476, ""license"": ""ODbL-1.0""}",https://github.com/IMMM-SFA/datacenter-atlas/blob/48d45f6eef72778edf374ec52c379550bb21a046/im3_datacenter_centroids.geojson
2026-03-31,"Amazon Web Services · Loudoun, VA #12",OSM,site_mapped,131482,"{""dataset"": ""IM3 Open Source Data Center Atlas"", ""dataset_url"": ""https://data.msdlive.org/records/65g71-a4731"", ""atlas_commit"": ""48d45f6eef72778edf374ec52c379550bb21a046"", ""atlas_type"": ""building"", ""osm_name"": ""Amazon Web Services"", ""operator"": ""Amazon Web Services"", ""footprint_sqft"": 131482, ""license"": ""ODbL-1.0""}",https://github.com/IMMM-SFA/datacenter-atlas/blob/48d45f6eef72778edf374ec52c379550bb21a046/im3_datacenter_centroids.geojson
2026-03-31,"Amazon IAD146 · Loudoun, VA",OSM,site_mapped,103076,"{""dataset"": ""IM3 Open Source Data Center Atlas"", ""dataset_url"": ""https://data.msdlive.org/records/65g71-a4731"", ""atlas_commit"": ""48d45f6eef72778edf374ec52c379550bb21a046"", ""atlas_type"": ""building"", ""osm_name"": ""Amazon IAD146"", ""operator"": ""Amazon Web Services"", ""footprint_sqft"": 103076, ""license"": ""ODbL-1.0""}",https://github.com/IMMM-SFA/datacenter-atlas/blob/48d45f6eef72778edf374ec52c379550bb21a046/im3_datacenter_centroids.geojson
2026-03-31,"Vantage VA2 · Loudoun, VA",OSM,site_mapped,187488,"{""dataset"": ""IM3 Open Source Data Center Atlas"", ""dataset_url"": ""https://data.msdlive.org/records/65g71-a4731"", ""atlas_commit"": ""48d45f6eef72778edf374ec52c379550bb21a046"", ""atlas_type"": ""building"", ""osm_name"": ""Vantage VA2"", ""operator"": null, ""footprint_sqft"": 187488, ""license"": ""ODbL-1.0""}",https://github.com/IMMM-SFA/datacenter-atlas/blob/48d45f6eef72778edf374ec52c379550bb21a046/im3_datacenter_centroids.geojson
2026-03-31,"QTS Ashburn-Shellhorn DC1 · Loudoun, VA",OSM,site_mapped,156810,"{""dataset"": ""IM3 Open Source Data Center Atlas"", ""dataset_url"": ""https://data.msdlive.org/records/65g71-a4731"", ""atlas_commit"": ""48d45f6eef72778edf374ec52c379550bb21a046"", ""atlas_type"": ""building"", ""osm_name"": ""QTS Ashburn-Shellhorn DC1"", ""operator"": ""Quality Technology Services"", ""footprint_sqft"": 156810, ""license"": ""ODbL-1.0""}",https://github.com/IMMM-SFA/datacenter-atlas/blob/48d45f6eef72778edf374ec52c379550bb21a046/im3_datacenter_centroids.geojson
2026-03-31,"QTS Ashburn-Shellhorn DC2 · Loudoun, VA",OSM,site_mapped,152471,"{""dataset"": ""IM3 Open Source Data Center Atlas"", ""dataset_url"": ""https://data.msdlive.org/records/65g71-a4731"", ""atlas_commit"": ""48d45f6eef72778edf374ec52c379550bb21a046"", ""atlas_type"": ""building"", ""osm_name"": ""QTS Ashburn-Shellhorn DC2"", ""operator"": ""Quality Technology Services"", ""footprint_sqft"": 152471, ""license"": ""ODbL-1.0""}",https://github.com/IMMM-SFA/datacenter-atlas/blob/48d45f6eef72778edf374ec52c379550bb21a046/im3_datacenter_centroids.geojson
2026-03-31,"Unnamed data center · Loudoun, VA #5",OSM,site_mapped,130571,"{""dataset"": ""IM3 Open Source Data Center Atlas"", ""dataset_url"": ""https://data.msdlive.org/records/65g71-a4731"", ""atlas_commit"": ""48d45f6eef72778edf374ec52c379550bb21a046"", ""atlas_type"": ""building"", ""osm_name"": null, ""operator"": null, ""footprint_sqft"": 130571, ""license"": ""ODbL-1.0""}",https://github.com/IMMM-SFA/datacenter-atlas/blob/48d45f6eef72778edf374ec52c379550bb21a046/im3_datacenter_centroids.geojson
2026-03-31,"QTS Ashburn 1 · Loudoun, VA",OSM,site_mapped,164144,"{""dataset"": ""IM3 Open Source Data Center Atlas"", ""dataset_url"": ""https://data.msdlive.org/records/65g71-a4731"", ""atlas_commit"": ""48d45f6eef72778edf374ec52c379550bb21a046"", ""atlas_type"": ""building"", ""osm_name"": ""QTS Ashburn 1"", ""operator"": ""Quality Technology Services"", ""footprint_sqft"": 164144, ""license"": ""ODbL-1.0""}",https://github.com/IMMM-SFA/datacenter-atlas/blob/48d45f6eef72778edf374ec52c379550bb21a046/im3_datacenter_centroids.geojson
2026-03-31,"Digital Realty Northern Virginia IAD37 · Loudoun, VA",OSM,site_mapped,144298,"{""dataset"": ""IM3 Open Source Data Center Atlas"", ""dataset_url"": ""https://data.msdlive.org/records/65g71-a4731"", ""atlas_commit"": ""48d45f6eef72778edf374ec52c379550bb21a046"", ""atlas_type"": ""building"", ""osm_name"": ""Digital Realty Northern Virginia IAD37"", ""operator"": ""Digital Realty"", ""footprint_sqft"": 144298, ""license"": ""ODbL-1.0""}",https://github.com/IMMM-SFA/datacenter-atlas/blob/48d45f6eef72778edf374ec52c379550bb21a046/im3_datacenter_centroids.geojson
2026-03-31,"Unnamed data center · Loudoun, VA #6",OSM,site_mapped,128835,"{""dataset"": ""IM3 Open Source Data Center Atlas"", ""dataset_url"": ""https://data.msdlive.org/records/65g71-a4731"", ""atlas_commit"": ""48d45f6eef72778edf374ec52c379550bb21a046"", ""atlas_type"": ""building"", ""osm_name"": null, ""operator"": null, ""footprint_sqft"": 128835, ""license"": ""ODbL-1.0""}",https://github.com/IMMM-SFA/datacenter-atlas/blob/48d45f6eef72778edf374ec52c379550bb21a046/im3_datacenter_centroids.geojson
2026-03-31,"Digital Realty Northern Virginia IAD35 · Loudoun, VA",OSM,site_mapped,206225,"{""dataset"": ""IM3 Open Source Data Center Atlas"", ""dataset_url"": ""https://data.msdlive.org/records/65g71-a4731"", ""atlas_commit"": ""48d45f6eef72778edf374ec52c379550bb21a046"", ""atlas_type"": ""building"", ""osm_name"": ""Digital Realty Northern Virginia IAD35"", ""operator"": ""Digital Realty"", ""footprint_sqft"": 206225, ""license"": ""ODbL-1.0""}",https://github.com/IMMM-SFA/datacenter-atlas/blob/48d45f6eef72778edf374ec52c379550bb21a046/im3_datacenter_centroids.geojson
2026-03-31,"GI Partners data center · Loudoun, VA",OSM,site_mapped,224621,"{""dataset"": ""IM3 Open Source Data Center Atlas"", ""dataset_url"": ""https://data.msdlive.org/records/65g71-a4731"", ""atlas_commit"": ""48d45f6eef72778edf374ec52c379550bb21a046"", ""atlas_type"": ""building"", ""osm_name"": null, ""operator"": ""GI Partners"", ""footprint_sqft"": 224621, ""license"": ""ODbL-1.0""}",https://github.com/IMMM-SFA/datacenter-atlas/blob/48d45f6eef72778edf374ec52c379550bb21a046/im3_datacenter_centroids.geojson
2026-03-31,"Digital Realty Northern Virginia IAD38 · Loudoun, VA",OSM,site_mapped,114543,"{""dataset"": ""IM3 Open Source Data Center Atlas"", ""dataset_url"": ""https://data.msdlive.org/records/65g71-a4731"", ""atlas_commit"": ""48d45f6eef72778edf374ec52c379550bb21a046"", ""atlas_type"": ""building"", ""osm_name"": ""Digital Realty Northern Virginia IAD38"", ""operator"": ""Digital Realty"", ""footprint_sqft"": 114543, ""license"": ""ODbL-1.0""}",https://github.com/IMMM-SFA/datacenter-atlas/blob/48d45f6eef72778edf374ec52c379550bb21a046/im3_datacenter_centroids.geojson
2026-03-31,"Digital Realty Northern Virginia IAD36 · Loudoun, VA",OSM,site_mapped,112516,"{""dataset"": ""IM3 Open Source Data Center Atlas"", ""dataset_url"": ""https://data.msdlive.org/records/65g71-a4731"", ""atlas_commit"": ""48d45f6eef72778edf374ec52c379550bb21a046"", ""atlas_type"": ""building"", ""osm_name"": ""Digital Realty Northern Virginia IAD36"", ""operator"": ""Digital Realty"", ""footprint_sqft"": 112516, ""license"": ""ODbL-1.0""}",https://github.com/IMMM-SFA/datacenter-atlas/blob/48d45f6eef72778edf374ec52c379550bb21a046/im3_datacenter_centroids.geojson
2026-03-31,"Vantage VA12 · Loudoun, VA",OSM,site_mapped,115613,"{""dataset"": ""IM3 Open Source Data Center Atlas"", ""dataset_url"": ""https://data.msdlive.org/records/65g71-a4731"", ""atlas_commit"": ""48d45f6eef72778edf374ec52c379550bb21a046"", ""atlas_type"": ""building"", ""osm_name"": ""Vantage VA12"", ""operator"": ""Vantage Data Centers"", ""footprint_sqft"": 115613, ""license"": ""ODbL-1.0""}",https://github.com/IMMM-SFA/datacenter-atlas/blob/48d45f6eef72778edf374ec52c379550bb21a046/im3_datacenter_centroids.geojson
2026-03-31,"Digital Realty Northern Virginia IAD12 · Loudoun, VA",OSM,site_mapped,180269,"{""dataset"": ""IM3 Open Source Data Center Atlas"", ""dataset_url"": ""https://data.msdlive.org/records/65g71-a4731"", ""atlas_commit"": ""48d45f6eef72778edf374ec52c379550bb21a046"", ""atlas_type"": ""building"", ""osm_name"": ""Digital Realty Northern Virginia IAD12"", ""operator"": ""Digital Realty"", ""footprint_sqft"": 180269, ""license"": ""ODbL-1.0""}",https://github.com/IMMM-SFA/datacenter-atlas/blob/48d45f6eef72778edf374ec52c379550bb21a046/im3_datacenter_centroids.geojson
2026-03-31,"CloudHQ data center · Loudoun, VA",OSM,site_mapped,460596,"{""dataset"": ""IM3 Open Source Data Center Atlas"", ""dataset_url"": ""https://data.msdlive.org/records/65g71-a4731"", ""atlas_commit"": ""48d45f6eef72778edf374ec52c379550bb21a046"", ""atlas_type"": ""building"", ""osm_name"": null, ""operator"": ""CloudHQ"", ""footprint_sqft"": 460596, ""license"": ""ODbL-1.0""}",https://github.com/IMMM-SFA/datacenter-atlas/blob/48d45f6eef72778edf374ec52c379550bb21a046/im3_datacenter_centroids.geojson
2026-03-31,"Vantage VA11 · Loudoun, VA",OSM,site_mapped,127578,"{""dataset"": ""IM3 Open Source Data Center Atlas"", ""dataset_url"": ""https://data.msdlive.org/records/65g71-a4731"", ""atlas_commit"": ""48d45f6eef72778edf374ec52c379550bb21a046"", ""atlas_type"": ""building"", ""osm_name"": ""Vantage VA11"", ""operator"": ""Vantage Data Centers"", ""footprint_sqft"": 127578, ""license"": ""ODbL-1.0""}",https://github.com/IMMM-SFA/datacenter-atlas/blob/48d45f6eef72778edf374ec52c379550bb21a046/im3_datacenter_centroids.geojson
2026-03-31,"Amazon Web Services Building C · Loudoun, VA",OSM,site_mapped,116698,"{""dataset"": ""IM3 Open Source Data Center Atlas"", ""dataset_url"": ""https://data.msdlive.org/records/65g71-a4731"", ""atlas_commit"": ""48d45f6eef72778edf374ec52c379550bb21a046"", ""atlas_type"": ""building"", ""osm_name"": ""Amazon Web Services Building C"", ""operator"": ""Amazon Web Services"", ""footprint_sqft"": 116698, ""license"": ""ODbL-1.0""}",https://github.com/IMMM-SFA/datacenter-atlas/blob/48d45f6eef72778edf374ec52c379550bb21a046/im3_datacenter_centroids.geojson
2026-03-31,"Digital Realty Building A · Loudoun, VA",OSM,site_mapped,133113,"{""dataset"": ""IM3 Open Source Data Center Atlas"", ""dataset_url"": ""https://data.msdlive.org/records/65g71-a4731"", ""atlas_commit"": ""48d45f6eef72778edf374ec52c379550bb21a046"", ""atlas_type"": ""building"", ""osm_name"": ""Digital Realty Building A"", ""operator"": ""Digital Realty"", ""footprint_sqft"": 133113, ""license"": ""ODbL-1.0""}",https://github.com/IMMM-SFA/datacenter-atlas/blob/48d45f6eef72778edf374ec52c379550bb21a046/im3_datacenter_centroids.geojson
2026-03-31,"Vantage VA13 · Loudoun, VA",OSM,site_mapped,261859,"{""dataset"": ""IM3 Open Source Data Center Atlas"", ""dataset_url"": ""https://data.msdlive.org/records/65g71-a4731"", ""atlas_commit"": ""48d45f6eef72778edf374ec52c379550bb21a046"", ""atlas_type"": ""building"", ""osm_name"": ""Vantage VA13"", ""operator"": ""Vantage Data Centers"", ""footprint_sqft"": 261859, ""license"": ""ODbL-1.0""}",https://github.com/IMMM-SFA/datacenter-atlas/blob/48d45f6eef72778edf374ec52c379550bb21a046/im3_datacenter_centroids.geojson
2026-03-31,"Digital Realty Northern Virginia IAD14 · Loudoun, VA",OSM,site_mapped,134503,"{""dataset"": ""IM3 Open Source Data Center Atlas"", ""dataset_url"": ""https://data.msdlive.org/records/65g71-a4731"", ""atlas_commit"": ""48d45f6eef72778edf374ec52c379550bb21a046"", ""atlas_type"": ""building"", ""osm_name"": ""Digital Realty Northern Virginia IAD14"", ""operator"": ""Digital Realty"", ""footprint_sqft"": 134503, ""license"": ""ODbL-1.0""}",https://github.com/IMMM-SFA/datacenter-atlas/blob/48d45f6eef72778edf374ec52c379550bb21a046/im3_datacenter_centroids.geojson
2026-03-31,"Digital Realty Northern Virginia IAD24 · Loudoun, VA",OSM,site_mapped,114428,"{""dataset"": ""IM3 Open Source Data Center Atlas"", ""dataset_url"": ""https://data.msdlive.org/records/65g71-a4731"", ""atlas_commit"": ""48d45f6eef72778edf374ec52c379550bb21a046"", ""atlas_type"": ""building"", ""osm_name"": ""Digital Realty Northern Virginia IAD24"", ""operator"": ""Digital Realty"", ""footprint_sqft"": 114428, ""license"": ""ODbL-1.0""}",https://github.com/IMMM-SFA/datacenter-atlas/blob/48d45f6eef72778edf374ec52c379550bb21a046/im3_datacenter_centroids.geojson
2026-03-31,"STACK NVA01A - Northern Virginia · Loudoun, VA",OSM,site_mapped,179330,"{""dataset"": ""IM3 Open Source Data Center Atlas"", ""dataset_url"": ""https://data.msdlive.org/records/65g71-a4731"", ""atlas_commit"": ""48d45f6eef72778edf374ec52c379550bb21a046"", ""atlas_type"": ""building"", ""osm_name"": ""STACK NVA01A - Northern Virginia"", ""operator"": ""Stack Infrastructure"", ""footprint_sqft"": 179330, ""license"": ""ODbL-1.0""}",https://github.com/IMMM-SFA/datacenter-atlas/blob/48d45f6eef72778edf374ec52c379550bb21a046/im3_datacenter_centroids.geojson
2026-03-31,"AWS Building E · Loudoun, VA",OSM,site_mapped,153355,"{""dataset"": ""IM3 Open Source Data Center Atlas"", ""dataset_url"": ""https://data.msdlive.org/records/65g71-a4731"", ""atlas_commit"": ""48d45f6eef72778edf374ec52c379550bb21a046"", ""atlas_type"": ""building"", ""osm_name"": ""AWS Building E"", ""operator"": ""Amazon Web Services"", ""footprint_sqft"": 153355, ""license"": ""ODbL-1.0""}",https://github.com/IMMM-SFA/datacenter-atlas/blob/48d45f6eef72778edf374ec52c379550bb21a046/im3_datacenter_centroids.geojson
2026-03-31,"Digital Realty IAD42 · Loudoun, VA",OSM,site_mapped,218174,"{""dataset"": ""IM3 Open Source Data Center Atlas"", ""dataset_url"": ""https://data.msdlive.org/records/65g71-a4731"", ""atlas_commit"": ""48d45f6eef72778edf374ec52c379550bb21a046"", ""atlas_type"": ""building"", ""osm_name"": ""Digital Realty IAD42"", ""operator"": ""Digital Realty"", ""footprint_sqft"": 218174, ""license"": ""ODbL-1.0""}",https://github.com/IMMM-SFA/datacenter-atlas/blob/48d45f6eef72778edf374ec52c379550bb21a046/im3_datacenter_centroids.geojson
2026-03-31,"Digital Realty Northern Virginia IAD40 · Loudoun, VA",OSM,site_mapped,244372,"{""dataset"": ""IM3 Open Source Data Center Atlas"", ""dataset_url"": ""https://data.msdlive.org/records/65g71-a4731"", ""atlas_commit"": ""48d45f6eef72778edf374ec52c379550bb21a046"", ""atlas_type"": ""building"", ""osm_name"": ""Digital Realty Northern Virginia IAD40"", ""operator"": ""Digital Realty"", ""footprint_sqft"": 244372, ""license"": ""ODbL-1.0""}",https://github.com/IMMM-SFA/datacenter-atlas/blob/48d45f6eef72778edf374ec52c379550bb21a046/im3_datacenter_centroids.geojson
2026-03-31,"Digital Realty Northern Virginia IAD39 · Loudoun, VA",OSM,site_mapped,549223,"{""dataset"": ""IM3 Open Source Data Center Atlas"", ""dataset_url"": ""https://data.msdlive.org/records/65g71-a4731"", ""atlas_commit"": ""48d45f6eef72778edf374ec52c379550bb21a046"", ""atlas_type"": ""building"", ""osm_name"": ""Digital Realty Northern Virginia IAD39"", ""operator"": ""Digital Realty"", ""footprint_sqft"": 549223, ""license"": ""ODbL-1.0""}",https://github.com/IMMM-SFA/datacenter-atlas/blob/48d45f6eef72778edf374ec52c379550bb21a046/im3_datacenter_centroids.geojson
2026-03-31,"Digital Realty IAD41 (Building P) · Loudoun, VA",OSM,site_mapped,396985,"{""dataset"": ""IM3 Open Source Data Center Atlas"", ""dataset_url"": ""https://data.msdlive.org/records/65g71-a4731"", ""atlas_commit"": ""48d45f6eef72778edf374ec52c379550bb21a046"", ""atlas_type"": ""building"", ""osm_name"": ""Digital Realty IAD41 (Building P)"", ""operator"": ""Digital Realty"", ""footprint_sqft"": 396985, ""license"": ""ODbL-1.0""}",https://github.com/IMMM-SFA/datacenter-atlas/blob/48d45f6eef72778edf374ec52c379550bb21a046/im3_datacenter_centroids.geojson
2026-03-31,"CloudHQ LC1 · Loudoun, VA",OSM,site_mapped,499194,"{""dataset"": ""IM3 Open Source Data Center Atlas"", ""dataset_url"": ""https://data.msdlive.org/records/65g71-a4731"", ""atlas_commit"": ""48d45f6eef72778edf374ec52c379550bb21a046"", ""atlas_type"": ""building"", ""osm_name"": ""CloudHQ LC1"", ""operator"": ""CloudHQ"", ""footprint_sqft"": 499194, ""license"": ""ODbL-1.0""}",https://github.com/IMMM-SFA/datacenter-atlas/blob/48d45f6eef72778edf374ec52c379550bb21a046/im3_datacenter_centroids.geojson
2026-03-31,"Aligned IAD02 · Loudoun, VA",OSM,site_mapped,208188,"{""dataset"": ""IM3 Open Source Data Center Atlas"", ""dataset_url"": ""https://data.msdlive.org/records/65g71-a4731"", ""atlas_commit"": ""48d45f6eef72778edf374ec52c379550bb21a046"", ""atlas_type"": ""building"", ""osm_name"": ""Aligned IAD02"", ""operator"": ""Aligned"", ""footprint_sqft"": 208188, ""license"": ""ODbL-1.0""}",https://github.com/IMMM-SFA/datacenter-atlas/blob/48d45f6eef72778edf374ec52c379550bb21a046/im3_datacenter_centroids.geojson
2026-03-31,"CloudHQ LC3 · Loudoun, VA",OSM,site_mapped,241208,"{""dataset"": ""IM3 Open Source Data Center Atlas"", ""dataset_url"": ""https://data.msdlive.org/records/65g71-a4731"", ""atlas_commit"": ""48d45f6eef72778edf374ec52c379550bb21a046"", ""atlas_type"": ""building"", ""osm_name"": ""CloudHQ LC3"", ""operator"": null, ""footprint_sqft"": 241208, ""license"": ""ODbL-1.0""}",https://github.com/IMMM-SFA/datacenter-atlas/blob/48d45f6eef72778edf374ec52c379550bb21a046/im3_datacenter_centroids.geojson
2026-03-31,"CloudHQ LC2 · Loudoun, VA",OSM,site_mapped,252770,"{""dataset"": ""IM3 Open Source Data Center Atlas"", ""dataset_url"": ""https://data.msdlive.org/records/65g71-a4731"", ""atlas_commit"": ""48d45f6eef72778edf374ec52c379550bb21a046"", ""atlas_type"": ""building"", ""osm_name"": ""CloudHQ LC2"", ""operator"": ""CloudHQ"", ""footprint_sqft"": 252770, ""license"": ""ODbL-1.0""}",https://github.com/IMMM-SFA/datacenter-atlas/blob/48d45f6eef72778edf374ec52c379550bb21a046/im3_datacenter_centroids.geojson
2026-03-31,"Equinix Ashburn DC21 · Loudoun, VA",OSM,site_mapped,78961,"{""dataset"": ""IM3 Open Source Data Center Atlas"", ""dataset_url"": ""https://data.msdlive.org/records/65g71-a4731"", ""atlas_commit"": ""48d45f6eef72778edf374ec52c379550bb21a046"", ""atlas_type"": ""building"", ""osm_name"": ""Equinix Ashburn DC21"", ""operator"": ""Equinix"", ""footprint_sqft"": 78961, ""license"": ""ODbL-1.0""}",https://github.com/IMMM-SFA/datacenter-atlas/blob/48d45f6eef72778edf374ec52c379550bb21a046/im3_datacenter_centroids.geojson
2026-03-31,"Unnamed data center · Loudoun, VA #7",OSM,site_mapped,48591,"{""dataset"": ""IM3 Open Source Data Center Atlas"", ""dataset_url"": ""https://data.msdlive.org/records/65g71-a4731"", ""atlas_commit"": ""48d45f6eef72778edf374ec52c379550bb21a046"", ""atlas_type"": ""building"", ""osm_name"": null, ""operator"": null, ""footprint_sqft"": 48591, ""license"": ""ODbL-1.0""}",https://github.com/IMMM-SFA/datacenter-atlas/blob/48d45f6eef72778edf374ec52c379550bb21a046/im3_datacenter_centroids.geojson
2026-03-31,"Equinix DC13 · Loudoun, VA",OSM,site_mapped,125613,"{""dataset"": ""IM3 Open Source Data Center Atlas"", ""dataset_url"": ""https://data.msdlive.org/records/65g71-a4731"", ""atlas_commit"": ""48d45f6eef72778edf374ec52c379550bb21a046"", ""atlas_type"": ""building"", ""osm_name"": ""Equinix DC13"", ""operator"": ""Equinix"", ""footprint_sqft"": 125613, ""license"": ""ODbL-1.0""}",https://github.com/IMMM-SFA/datacenter-atlas/blob/48d45f6eef72778edf374ec52c379550bb21a046/im3_datacenter_centroids.geojson
2026-03-31,"Digital Realty ACC10 · Loudoun, VA",OSM,site_mapped,289043,"{""dataset"": ""IM3 Open Source Data Center Atlas"", ""dataset_url"": ""https://data.msdlive.org/records/65g71-a4731"", ""atlas_commit"": ""48d45f6eef72778edf374ec52c379550bb21a046"", ""atlas_type"": ""building"", ""osm_name"": ""Digital Realty ACC10"", ""operator"": ""Digital Realty"", ""footprint_sqft"": 289043, ""license"": ""ODbL-1.0""}",https://github.com/IMMM-SFA/datacenter-atlas/blob/48d45f6eef72778edf374ec52c379550bb21a046/im3_datacenter_centroids.geojson
2026-03-31,"Aligned Ashburn · Loudoun, VA",OSM,site_mapped,140140,"{""dataset"": ""IM3 Open Source Data Center Atlas"", ""dataset_url"": ""https://data.msdlive.org/records/65g71-a4731"", ""atlas_commit"": ""48d45f6eef72778edf374ec52c379550bb21a046"", ""atlas_type"": ""building"", ""osm_name"": ""Aligned Ashburn"", ""operator"": ""Aligned"", ""footprint_sqft"": 140140, ""license"": ""ODbL-1.0""}",https://github.com/IMMM-SFA/datacenter-atlas/blob/48d45f6eef72778edf374ec52c379550bb21a046/im3_datacenter_centroids.geojson
2026-03-31,"H5 Data Centers Ashburn · Loudoun, VA",OSM,site_mapped,83656,"{""dataset"": ""IM3 Open Source Data Center Atlas"", ""dataset_url"": ""https://data.msdlive.org/records/65g71-a4731"", ""atlas_commit"": ""48d45f6eef72778edf374ec52c379550bb21a046"", ""atlas_type"": ""building"", ""osm_name"": ""H5 Data Centers Ashburn"", ""operator"": ""H5"", ""footprint_sqft"": 83656, ""license"": ""ODbL-1.0""}",https://github.com/IMMM-SFA/datacenter-atlas/blob/48d45f6eef72778edf374ec52c379550bb21a046/im3_datacenter_centroids.geojson
2026-03-31,"Equinix · Loudoun, VA",OSM,site_mapped,,"{""dataset"": ""IM3 Open Source Data Center Atlas"", ""dataset_url"": ""https://data.msdlive.org/records/65g71-a4731"", ""atlas_commit"": ""48d45f6eef72778edf374ec52c379550bb21a046"", ""atlas_type"": ""point"", ""osm_name"": ""Equinix"", ""operator"": ""Equinix"", ""footprint_sqft"": null, ""license"": ""ODbL-1.0""}",https://github.com/IMMM-SFA/datacenter-atlas/blob/48d45f6eef72778edf374ec52c379550bb21a046/im3_datacenter_centroids.geojson
2026-03-31,"Sabey Intergate.Ashburn (Building A) · Loudoun, VA",OSM,site_mapped,131966,"{""dataset"": ""IM3 Open Source Data Center Atlas"", ""dataset_url"": ""https://data.msdlive.org/records/65g71-a4731"", ""atlas_commit"": ""48d45f6eef72778edf374ec52c379550bb21a046"", ""atlas_type"": ""building"", ""osm_name"": ""Sabey Intergate.Ashburn (Building A)"", ""operator"": ""Sabey Data Centers"", ""footprint_sqft"": 131966, ""license"": ""ODbL-1.0""}",https://github.com/IMMM-SFA/datacenter-atlas/blob/48d45f6eef72778edf374ec52c379550bb21a046/im3_datacenter_centroids.geojson
2026-03-31,"Equinix Ashburn DC11 · Loudoun, VA",OSM,site_mapped,132897,"{""dataset"": ""IM3 Open Source Data Center Atlas"", ""dataset_url"": ""https://data.msdlive.org/records/65g71-a4731"", ""atlas_commit"": ""48d45f6eef72778edf374ec52c379550bb21a046"", ""atlas_type"": ""building"", ""osm_name"": ""Equinix Ashburn DC11"", ""operator"": ""Equinix"", ""footprint_sqft"": 132897, ""license"": ""ODbL-1.0""}",https://github.com/IMMM-SFA/datacenter-atlas/blob/48d45f6eef72778edf374ec52c379550bb21a046/im3_datacenter_centroids.geojson
2026-03-31,"Equinix Ashburn DC6 · Loudoun, VA",OSM,site_mapped,70526,"{""dataset"": ""IM3 Open Source Data Center Atlas"", ""dataset_url"": ""https://data.msdlive.org/records/65g71-a4731"", ""atlas_commit"": ""48d45f6eef72778edf374ec52c379550bb21a046"", ""atlas_type"": ""building"", ""osm_name"": ""Equinix Ashburn DC6"", ""operator"": ""Equinix"", ""footprint_sqft"": 70526, ""license"": ""ODbL-1.0""}",https://github.com/IMMM-SFA/datacenter-atlas/blob/48d45f6eef72778edf374ec52c379550bb21a046/im3_datacenter_centroids.geojson
2026-03-31,"Amazon IAD601 · Loudoun, VA",OSM,site_mapped,14384,"{""dataset"": ""IM3 Open Source Data Center Atlas"", ""dataset_url"": ""https://data.msdlive.org/records/65g71-a4731"", ""atlas_commit"": ""48d45f6eef72778edf374ec52c379550bb21a046"", ""atlas_type"": ""building"", ""osm_name"": ""Amazon IAD601"", ""operator"": ""Amazon Web Services"", ""footprint_sqft"": 14384, ""license"": ""ODbL-1.0""}",https://github.com/IMMM-SFA/datacenter-atlas/blob/48d45f6eef72778edf374ec52c379550bb21a046/im3_datacenter_centroids.geojson
2026-03-31,"Unnamed data center · Loudoun, VA #8",OSM,site_mapped,144382,"{""dataset"": ""IM3 Open Source Data Center Atlas"", ""dataset_url"": ""https://data.msdlive.org/records/65g71-a4731"", ""atlas_commit"": ""48d45f6eef72778edf374ec52c379550bb21a046"", ""atlas_type"": ""building"", ""osm_name"": null, ""operator"": null, ""footprint_sqft"": 144382, ""license"": ""ODbL-1.0""}",https://github.com/IMMM-SFA/datacenter-atlas/blob/48d45f6eef72778edf374ec52c379550bb21a046/im3_datacenter_centroids.geojson
2026-03-31,"Digital Realty ACC9 · Loudoun, VA",OSM,site_mapped,329257,"{""dataset"": ""IM3 Open Source Data Center Atlas"", ""dataset_url"": ""https://data.msdlive.org/records/65g71-a4731"", ""atlas_commit"": ""48d45f6eef72778edf374ec52c379550bb21a046"", ""atlas_type"": ""building"", ""osm_name"": ""Digital Realty ACC9"", ""operator"": ""Digital Realty"", ""footprint_sqft"": 329257, ""license"": ""ODbL-1.0""}",https://github.com/IMMM-SFA/datacenter-atlas/blob/48d45f6eef72778edf374ec52c379550bb21a046/im3_datacenter_centroids.geojson
2026-03-31,"Databank Ashburn IAD1 · Loudoun, VA",OSM,site_mapped,144740,"{""dataset"": ""IM3 Open Source Data Center Atlas"", ""dataset_url"": ""https://data.msdlive.org/records/65g71-a4731"", ""atlas_commit"": ""48d45f6eef72778edf374ec52c379550bb21a046"", ""atlas_type"": ""building"", ""osm_name"": ""Databank Ashburn IAD1"", ""operator"": ""Databank"", ""footprint_sqft"": 144740, ""license"": ""ODbL-1.0""}",https://github.com/IMMM-SFA/datacenter-atlas/blob/48d45f6eef72778edf374ec52c379550bb21a046/im3_datacenter_centroids.geojson
2026-03-31,"Equinix Ashburn DC1 · Loudoun, VA",OSM,site_mapped,59757,"{""dataset"": ""IM3 Open Source Data Center Atlas"", ""dataset_url"": ""https://data.msdlive.org/records/65g71-a4731"", ""atlas_commit"": ""48d45f6eef72778edf374ec52c379550bb21a046"", ""atlas_type"": ""building"", ""osm_name"": ""Equinix Ashburn DC1"", ""operator"": ""Equinix"", ""footprint_sqft"": 59757, ""license"": ""ODbL-1.0""}",https://github.com/IMMM-SFA/datacenter-atlas/blob/48d45f6eef72778edf374ec52c379550bb21a046/im3_datacenter_centroids.geojson
2026-03-31,"Golds Gym Ashburn · Loudoun, VA",OSM,site_mapped,54700,"{""dataset"": ""IM3 Open Source Data Center Atlas"", ""dataset_url"": ""https://data.msdlive.org/records/65g71-a4731"", ""atlas_commit"": ""48d45f6eef72778edf374ec52c379550bb21a046"", ""atlas_type"": ""building"", ""osm_name"": ""Golds Gym Ashburn"", ""operator"": null, ""footprint_sqft"": 54700, ""license"": ""ODbL-1.0""}",https://github.com/IMMM-SFA/datacenter-atlas/blob/48d45f6eef72778edf374ec52c379550bb21a046/im3_datacenter_centroids.geojson
2026-03-31,"Amazon Web Services · Loudoun, VA #13",OSM,site_mapped,96367,"{""dataset"": ""IM3 Open Source Data Center Atlas"", ""dataset_url"": ""https://data.msdlive.org/records/65g71-a4731"", ""atlas_commit"": ""48d45f6eef72778edf374ec52c379550bb21a046"", ""atlas_type"": ""building"", ""osm_name"": ""Amazon Web Services"", ""operator"": ""Amazon Web Services"", ""footprint_sqft"": 96367, ""license"": ""ODbL-1.0""}",https://github.com/IMMM-SFA/datacenter-atlas/blob/48d45f6eef72778edf374ec52c379550bb21a046/im3_datacenter_centroids.geojson
2026-03-31,"Equinix Ashburn DC5 · Loudoun, VA",OSM,site_mapped,94665,"{""dataset"": ""IM3 Open Source Data Center Atlas"", ""dataset_url"": ""https://data.msdlive.org/records/65g71-a4731"", ""atlas_commit"": ""48d45f6eef72778edf374ec52c379550bb21a046"", ""atlas_type"": ""building"", ""osm_name"": ""Equinix Ashburn DC5"", ""operator"": ""Equinix"", ""footprint_sqft"": 94665, ""license"": ""ODbL-1.0""}",https://github.com/IMMM-SFA/datacenter-atlas/blob/48d45f6eef72778edf374ec52c379550bb21a046/im3_datacenter_centroids.geojson
2026-03-31,"NTT Ashburn VA7 Data Center · Loudoun, VA",OSM,site_mapped,,"{""dataset"": ""IM3 Open Source Data Center Atlas"", ""dataset_url"": ""https://data.msdlive.org/records/65g71-a4731"", ""atlas_commit"": ""48d45f6eef72778edf374ec52c379550bb21a046"", ""atlas_type"": ""point"", ""osm_name"": ""NTT Ashburn VA7 Data Center"", ""operator"": ""NTT"", ""footprint_sqft"": null, ""license"": ""ODbL-1.0""}",https://github.com/IMMM-SFA/datacenter-atlas/blob/48d45f6eef72778edf374ec52c379550bb21a046/im3_datacenter_centroids.geojson
2026-03-31,"Amazon IAD128 · Loudoun, VA",OSM,site_mapped,105735,"{""dataset"": ""IM3 Open Source Data Center Atlas"", ""dataset_url"": ""https://data.msdlive.org/records/65g71-a4731"", ""atlas_commit"": ""48d45f6eef72778edf374ec52c379550bb21a046"", ""atlas_type"": ""building"", ""osm_name"": ""Amazon IAD128"", ""operator"": ""Amazon Web Services"", ""footprint_sqft"": 105735, ""license"": ""ODbL-1.0""}",https://github.com/IMMM-SFA/datacenter-atlas/blob/48d45f6eef72778edf374ec52c379550bb21a046/im3_datacenter_centroids.geojson
2026-03-31,"Equinix Ashburn DC4 · Loudoun, VA",OSM,site_mapped,101052,"{""dataset"": ""IM3 Open Source Data Center Atlas"", ""dataset_url"": ""https://data.msdlive.org/records/65g71-a4731"", ""atlas_commit"": ""48d45f6eef72778edf374ec52c379550bb21a046"", ""atlas_type"": ""building"", ""osm_name"": ""Equinix Ashburn DC4"", ""operator"": ""Equinix"", ""footprint_sqft"": 101052, ""license"": ""ODbL-1.0""}",https://github.com/IMMM-SFA/datacenter-atlas/blob/48d45f6eef72778edf374ec52c379550bb21a046/im3_datacenter_centroids.geojson
2026-03-31,"Equinix Ashburn DC2 · Loudoun, VA",OSM,site_mapped,175215,"{""dataset"": ""IM3 Open Source Data Center Atlas"", ""dataset_url"": ""https://data.msdlive.org/records/65g71-a4731"", ""atlas_commit"": ""48d45f6eef72778edf374ec52c379550bb21a046"", ""atlas_type"": ""building"", ""osm_name"": ""Equinix Ashburn DC2"", ""operator"": ""Equinix"", ""footprint_sqft"": 175215, ""license"": ""ODbL-1.0""}",https://github.com/IMMM-SFA/datacenter-atlas/blob/48d45f6eef72778edf374ec52c379550bb21a046/im3_datacenter_centroids.geojson
2026-03-31,"Amazon Web Services · Loudoun, VA #14",OSM,site_mapped,96372,"{""dataset"": ""IM3 Open Source Data Center Atlas"", ""dataset_url"": ""https://data.msdlive.org/records/65g71-a4731"", ""atlas_commit"": ""48d45f6eef72778edf374ec52c379550bb21a046"", ""atlas_type"": ""building"", ""osm_name"": ""Amazon Web Services"", ""operator"": ""Amazon Web Services"", ""footprint_sqft"": 96372, ""license"": ""ODbL-1.0""}",https://github.com/IMMM-SFA/datacenter-atlas/blob/48d45f6eef72778edf374ec52c379550bb21a046/im3_datacenter_centroids.geojson
2026-03-31,"Amazon IAD119 · Loudoun, VA",OSM,site_mapped,127104,"{""dataset"": ""IM3 Open Source Data Center Atlas"", ""dataset_url"": ""https://data.msdlive.org/records/65g71-a4731"", ""atlas_commit"": ""48d45f6eef72778edf374ec52c379550bb21a046"", ""atlas_type"": ""building"", ""osm_name"": ""Amazon IAD119"", ""operator"": ""Amazon Web Services"", ""footprint_sqft"": 127104, ""license"": ""ODbL-1.0""}",https://github.com/IMMM-SFA/datacenter-atlas/blob/48d45f6eef72778edf374ec52c379550bb21a046/im3_datacenter_centroids.geojson
2026-03-31,"Unnamed data center · Loudoun, VA #9",OSM,site_mapped,91264,"{""dataset"": ""IM3 Open Source Data Center Atlas"", ""dataset_url"": ""https://data.msdlive.org/records/65g71-a4731"", ""atlas_commit"": ""48d45f6eef72778edf374ec52c379550bb21a046"", ""atlas_type"": ""building"", ""osm_name"": null, ""operator"": null, ""footprint_sqft"": 91264, ""license"": ""ODbL-1.0""}",https://github.com/IMMM-SFA/datacenter-atlas/blob/48d45f6eef72778edf374ec52c379550bb21a046/im3_datacenter_centroids.geojson
2026-03-31,"NTT Ashburn VA3 Data Center · Loudoun, VA",OSM,site_mapped,231924,"{""dataset"": ""IM3 Open Source Data Center Atlas"", ""dataset_url"": ""https://data.msdlive.org/records/65g71-a4731"", ""atlas_commit"": ""48d45f6eef72778edf374ec52c379550bb21a046"", ""atlas_type"": ""building"", ""osm_name"": ""NTT Ashburn VA3 Data Center"", ""operator"": ""NTT"", ""footprint_sqft"": 231924, ""license"": ""ODbL-1.0""}",https://github.com/IMMM-SFA/datacenter-atlas/blob/48d45f6eef72778edf374ec52c379550bb21a046/im3_datacenter_centroids.geojson
2026-03-31,"Digital Realty ACC7 · Loudoun, VA",OSM,site_mapped,409481,"{""dataset"": ""IM3 Open Source Data Center Atlas"", ""dataset_url"": ""https://data.msdlive.org/records/65g71-a4731"", ""atlas_commit"": ""48d45f6eef72778edf374ec52c379550bb21a046"", ""atlas_type"": ""building"", ""osm_name"": ""Digital Realty ACC7"", ""operator"": ""Digital Realty"", ""footprint_sqft"": 409481, ""license"": ""ODbL-1.0""}",https://github.com/IMMM-SFA/datacenter-atlas/blob/48d45f6eef72778edf374ec52c379550bb21a046/im3_datacenter_centroids.geojson
2026-03-31,"DataBank Ashburn IAD3 · Loudoun, VA",OSM,site_mapped,146234,"{""dataset"": ""IM3 Open Source Data Center Atlas"", ""dataset_url"": ""https://data.msdlive.org/records/65g71-a4731"", ""atlas_commit"": ""48d45f6eef72778edf374ec52c379550bb21a046"", ""atlas_type"": ""building"", ""osm_name"": ""DataBank Ashburn IAD3"", ""operator"": ""Databank"", ""footprint_sqft"": 146234, ""license"": ""ODbL-1.0""}",https://github.com/IMMM-SFA/datacenter-atlas/blob/48d45f6eef72778edf374ec52c379550bb21a046/im3_datacenter_centroids.geojson
2026-03-31,"Digital Realty ACC4 · Loudoun, VA",OSM,site_mapped,294156,"{""dataset"": ""IM3 Open Source Data Center Atlas"", ""dataset_url"": ""https://data.msdlive.org/records/65g71-a4731"", ""atlas_commit"": ""48d45f6eef72778edf374ec52c379550bb21a046"", ""atlas_type"": ""building"", ""osm_name"": ""Digital Realty ACC4"", ""operator"": ""Digital Realty"", ""footprint_sqft"": 294156, ""license"": ""ODbL-1.0""}",https://github.com/IMMM-SFA/datacenter-atlas/blob/48d45f6eef72778edf374ec52c379550bb21a046/im3_datacenter_centroids.geojson
2026-03-31,"Unnamed data center · Loudoun, VA #10",OSM,site_mapped,158127,"{""dataset"": ""IM3 Open Source Data Center Atlas"", ""dataset_url"": ""https://data.msdlive.org/records/65g71-a4731"", ""atlas_commit"": ""48d45f6eef72778edf374ec52c379550bb21a046"", ""atlas_type"": ""building"", ""osm_name"": null, ""operator"": null, ""footprint_sqft"": 158127, ""license"": ""ODbL-1.0""}",https://github.com/IMMM-SFA/datacenter-atlas/blob/48d45f6eef72778edf374ec52c379550bb21a046/im3_datacenter_centroids.geojson
2026-03-31,"NTT Ashburn VA5 Data Center · Loudoun, VA",OSM,site_mapped,124046,"{""dataset"": ""IM3 Open Source Data Center Atlas"", ""dataset_url"": ""https://data.msdlive.org/records/65g71-a4731"", ""atlas_commit"": ""48d45f6eef72778edf374ec52c379550bb21a046"", ""atlas_type"": ""building"", ""osm_name"": ""NTT Ashburn VA5 Data Center"", ""operator"": ""NTT"", ""footprint_sqft"": 124046, ""license"": ""ODbL-1.0""}",https://github.com/IMMM-SFA/datacenter-atlas/blob/48d45f6eef72778edf374ec52c379550bb21a046/im3_datacenter_centroids.geojson
2026-03-31,"Amazon IAD118 · Loudoun, VA",OSM,site_mapped,105629,"{""dataset"": ""IM3 Open Source Data Center Atlas"", ""dataset_url"": ""https://data.msdlive.org/records/65g71-a4731"", ""atlas_commit"": ""48d45f6eef72778edf374ec52c379550bb21a046"", ""atlas_type"": ""building"", ""osm_name"": ""Amazon IAD118"", ""operator"": ""Amazon Web Services"", ""footprint_sqft"": 105629, ""license"": ""ODbL-1.0""}",https://github.com/IMMM-SFA/datacenter-atlas/blob/48d45f6eef72778edf374ec52c379550bb21a046/im3_datacenter_centroids.geojson
2026-03-31,"Amazon IAD99 · Loudoun, VA",OSM,site_mapped,150804,"{""dataset"": ""IM3 Open Source Data Center Atlas"", ""dataset_url"": ""https://data.msdlive.org/records/65g71-a4731"", ""atlas_commit"": ""48d45f6eef72778edf374ec52c379550bb21a046"", ""atlas_type"": ""building"", ""osm_name"": ""Amazon IAD99"", ""operator"": ""Amazon Web Services"", ""footprint_sqft"": 150804, ""license"": ""ODbL-1.0""}",https://github.com/IMMM-SFA/datacenter-atlas/blob/48d45f6eef72778edf374ec52c379550bb21a046/im3_datacenter_centroids.geojson
2026-03-31,"PowerHouse ABX-1 · Loudoun, VA",OSM,site_mapped,131309,"{""dataset"": ""IM3 Open Source Data Center Atlas"", ""dataset_url"": ""https://data.msdlive.org/records/65g71-a4731"", ""atlas_commit"": ""48d45f6eef72778edf374ec52c379550bb21a046"", ""atlas_type"": ""building"", ""osm_name"": ""PowerHouse ABX-1"", ""operator"": ""PowerHouse"", ""footprint_sqft"": 131309, ""license"": ""ODbL-1.0""}",https://github.com/IMMM-SFA/datacenter-atlas/blob/48d45f6eef72778edf374ec52c379550bb21a046/im3_datacenter_centroids.geojson
2026-03-31,"NTT Ashburn VA4 Data Center · Loudoun, VA",OSM,site_mapped,160282,"{""dataset"": ""IM3 Open Source Data Center Atlas"", ""dataset_url"": ""https://data.msdlive.org/records/65g71-a4731"", ""atlas_commit"": ""48d45f6eef72778edf374ec52c379550bb21a046"", ""atlas_type"": ""building"", ""osm_name"": ""NTT Ashburn VA4 Data Center"", ""operator"": ""NTT"", ""footprint_sqft"": 160282, ""license"": ""ODbL-1.0""}",https://github.com/IMMM-SFA/datacenter-atlas/blob/48d45f6eef72778edf374ec52c379550bb21a046/im3_datacenter_centroids.geojson
2026-03-31,"Digital Realty ACC3 · Loudoun, VA",OSM,site_mapped,151562,"{""dataset"": ""IM3 Open Source Data Center Atlas"", ""dataset_url"": ""https://data.msdlive.org/records/65g71-a4731"", ""atlas_commit"": ""48d45f6eef72778edf374ec52c379550bb21a046"", ""atlas_type"": ""building"", ""osm_name"": ""Digital Realty ACC3"", ""operator"": ""Digital Realty"", ""footprint_sqft"": 151562, ""license"": ""ODbL-1.0""}",https://github.com/IMMM-SFA/datacenter-atlas/blob/48d45f6eef72778edf374ec52c379550bb21a046/im3_datacenter_centroids.geojson
2026-03-31,"Digital Realty ACC5 · Loudoun, VA",OSM,site_mapped,298859,"{""dataset"": ""IM3 Open Source Data Center Atlas"", ""dataset_url"": ""https://data.msdlive.org/records/65g71-a4731"", ""atlas_commit"": ""48d45f6eef72778edf374ec52c379550bb21a046"", ""atlas_type"": ""building"", ""osm_name"": ""Digital Realty ACC5"", ""operator"": ""Digital Realty"", ""footprint_sqft"": 298859, ""license"": ""ODbL-1.0""}",https://github.com/IMMM-SFA/datacenter-atlas/blob/48d45f6eef72778edf374ec52c379550bb21a046/im3_datacenter_centroids.geojson
2026-03-31,"NTT Ashburn VA8 Data Centre · Loudoun, VA",OSM,site_mapped,111241,"{""dataset"": ""IM3 Open Source Data Center Atlas"", ""dataset_url"": ""https://data.msdlive.org/records/65g71-a4731"", ""atlas_commit"": ""48d45f6eef72778edf374ec52c379550bb21a046"", ""atlas_type"": ""building"", ""osm_name"": ""NTT Ashburn VA8 Data Centre"", ""operator"": ""NTT"", ""footprint_sqft"": 111241, ""license"": ""ODbL-1.0""}",https://github.com/IMMM-SFA/datacenter-atlas/blob/48d45f6eef72778edf374ec52c379550bb21a046/im3_datacenter_centroids.geojson
2026-03-31,"Amazon IAD98 · Loudoun, VA",OSM,site_mapped,150826,"{""dataset"": ""IM3 Open Source Data Center Atlas"", ""dataset_url"": ""https://data.msdlive.org/records/65g71-a4731"", ""atlas_commit"": ""48d45f6eef72778edf374ec52c379550bb21a046"", ""atlas_type"": ""building"", ""osm_name"": ""Amazon IAD98"", ""operator"": ""Amazon Web Services"", ""footprint_sqft"": 150826, ""license"": ""ODbL-1.0""}",https://github.com/IMMM-SFA/datacenter-atlas/blob/48d45f6eef72778edf374ec52c379550bb21a046/im3_datacenter_centroids.geojson
2026-03-31,"Equinix Ashburn DC10 · Loudoun, VA",OSM,site_mapped,152397,"{""dataset"": ""IM3 Open Source Data Center Atlas"", ""dataset_url"": ""https://data.msdlive.org/records/65g71-a4731"", ""atlas_commit"": ""48d45f6eef72778edf374ec52c379550bb21a046"", ""atlas_type"": ""building"", ""osm_name"": ""Equinix Ashburn DC10"", ""operator"": ""Equinix"", ""footprint_sqft"": 152397, ""license"": ""ODbL-1.0""}",https://github.com/IMMM-SFA/datacenter-atlas/blob/48d45f6eef72778edf374ec52c379550bb21a046/im3_datacenter_centroids.geojson
2026-03-31,"Digital Realty ACC6 · Loudoun, VA",OSM,site_mapped,226152,"{""dataset"": ""IM3 Open Source Data Center Atlas"", ""dataset_url"": ""https://data.msdlive.org/records/65g71-a4731"", ""atlas_commit"": ""48d45f6eef72778edf374ec52c379550bb21a046"", ""atlas_type"": ""building"", ""osm_name"": ""Digital Realty ACC6"", ""operator"": ""Digital Realty"", ""footprint_sqft"": 226152, ""license"": ""ODbL-1.0""}",https://github.com/IMMM-SFA/datacenter-atlas/blob/48d45f6eef72778edf374ec52c379550bb21a046/im3_datacenter_centroids.geojson
2026-03-31,"CyrusOne NVA8 · Loudoun, VA",OSM,site_mapped,154011,"{""dataset"": ""IM3 Open Source Data Center Atlas"", ""dataset_url"": ""https://data.msdlive.org/records/65g71-a4731"", ""atlas_commit"": ""48d45f6eef72778edf374ec52c379550bb21a046"", ""atlas_type"": ""building"", ""osm_name"": ""CyrusOne NVA8"", ""operator"": ""CyrusOne"", ""footprint_sqft"": 154011, ""license"": ""ODbL-1.0""}",https://github.com/IMMM-SFA/datacenter-atlas/blob/48d45f6eef72778edf374ec52c379550bb21a046/im3_datacenter_centroids.geojson
2026-03-31,"Amazon IAD32 · Loudoun, VA",OSM,site_mapped,35700,"{""dataset"": ""IM3 Open Source Data Center Atlas"", ""dataset_url"": ""https://data.msdlive.org/records/65g71-a4731"", ""atlas_commit"": ""48d45f6eef72778edf374ec52c379550bb21a046"", ""atlas_type"": ""building"", ""osm_name"": ""Amazon IAD32"", ""operator"": ""Amazon Web Services"", ""footprint_sqft"": 35700, ""license"": ""ODbL-1.0""}",https://github.com/IMMM-SFA/datacenter-atlas/blob/48d45f6eef72778edf374ec52c379550bb21a046/im3_datacenter_centroids.geojson
2026-03-31,"Amazon IAD10 · Loudoun, VA",OSM,site_mapped,112726,"{""dataset"": ""IM3 Open Source Data Center Atlas"", ""dataset_url"": ""https://data.msdlive.org/records/65g71-a4731"", ""atlas_commit"": ""48d45f6eef72778edf374ec52c379550bb21a046"", ""atlas_type"": ""building"", ""osm_name"": ""Amazon IAD10"", ""operator"": ""Amazon Web Services"", ""footprint_sqft"": 112726, ""license"": ""ODbL-1.0""}",https://github.com/IMMM-SFA/datacenter-atlas/blob/48d45f6eef72778edf374ec52c379550bb21a046/im3_datacenter_centroids.geojson
2026-03-31,"Centersquare IAD4-A · Loudoun, VA",OSM,site_mapped,77749,"{""dataset"": ""IM3 Open Source Data Center Atlas"", ""dataset_url"": ""https://data.msdlive.org/records/65g71-a4731"", ""atlas_commit"": ""48d45f6eef72778edf374ec52c379550bb21a046"", ""atlas_type"": ""building"", ""osm_name"": ""Centersquare IAD4-A"", ""operator"": ""Centersquare"", ""footprint_sqft"": 77749, ""license"": ""ODbL-1.0""}",https://github.com/IMMM-SFA/datacenter-atlas/blob/48d45f6eef72778edf374ec52c379550bb21a046/im3_datacenter_centroids.geojson
2026-03-31,"Equinix Ashburn DC3 · Loudoun, VA",OSM,site_mapped,186227,"{""dataset"": ""IM3 Open Source Data Center Atlas"", ""dataset_url"": ""https://data.msdlive.org/records/65g71-a4731"", ""atlas_commit"": ""48d45f6eef72778edf374ec52c379550bb21a046"", ""atlas_type"": ""building"", ""osm_name"": ""Equinix Ashburn DC3"", ""operator"": ""Equinix"", ""footprint_sqft"": 186227, ""license"": ""ODbL-1.0""}",https://github.com/IMMM-SFA/datacenter-atlas/blob/48d45f6eef72778edf374ec52c379550bb21a046/im3_datacenter_centroids.geojson
2026-03-31,"Centersquare IAD4-B · Loudoun, VA",OSM,site_mapped,90029,"{""dataset"": ""IM3 Open Source Data Center Atlas"", ""dataset_url"": ""https://data.msdlive.org/records/65g71-a4731"", ""atlas_commit"": ""48d45f6eef72778edf374ec52c379550bb21a046"", ""atlas_type"": ""building"", ""osm_name"": ""Centersquare IAD4-B"", ""operator"": ""Centersquare"", ""footprint_sqft"": 90029, ""license"": ""ODbL-1.0""}",https://github.com/IMMM-SFA/datacenter-atlas/blob/48d45f6eef72778edf374ec52c379550bb21a046/im3_datacenter_centroids.geojson
2026-03-31,"Level 3 Ashburn · Loudoun, VA",OSM,site_mapped,49022,"{""dataset"": ""IM3 Open Source Data Center Atlas"", ""dataset_url"": ""https://data.msdlive.org/records/65g71-a4731"", ""atlas_commit"": ""48d45f6eef72778edf374ec52c379550bb21a046"", ""atlas_type"": ""building"", ""osm_name"": ""Level 3 Ashburn"", ""operator"": ""Lumen Technologies"", ""footprint_sqft"": 49022, ""license"": ""ODbL-1.0""}",https://github.com/IMMM-SFA/datacenter-atlas/blob/48d45f6eef72778edf374ec52c379550bb21a046/im3_datacenter_centroids.geojson
2026-03-31,"Equinix Ashburn DC15 · Loudoun, VA",OSM,site_mapped,76665,"{""dataset"": ""IM3 Open Source Data Center Atlas"", ""dataset_url"": ""https://data.msdlive.org/records/65g71-a4731"", ""atlas_commit"": ""48d45f6eef72778edf374ec52c379550bb21a046"", ""atlas_type"": ""building"", ""osm_name"": ""Equinix Ashburn DC15"", ""operator"": ""Equinix"", ""footprint_sqft"": 76665, ""license"": ""ODbL-1.0""}",https://github.com/IMMM-SFA/datacenter-atlas/blob/48d45f6eef72778edf374ec52c379550bb21a046/im3_datacenter_centroids.geojson
2026-03-31,"NTT Ashburn VA1 Data Center · Loudoun, VA",OSM,site_mapped,138507,"{""dataset"": ""IM3 Open Source Data Center Atlas"", ""dataset_url"": ""https://data.msdlive.org/records/65g71-a4731"", ""atlas_commit"": ""48d45f6eef72778edf374ec52c379550bb21a046"", ""atlas_type"": ""building"", ""osm_name"": ""NTT Ashburn VA1 Data Center"", ""operator"": ""NTT"", ""footprint_sqft"": 138507, ""license"": ""ODbL-1.0""}",https://github.com/IMMM-SFA/datacenter-atlas/blob/48d45f6eef72778edf374ec52c379550bb21a046/im3_datacenter_centroids.geojson
2026-03-31,"Equinix Ashburn DC12 · Loudoun, VA",OSM,site_mapped,96380,"{""dataset"": ""IM3 Open Source Data Center Atlas"", ""dataset_url"": ""https://data.msdlive.org/records/65g71-a4731"", ""atlas_commit"": ""48d45f6eef72778edf374ec52c379550bb21a046"", ""atlas_type"": ""building"", ""osm_name"": ""Equinix Ashburn DC12"", ""operator"": ""Equinix"", ""footprint_sqft"": 96380, ""license"": ""ODbL-1.0""}",https://github.com/IMMM-SFA/datacenter-atlas/blob/48d45f6eef72778edf374ec52c379550bb21a046/im3_datacenter_centroids.geojson
2026-03-31,"Centersquare IAD1-A · Loudoun, VA",OSM,site_mapped,89830,"{""dataset"": ""IM3 Open Source Data Center Atlas"", ""dataset_url"": ""https://data.msdlive.org/records/65g71-a4731"", ""atlas_commit"": ""48d45f6eef72778edf374ec52c379550bb21a046"", ""atlas_type"": ""building"", ""osm_name"": ""Centersquare IAD1-A"", ""operator"": ""Centersquare"", ""footprint_sqft"": 89830, ""license"": ""ODbL-1.0""}",https://github.com/IMMM-SFA/datacenter-atlas/blob/48d45f6eef72778edf374ec52c379550bb21a046/im3_datacenter_centroids.geojson
2026-03-31,"Amazon Web Services IAD117 · Loudoun, VA",OSM,site_mapped,102452,"{""dataset"": ""IM3 Open Source Data Center Atlas"", ""dataset_url"": ""https://data.msdlive.org/records/65g71-a4731"", ""atlas_commit"": ""48d45f6eef72778edf374ec52c379550bb21a046"", ""atlas_type"": ""building"", ""osm_name"": ""Amazon Web Services IAD117"", ""operator"": ""Amazon Web Services"", ""footprint_sqft"": 102452, ""license"": ""ODbL-1.0""}",https://github.com/IMMM-SFA/datacenter-atlas/blob/48d45f6eef72778edf374ec52c379550bb21a046/im3_datacenter_centroids.geojson
2026-03-31,"Centersquare IAD1-B · Loudoun, VA",OSM,site_mapped,79070,"{""dataset"": ""IM3 Open Source Data Center Atlas"", ""dataset_url"": ""https://data.msdlive.org/records/65g71-a4731"", ""atlas_commit"": ""48d45f6eef72778edf374ec52c379550bb21a046"", ""atlas_type"": ""building"", ""osm_name"": ""Centersquare IAD1-B"", ""operator"": ""Centersquare"", ""footprint_sqft"": 79070, ""license"": ""ODbL-1.0""}",https://github.com/IMMM-SFA/datacenter-atlas/blob/48d45f6eef72778edf374ec52c379550bb21a046/im3_datacenter_centroids.geojson
2026-03-31,"Equinix Ashburn DC16 · Loudoun, VA",OSM,site_mapped,87843,"{""dataset"": ""IM3 Open Source Data Center Atlas"", ""dataset_url"": ""https://data.msdlive.org/records/65g71-a4731"", ""atlas_commit"": ""48d45f6eef72778edf374ec52c379550bb21a046"", ""atlas_type"": ""building"", ""osm_name"": ""Equinix Ashburn DC16"", ""operator"": ""Equinix"", ""footprint_sqft"": 87843, ""license"": ""ODbL-1.0""}",https://github.com/IMMM-SFA/datacenter-atlas/blob/48d45f6eef72778edf374ec52c379550bb21a046/im3_datacenter_centroids.geojson
2026-03-31,"CyrusOne NVA5 · Loudoun, VA",OSM,site_mapped,506948,"{""dataset"": ""IM3 Open Source Data Center Atlas"", ""dataset_url"": ""https://data.msdlive.org/records/65g71-a4731"", ""atlas_commit"": ""48d45f6eef72778edf374ec52c379550bb21a046"", ""atlas_type"": ""building"", ""osm_name"": ""CyrusOne NVA5"", ""operator"": ""CyrusOne"", ""footprint_sqft"": 506948, ""license"": ""ODbL-1.0""}",https://github.com/IMMM-SFA/datacenter-atlas/blob/48d45f6eef72778edf374ec52c379550bb21a046/im3_datacenter_centroids.geojson
2026-03-31,"Amazon Web Services IAD116 · Loudoun, VA",OSM,site_mapped,102629,"{""dataset"": ""IM3 Open Source Data Center Atlas"", ""dataset_url"": ""https://data.msdlive.org/records/65g71-a4731"", ""atlas_commit"": ""48d45f6eef72778edf374ec52c379550bb21a046"", ""atlas_type"": ""building"", ""osm_name"": ""Amazon Web Services IAD116"", ""operator"": ""Amazon Web Services"", ""footprint_sqft"": 102629, ""license"": ""ODbL-1.0""}",https://github.com/IMMM-SFA/datacenter-atlas/blob/48d45f6eef72778edf374ec52c379550bb21a046/im3_datacenter_centroids.geojson
2026-03-31,"Centersquare IAD1-C · Loudoun, VA",OSM,site_mapped,135383,"{""dataset"": ""IM3 Open Source Data Center Atlas"", ""dataset_url"": ""https://data.msdlive.org/records/65g71-a4731"", ""atlas_commit"": ""48d45f6eef72778edf374ec52c379550bb21a046"", ""atlas_type"": ""building"", ""osm_name"": ""Centersquare IAD1-C"", ""operator"": ""Centersquare"", ""footprint_sqft"": 135383, ""license"": ""ODbL-1.0""}",https://github.com/IMMM-SFA/datacenter-atlas/blob/48d45f6eef72778edf374ec52c379550bb21a046/im3_datacenter_centroids.geojson
2026-03-31,"NTT Ashburn VA2 Data Center · Loudoun, VA",OSM,site_mapped,74197,"{""dataset"": ""IM3 Open Source Data Center Atlas"", ""dataset_url"": ""https://data.msdlive.org/records/65g71-a4731"", ""atlas_commit"": ""48d45f6eef72778edf374ec52c379550bb21a046"", ""atlas_type"": ""building"", ""osm_name"": ""NTT Ashburn VA2 Data Center"", ""operator"": ""NTT"", ""footprint_sqft"": 74197, ""license"": ""ODbL-1.0""}",https://github.com/IMMM-SFA/datacenter-atlas/blob/48d45f6eef72778edf374ec52c379550bb21a046/im3_datacenter_centroids.geojson
2026-03-31,"CyrusOne NVA1, NVA2 & NVA3 · Loudoun, VA",OSM,site_mapped,265601,"{""dataset"": ""IM3 Open Source Data Center Atlas"", ""dataset_url"": ""https://data.msdlive.org/records/65g71-a4731"", ""atlas_commit"": ""48d45f6eef72778edf374ec52c379550bb21a046"", ""atlas_type"": ""building"", ""osm_name"": ""CyrusOne NVA1, NVA2 & NVA3"", ""operator"": ""CyrusOne"", ""footprint_sqft"": 265601, ""license"": ""ODbL-1.0""}",https://github.com/IMMM-SFA/datacenter-atlas/blob/48d45f6eef72778edf374ec52c379550bb21a046/im3_datacenter_centroids.geojson
2026-03-31,"CyrusOne NVA7 · Loudoun, VA",OSM,site_mapped,60930,"{""dataset"": ""IM3 Open Source Data Center Atlas"", ""dataset_url"": ""https://data.msdlive.org/records/65g71-a4731"", ""atlas_commit"": ""48d45f6eef72778edf374ec52c379550bb21a046"", ""atlas_type"": ""building"", ""osm_name"": ""CyrusOne NVA7"", ""operator"": ""CyrusOne"", ""footprint_sqft"": 60930, ""license"": ""ODbL-1.0""}",https://github.com/IMMM-SFA/datacenter-atlas/blob/48d45f6eef72778edf374ec52c379550bb21a046/im3_datacenter_centroids.geojson
2026-03-31,"Amazon IAD79 · Loudoun, VA",OSM,site_mapped,148678,"{""dataset"": ""IM3 Open Source Data Center Atlas"", ""dataset_url"": ""https://data.msdlive.org/records/65g71-a4731"", ""atlas_commit"": ""48d45f6eef72778edf374ec52c379550bb21a046"", ""atlas_type"": ""building"", ""osm_name"": ""Amazon IAD79"", ""operator"": ""Amazon Web Services"", ""footprint_sqft"": 148678, ""license"": ""ODbL-1.0""}",https://github.com/IMMM-SFA/datacenter-atlas/blob/48d45f6eef72778edf374ec52c379550bb21a046/im3_datacenter_centroids.geojson
2026-03-31,"Amazon IAD78 · Loudoun, VA",OSM,site_mapped,147979,"{""dataset"": ""IM3 Open Source Data Center Atlas"", ""dataset_url"": ""https://data.msdlive.org/records/65g71-a4731"", ""atlas_commit"": ""48d45f6eef72778edf374ec52c379550bb21a046"", ""atlas_type"": ""building"", ""osm_name"": ""Amazon IAD78"", ""operator"": ""Amazon Web Services"", ""footprint_sqft"": 147979, ""license"": ""ODbL-1.0""}",https://github.com/IMMM-SFA/datacenter-atlas/blob/48d45f6eef72778edf374ec52c379550bb21a046/im3_datacenter_centroids.geojson
2026-03-31,"Amazon IAD80 · Loudoun, VA",OSM,site_mapped,150443,"{""dataset"": ""IM3 Open Source Data Center Atlas"", ""dataset_url"": ""https://data.msdlive.org/records/65g71-a4731"", ""atlas_commit"": ""48d45f6eef72778edf374ec52c379550bb21a046"", ""atlas_type"": ""building"", ""osm_name"": ""Amazon IAD80"", ""operator"": ""Amazon Web Services"", ""footprint_sqft"": 150443, ""license"": ""ODbL-1.0""}",https://github.com/IMMM-SFA/datacenter-atlas/blob/48d45f6eef72778edf374ec52c379550bb21a046/im3_datacenter_centroids.geojson
2026-03-31,"Amazon IAD71 · Loudoun, VA",OSM,site_mapped,121176,"{""dataset"": ""IM3 Open Source Data Center Atlas"", ""dataset_url"": ""https://data.msdlive.org/records/65g71-a4731"", ""atlas_commit"": ""48d45f6eef72778edf374ec52c379550bb21a046"", ""atlas_type"": ""building"", ""osm_name"": ""Amazon IAD71"", ""operator"": ""Amazon Web Services"", ""footprint_sqft"": 121176, ""license"": ""ODbL-1.0""}",https://github.com/IMMM-SFA/datacenter-atlas/blob/48d45f6eef72778edf374ec52c379550bb21a046/im3_datacenter_centroids.geojson
2026-03-31,"Amazon IAD60 · Loudoun, VA",OSM,site_mapped,110965,"{""dataset"": ""IM3 Open Source Data Center Atlas"", ""dataset_url"": ""https://data.msdlive.org/records/65g71-a4731"", ""atlas_commit"": ""48d45f6eef72778edf374ec52c379550bb21a046"", ""atlas_type"": ""building"", ""osm_name"": ""Amazon IAD60"", ""operator"": ""Amazon Web Services"", ""footprint_sqft"": 110965, ""license"": ""ODbL-1.0""}",https://github.com/IMMM-SFA/datacenter-atlas/blob/48d45f6eef72778edf374ec52c379550bb21a046/im3_datacenter_centroids.geojson
2026-03-31,"Amazon IAD174 · Loudoun, VA",OSM,site_mapped,132388,"{""dataset"": ""IM3 Open Source Data Center Atlas"", ""dataset_url"": ""https://data.msdlive.org/records/65g71-a4731"", ""atlas_commit"": ""48d45f6eef72778edf374ec52c379550bb21a046"", ""atlas_type"": ""building"", ""osm_name"": ""Amazon IAD174"", ""operator"": ""Amazon Web Services"", ""footprint_sqft"": 132388, ""license"": ""ODbL-1.0""}",https://github.com/IMMM-SFA/datacenter-atlas/blob/48d45f6eef72778edf374ec52c379550bb21a046/im3_datacenter_centroids.geojson
2026-03-31,"Amazon IAD50 · Loudoun, VA",OSM,site_mapped,202194,"{""dataset"": ""IM3 Open Source Data Center Atlas"", ""dataset_url"": ""https://data.msdlive.org/records/65g71-a4731"", ""atlas_commit"": ""48d45f6eef72778edf374ec52c379550bb21a046"", ""atlas_type"": ""building"", ""osm_name"": ""Amazon IAD50"", ""operator"": ""Amazon Web Services"", ""footprint_sqft"": 202194, ""license"": ""ODbL-1.0""}",https://github.com/IMMM-SFA/datacenter-atlas/blob/48d45f6eef72778edf374ec52c379550bb21a046/im3_datacenter_centroids.geojson
2026-03-31,"Amazon IAD164 · Loudoun, VA",OSM,site_mapped,132374,"{""dataset"": ""IM3 Open Source Data Center Atlas"", ""dataset_url"": ""https://data.msdlive.org/records/65g71-a4731"", ""atlas_commit"": ""48d45f6eef72778edf374ec52c379550bb21a046"", ""atlas_type"": ""building"", ""osm_name"": ""Amazon IAD164"", ""operator"": ""Amazon Web Services"", ""footprint_sqft"": 132374, ""license"": ""ODbL-1.0""}",https://github.com/IMMM-SFA/datacenter-atlas/blob/48d45f6eef72778edf374ec52c379550bb21a046/im3_datacenter_centroids.geojson
2026-03-31,"Amazon IAD163 · Loudoun, VA",OSM,site_mapped,131936,"{""dataset"": ""IM3 Open Source Data Center Atlas"", ""dataset_url"": ""https://data.msdlive.org/records/65g71-a4731"", ""atlas_commit"": ""48d45f6eef72778edf374ec52c379550bb21a046"", ""atlas_type"": ""building"", ""osm_name"": ""Amazon IAD163"", ""operator"": ""Amazon Web Services"", ""footprint_sqft"": 131936, ""license"": ""ODbL-1.0""}",https://github.com/IMMM-SFA/datacenter-atlas/blob/48d45f6eef72778edf374ec52c379550bb21a046/im3_datacenter_centroids.geojson
2026-03-31,"Amazon IAD114 · Loudoun, VA",OSM,site_mapped,148005,"{""dataset"": ""IM3 Open Source Data Center Atlas"", ""dataset_url"": ""https://data.msdlive.org/records/65g71-a4731"", ""atlas_commit"": ""48d45f6eef72778edf374ec52c379550bb21a046"", ""atlas_type"": ""building"", ""osm_name"": ""Amazon IAD114"", ""operator"": ""Amazon Web Services"", ""footprint_sqft"": 148005, ""license"": ""ODbL-1.0""}",https://github.com/IMMM-SFA/datacenter-atlas/blob/48d45f6eef72778edf374ec52c379550bb21a046/im3_datacenter_centroids.geojson
2026-03-31,"Amazon IAD115 · Loudoun, VA",OSM,site_mapped,146333,"{""dataset"": ""IM3 Open Source Data Center Atlas"", ""dataset_url"": ""https://data.msdlive.org/records/65g71-a4731"", ""atlas_commit"": ""48d45f6eef72778edf374ec52c379550bb21a046"", ""atlas_type"": ""building"", ""osm_name"": ""Amazon IAD115"", ""operator"": ""Amazon Web Services"", ""footprint_sqft"": 146333, ""license"": ""ODbL-1.0""}",https://github.com/IMMM-SFA/datacenter-atlas/blob/48d45f6eef72778edf374ec52c379550bb21a046/im3_datacenter_centroids.geojson
2026-03-31,"42255 THUNDERBALL DR · Loudoun, VA",OSM,site_mapped,60458,"{""dataset"": ""IM3 Open Source Data Center Atlas"", ""dataset_url"": ""https://data.msdlive.org/records/65g71-a4731"", ""atlas_commit"": ""48d45f6eef72778edf374ec52c379550bb21a046"", ""atlas_type"": ""building"", ""osm_name"": ""42255 THUNDERBALL DR"", ""operator"": ""True North Data Solutions"", ""footprint_sqft"": 60458, ""license"": ""ODbL-1.0""}",https://github.com/IMMM-SFA/datacenter-atlas/blob/48d45f6eef72778edf374ec52c379550bb21a046/im3_datacenter_centroids.geojson
2026-03-31,"42311 THUNDERBALL DR · Loudoun, VA",OSM,site_mapped,40683,"{""dataset"": ""IM3 Open Source Data Center Atlas"", ""dataset_url"": ""https://data.msdlive.org/records/65g71-a4731"", ""atlas_commit"": ""48d45f6eef72778edf374ec52c379550bb21a046"", ""atlas_type"": ""building"", ""osm_name"": ""42311 THUNDERBALL DR"", ""operator"": ""True North Data Solutions"", ""footprint_sqft"": 40683, ""license"": ""ODbL-1.0""}",https://github.com/IMMM-SFA/datacenter-atlas/blob/48d45f6eef72778edf374ec52c379550bb21a046/im3_datacenter_centroids.geojson
2026-03-31,"42254 THUNDERBALL DR · Loudoun, VA",OSM,site_mapped,77498,"{""dataset"": ""IM3 Open Source Data Center Atlas"", ""dataset_url"": ""https://data.msdlive.org/records/65g71-a4731"", ""atlas_commit"": ""48d45f6eef72778edf374ec52c379550bb21a046"", ""atlas_type"": ""building"", ""osm_name"": ""42254 THUNDERBALL DR"", ""operator"": ""True North Data Solutions"", ""footprint_sqft"": 77498, ""license"": ""ODbL-1.0""}",https://github.com/IMMM-SFA/datacenter-atlas/blob/48d45f6eef72778edf374ec52c379550bb21a046/im3_datacenter_centroids.geojson
2026-03-31,"42310 THUNDERBALL DR · Loudoun, VA",OSM,site_mapped,78907,"{""dataset"": ""IM3 Open Source Data Center Atlas"", ""dataset_url"": ""https://data.msdlive.org/records/65g71-a4731"", ""atlas_commit"": ""48d45f6eef72778edf374ec52c379550bb21a046"", ""atlas_type"": ""building"", ""osm_name"": ""42310 THUNDERBALL DR"", ""operator"": ""True North Data Solutions"", ""footprint_sqft"": 78907, ""license"": ""ODbL-1.0""}",https://github.com/IMMM-SFA/datacenter-atlas/blob/48d45f6eef72778edf374ec52c379550bb21a046/im3_datacenter_centroids.geojson
2026-03-31,"TikTok Data Center · Loudoun, VA",OSM,site_mapped,169768,"{""dataset"": ""IM3 Open Source Data Center Atlas"", ""dataset_url"": ""https://data.msdlive.org/records/65g71-a4731"", ""atlas_commit"": ""48d45f6eef72778edf374ec52c379550bb21a046"", ""atlas_type"": ""building"", ""osm_name"": ""TikTok Data Center"", ""operator"": ""True North Data Solutions"", ""footprint_sqft"": 169768, ""license"": ""ODbL-1.0""}",https://github.com/IMMM-SFA/datacenter-atlas/blob/48d45f6eef72778edf374ec52c379550bb21a046/im3_datacenter_centroids.geojson
2026-03-31,"VISA Data Center · Loudoun, VA",OSM,site_mapped,349987,"{""dataset"": ""IM3 Open Source Data Center Atlas"", ""dataset_url"": ""https://data.msdlive.org/records/65g71-a4731"", ""atlas_commit"": ""48d45f6eef72778edf374ec52c379550bb21a046"", ""atlas_type"": ""building"", ""osm_name"": ""VISA Data Center"", ""operator"": null, ""footprint_sqft"": 349987, ""license"": ""ODbL-1.0""}",https://github.com/IMMM-SFA/datacenter-atlas/blob/48d45f6eef72778edf374ec52c379550bb21a046/im3_datacenter_centroids.geojson
2026-03-31,"Unnamed data center · Loudoun, VA #11",OSM,site_mapped,140157,"{""dataset"": ""IM3 Open Source Data Center Atlas"", ""dataset_url"": ""https://data.msdlive.org/records/65g71-a4731"", ""atlas_commit"": ""48d45f6eef72778edf374ec52c379550bb21a046"", ""atlas_type"": ""building"", ""osm_name"": null, ""operator"": null, ""footprint_sqft"": 140157, ""license"": ""ODbL-1.0""}",https://github.com/IMMM-SFA/datacenter-atlas/blob/48d45f6eef72778edf374ec52c379550bb21a046/im3_datacenter_centroids.geojson
2026-03-31,"Unnamed data center · Loudoun, VA #12",OSM,site_mapped,303500,"{""dataset"": ""IM3 Open Source Data Center Atlas"", ""dataset_url"": ""https://data.msdlive.org/records/65g71-a4731"", ""atlas_commit"": ""48d45f6eef72778edf374ec52c379550bb21a046"", ""atlas_type"": ""building"", ""osm_name"": null, ""operator"": null, ""footprint_sqft"": 303500, ""license"": ""ODbL-1.0""}",https://github.com/IMMM-SFA/datacenter-atlas/blob/48d45f6eef72778edf374ec52c379550bb21a046/im3_datacenter_centroids.geojson
2026-03-31,"Google Data Center · Loudoun, VA",OSM,site_mapped,140634,"{""dataset"": ""IM3 Open Source Data Center Atlas"", ""dataset_url"": ""https://data.msdlive.org/records/65g71-a4731"", ""atlas_commit"": ""48d45f6eef72778edf374ec52c379550bb21a046"", ""atlas_type"": ""building"", ""osm_name"": ""Google Data Center"", ""operator"": ""Google"", ""footprint_sqft"": 140634, ""license"": ""ODbL-1.0""}",https://github.com/IMMM-SFA/datacenter-atlas/blob/48d45f6eef72778edf374ec52c379550bb21a046/im3_datacenter_centroids.geojson
2026-03-31,"Unnamed data center · Loudoun, VA #13",OSM,site_mapped,116829,"{""dataset"": ""IM3 Open Source Data Center Atlas"", ""dataset_url"": ""https://data.msdlive.org/records/65g71-a4731"", ""atlas_commit"": ""48d45f6eef72778edf374ec52c379550bb21a046"", ""atlas_type"": ""building"", ""osm_name"": null, ""operator"": null, ""footprint_sqft"": 116829, ""license"": ""ODbL-1.0""}",https://github.com/IMMM-SFA/datacenter-atlas/blob/48d45f6eef72778edf374ec52c379550bb21a046/im3_datacenter_centroids.geojson
2026-03-31,"Unnamed data center · Loudoun, VA #14",OSM,site_mapped,139936,"{""dataset"": ""IM3 Open Source Data Center Atlas"", ""dataset_url"": ""https://data.msdlive.org/records/65g71-a4731"", ""atlas_commit"": ""48d45f6eef72778edf374ec52c379550bb21a046"", ""atlas_type"": ""building"", ""osm_name"": null, ""operator"": null, ""footprint_sqft"": 139936, ""license"": ""ODbL-1.0""}",https://github.com/IMMM-SFA/datacenter-atlas/blob/48d45f6eef72778edf374ec52c379550bb21a046/im3_datacenter_centroids.geojson
2026-03-31,"Unnamed data center · Loudoun, VA #15",OSM,site_mapped,149008,"{""dataset"": ""IM3 Open Source Data Center Atlas"", ""dataset_url"": ""https://data.msdlive.org/records/65g71-a4731"", ""atlas_commit"": ""48d45f6eef72778edf374ec52c379550bb21a046"", ""atlas_type"": ""building"", ""osm_name"": null, ""operator"": null, ""footprint_sqft"": 149008, ""license"": ""ODbL-1.0""}",https://github.com/IMMM-SFA/datacenter-atlas/blob/48d45f6eef72778edf374ec52c379550bb21a046/im3_datacenter_centroids.geojson
2026-03-31,"Unnamed data center · Loudoun, VA #16",OSM,site_mapped,106352,"{""dataset"": ""IM3 Open Source Data Center Atlas"", ""dataset_url"": ""https://data.msdlive.org/records/65g71-a4731"", ""atlas_commit"": ""48d45f6eef72778edf374ec52c379550bb21a046"", ""atlas_type"": ""building"", ""osm_name"": null, ""operator"": null, ""footprint_sqft"": 106352, ""license"": ""ODbL-1.0""}",https://github.com/IMMM-SFA/datacenter-atlas/blob/48d45f6eef72778edf374ec52c379550bb21a046/im3_datacenter_centroids.geojson
2026-03-31,"Unnamed data center · Loudoun, VA #17",OSM,site_mapped,200169,"{""dataset"": ""IM3 Open Source Data Center Atlas"", ""dataset_url"": ""https://data.msdlive.org/records/65g71-a4731"", ""atlas_commit"": ""48d45f6eef72778edf374ec52c379550bb21a046"", ""atlas_type"": ""building"", ""osm_name"": null, ""operator"": null, ""footprint_sqft"": 200169, ""license"": ""ODbL-1.0""}",https://github.com/IMMM-SFA/datacenter-atlas/blob/48d45f6eef72778edf374ec52c379550bb21a046/im3_datacenter_centroids.geojson
2026-03-31,"Unnamed data center · Loudoun, VA #18",OSM,site_mapped,153155,"{""dataset"": ""IM3 Open Source Data Center Atlas"", ""dataset_url"": ""https://data.msdlive.org/records/65g71-a4731"", ""atlas_commit"": ""48d45f6eef72778edf374ec52c379550bb21a046"", ""atlas_type"": ""building"", ""osm_name"": null, ""operator"": null, ""footprint_sqft"": 153155, ""license"": ""ODbL-1.0""}",https://github.com/IMMM-SFA/datacenter-atlas/blob/48d45f6eef72778edf374ec52c379550bb21a046/im3_datacenter_centroids.geojson
2026-03-31,"Unnamed data center · Loudoun, VA #19",OSM,site_mapped,242639,"{""dataset"": ""IM3 Open Source Data Center Atlas"", ""dataset_url"": ""https://data.msdlive.org/records/65g71-a4731"", ""atlas_commit"": ""48d45f6eef72778edf374ec52c379550bb21a046"", ""atlas_type"": ""building"", ""osm_name"": null, ""operator"": null, ""footprint_sqft"": 242639, ""license"": ""ODbL-1.0""}",https://github.com/IMMM-SFA/datacenter-atlas/blob/48d45f6eef72778edf374ec52c379550bb21a046/im3_datacenter_centroids.geojson
2026-03-31,"Unnamed data center · Loudoun, VA #20",OSM,site_mapped,247061,"{""dataset"": ""IM3 Open Source Data Center Atlas"", ""dataset_url"": ""https://data.msdlive.org/records/65g71-a4731"", ""atlas_commit"": ""48d45f6eef72778edf374ec52c379550bb21a046"", ""atlas_type"": ""building"", ""osm_name"": null, ""operator"": null, ""footprint_sqft"": 247061, ""license"": ""ODbL-1.0""}",https://github.com/IMMM-SFA/datacenter-atlas/blob/48d45f6eef72778edf374ec52c379550bb21a046/im3_datacenter_centroids.geojson
2026-03-31,"Microsoft · Loudoun, VA #1",OSM,site_mapped,155317,"{""dataset"": ""IM3 Open Source Data Center Atlas"", ""dataset_url"": ""https://data.msdlive.org/records/65g71-a4731"", ""atlas_commit"": ""48d45f6eef72778edf374ec52c379550bb21a046"", ""atlas_type"": ""building"", ""osm_name"": ""Microsoft"", ""operator"": ""Microsoft"", ""footprint_sqft"": 155317, ""license"": ""ODbL-1.0""}",https://github.com/IMMM-SFA/datacenter-atlas/blob/48d45f6eef72778edf374ec52c379550bb21a046/im3_datacenter_centroids.geojson
2026-03-31,"Microsoft · Loudoun, VA #2",OSM,site_mapped,97581,"{""dataset"": ""IM3 Open Source Data Center Atlas"", ""dataset_url"": ""https://data.msdlive.org/records/65g71-a4731"", ""atlas_commit"": ""48d45f6eef72778edf374ec52c379550bb21a046"", ""atlas_type"": ""building"", ""osm_name"": ""Microsoft"", ""operator"": ""Microsoft"", ""footprint_sqft"": 97581, ""license"": ""ODbL-1.0""}",https://github.com/IMMM-SFA/datacenter-atlas/blob/48d45f6eef72778edf374ec52c379550bb21a046/im3_datacenter_centroids.geojson
2026-03-31,"Unnamed data center · Loudoun, VA #21",OSM,site_mapped,200733,"{""dataset"": ""IM3 Open Source Data Center Atlas"", ""dataset_url"": ""https://data.msdlive.org/records/65g71-a4731"", ""atlas_commit"": ""48d45f6eef72778edf374ec52c379550bb21a046"", ""atlas_type"": ""building"", ""osm_name"": null, ""operator"": null, ""footprint_sqft"": 200733, ""license"": ""ODbL-1.0""}",https://github.com/IMMM-SFA/datacenter-atlas/blob/48d45f6eef72778edf374ec52c379550bb21a046/im3_datacenter_centroids.geojson
2026-03-31,"Lumos Networks · Lynchburg city, VA",OSM,site_mapped,,"{""dataset"": ""IM3 Open Source Data Center Atlas"", ""dataset_url"": ""https://data.msdlive.org/records/65g71-a4731"", ""atlas_commit"": ""48d45f6eef72778edf374ec52c379550bb21a046"", ""atlas_type"": ""point"", ""osm_name"": ""Lumos Networks"", ""operator"": null, ""footprint_sqft"": null, ""license"": ""ODbL-1.0""}",https://github.com/IMMM-SFA/datacenter-atlas/blob/48d45f6eef72778edf374ec52c379550bb21a046/im3_datacenter_centroids.geojson
2026-03-31,"Unnamed data center · Manassas city, VA",OSM,site_mapped,95987,"{""dataset"": ""IM3 Open Source Data Center Atlas"", ""dataset_url"": ""https://data.msdlive.org/records/65g71-a4731"", ""atlas_commit"": ""48d45f6eef72778edf374ec52c379550bb21a046"", ""atlas_type"": ""building"", ""osm_name"": null, ""operator"": null, ""footprint_sqft"": 95987, ""license"": ""ODbL-1.0""}",https://github.com/IMMM-SFA/datacenter-atlas/blob/48d45f6eef72778edf374ec52c379550bb21a046/im3_datacenter_centroids.geojson
2026-03-31,"Microsoft Boydton Data Center · Mecklenburg, VA",OSM,site_mapped,11273954,"{""dataset"": ""IM3 Open Source Data Center Atlas"", ""dataset_url"": ""https://data.msdlive.org/records/65g71-a4731"", ""atlas_commit"": ""48d45f6eef72778edf374ec52c379550bb21a046"", ""atlas_type"": ""campus"", ""osm_name"": ""Microsoft Boydton Data Center"", ""operator"": ""Microsoft"", ""footprint_sqft"": 11273954, ""license"": ""ODbL-1.0""}",https://github.com/IMMM-SFA/datacenter-atlas/blob/48d45f6eef72778edf374ec52c379550bb21a046/im3_datacenter_centroids.geojson
2026-03-31,"CloudHQ MCC3 · Prince William, VA",OSM,site_mapped,122891,"{""dataset"": ""IM3 Open Source Data Center Atlas"", ""dataset_url"": ""https://data.msdlive.org/records/65g71-a4731"", ""atlas_commit"": ""48d45f6eef72778edf374ec52c379550bb21a046"", ""atlas_type"": ""building"", ""osm_name"": ""CloudHQ MCC3"", ""operator"": ""CloudHQ"", ""footprint_sqft"": 122891, ""license"": ""ODbL-1.0""}",https://github.com/IMMM-SFA/datacenter-atlas/blob/48d45f6eef72778edf374ec52c379550bb21a046/im3_datacenter_centroids.geojson
2026-03-31,"CloudHQ MCC1 · Prince William, VA",OSM,site_mapped,399915,"{""dataset"": ""IM3 Open Source Data Center Atlas"", ""dataset_url"": ""https://data.msdlive.org/records/65g71-a4731"", ""atlas_commit"": ""48d45f6eef72778edf374ec52c379550bb21a046"", ""atlas_type"": ""building"", ""osm_name"": ""CloudHQ MCC1"", ""operator"": ""CloudHQ"", ""footprint_sqft"": 399915, ""license"": ""ODbL-1.0""}",https://github.com/IMMM-SFA/datacenter-atlas/blob/48d45f6eef72778edf374ec52c379550bb21a046/im3_datacenter_centroids.geojson
2026-03-31,"CloudHQ MCC2 · Prince William, VA",OSM,site_mapped,351091,"{""dataset"": ""IM3 Open Source Data Center Atlas"", ""dataset_url"": ""https://data.msdlive.org/records/65g71-a4731"", ""atlas_commit"": ""48d45f6eef72778edf374ec52c379550bb21a046"", ""atlas_type"": ""building"", ""osm_name"": ""CloudHQ MCC2"", ""operator"": ""CloudHQ"", ""footprint_sqft"": 351091, ""license"": ""ODbL-1.0""}",https://github.com/IMMM-SFA/datacenter-atlas/blob/48d45f6eef72778edf374ec52c379550bb21a046/im3_datacenter_centroids.geojson
2026-03-31,"Amazon IAD100 · Prince William, VA",OSM,site_mapped,214611,"{""dataset"": ""IM3 Open Source Data Center Atlas"", ""dataset_url"": ""https://data.msdlive.org/records/65g71-a4731"", ""atlas_commit"": ""48d45f6eef72778edf374ec52c379550bb21a046"", ""atlas_type"": ""building"", ""osm_name"": ""Amazon IAD100"", ""operator"": ""Amazon Web Services"", ""footprint_sqft"": 214611, ""license"": ""ODbL-1.0""}",https://github.com/IMMM-SFA/datacenter-atlas/blob/48d45f6eef72778edf374ec52c379550bb21a046/im3_datacenter_centroids.geojson
2026-03-31,"Amazon IAD101 · Prince William, VA",OSM,site_mapped,214330,"{""dataset"": ""IM3 Open Source Data Center Atlas"", ""dataset_url"": ""https://data.msdlive.org/records/65g71-a4731"", ""atlas_commit"": ""48d45f6eef72778edf374ec52c379550bb21a046"", ""atlas_type"": ""building"", ""osm_name"": ""Amazon IAD101"", ""operator"": ""Amazon Web Services"", ""footprint_sqft"": 214330, ""license"": ""ODbL-1.0""}",https://github.com/IMMM-SFA/datacenter-atlas/blob/48d45f6eef72778edf374ec52c379550bb21a046/im3_datacenter_centroids.geojson
2026-03-31,"Amazon IAD102 · Prince William, VA",OSM,site_mapped,214338,"{""dataset"": ""IM3 Open Source Data Center Atlas"", ""dataset_url"": ""https://data.msdlive.org/records/65g71-a4731"", ""atlas_commit"": ""48d45f6eef72778edf374ec52c379550bb21a046"", ""atlas_type"": ""building"", ""osm_name"": ""Amazon IAD102"", ""operator"": ""Amazon Web Services"", ""footprint_sqft"": 214338, ""license"": ""ODbL-1.0""}",https://github.com/IMMM-SFA/datacenter-atlas/blob/48d45f6eef72778edf374ec52c379550bb21a046/im3_datacenter_centroids.geojson
2026-03-31,"Amazon IAD103 · Prince William, VA",OSM,site_mapped,141914,"{""dataset"": ""IM3 Open Source Data Center Atlas"", ""dataset_url"": ""https://data.msdlive.org/records/65g71-a4731"", ""atlas_commit"": ""48d45f6eef72778edf374ec52c379550bb21a046"", ""atlas_type"": ""building"", ""osm_name"": ""Amazon IAD103"", ""operator"": ""Amazon Web Services"", ""footprint_sqft"": 141914, ""license"": ""ODbL-1.0""}",https://github.com/IMMM-SFA/datacenter-atlas/blob/48d45f6eef72778edf374ec52c379550bb21a046/im3_datacenter_centroids.geojson
2026-03-31,"Amazon Web Services · Prince William, VA #1",OSM,site_mapped,112502,"{""dataset"": ""IM3 Open Source Data Center Atlas"", ""dataset_url"": ""https://data.msdlive.org/records/65g71-a4731"", ""atlas_commit"": ""48d45f6eef72778edf374ec52c379550bb21a046"", ""atlas_type"": ""building"", ""osm_name"": ""Amazon Web Services"", ""operator"": ""Amazon Web Services"", ""footprint_sqft"": 112502, ""license"": ""ODbL-1.0""}",https://github.com/IMMM-SFA/datacenter-atlas/blob/48d45f6eef72778edf374ec52c379550bb21a046/im3_datacenter_centroids.geojson
2026-03-31,"COPT Innovation Park Data Center · Prince William, VA",OSM,site_mapped,149206,"{""dataset"": ""IM3 Open Source Data Center Atlas"", ""dataset_url"": ""https://data.msdlive.org/records/65g71-a4731"", ""atlas_commit"": ""48d45f6eef72778edf374ec52c379550bb21a046"", ""atlas_type"": ""building"", ""osm_name"": ""COPT Innovation Park Data Center"", ""operator"": ""Amazon Web Services"", ""footprint_sqft"": 149206, ""license"": ""ODbL-1.0""}",https://github.com/IMMM-SFA/datacenter-atlas/blob/48d45f6eef72778edf374ec52c379550bb21a046/im3_datacenter_centroids.geojson
2026-03-31,"COPT Data Center Bldg 2 · Prince William, VA",OSM,site_mapped,104114,"{""dataset"": ""IM3 Open Source Data Center Atlas"", ""dataset_url"": ""https://data.msdlive.org/records/65g71-a4731"", ""atlas_commit"": ""48d45f6eef72778edf374ec52c379550bb21a046"", ""atlas_type"": ""building"", ""osm_name"": ""COPT Data Center Bldg 2"", ""operator"": ""Amazon Web Services"", ""footprint_sqft"": 104114, ""license"": ""ODbL-1.0""}",https://github.com/IMMM-SFA/datacenter-atlas/blob/48d45f6eef72778edf374ec52c379550bb21a046/im3_datacenter_centroids.geojson
2026-03-31,"Amazon Web Services · Prince William, VA #2",OSM,site_mapped,111697,"{""dataset"": ""IM3 Open Source Data Center Atlas"", ""dataset_url"": ""https://data.msdlive.org/records/65g71-a4731"", ""atlas_commit"": ""48d45f6eef72778edf374ec52c379550bb21a046"", ""atlas_type"": ""building"", ""osm_name"": ""Amazon Web Services"", ""operator"": ""Amazon Web Services"", ""footprint_sqft"": 111697, ""license"": ""ODbL-1.0""}",https://github.com/IMMM-SFA/datacenter-atlas/blob/48d45f6eef72778edf374ec52c379550bb21a046/im3_datacenter_centroids.geojson
2026-03-31,"Amazon Web Services · Prince William, VA #3",OSM,site_mapped,14507,"{""dataset"": ""IM3 Open Source Data Center Atlas"", ""dataset_url"": ""https://data.msdlive.org/records/65g71-a4731"", ""atlas_commit"": ""48d45f6eef72778edf374ec52c379550bb21a046"", ""atlas_type"": ""building"", ""osm_name"": ""Amazon Web Services"", ""operator"": ""Amazon Web Services"", ""footprint_sqft"": 14507, ""license"": ""ODbL-1.0""}",https://github.com/IMMM-SFA/datacenter-atlas/blob/48d45f6eef72778edf374ec52c379550bb21a046/im3_datacenter_centroids.geojson
2026-03-31,"Unnamed data center · Prince William, VA #1",OSM,site_mapped,257960,"{""dataset"": ""IM3 Open Source Data Center Atlas"", ""dataset_url"": ""https://data.msdlive.org/records/65g71-a4731"", ""atlas_commit"": ""48d45f6eef72778edf374ec52c379550bb21a046"", ""atlas_type"": ""building"", ""osm_name"": null, ""operator"": null, ""footprint_sqft"": 257960, ""license"": ""ODbL-1.0""}",https://github.com/IMMM-SFA/datacenter-atlas/blob/48d45f6eef72778edf374ec52c379550bb21a046/im3_datacenter_centroids.geojson
2026-03-31,"Amazon Web Services · Prince William, VA #4",OSM,site_mapped,212702,"{""dataset"": ""IM3 Open Source Data Center Atlas"", ""dataset_url"": ""https://data.msdlive.org/records/65g71-a4731"", ""atlas_commit"": ""48d45f6eef72778edf374ec52c379550bb21a046"", ""atlas_type"": ""building"", ""osm_name"": ""Amazon Web Services"", ""operator"": ""Amazon Web Services"", ""footprint_sqft"": 212702, ""license"": ""ODbL-1.0""}",https://github.com/IMMM-SFA/datacenter-atlas/blob/48d45f6eef72778edf374ec52c379550bb21a046/im3_datacenter_centroids.geojson
2026-03-31,"AWS IAD106 · Prince William, VA",OSM,site_mapped,205206,"{""dataset"": ""IM3 Open Source Data Center Atlas"", ""dataset_url"": ""https://data.msdlive.org/records/65g71-a4731"", ""atlas_commit"": ""48d45f6eef72778edf374ec52c379550bb21a046"", ""atlas_type"": ""building"", ""osm_name"": ""AWS IAD106"", ""operator"": ""Amazon Web Services"", ""footprint_sqft"": 205206, ""license"": ""ODbL-1.0""}",https://github.com/IMMM-SFA/datacenter-atlas/blob/48d45f6eef72778edf374ec52c379550bb21a046/im3_datacenter_centroids.geojson
2026-03-31,"COPT Data Center · Prince William, VA",OSM,site_mapped,127955,"{""dataset"": ""IM3 Open Source Data Center Atlas"", ""dataset_url"": ""https://data.msdlive.org/records/65g71-a4731"", ""atlas_commit"": ""48d45f6eef72778edf374ec52c379550bb21a046"", ""atlas_type"": ""building"", ""osm_name"": ""COPT Data Center"", ""operator"": null, ""footprint_sqft"": 127955, ""license"": ""ODbL-1.0""}",https://github.com/IMMM-SFA/datacenter-atlas/blob/48d45f6eef72778edf374ec52c379550bb21a046/im3_datacenter_centroids.geojson
2026-03-31,"AWS IAD105 · Prince William, VA",OSM,site_mapped,214270,"{""dataset"": ""IM3 Open Source Data Center Atlas"", ""dataset_url"": ""https://data.msdlive.org/records/65g71-a4731"", ""atlas_commit"": ""48d45f6eef72778edf374ec52c379550bb21a046"", ""atlas_type"": ""building"", ""osm_name"": ""AWS IAD105"", ""operator"": ""Amazon Web Services"", ""footprint_sqft"": 214270, ""license"": ""ODbL-1.0""}",https://github.com/IMMM-SFA/datacenter-atlas/blob/48d45f6eef72778edf374ec52c379550bb21a046/im3_datacenter_centroids.geojson
2026-03-31,"AWS IAD104 · Prince William, VA",OSM,site_mapped,214258,"{""dataset"": ""IM3 Open Source Data Center Atlas"", ""dataset_url"": ""https://data.msdlive.org/records/65g71-a4731"", ""atlas_commit"": ""48d45f6eef72778edf374ec52c379550bb21a046"", ""atlas_type"": ""building"", ""osm_name"": ""AWS IAD104"", ""operator"": ""Amazon Web Services"", ""footprint_sqft"": 214258, ""license"": ""ODbL-1.0""}",https://github.com/IMMM-SFA/datacenter-atlas/blob/48d45f6eef72778edf374ec52c379550bb21a046/im3_datacenter_centroids.geojson
2026-03-31,"QTS Manassas DC1 · Prince William, VA #1",OSM,site_mapped,123471,"{""dataset"": ""IM3 Open Source Data Center Atlas"", ""dataset_url"": ""https://data.msdlive.org/records/65g71-a4731"", ""atlas_commit"": ""48d45f6eef72778edf374ec52c379550bb21a046"", ""atlas_type"": ""building"", ""osm_name"": ""QTS Manassas DC1"", ""operator"": ""Quality Technology Services"", ""footprint_sqft"": 123471, ""license"": ""ODbL-1.0""}",https://github.com/IMMM-SFA/datacenter-atlas/blob/48d45f6eef72778edf374ec52c379550bb21a046/im3_datacenter_centroids.geojson
2026-03-31,"QTS Manassas DC1 · Prince William, VA #2",OSM,site_mapped,128120,"{""dataset"": ""IM3 Open Source Data Center Atlas"", ""dataset_url"": ""https://data.msdlive.org/records/65g71-a4731"", ""atlas_commit"": ""48d45f6eef72778edf374ec52c379550bb21a046"", ""atlas_type"": ""building"", ""osm_name"": ""QTS Manassas DC1"", ""operator"": ""Quality Technology Services"", ""footprint_sqft"": 128120, ""license"": ""ODbL-1.0""}",https://github.com/IMMM-SFA/datacenter-atlas/blob/48d45f6eef72778edf374ec52c379550bb21a046/im3_datacenter_centroids.geojson
2026-03-31,"QTS Manassas DC2 · Prince William, VA",OSM,site_mapped,137971,"{""dataset"": ""IM3 Open Source Data Center Atlas"", ""dataset_url"": ""https://data.msdlive.org/records/65g71-a4731"", ""atlas_commit"": ""48d45f6eef72778edf374ec52c379550bb21a046"", ""atlas_type"": ""building"", ""osm_name"": ""QTS Manassas DC2"", ""operator"": ""Quality Technology Services"", ""footprint_sqft"": 137971, ""license"": ""ODbL-1.0""}",https://github.com/IMMM-SFA/datacenter-atlas/blob/48d45f6eef72778edf374ec52c379550bb21a046/im3_datacenter_centroids.geojson
2026-03-31,"QTS Manassas DC5 · Prince William, VA",OSM,site_mapped,153531,"{""dataset"": ""IM3 Open Source Data Center Atlas"", ""dataset_url"": ""https://data.msdlive.org/records/65g71-a4731"", ""atlas_commit"": ""48d45f6eef72778edf374ec52c379550bb21a046"", ""atlas_type"": ""building"", ""osm_name"": ""QTS Manassas DC5"", ""operator"": ""Quality Technology Services"", ""footprint_sqft"": 153531, ""license"": ""ODbL-1.0""}",https://github.com/IMMM-SFA/datacenter-atlas/blob/48d45f6eef72778edf374ec52c379550bb21a046/im3_datacenter_centroids.geojson
2026-03-31,"Unnamed data center · Prince William, VA #2",OSM,site_mapped,139592,"{""dataset"": ""IM3 Open Source Data Center Atlas"", ""dataset_url"": ""https://data.msdlive.org/records/65g71-a4731"", ""atlas_commit"": ""48d45f6eef72778edf374ec52c379550bb21a046"", ""atlas_type"": ""building"", ""osm_name"": null, ""operator"": null, ""footprint_sqft"": 139592, ""license"": ""ODbL-1.0""}",https://github.com/IMMM-SFA/datacenter-atlas/blob/48d45f6eef72778edf374ec52c379550bb21a046/im3_datacenter_centroids.geojson
2026-03-31,"Amazon IAD130 · Prince William, VA",OSM,site_mapped,103128,"{""dataset"": ""IM3 Open Source Data Center Atlas"", ""dataset_url"": ""https://data.msdlive.org/records/65g71-a4731"", ""atlas_commit"": ""48d45f6eef72778edf374ec52c379550bb21a046"", ""atlas_type"": ""building"", ""osm_name"": ""Amazon IAD130"", ""operator"": ""Amazon Web Services"", ""footprint_sqft"": 103128, ""license"": ""ODbL-1.0""}",https://github.com/IMMM-SFA/datacenter-atlas/blob/48d45f6eef72778edf374ec52c379550bb21a046/im3_datacenter_centroids.geojson
2026-03-31,"Amazon IAD131 · Prince William, VA",OSM,site_mapped,104697,"{""dataset"": ""IM3 Open Source Data Center Atlas"", ""dataset_url"": ""https://data.msdlive.org/records/65g71-a4731"", ""atlas_commit"": ""48d45f6eef72778edf374ec52c379550bb21a046"", ""atlas_type"": ""building"", ""osm_name"": ""Amazon IAD131"", ""operator"": ""Amazon Web Services"", ""footprint_sqft"": 104697, ""license"": ""ODbL-1.0""}",https://github.com/IMMM-SFA/datacenter-atlas/blob/48d45f6eef72778edf374ec52c379550bb21a046/im3_datacenter_centroids.geojson
2026-03-31,"Iron Mountain VA-6 · Prince William, VA",OSM,site_mapped,181918,"{""dataset"": ""IM3 Open Source Data Center Atlas"", ""dataset_url"": ""https://data.msdlive.org/records/65g71-a4731"", ""atlas_commit"": ""48d45f6eef72778edf374ec52c379550bb21a046"", ""atlas_type"": ""building"", ""osm_name"": ""Iron Mountain VA-6"", ""operator"": null, ""footprint_sqft"": 181918, ""license"": ""ODbL-1.0""}",https://github.com/IMMM-SFA/datacenter-atlas/blob/48d45f6eef72778edf374ec52c379550bb21a046/im3_datacenter_centroids.geojson
2026-03-31,"Iron Mountain VA-5 · Prince William, VA",OSM,site_mapped,106629,"{""dataset"": ""IM3 Open Source Data Center Atlas"", ""dataset_url"": ""https://data.msdlive.org/records/65g71-a4731"", ""atlas_commit"": ""48d45f6eef72778edf374ec52c379550bb21a046"", ""atlas_type"": ""building"", ""osm_name"": ""Iron Mountain VA-5"", ""operator"": null, ""footprint_sqft"": 106629, ""license"": ""ODbL-1.0""}",https://github.com/IMMM-SFA/datacenter-atlas/blob/48d45f6eef72778edf374ec52c379550bb21a046/im3_datacenter_centroids.geojson
2026-03-31,"Google · Prince William, VA #1",OSM,site_mapped,289621,"{""dataset"": ""IM3 Open Source Data Center Atlas"", ""dataset_url"": ""https://data.msdlive.org/records/65g71-a4731"", ""atlas_commit"": ""48d45f6eef72778edf374ec52c379550bb21a046"", ""atlas_type"": ""building"", ""osm_name"": ""Google"", ""operator"": ""Google"", ""footprint_sqft"": 289621, ""license"": ""ODbL-1.0""}",https://github.com/IMMM-SFA/datacenter-atlas/blob/48d45f6eef72778edf374ec52c379550bb21a046/im3_datacenter_centroids.geojson
2026-03-31,"Iron Mountain VA-4 · Prince William, VA",OSM,site_mapped,89044,"{""dataset"": ""IM3 Open Source Data Center Atlas"", ""dataset_url"": ""https://data.msdlive.org/records/65g71-a4731"", ""atlas_commit"": ""48d45f6eef72778edf374ec52c379550bb21a046"", ""atlas_type"": ""building"", ""osm_name"": ""Iron Mountain VA-4"", ""operator"": null, ""footprint_sqft"": 89044, ""license"": ""ODbL-1.0""}",https://github.com/IMMM-SFA/datacenter-atlas/blob/48d45f6eef72778edf374ec52c379550bb21a046/im3_datacenter_centroids.geojson
2026-03-31,"Iron Mountain VA-3 · Prince William, VA",OSM,site_mapped,181174,"{""dataset"": ""IM3 Open Source Data Center Atlas"", ""dataset_url"": ""https://data.msdlive.org/records/65g71-a4731"", ""atlas_commit"": ""48d45f6eef72778edf374ec52c379550bb21a046"", ""atlas_type"": ""building"", ""osm_name"": ""Iron Mountain VA-3"", ""operator"": null, ""footprint_sqft"": 181174, ""license"": ""ODbL-1.0""}",https://github.com/IMMM-SFA/datacenter-atlas/blob/48d45f6eef72778edf374ec52c379550bb21a046/im3_datacenter_centroids.geojson
2026-03-31,"Google · Prince William, VA #2",OSM,site_mapped,289731,"{""dataset"": ""IM3 Open Source Data Center Atlas"", ""dataset_url"": ""https://data.msdlive.org/records/65g71-a4731"", ""atlas_commit"": ""48d45f6eef72778edf374ec52c379550bb21a046"", ""atlas_type"": ""building"", ""osm_name"": ""Google"", ""operator"": ""Google"", ""footprint_sqft"": 289731, ""license"": ""ODbL-1.0""}",https://github.com/IMMM-SFA/datacenter-atlas/blob/48d45f6eef72778edf374ec52c379550bb21a046/im3_datacenter_centroids.geojson
2026-03-31,"Iron Mountain VA-2 · Prince William, VA",OSM,site_mapped,158664,"{""dataset"": ""IM3 Open Source Data Center Atlas"", ""dataset_url"": ""https://data.msdlive.org/records/65g71-a4731"", ""atlas_commit"": ""48d45f6eef72778edf374ec52c379550bb21a046"", ""atlas_type"": ""building"", ""osm_name"": ""Iron Mountain VA-2"", ""operator"": null, ""footprint_sqft"": 158664, ""license"": ""ODbL-1.0""}",https://github.com/IMMM-SFA/datacenter-atlas/blob/48d45f6eef72778edf374ec52c379550bb21a046/im3_datacenter_centroids.geojson
2026-03-31,"Amazon IAD74 · Prince William, VA",OSM,site_mapped,147480,"{""dataset"": ""IM3 Open Source Data Center Atlas"", ""dataset_url"": ""https://data.msdlive.org/records/65g71-a4731"", ""atlas_commit"": ""48d45f6eef72778edf374ec52c379550bb21a046"", ""atlas_type"": ""building"", ""osm_name"": ""Amazon IAD74"", ""operator"": ""Amazon Web Services"", ""footprint_sqft"": 147480, ""license"": ""ODbL-1.0""}",https://github.com/IMMM-SFA/datacenter-atlas/blob/48d45f6eef72778edf374ec52c379550bb21a046/im3_datacenter_centroids.geojson
2026-03-31,"Iron Mountain VA-1 · Prince William, VA",OSM,site_mapped,163790,"{""dataset"": ""IM3 Open Source Data Center Atlas"", ""dataset_url"": ""https://data.msdlive.org/records/65g71-a4731"", ""atlas_commit"": ""48d45f6eef72778edf374ec52c379550bb21a046"", ""atlas_type"": ""building"", ""osm_name"": ""Iron Mountain VA-1"", ""operator"": null, ""footprint_sqft"": 163790, ""license"": ""ODbL-1.0""}",https://github.com/IMMM-SFA/datacenter-atlas/blob/48d45f6eef72778edf374ec52c379550bb21a046/im3_datacenter_centroids.geojson
2026-03-31,"Amazon IAD73 · Prince William, VA",OSM,site_mapped,146162,"{""dataset"": ""IM3 Open Source Data Center Atlas"", ""dataset_url"": ""https://data.msdlive.org/records/65g71-a4731"", ""atlas_commit"": ""48d45f6eef72778edf374ec52c379550bb21a046"", ""atlas_type"": ""building"", ""osm_name"": ""Amazon IAD73"", ""operator"": ""Amazon Web Services"", ""footprint_sqft"": 146162, ""license"": ""ODbL-1.0""}",https://github.com/IMMM-SFA/datacenter-atlas/blob/48d45f6eef72778edf374ec52c379550bb21a046/im3_datacenter_centroids.geojson
2026-03-31,"VA 4 · Prince William, VA",OSM,site_mapped,263538,"{""dataset"": ""IM3 Open Source Data Center Atlas"", ""dataset_url"": ""https://data.msdlive.org/records/65g71-a4731"", ""atlas_commit"": ""48d45f6eef72778edf374ec52c379550bb21a046"", ""atlas_type"": ""building"", ""osm_name"": ""VA 4"", ""operator"": ""Digital Realty"", ""footprint_sqft"": 263538, ""license"": ""ODbL-1.0""}",https://github.com/IMMM-SFA/datacenter-atlas/blob/48d45f6eef72778edf374ec52c379550bb21a046/im3_datacenter_centroids.geojson
2026-03-31,"Amazon Web Services · Prince William, VA #5",OSM,site_mapped,214748,"{""dataset"": ""IM3 Open Source Data Center Atlas"", ""dataset_url"": ""https://data.msdlive.org/records/65g71-a4731"", ""atlas_commit"": ""48d45f6eef72778edf374ec52c379550bb21a046"", ""atlas_type"": ""building"", ""osm_name"": ""Amazon Web Services"", ""operator"": ""Amazon IAD95"", ""footprint_sqft"": 214748, ""license"": ""ODbL-1.0""}",https://github.com/IMMM-SFA/datacenter-atlas/blob/48d45f6eef72778edf374ec52c379550bb21a046/im3_datacenter_centroids.geojson
2026-03-31,"Amazon IAD601 · Prince William, VA",OSM,site_mapped,14469,"{""dataset"": ""IM3 Open Source Data Center Atlas"", ""dataset_url"": ""https://data.msdlive.org/records/65g71-a4731"", ""atlas_commit"": ""48d45f6eef72778edf374ec52c379550bb21a046"", ""atlas_type"": ""building"", ""osm_name"": ""Amazon IAD601"", ""operator"": ""Amazon Web Services"", ""footprint_sqft"": 14469, ""license"": ""ODbL-1.0""}",https://github.com/IMMM-SFA/datacenter-atlas/blob/48d45f6eef72778edf374ec52c379550bb21a046/im3_datacenter_centroids.geojson
2026-03-31,"Google · Prince William, VA #3",OSM,site_mapped,289592,"{""dataset"": ""IM3 Open Source Data Center Atlas"", ""dataset_url"": ""https://data.msdlive.org/records/65g71-a4731"", ""atlas_commit"": ""48d45f6eef72778edf374ec52c379550bb21a046"", ""atlas_type"": ""building"", ""osm_name"": ""Google"", ""operator"": ""Google"", ""footprint_sqft"": 289592, ""license"": ""ODbL-1.0""}",https://github.com/IMMM-SFA/datacenter-atlas/blob/48d45f6eef72778edf374ec52c379550bb21a046/im3_datacenter_centroids.geojson
2026-03-31,"Amazon Web Services · Prince William, VA #6",OSM,site_mapped,214662,"{""dataset"": ""IM3 Open Source Data Center Atlas"", ""dataset_url"": ""https://data.msdlive.org/records/65g71-a4731"", ""atlas_commit"": ""48d45f6eef72778edf374ec52c379550bb21a046"", ""atlas_type"": ""building"", ""osm_name"": ""Amazon Web Services"", ""operator"": ""Amazon IAD75"", ""footprint_sqft"": 214662, ""license"": ""ODbL-1.0""}",https://github.com/IMMM-SFA/datacenter-atlas/blob/48d45f6eef72778edf374ec52c379550bb21a046/im3_datacenter_centroids.geojson
2026-03-31,"Amazon Web Services · Prince William, VA #7",OSM,site_mapped,149064,"{""dataset"": ""IM3 Open Source Data Center Atlas"", ""dataset_url"": ""https://data.msdlive.org/records/65g71-a4731"", ""atlas_commit"": ""48d45f6eef72778edf374ec52c379550bb21a046"", ""atlas_type"": ""building"", ""osm_name"": ""Amazon Web Services"", ""operator"": ""Amazon IAD85"", ""footprint_sqft"": 149064, ""license"": ""ODbL-1.0""}",https://github.com/IMMM-SFA/datacenter-atlas/blob/48d45f6eef72778edf374ec52c379550bb21a046/im3_datacenter_centroids.geojson
2026-03-31,"Amazon Web Services · Prince William, VA #8",OSM,site_mapped,149064,"{""dataset"": ""IM3 Open Source Data Center Atlas"", ""dataset_url"": ""https://data.msdlive.org/records/65g71-a4731"", ""atlas_commit"": ""48d45f6eef72778edf374ec52c379550bb21a046"", ""atlas_type"": ""building"", ""osm_name"": ""Amazon Web Services"", ""operator"": ""Amazon IAD96"", ""footprint_sqft"": 149064, ""license"": ""ODbL-1.0""}",https://github.com/IMMM-SFA/datacenter-atlas/blob/48d45f6eef72778edf374ec52c379550bb21a046/im3_datacenter_centroids.geojson
2026-03-31,"Amazon IAD14 · Prince William, VA",OSM,site_mapped,118192,"{""dataset"": ""IM3 Open Source Data Center Atlas"", ""dataset_url"": ""https://data.msdlive.org/records/65g71-a4731"", ""atlas_commit"": ""48d45f6eef72778edf374ec52c379550bb21a046"", ""atlas_type"": ""building"", ""osm_name"": ""Amazon IAD14"", ""operator"": ""Amazon Web Services"", ""footprint_sqft"": 118192, ""license"": ""ODbL-1.0""}",https://github.com/IMMM-SFA/datacenter-atlas/blob/48d45f6eef72778edf374ec52c379550bb21a046/im3_datacenter_centroids.geojson
2026-03-31,"Amazon IAD24 · Prince William, VA",OSM,site_mapped,31388,"{""dataset"": ""IM3 Open Source Data Center Atlas"", ""dataset_url"": ""https://data.msdlive.org/records/65g71-a4731"", ""atlas_commit"": ""48d45f6eef72778edf374ec52c379550bb21a046"", ""atlas_type"": ""building"", ""osm_name"": ""Amazon IAD24"", ""operator"": ""Amazon Web Services"", ""footprint_sqft"": 31388, ""license"": ""ODbL-1.0""}",https://github.com/IMMM-SFA/datacenter-atlas/blob/48d45f6eef72778edf374ec52c379550bb21a046/im3_datacenter_centroids.geojson
2026-03-31,"Amazon IAD11 · Prince William, VA",OSM,site_mapped,122474,"{""dataset"": ""IM3 Open Source Data Center Atlas"", ""dataset_url"": ""https://data.msdlive.org/records/65g71-a4731"", ""atlas_commit"": ""48d45f6eef72778edf374ec52c379550bb21a046"", ""atlas_type"": ""building"", ""osm_name"": ""Amazon IAD11"", ""operator"": ""Amazon Web Services"", ""footprint_sqft"": 122474, ""license"": ""ODbL-1.0""}",https://github.com/IMMM-SFA/datacenter-atlas/blob/48d45f6eef72778edf374ec52c379550bb21a046/im3_datacenter_centroids.geojson
2026-03-31,"Amazon IAD52 · Prince William, VA",OSM,site_mapped,126699,"{""dataset"": ""IM3 Open Source Data Center Atlas"", ""dataset_url"": ""https://data.msdlive.org/records/65g71-a4731"", ""atlas_commit"": ""48d45f6eef72778edf374ec52c379550bb21a046"", ""atlas_type"": ""building"", ""osm_name"": ""Amazon IAD52"", ""operator"": ""Amazon Web Services"", ""footprint_sqft"": 126699, ""license"": ""ODbL-1.0""}",https://github.com/IMMM-SFA/datacenter-atlas/blob/48d45f6eef72778edf374ec52c379550bb21a046/im3_datacenter_centroids.geojson
2026-03-31,"Amazon IAD7 · Prince William, VA",OSM,site_mapped,109423,"{""dataset"": ""IM3 Open Source Data Center Atlas"", ""dataset_url"": ""https://data.msdlive.org/records/65g71-a4731"", ""atlas_commit"": ""48d45f6eef72778edf374ec52c379550bb21a046"", ""atlas_type"": ""building"", ""osm_name"": ""Amazon IAD7"", ""operator"": ""Amazon Web Services"", ""footprint_sqft"": 109423, ""license"": ""ODbL-1.0""}",https://github.com/IMMM-SFA/datacenter-atlas/blob/48d45f6eef72778edf374ec52c379550bb21a046/im3_datacenter_centroids.geojson
2026-03-31,"Amazon IAD59 · Prince William, VA",OSM,site_mapped,127281,"{""dataset"": ""IM3 Open Source Data Center Atlas"", ""dataset_url"": ""https://data.msdlive.org/records/65g71-a4731"", ""atlas_commit"": ""48d45f6eef72778edf374ec52c379550bb21a046"", ""atlas_type"": ""building"", ""osm_name"": ""Amazon IAD59"", ""operator"": ""Amazon Web Services"", ""footprint_sqft"": 127281, ""license"": ""ODbL-1.0""}",https://github.com/IMMM-SFA/datacenter-atlas/blob/48d45f6eef72778edf374ec52c379550bb21a046/im3_datacenter_centroids.geojson
2026-03-31,"Microsoft Data Center 2 · Prince William, VA",OSM,site_mapped,247070,"{""dataset"": ""IM3 Open Source Data Center Atlas"", ""dataset_url"": ""https://data.msdlive.org/records/65g71-a4731"", ""atlas_commit"": ""48d45f6eef72778edf374ec52c379550bb21a046"", ""atlas_type"": ""building"", ""osm_name"": ""Microsoft Data Center 2"", ""operator"": ""Microsoft"", ""footprint_sqft"": 247070, ""license"": ""ODbL-1.0""}",https://github.com/IMMM-SFA/datacenter-atlas/blob/48d45f6eef72778edf374ec52c379550bb21a046/im3_datacenter_centroids.geojson
2026-03-31,"NTT VA11 Data Center · Prince William, VA",OSM,site_mapped,,"{""dataset"": ""IM3 Open Source Data Center Atlas"", ""dataset_url"": ""https://data.msdlive.org/records/65g71-a4731"", ""atlas_commit"": ""48d45f6eef72778edf374ec52c379550bb21a046"", ""atlas_type"": ""point"", ""osm_name"": ""NTT VA11 Data Center"", ""operator"": ""NTT"", ""footprint_sqft"": null, ""license"": ""ODbL-1.0""}",https://github.com/IMMM-SFA/datacenter-atlas/blob/48d45f6eef72778edf374ec52c379550bb21a046/im3_datacenter_centroids.geojson
2026-03-31,"Amazon Web Services · Prince William, VA #9",OSM,site_mapped,130170,"{""dataset"": ""IM3 Open Source Data Center Atlas"", ""dataset_url"": ""https://data.msdlive.org/records/65g71-a4731"", ""atlas_commit"": ""48d45f6eef72778edf374ec52c379550bb21a046"", ""atlas_type"": ""building"", ""osm_name"": ""Amazon Web Services"", ""operator"": ""Amazon Web Services"", ""footprint_sqft"": 130170, ""license"": ""ODbL-1.0""}",https://github.com/IMMM-SFA/datacenter-atlas/blob/48d45f6eef72778edf374ec52c379550bb21a046/im3_datacenter_centroids.geojson
2026-03-31,"Amazon Web Services · Prince William, VA #10",OSM,site_mapped,127010,"{""dataset"": ""IM3 Open Source Data Center Atlas"", ""dataset_url"": ""https://data.msdlive.org/records/65g71-a4731"", ""atlas_commit"": ""48d45f6eef72778edf374ec52c379550bb21a046"", ""atlas_type"": ""building"", ""osm_name"": ""Amazon Web Services"", ""operator"": ""Amazon Web Services"", ""footprint_sqft"": 127010, ""license"": ""ODbL-1.0""}",https://github.com/IMMM-SFA/datacenter-atlas/blob/48d45f6eef72778edf374ec52c379550bb21a046/im3_datacenter_centroids.geojson
2026-03-31,"Microsoft Data Center 1 · Prince William, VA",OSM,site_mapped,248706,"{""dataset"": ""IM3 Open Source Data Center Atlas"", ""dataset_url"": ""https://data.msdlive.org/records/65g71-a4731"", ""atlas_commit"": ""48d45f6eef72778edf374ec52c379550bb21a046"", ""atlas_type"": ""building"", ""osm_name"": ""Microsoft Data Center 1"", ""operator"": ""Microsoft"", ""footprint_sqft"": 248706, ""license"": ""ODbL-1.0""}",https://github.com/IMMM-SFA/datacenter-atlas/blob/48d45f6eef72778edf374ec52c379550bb21a046/im3_datacenter_centroids.geojson
2026-03-31,"Amazon Web Services · Prince William, VA #11",OSM,site_mapped,129225,"{""dataset"": ""IM3 Open Source Data Center Atlas"", ""dataset_url"": ""https://data.msdlive.org/records/65g71-a4731"", ""atlas_commit"": ""48d45f6eef72778edf374ec52c379550bb21a046"", ""atlas_type"": ""building"", ""osm_name"": ""Amazon Web Services"", ""operator"": ""Amazon Web Services"", ""footprint_sqft"": 129225, ""license"": ""ODbL-1.0""}",https://github.com/IMMM-SFA/datacenter-atlas/blob/48d45f6eef72778edf374ec52c379550bb21a046/im3_datacenter_centroids.geojson
2026-03-31,"Unnamed data center · Prince William, VA #3",OSM,site_mapped,52906,"{""dataset"": ""IM3 Open Source Data Center Atlas"", ""dataset_url"": ""https://data.msdlive.org/records/65g71-a4731"", ""atlas_commit"": ""48d45f6eef72778edf374ec52c379550bb21a046"", ""atlas_type"": ""building"", ""osm_name"": null, ""operator"": null, ""footprint_sqft"": 52906, ""license"": ""ODbL-1.0""}",https://github.com/IMMM-SFA/datacenter-atlas/blob/48d45f6eef72778edf374ec52c379550bb21a046/im3_datacenter_centroids.geojson
2026-03-31,"Amazon Web Services · Prince William, VA #12",OSM,site_mapped,14389,"{""dataset"": ""IM3 Open Source Data Center Atlas"", ""dataset_url"": ""https://data.msdlive.org/records/65g71-a4731"", ""atlas_commit"": ""48d45f6eef72778edf374ec52c379550bb21a046"", ""atlas_type"": ""building"", ""osm_name"": ""Amazon Web Services"", ""operator"": ""Amazon Web Services"", ""footprint_sqft"": 14389, ""license"": ""ODbL-1.0""}",https://github.com/IMMM-SFA/datacenter-atlas/blob/48d45f6eef72778edf374ec52c379550bb21a046/im3_datacenter_centroids.geojson
2026-03-31,"Amazon IAD-55 · Prince William, VA",OSM,site_mapped,228140,"{""dataset"": ""IM3 Open Source Data Center Atlas"", ""dataset_url"": ""https://data.msdlive.org/records/65g71-a4731"", ""atlas_commit"": ""48d45f6eef72778edf374ec52c379550bb21a046"", ""atlas_type"": ""building"", ""osm_name"": ""Amazon IAD-55"", ""operator"": ""Amazon Web Services"", ""footprint_sqft"": 228140, ""license"": ""ODbL-1.0""}",https://github.com/IMMM-SFA/datacenter-atlas/blob/48d45f6eef72778edf374ec52c379550bb21a046/im3_datacenter_centroids.geojson
2026-03-31,"Amazon IAD64 · Prince William, VA",OSM,site_mapped,147547,"{""dataset"": ""IM3 Open Source Data Center Atlas"", ""dataset_url"": ""https://data.msdlive.org/records/65g71-a4731"", ""atlas_commit"": ""48d45f6eef72778edf374ec52c379550bb21a046"", ""atlas_type"": ""building"", ""osm_name"": ""Amazon IAD64"", ""operator"": ""Amazon Web Services"", ""footprint_sqft"": 147547, ""license"": ""ODbL-1.0""}",https://github.com/IMMM-SFA/datacenter-atlas/blob/48d45f6eef72778edf374ec52c379550bb21a046/im3_datacenter_centroids.geojson
2026-03-31,"Amazon IAD84 · Prince William, VA",OSM,site_mapped,152692,"{""dataset"": ""IM3 Open Source Data Center Atlas"", ""dataset_url"": ""https://data.msdlive.org/records/65g71-a4731"", ""atlas_commit"": ""48d45f6eef72778edf374ec52c379550bb21a046"", ""atlas_type"": ""building"", ""osm_name"": ""Amazon IAD84"", ""operator"": ""Amazon Web Services"", ""footprint_sqft"": 152692, ""license"": ""ODbL-1.0""}",https://github.com/IMMM-SFA/datacenter-atlas/blob/48d45f6eef72778edf374ec52c379550bb21a046/im3_datacenter_centroids.geojson
2026-03-31,"Amazon Web Services · Prince William, VA #13",OSM,site_mapped,149332,"{""dataset"": ""IM3 Open Source Data Center Atlas"", ""dataset_url"": ""https://data.msdlive.org/records/65g71-a4731"", ""atlas_commit"": ""48d45f6eef72778edf374ec52c379550bb21a046"", ""atlas_type"": ""building"", ""osm_name"": ""Amazon Web Services"", ""operator"": ""Amazon Web Services"", ""footprint_sqft"": 149332, ""license"": ""ODbL-1.0""}",https://github.com/IMMM-SFA/datacenter-atlas/blob/48d45f6eef72778edf374ec52c379550bb21a046/im3_datacenter_centroids.geojson
2026-03-31,"EAT12 · Chelan, WA",OSM,site_mapped,248918,"{""dataset"": ""IM3 Open Source Data Center Atlas"", ""dataset_url"": ""https://data.msdlive.org/records/65g71-a4731"", ""atlas_commit"": ""48d45f6eef72778edf374ec52c379550bb21a046"", ""atlas_type"": ""building"", ""osm_name"": ""EAT12"", ""operator"": null, ""footprint_sqft"": 248918, ""license"": ""ODbL-1.0""}",https://github.com/IMMM-SFA/datacenter-atlas/blob/48d45f6eef72778edf374ec52c379550bb21a046/im3_datacenter_centroids.geojson
2026-03-31,"EAT13 · Chelan, WA",OSM,site_mapped,232237,"{""dataset"": ""IM3 Open Source Data Center Atlas"", ""dataset_url"": ""https://data.msdlive.org/records/65g71-a4731"", ""atlas_commit"": ""48d45f6eef72778edf374ec52c379550bb21a046"", ""atlas_type"": ""building"", ""osm_name"": ""EAT13"", ""operator"": null, ""footprint_sqft"": 232237, ""license"": ""ODbL-1.0""}",https://github.com/IMMM-SFA/datacenter-atlas/blob/48d45f6eef72778edf374ec52c379550bb21a046/im3_datacenter_centroids.geojson
2026-03-31,"EAT14 · Chelan, WA",OSM,site_mapped,241836,"{""dataset"": ""IM3 Open Source Data Center Atlas"", ""dataset_url"": ""https://data.msdlive.org/records/65g71-a4731"", ""atlas_commit"": ""48d45f6eef72778edf374ec52c379550bb21a046"", ""atlas_type"": ""building"", ""osm_name"": ""EAT14"", ""operator"": null, ""footprint_sqft"": 241836, ""license"": ""ODbL-1.0""}",https://github.com/IMMM-SFA/datacenter-atlas/blob/48d45f6eef72778edf374ec52c379550bb21a046/im3_datacenter_centroids.geojson
2026-03-31,"Unnamed data center · Douglas, WA #1",OSM,site_mapped,4003,"{""dataset"": ""IM3 Open Source Data Center Atlas"", ""dataset_url"": ""https://data.msdlive.org/records/65g71-a4731"", ""atlas_commit"": ""48d45f6eef72778edf374ec52c379550bb21a046"", ""atlas_type"": ""building"", ""osm_name"": null, ""operator"": null, ""footprint_sqft"": 4003, ""license"": ""ODbL-1.0""}",https://github.com/IMMM-SFA/datacenter-atlas/blob/48d45f6eef72778edf374ec52c379550bb21a046/im3_datacenter_centroids.geojson
2026-03-31,"Unnamed data center · Douglas, WA #2",OSM,site_mapped,7706,"{""dataset"": ""IM3 Open Source Data Center Atlas"", ""dataset_url"": ""https://data.msdlive.org/records/65g71-a4731"", ""atlas_commit"": ""48d45f6eef72778edf374ec52c379550bb21a046"", ""atlas_type"": ""building"", ""osm_name"": null, ""operator"": null, ""footprint_sqft"": 7706, ""license"": ""ODbL-1.0""}",https://github.com/IMMM-SFA/datacenter-atlas/blob/48d45f6eef72778edf374ec52c379550bb21a046/im3_datacenter_centroids.geojson
2026-03-31,"Unnamed data center · Douglas, WA #3",OSM,site_mapped,4004,"{""dataset"": ""IM3 Open Source Data Center Atlas"", ""dataset_url"": ""https://data.msdlive.org/records/65g71-a4731"", ""atlas_commit"": ""48d45f6eef72778edf374ec52c379550bb21a046"", ""atlas_type"": ""building"", ""osm_name"": null, ""operator"": null, ""footprint_sqft"": 4004, ""license"": ""ODbL-1.0""}",https://github.com/IMMM-SFA/datacenter-atlas/blob/48d45f6eef72778edf374ec52c379550bb21a046/im3_datacenter_centroids.geojson
2026-03-31,"Unnamed data center · Douglas, WA #4",OSM,site_mapped,13946,"{""dataset"": ""IM3 Open Source Data Center Atlas"", ""dataset_url"": ""https://data.msdlive.org/records/65g71-a4731"", ""atlas_commit"": ""48d45f6eef72778edf374ec52c379550bb21a046"", ""atlas_type"": ""building"", ""osm_name"": null, ""operator"": null, ""footprint_sqft"": 13946, ""license"": ""ODbL-1.0""}",https://github.com/IMMM-SFA/datacenter-atlas/blob/48d45f6eef72778edf374ec52c379550bb21a046/im3_datacenter_centroids.geojson
2026-03-31,"Intergate Columbia B · Douglas, WA",OSM,site_mapped,192887,"{""dataset"": ""IM3 Open Source Data Center Atlas"", ""dataset_url"": ""https://data.msdlive.org/records/65g71-a4731"", ""atlas_commit"": ""48d45f6eef72778edf374ec52c379550bb21a046"", ""atlas_type"": ""building"", ""osm_name"": ""Intergate Columbia B"", ""operator"": ""Sabey Data Centers"", ""footprint_sqft"": 192887, ""license"": ""ODbL-1.0""}",https://github.com/IMMM-SFA/datacenter-atlas/blob/48d45f6eef72778edf374ec52c379550bb21a046/im3_datacenter_centroids.geojson
2026-03-31,"Unnamed data center · Douglas, WA #5",OSM,site_mapped,102013,"{""dataset"": ""IM3 Open Source Data Center Atlas"", ""dataset_url"": ""https://data.msdlive.org/records/65g71-a4731"", ""atlas_commit"": ""48d45f6eef72778edf374ec52c379550bb21a046"", ""atlas_type"": ""building"", ""osm_name"": null, ""operator"": null, ""footprint_sqft"": 102013, ""license"": ""ODbL-1.0""}",https://github.com/IMMM-SFA/datacenter-atlas/blob/48d45f6eef72778edf374ec52c379550bb21a046/im3_datacenter_centroids.geojson
2026-03-31,"Intergate Columbia D · Douglas, WA",OSM,site_mapped,135020,"{""dataset"": ""IM3 Open Source Data Center Atlas"", ""dataset_url"": ""https://data.msdlive.org/records/65g71-a4731"", ""atlas_commit"": ""48d45f6eef72778edf374ec52c379550bb21a046"", ""atlas_type"": ""building"", ""osm_name"": ""Intergate Columbia D"", ""operator"": ""Sabey Data Centers"", ""footprint_sqft"": 135020, ""license"": ""ODbL-1.0""}",https://github.com/IMMM-SFA/datacenter-atlas/blob/48d45f6eef72778edf374ec52c379550bb21a046/im3_datacenter_centroids.geojson
2026-03-31,"Intergate Columbia A · Douglas, WA",OSM,site_mapped,262378,"{""dataset"": ""IM3 Open Source Data Center Atlas"", ""dataset_url"": ""https://data.msdlive.org/records/65g71-a4731"", ""atlas_commit"": ""48d45f6eef72778edf374ec52c379550bb21a046"", ""atlas_type"": ""building"", ""osm_name"": ""Intergate Columbia A"", ""operator"": ""Sabey Data Centers"", ""footprint_sqft"": 262378, ""license"": ""ODbL-1.0""}",https://github.com/IMMM-SFA/datacenter-atlas/blob/48d45f6eef72778edf374ec52c379550bb21a046/im3_datacenter_centroids.geojson
2026-03-31,"Microsoft EAT02 · Douglas, WA",OSM,site_mapped,246129,"{""dataset"": ""IM3 Open Source Data Center Atlas"", ""dataset_url"": ""https://data.msdlive.org/records/65g71-a4731"", ""atlas_commit"": ""48d45f6eef72778edf374ec52c379550bb21a046"", ""atlas_type"": ""building"", ""osm_name"": ""Microsoft EAT02"", ""operator"": ""Microsoft"", ""footprint_sqft"": 246129, ""license"": ""ODbL-1.0""}",https://github.com/IMMM-SFA/datacenter-atlas/blob/48d45f6eef72778edf374ec52c379550bb21a046/im3_datacenter_centroids.geojson
2026-03-31,"Microsoft EAT03 · Douglas, WA",OSM,site_mapped,235418,"{""dataset"": ""IM3 Open Source Data Center Atlas"", ""dataset_url"": ""https://data.msdlive.org/records/65g71-a4731"", ""atlas_commit"": ""48d45f6eef72778edf374ec52c379550bb21a046"", ""atlas_type"": ""building"", ""osm_name"": ""Microsoft EAT03"", ""operator"": ""Microsoft"", ""footprint_sqft"": 235418, ""license"": ""ODbL-1.0""}",https://github.com/IMMM-SFA/datacenter-atlas/blob/48d45f6eef72778edf374ec52c379550bb21a046/im3_datacenter_centroids.geojson
2026-03-31,"Microsoft EAT04 · Douglas, WA",OSM,site_mapped,234834,"{""dataset"": ""IM3 Open Source Data Center Atlas"", ""dataset_url"": ""https://data.msdlive.org/records/65g71-a4731"", ""atlas_commit"": ""48d45f6eef72778edf374ec52c379550bb21a046"", ""atlas_type"": ""building"", ""osm_name"": ""Microsoft EAT04"", ""operator"": ""Microsoft"", ""footprint_sqft"": 234834, ""license"": ""ODbL-1.0""}",https://github.com/IMMM-SFA/datacenter-atlas/blob/48d45f6eef72778edf374ec52c379550bb21a046/im3_datacenter_centroids.geojson
2026-03-31,"Microsoft · Grant, WA #1",OSM,site_mapped,157191,"{""dataset"": ""IM3 Open Source Data Center Atlas"", ""dataset_url"": ""https://data.msdlive.org/records/65g71-a4731"", ""atlas_commit"": ""48d45f6eef72778edf374ec52c379550bb21a046"", ""atlas_type"": ""building"", ""osm_name"": ""Microsoft"", ""operator"": ""Microsoft"", ""footprint_sqft"": 157191, ""license"": ""ODbL-1.0""}",https://github.com/IMMM-SFA/datacenter-atlas/blob/48d45f6eef72778edf374ec52c379550bb21a046/im3_datacenter_centroids.geojson
2026-03-31,"Microsoft · Grant, WA #2",OSM,site_mapped,162608,"{""dataset"": ""IM3 Open Source Data Center Atlas"", ""dataset_url"": ""https://data.msdlive.org/records/65g71-a4731"", ""atlas_commit"": ""48d45f6eef72778edf374ec52c379550bb21a046"", ""atlas_type"": ""building"", ""osm_name"": ""Microsoft"", ""operator"": ""Microsoft"", ""footprint_sqft"": 162608, ""license"": ""ODbL-1.0""}",https://github.com/IMMM-SFA/datacenter-atlas/blob/48d45f6eef72778edf374ec52c379550bb21a046/im3_datacenter_centroids.geojson
2026-03-31,"Unnamed data center · Grant, WA #1",OSM,site_mapped,216848,"{""dataset"": ""IM3 Open Source Data Center Atlas"", ""dataset_url"": ""https://data.msdlive.org/records/65g71-a4731"", ""atlas_commit"": ""48d45f6eef72778edf374ec52c379550bb21a046"", ""atlas_type"": ""building"", ""osm_name"": null, ""operator"": null, ""footprint_sqft"": 216848, ""license"": ""ODbL-1.0""}",https://github.com/IMMM-SFA/datacenter-atlas/blob/48d45f6eef72778edf374ec52c379550bb21a046/im3_datacenter_centroids.geojson
2026-03-31,"Microsoft · Grant, WA #3",OSM,site_mapped,116001,"{""dataset"": ""IM3 Open Source Data Center Atlas"", ""dataset_url"": ""https://data.msdlive.org/records/65g71-a4731"", ""atlas_commit"": ""48d45f6eef72778edf374ec52c379550bb21a046"", ""atlas_type"": ""building"", ""osm_name"": ""Microsoft"", ""operator"": ""Microsoft"", ""footprint_sqft"": 116001, ""license"": ""ODbL-1.0""}",https://github.com/IMMM-SFA/datacenter-atlas/blob/48d45f6eef72778edf374ec52c379550bb21a046/im3_datacenter_centroids.geojson
2026-03-31,"Unnamed data center · Grant, WA #2",OSM,site_mapped,36918,"{""dataset"": ""IM3 Open Source Data Center Atlas"", ""dataset_url"": ""https://data.msdlive.org/records/65g71-a4731"", ""atlas_commit"": ""48d45f6eef72778edf374ec52c379550bb21a046"", ""atlas_type"": ""building"", ""osm_name"": null, ""operator"": null, ""footprint_sqft"": 36918, ""license"": ""ODbL-1.0""}",https://github.com/IMMM-SFA/datacenter-atlas/blob/48d45f6eef72778edf374ec52c379550bb21a046/im3_datacenter_centroids.geojson
2026-03-31,"Microsoft · Grant, WA #4",OSM,site_mapped,112036,"{""dataset"": ""IM3 Open Source Data Center Atlas"", ""dataset_url"": ""https://data.msdlive.org/records/65g71-a4731"", ""atlas_commit"": ""48d45f6eef72778edf374ec52c379550bb21a046"", ""atlas_type"": ""building"", ""osm_name"": ""Microsoft"", ""operator"": ""Microsoft"", ""footprint_sqft"": 112036, ""license"": ""ODbL-1.0""}",https://github.com/IMMM-SFA/datacenter-atlas/blob/48d45f6eef72778edf374ec52c379550bb21a046/im3_datacenter_centroids.geojson
2026-03-31,"Unnamed data center · Grant, WA #3",OSM,site_mapped,32106,"{""dataset"": ""IM3 Open Source Data Center Atlas"", ""dataset_url"": ""https://data.msdlive.org/records/65g71-a4731"", ""atlas_commit"": ""48d45f6eef72778edf374ec52c379550bb21a046"", ""atlas_type"": ""building"", ""osm_name"": null, ""operator"": null, ""footprint_sqft"": 32106, ""license"": ""ODbL-1.0""}",https://github.com/IMMM-SFA/datacenter-atlas/blob/48d45f6eef72778edf374ec52c379550bb21a046/im3_datacenter_centroids.geojson
2026-03-31,"Unnamed data center · Grant, WA #4",OSM,site_mapped,44446,"{""dataset"": ""IM3 Open Source Data Center Atlas"", ""dataset_url"": ""https://data.msdlive.org/records/65g71-a4731"", ""atlas_commit"": ""48d45f6eef72778edf374ec52c379550bb21a046"", ""atlas_type"": ""building"", ""osm_name"": null, ""operator"": null, ""footprint_sqft"": 44446, ""license"": ""ODbL-1.0""}",https://github.com/IMMM-SFA/datacenter-atlas/blob/48d45f6eef72778edf374ec52c379550bb21a046/im3_datacenter_centroids.geojson
2026-03-31,"Microsoft · Grant, WA #5",OSM,site_mapped,147922,"{""dataset"": ""IM3 Open Source Data Center Atlas"", ""dataset_url"": ""https://data.msdlive.org/records/65g71-a4731"", ""atlas_commit"": ""48d45f6eef72778edf374ec52c379550bb21a046"", ""atlas_type"": ""building"", ""osm_name"": ""Microsoft"", ""operator"": ""Microsoft"", ""footprint_sqft"": 147922, ""license"": ""ODbL-1.0""}",https://github.com/IMMM-SFA/datacenter-atlas/blob/48d45f6eef72778edf374ec52c379550bb21a046/im3_datacenter_centroids.geojson
2026-03-31,"Microsoft · Grant, WA #6",OSM,site_mapped,143441,"{""dataset"": ""IM3 Open Source Data Center Atlas"", ""dataset_url"": ""https://data.msdlive.org/records/65g71-a4731"", ""atlas_commit"": ""48d45f6eef72778edf374ec52c379550bb21a046"", ""atlas_type"": ""building"", ""osm_name"": ""Microsoft"", ""operator"": ""Microsoft"", ""footprint_sqft"": 143441, ""license"": ""ODbL-1.0""}",https://github.com/IMMM-SFA/datacenter-atlas/blob/48d45f6eef72778edf374ec52c379550bb21a046/im3_datacenter_centroids.geojson
2026-03-31,"Unnamed data center · Grant, WA #5",OSM,site_mapped,44365,"{""dataset"": ""IM3 Open Source Data Center Atlas"", ""dataset_url"": ""https://data.msdlive.org/records/65g71-a4731"", ""atlas_commit"": ""48d45f6eef72778edf374ec52c379550bb21a046"", ""atlas_type"": ""building"", ""osm_name"": null, ""operator"": null, ""footprint_sqft"": 44365, ""license"": ""ODbL-1.0""}",https://github.com/IMMM-SFA/datacenter-atlas/blob/48d45f6eef72778edf374ec52c379550bb21a046/im3_datacenter_centroids.geojson
2026-03-31,"Microsoft · Grant, WA #7",OSM,site_mapped,151246,"{""dataset"": ""IM3 Open Source Data Center Atlas"", ""dataset_url"": ""https://data.msdlive.org/records/65g71-a4731"", ""atlas_commit"": ""48d45f6eef72778edf374ec52c379550bb21a046"", ""atlas_type"": ""building"", ""osm_name"": ""Microsoft"", ""operator"": ""Microsoft"", ""footprint_sqft"": 151246, ""license"": ""ODbL-1.0""}",https://github.com/IMMM-SFA/datacenter-atlas/blob/48d45f6eef72778edf374ec52c379550bb21a046/im3_datacenter_centroids.geojson
2026-03-31,"Microsoft · Grant, WA #8",OSM,site_mapped,143439,"{""dataset"": ""IM3 Open Source Data Center Atlas"", ""dataset_url"": ""https://data.msdlive.org/records/65g71-a4731"", ""atlas_commit"": ""48d45f6eef72778edf374ec52c379550bb21a046"", ""atlas_type"": ""building"", ""osm_name"": ""Microsoft"", ""operator"": ""Microsoft"", ""footprint_sqft"": 143439, ""license"": ""ODbL-1.0""}",https://github.com/IMMM-SFA/datacenter-atlas/blob/48d45f6eef72778edf374ec52c379550bb21a046/im3_datacenter_centroids.geojson
2026-03-31,"Unnamed data center · Grant, WA #6",OSM,site_mapped,46835,"{""dataset"": ""IM3 Open Source Data Center Atlas"", ""dataset_url"": ""https://data.msdlive.org/records/65g71-a4731"", ""atlas_commit"": ""48d45f6eef72778edf374ec52c379550bb21a046"", ""atlas_type"": ""building"", ""osm_name"": null, ""operator"": null, ""footprint_sqft"": 46835, ""license"": ""ODbL-1.0""}",https://github.com/IMMM-SFA/datacenter-atlas/blob/48d45f6eef72778edf374ec52c379550bb21a046/im3_datacenter_centroids.geojson
2026-03-31,"Unnamed data center · Grant, WA #7",OSM,site_mapped,504350,"{""dataset"": ""IM3 Open Source Data Center Atlas"", ""dataset_url"": ""https://data.msdlive.org/records/65g71-a4731"", ""atlas_commit"": ""48d45f6eef72778edf374ec52c379550bb21a046"", ""atlas_type"": ""building"", ""osm_name"": null, ""operator"": null, ""footprint_sqft"": 504350, ""license"": ""ODbL-1.0""}",https://github.com/IMMM-SFA/datacenter-atlas/blob/48d45f6eef72778edf374ec52c379550bb21a046/im3_datacenter_centroids.geojson
2026-03-31,"NTT Data Quincy · Grant, WA",OSM,site_mapped,99760,"{""dataset"": ""IM3 Open Source Data Center Atlas"", ""dataset_url"": ""https://data.msdlive.org/records/65g71-a4731"", ""atlas_commit"": ""48d45f6eef72778edf374ec52c379550bb21a046"", ""atlas_type"": ""building"", ""osm_name"": ""NTT Data Quincy"", ""operator"": ""NTT"", ""footprint_sqft"": 99760, ""license"": ""ODbL-1.0""}",https://github.com/IMMM-SFA/datacenter-atlas/blob/48d45f6eef72778edf374ec52c379550bb21a046/im3_datacenter_centroids.geojson
2026-03-31,"Unnamed data center · Grant, WA #8",OSM,site_mapped,119147,"{""dataset"": ""IM3 Open Source Data Center Atlas"", ""dataset_url"": ""https://data.msdlive.org/records/65g71-a4731"", ""atlas_commit"": ""48d45f6eef72778edf374ec52c379550bb21a046"", ""atlas_type"": ""building"", ""osm_name"": null, ""operator"": null, ""footprint_sqft"": 119147, ""license"": ""ODbL-1.0""}",https://github.com/IMMM-SFA/datacenter-atlas/blob/48d45f6eef72778edf374ec52c379550bb21a046/im3_datacenter_centroids.geojson
2026-03-31,"Unnamed data center · Grant, WA #9",OSM,site_mapped,147278,"{""dataset"": ""IM3 Open Source Data Center Atlas"", ""dataset_url"": ""https://data.msdlive.org/records/65g71-a4731"", ""atlas_commit"": ""48d45f6eef72778edf374ec52c379550bb21a046"", ""atlas_type"": ""building"", ""osm_name"": null, ""operator"": null, ""footprint_sqft"": 147278, ""license"": ""ODbL-1.0""}",https://github.com/IMMM-SFA/datacenter-atlas/blob/48d45f6eef72778edf374ec52c379550bb21a046/im3_datacenter_centroids.geojson
2026-03-31,"Unnamed data center · Grant, WA #10",OSM,site_mapped,280235,"{""dataset"": ""IM3 Open Source Data Center Atlas"", ""dataset_url"": ""https://data.msdlive.org/records/65g71-a4731"", ""atlas_commit"": ""48d45f6eef72778edf374ec52c379550bb21a046"", ""atlas_type"": ""building"", ""osm_name"": null, ""operator"": null, ""footprint_sqft"": 280235, ""license"": ""ODbL-1.0""}",https://github.com/IMMM-SFA/datacenter-atlas/blob/48d45f6eef72778edf374ec52c379550bb21a046/im3_datacenter_centroids.geojson
2026-03-31,"Unnamed data center · Grant, WA #11",OSM,site_mapped,33824,"{""dataset"": ""IM3 Open Source Data Center Atlas"", ""dataset_url"": ""https://data.msdlive.org/records/65g71-a4731"", ""atlas_commit"": ""48d45f6eef72778edf374ec52c379550bb21a046"", ""atlas_type"": ""building"", ""osm_name"": null, ""operator"": null, ""footprint_sqft"": 33824, ""license"": ""ODbL-1.0""}",https://github.com/IMMM-SFA/datacenter-atlas/blob/48d45f6eef72778edf374ec52c379550bb21a046/im3_datacenter_centroids.geojson
2026-03-31,"Unnamed data center · Grant, WA #12",OSM,site_mapped,35925,"{""dataset"": ""IM3 Open Source Data Center Atlas"", ""dataset_url"": ""https://data.msdlive.org/records/65g71-a4731"", ""atlas_commit"": ""48d45f6eef72778edf374ec52c379550bb21a046"", ""atlas_type"": ""building"", ""osm_name"": null, ""operator"": null, ""footprint_sqft"": 35925, ""license"": ""ODbL-1.0""}",https://github.com/IMMM-SFA/datacenter-atlas/blob/48d45f6eef72778edf374ec52c379550bb21a046/im3_datacenter_centroids.geojson
2026-03-31,"Unnamed data center · Grant, WA #13",OSM,site_mapped,35848,"{""dataset"": ""IM3 Open Source Data Center Atlas"", ""dataset_url"": ""https://data.msdlive.org/records/65g71-a4731"", ""atlas_commit"": ""48d45f6eef72778edf374ec52c379550bb21a046"", ""atlas_type"": ""building"", ""osm_name"": null, ""operator"": null, ""footprint_sqft"": 35848, ""license"": ""ODbL-1.0""}",https://github.com/IMMM-SFA/datacenter-atlas/blob/48d45f6eef72778edf374ec52c379550bb21a046/im3_datacenter_centroids.geojson
2026-03-31,"Unnamed data center · Grant, WA #14",OSM,site_mapped,33688,"{""dataset"": ""IM3 Open Source Data Center Atlas"", ""dataset_url"": ""https://data.msdlive.org/records/65g71-a4731"", ""atlas_commit"": ""48d45f6eef72778edf374ec52c379550bb21a046"", ""atlas_type"": ""building"", ""osm_name"": null, ""operator"": null, ""footprint_sqft"": 33688, ""license"": ""ODbL-1.0""}",https://github.com/IMMM-SFA/datacenter-atlas/blob/48d45f6eef72778edf374ec52c379550bb21a046/im3_datacenter_centroids.geojson
2026-03-31,"Unnamed data center · Grant, WA #15",OSM,site_mapped,19067,"{""dataset"": ""IM3 Open Source Data Center Atlas"", ""dataset_url"": ""https://data.msdlive.org/records/65g71-a4731"", ""atlas_commit"": ""48d45f6eef72778edf374ec52c379550bb21a046"", ""atlas_type"": ""building"", ""osm_name"": null, ""operator"": null, ""footprint_sqft"": 19067, ""license"": ""ODbL-1.0""}",https://github.com/IMMM-SFA/datacenter-atlas/blob/48d45f6eef72778edf374ec52c379550bb21a046/im3_datacenter_centroids.geojson
2026-03-31,"Unnamed data center · Grant, WA #16",OSM,site_mapped,135310,"{""dataset"": ""IM3 Open Source Data Center Atlas"", ""dataset_url"": ""https://data.msdlive.org/records/65g71-a4731"", ""atlas_commit"": ""48d45f6eef72778edf374ec52c379550bb21a046"", ""atlas_type"": ""building"", ""osm_name"": null, ""operator"": null, ""footprint_sqft"": 135310, ""license"": ""ODbL-1.0""}",https://github.com/IMMM-SFA/datacenter-atlas/blob/48d45f6eef72778edf374ec52c379550bb21a046/im3_datacenter_centroids.geojson
2026-03-31,"Unnamed data center · Grant, WA #17",OSM,site_mapped,151976,"{""dataset"": ""IM3 Open Source Data Center Atlas"", ""dataset_url"": ""https://data.msdlive.org/records/65g71-a4731"", ""atlas_commit"": ""48d45f6eef72778edf374ec52c379550bb21a046"", ""atlas_type"": ""building"", ""osm_name"": null, ""operator"": null, ""footprint_sqft"": 151976, ""license"": ""ODbL-1.0""}",https://github.com/IMMM-SFA/datacenter-atlas/blob/48d45f6eef72778edf374ec52c379550bb21a046/im3_datacenter_centroids.geojson
2026-03-31,"Unnamed data center · Grant, WA #18",OSM,site_mapped,151213,"{""dataset"": ""IM3 Open Source Data Center Atlas"", ""dataset_url"": ""https://data.msdlive.org/records/65g71-a4731"", ""atlas_commit"": ""48d45f6eef72778edf374ec52c379550bb21a046"", ""atlas_type"": ""building"", ""osm_name"": null, ""operator"": null, ""footprint_sqft"": 151213, ""license"": ""ODbL-1.0""}",https://github.com/IMMM-SFA/datacenter-atlas/blob/48d45f6eef72778edf374ec52c379550bb21a046/im3_datacenter_centroids.geojson
2026-03-31,"Unnamed data center · Grant, WA #19",OSM,site_mapped,138534,"{""dataset"": ""IM3 Open Source Data Center Atlas"", ""dataset_url"": ""https://data.msdlive.org/records/65g71-a4731"", ""atlas_commit"": ""48d45f6eef72778edf374ec52c379550bb21a046"", ""atlas_type"": ""building"", ""osm_name"": null, ""operator"": null, ""footprint_sqft"": 138534, ""license"": ""ODbL-1.0""}",https://github.com/IMMM-SFA/datacenter-atlas/blob/48d45f6eef72778edf374ec52c379550bb21a046/im3_datacenter_centroids.geojson
2026-03-31,"Unnamed data center · Grant, WA #20",OSM,site_mapped,133363,"{""dataset"": ""IM3 Open Source Data Center Atlas"", ""dataset_url"": ""https://data.msdlive.org/records/65g71-a4731"", ""atlas_commit"": ""48d45f6eef72778edf374ec52c379550bb21a046"", ""atlas_type"": ""building"", ""osm_name"": null, ""operator"": null, ""footprint_sqft"": 133363, ""license"": ""ODbL-1.0""}",https://github.com/IMMM-SFA/datacenter-atlas/blob/48d45f6eef72778edf374ec52c379550bb21a046/im3_datacenter_centroids.geojson
2026-03-31,"Vantage WA11 · Grant, WA",OSM,site_mapped,147430,"{""dataset"": ""IM3 Open Source Data Center Atlas"", ""dataset_url"": ""https://data.msdlive.org/records/65g71-a4731"", ""atlas_commit"": ""48d45f6eef72778edf374ec52c379550bb21a046"", ""atlas_type"": ""building"", ""osm_name"": ""Vantage WA11"", ""operator"": null, ""footprint_sqft"": 147430, ""license"": ""ODbL-1.0""}",https://github.com/IMMM-SFA/datacenter-atlas/blob/48d45f6eef72778edf374ec52c379550bb21a046/im3_datacenter_centroids.geojson
2026-03-31,"Vantage WA13 · Grant, WA",OSM,site_mapped,252025,"{""dataset"": ""IM3 Open Source Data Center Atlas"", ""dataset_url"": ""https://data.msdlive.org/records/65g71-a4731"", ""atlas_commit"": ""48d45f6eef72778edf374ec52c379550bb21a046"", ""atlas_type"": ""building"", ""osm_name"": ""Vantage WA13"", ""operator"": null, ""footprint_sqft"": 252025, ""license"": ""ODbL-1.0""}",https://github.com/IMMM-SFA/datacenter-atlas/blob/48d45f6eef72778edf374ec52c379550bb21a046/im3_datacenter_centroids.geojson
2026-03-31,"Unnamed data center · Grant, WA #21",OSM,site_mapped,246778,"{""dataset"": ""IM3 Open Source Data Center Atlas"", ""dataset_url"": ""https://data.msdlive.org/records/65g71-a4731"", ""atlas_commit"": ""48d45f6eef72778edf374ec52c379550bb21a046"", ""atlas_type"": ""building"", ""osm_name"": null, ""operator"": null, ""footprint_sqft"": 246778, ""license"": ""ODbL-1.0""}",https://github.com/IMMM-SFA/datacenter-atlas/blob/48d45f6eef72778edf374ec52c379550bb21a046/im3_datacenter_centroids.geojson
2026-03-31,"Vantage WA12 · Grant, WA",OSM,site_mapped,124695,"{""dataset"": ""IM3 Open Source Data Center Atlas"", ""dataset_url"": ""https://data.msdlive.org/records/65g71-a4731"", ""atlas_commit"": ""48d45f6eef72778edf374ec52c379550bb21a046"", ""atlas_type"": ""building"", ""osm_name"": ""Vantage WA12"", ""operator"": null, ""footprint_sqft"": 124695, ""license"": ""ODbL-1.0""}",https://github.com/IMMM-SFA/datacenter-atlas/blob/48d45f6eef72778edf374ec52c379550bb21a046/im3_datacenter_centroids.geojson
2026-03-31,"Intergate Seattle East Building 5 · King, WA",OSM,site_mapped,200124,"{""dataset"": ""IM3 Open Source Data Center Atlas"", ""dataset_url"": ""https://data.msdlive.org/records/65g71-a4731"", ""atlas_commit"": ""48d45f6eef72778edf374ec52c379550bb21a046"", ""atlas_type"": ""building"", ""osm_name"": ""Intergate Seattle East Building 5"", ""operator"": ""Sabey"", ""footprint_sqft"": 200124, ""license"": ""ODbL-1.0""}",https://github.com/IMMM-SFA/datacenter-atlas/blob/48d45f6eef72778edf374ec52c379550bb21a046/im3_datacenter_centroids.geojson
2026-03-31,"Intergate Seattle West Building A · King, WA",OSM,site_mapped,38547,"{""dataset"": ""IM3 Open Source Data Center Atlas"", ""dataset_url"": ""https://data.msdlive.org/records/65g71-a4731"", ""atlas_commit"": ""48d45f6eef72778edf374ec52c379550bb21a046"", ""atlas_type"": ""building"", ""osm_name"": ""Intergate Seattle West Building A"", ""operator"": ""Sabey"", ""footprint_sqft"": 38547, ""license"": ""ODbL-1.0""}",https://github.com/IMMM-SFA/datacenter-atlas/blob/48d45f6eef72778edf374ec52c379550bb21a046/im3_datacenter_centroids.geojson
2026-03-31,"Intergate Seattle West Building B · King, WA",OSM,site_mapped,19140,"{""dataset"": ""IM3 Open Source Data Center Atlas"", ""dataset_url"": ""https://data.msdlive.org/records/65g71-a4731"", ""atlas_commit"": ""48d45f6eef72778edf374ec52c379550bb21a046"", ""atlas_type"": ""building"", ""osm_name"": ""Intergate Seattle West Building B"", ""operator"": ""Sabey"", ""footprint_sqft"": 19140, ""license"": ""ODbL-1.0""}",https://github.com/IMMM-SFA/datacenter-atlas/blob/48d45f6eef72778edf374ec52c379550bb21a046/im3_datacenter_centroids.geojson
2026-03-31,"Intergate Seattle East Building 4 · King, WA",OSM,site_mapped,116828,"{""dataset"": ""IM3 Open Source Data Center Atlas"", ""dataset_url"": ""https://data.msdlive.org/records/65g71-a4731"", ""atlas_commit"": ""48d45f6eef72778edf374ec52c379550bb21a046"", ""atlas_type"": ""building"", ""osm_name"": ""Intergate Seattle East Building 4"", ""operator"": ""Digital Realty"", ""footprint_sqft"": 116828, ""license"": ""ODbL-1.0""}",https://github.com/IMMM-SFA/datacenter-atlas/blob/48d45f6eef72778edf374ec52c379550bb21a046/im3_datacenter_centroids.geojson
2026-03-31,"Intergate Seattle East Building 3 · King, WA",OSM,site_mapped,203387,"{""dataset"": ""IM3 Open Source Data Center Atlas"", ""dataset_url"": ""https://data.msdlive.org/records/65g71-a4731"", ""atlas_commit"": ""48d45f6eef72778edf374ec52c379550bb21a046"", ""atlas_type"": ""building"", ""osm_name"": ""Intergate Seattle East Building 3"", ""operator"": ""Sabey"", ""footprint_sqft"": 203387, ""license"": ""ODbL-1.0""}",https://github.com/IMMM-SFA/datacenter-atlas/blob/48d45f6eef72778edf374ec52c379550bb21a046/im3_datacenter_centroids.geojson
2026-03-31,"Intergate Seattle West Building C · King, WA",OSM,site_mapped,19791,"{""dataset"": ""IM3 Open Source Data Center Atlas"", ""dataset_url"": ""https://data.msdlive.org/records/65g71-a4731"", ""atlas_commit"": ""48d45f6eef72778edf374ec52c379550bb21a046"", ""atlas_type"": ""building"", ""osm_name"": ""Intergate Seattle West Building C"", ""operator"": ""Sabey"", ""footprint_sqft"": 19791, ""license"": ""ODbL-1.0""}",https://github.com/IMMM-SFA/datacenter-atlas/blob/48d45f6eef72778edf374ec52c379550bb21a046/im3_datacenter_centroids.geojson
2026-03-31,"Intergate Seattle East Building 1 · King, WA",OSM,site_mapped,97862,"{""dataset"": ""IM3 Open Source Data Center Atlas"", ""dataset_url"": ""https://data.msdlive.org/records/65g71-a4731"", ""atlas_commit"": ""48d45f6eef72778edf374ec52c379550bb21a046"", ""atlas_type"": ""building"", ""osm_name"": ""Intergate Seattle East Building 1"", ""operator"": ""Sabey"", ""footprint_sqft"": 97862, ""license"": ""ODbL-1.0""}",https://github.com/IMMM-SFA/datacenter-atlas/blob/48d45f6eef72778edf374ec52c379550bb21a046/im3_datacenter_centroids.geojson
2026-03-31,"Intergate Seattle East Building 2 · King, WA",OSM,site_mapped,107319,"{""dataset"": ""IM3 Open Source Data Center Atlas"", ""dataset_url"": ""https://data.msdlive.org/records/65g71-a4731"", ""atlas_commit"": ""48d45f6eef72778edf374ec52c379550bb21a046"", ""atlas_type"": ""building"", ""osm_name"": ""Intergate Seattle East Building 2"", ""operator"": null, ""footprint_sqft"": 107319, ""license"": ""ODbL-1.0""}",https://github.com/IMMM-SFA/datacenter-atlas/blob/48d45f6eef72778edf374ec52c379550bb21a046/im3_datacenter_centroids.geojson
2026-03-31,"Westin Building · King, WA",OSM,site_mapped,13117,"{""dataset"": ""IM3 Open Source Data Center Atlas"", ""dataset_url"": ""https://data.msdlive.org/records/65g71-a4731"", ""atlas_commit"": ""48d45f6eef72778edf374ec52c379550bb21a046"", ""atlas_type"": ""building"", ""osm_name"": ""Westin Building"", ""operator"": ""Digital Realty"", ""footprint_sqft"": 13117, ""license"": ""ODbL-1.0""}",https://github.com/IMMM-SFA/datacenter-atlas/blob/48d45f6eef72778edf374ec52c379550bb21a046/im3_datacenter_centroids.geojson
2026-03-31,"Equinix SE3 Data Center · King, WA",OSM,site_mapped,12575,"{""dataset"": ""IM3 Open Source Data Center Atlas"", ""dataset_url"": ""https://data.msdlive.org/records/65g71-a4731"", ""atlas_commit"": ""48d45f6eef72778edf374ec52c379550bb21a046"", ""atlas_type"": ""building"", ""osm_name"": ""Equinix SE3 Data Center"", ""operator"": ""Equinix"", ""footprint_sqft"": 12575, ""license"": ""ODbL-1.0""}",https://github.com/IMMM-SFA/datacenter-atlas/blob/48d45f6eef72778edf374ec52c379550bb21a046/im3_datacenter_centroids.geojson
2026-03-31,"CTI Biopharma · King, WA",OSM,site_mapped,20600,"{""dataset"": ""IM3 Open Source Data Center Atlas"", ""dataset_url"": ""https://data.msdlive.org/records/65g71-a4731"", ""atlas_commit"": ""48d45f6eef72778edf374ec52c379550bb21a046"", ""atlas_type"": ""building"", ""osm_name"": ""CTI Biopharma"", ""operator"": null, ""footprint_sqft"": 20600, ""license"": ""ODbL-1.0""}",https://github.com/IMMM-SFA/datacenter-atlas/blob/48d45f6eef72778edf374ec52c379550bb21a046/im3_datacenter_centroids.geojson
2026-03-31,"KOMO Plaza West · King, WA",OSM,site_mapped,20239,"{""dataset"": ""IM3 Open Source Data Center Atlas"", ""dataset_url"": ""https://data.msdlive.org/records/65g71-a4731"", ""atlas_commit"": ""48d45f6eef72778edf374ec52c379550bb21a046"", ""atlas_type"": ""building"", ""osm_name"": ""KOMO Plaza West"", ""operator"": null, ""footprint_sqft"": 20239, ""license"": ""ODbL-1.0""}",https://github.com/IMMM-SFA/datacenter-atlas/blob/48d45f6eef72778edf374ec52c379550bb21a046/im3_datacenter_centroids.geojson
2026-03-31,"The Seattle Times · King, WA",OSM,site_mapped,48589,"{""dataset"": ""IM3 Open Source Data Center Atlas"", ""dataset_url"": ""https://data.msdlive.org/records/65g71-a4731"", ""atlas_commit"": ""48d45f6eef72778edf374ec52c379550bb21a046"", ""atlas_type"": ""building"", ""osm_name"": ""The Seattle Times"", ""operator"": ""H5 Data Centers"", ""footprint_sqft"": 48589, ""license"": ""ODbL-1.0""}",https://github.com/IMMM-SFA/datacenter-atlas/blob/48d45f6eef72778edf374ec52c379550bb21a046/im3_datacenter_centroids.geojson
2026-03-31,"KOMO Plaza East · King, WA",OSM,site_mapped,45743,"{""dataset"": ""IM3 Open Source Data Center Atlas"", ""dataset_url"": ""https://data.msdlive.org/records/65g71-a4731"", ""atlas_commit"": ""48d45f6eef72778edf374ec52c379550bb21a046"", ""atlas_type"": ""building"", ""osm_name"": ""KOMO Plaza East"", ""operator"": null, ""footprint_sqft"": 45743, ""license"": ""ODbL-1.0""}",https://github.com/IMMM-SFA/datacenter-atlas/blob/48d45f6eef72778edf374ec52c379550bb21a046/im3_datacenter_centroids.geojson
2026-03-31,"Comcast data center · King, WA",OSM,site_mapped,8025,"{""dataset"": ""IM3 Open Source Data Center Atlas"", ""dataset_url"": ""https://data.msdlive.org/records/65g71-a4731"", ""atlas_commit"": ""48d45f6eef72778edf374ec52c379550bb21a046"", ""atlas_type"": ""building"", ""osm_name"": null, ""operator"": ""Comcast"", ""footprint_sqft"": 8025, ""license"": ""ODbL-1.0""}",https://github.com/IMMM-SFA/datacenter-atlas/blob/48d45f6eef72778edf374ec52c379550bb21a046/im3_datacenter_centroids.geojson
2026-03-31,"Centeris SH2 Build-to-Suit · Pierce, WA",OSM,site_mapped,93539,"{""dataset"": ""IM3 Open Source Data Center Atlas"", ""dataset_url"": ""https://data.msdlive.org/records/65g71-a4731"", ""atlas_commit"": ""48d45f6eef72778edf374ec52c379550bb21a046"", ""atlas_type"": ""building"", ""osm_name"": ""Centeris SH2 Build-to-Suit"", ""operator"": null, ""footprint_sqft"": 93539, ""license"": ""ODbL-1.0""}",https://github.com/IMMM-SFA/datacenter-atlas/blob/48d45f6eef72778edf374ec52c379550bb21a046/im3_datacenter_centroids.geojson
2026-03-31,"Centeris SH1 Colocation · Pierce, WA",OSM,site_mapped,115786,"{""dataset"": ""IM3 Open Source Data Center Atlas"", ""dataset_url"": ""https://data.msdlive.org/records/65g71-a4731"", ""atlas_commit"": ""48d45f6eef72778edf374ec52c379550bb21a046"", ""atlas_type"": ""building"", ""osm_name"": ""Centeris SH1 Colocation"", ""operator"": null, ""footprint_sqft"": 115786, ""license"": ""ODbL-1.0""}",https://github.com/IMMM-SFA/datacenter-atlas/blob/48d45f6eef72778edf374ec52c379550bb21a046/im3_datacenter_centroids.geojson
2026-03-31,"Digital Fortress Lynnwood · Snohomish, WA",OSM,site_mapped,24944,"{""dataset"": ""IM3 Open Source Data Center Atlas"", ""dataset_url"": ""https://data.msdlive.org/records/65g71-a4731"", ""atlas_commit"": ""48d45f6eef72778edf374ec52c379550bb21a046"", ""atlas_type"": ""building"", ""osm_name"": ""Digital Fortress Lynnwood"", ""operator"": null, ""footprint_sqft"": 24944, ""license"": ""ODbL-1.0""}",https://github.com/IMMM-SFA/datacenter-atlas/blob/48d45f6eef72778edf374ec52c379550bb21a046/im3_datacenter_centroids.geojson
2026-03-31,"Centersquare Lynnwood SE1 · Snohomish, WA",OSM,site_mapped,104460,"{""dataset"": ""IM3 Open Source Data Center Atlas"", ""dataset_url"": ""https://data.msdlive.org/records/65g71-a4731"", ""atlas_commit"": ""48d45f6eef72778edf374ec52c379550bb21a046"", ""atlas_type"": ""building"", ""osm_name"": ""Centersquare Lynnwood SE1"", ""operator"": ""Centersquare"", ""footprint_sqft"": 104460, ""license"": ""ODbL-1.0""}",https://github.com/IMMM-SFA/datacenter-atlas/blob/48d45f6eef72778edf374ec52c379550bb21a046/im3_datacenter_centroids.geojson
2026-03-31,"Norma Beach Cable Landing Station · Snohomish, WA",OSM,site_mapped,2369,"{""dataset"": ""IM3 Open Source Data Center Atlas"", ""dataset_url"": ""https://data.msdlive.org/records/65g71-a4731"", ""atlas_commit"": ""48d45f6eef72778edf374ec52c379550bb21a046"", ""atlas_type"": ""building"", ""osm_name"": ""Norma Beach Cable Landing Station"", ""operator"": ""Unity Cable System"", ""footprint_sqft"": 2369, ""license"": ""ODbL-1.0""}",https://github.com/IMMM-SFA/datacenter-atlas/blob/48d45f6eef72778edf374ec52c379550bb21a046/im3_datacenter_centroids.geojson
2026-03-31,"Unnamed data center · Snohomish, WA",OSM,site_mapped,,"{""dataset"": ""IM3 Open Source Data Center Atlas"", ""dataset_url"": ""https://data.msdlive.org/records/65g71-a4731"", ""atlas_commit"": ""48d45f6eef72778edf374ec52c379550bb21a046"", ""atlas_type"": ""point"", ""osm_name"": null, ""operator"": null, ""footprint_sqft"": null, ""license"": ""ODbL-1.0""}",https://github.com/IMMM-SFA/datacenter-atlas/blob/48d45f6eef72778edf374ec52c379550bb21a046/im3_datacenter_centroids.geojson
2026-03-31,"Iron Mountain · Spokane, WA",OSM,site_mapped,14085,"{""dataset"": ""IM3 Open Source Data Center Atlas"", ""dataset_url"": ""https://data.msdlive.org/records/65g71-a4731"", ""atlas_commit"": ""48d45f6eef72778edf374ec52c379550bb21a046"", ""atlas_type"": ""building"", ""osm_name"": ""Iron Mountain"", ""operator"": null, ""footprint_sqft"": 14085, ""license"": ""ODbL-1.0""}",https://github.com/IMMM-SFA/datacenter-atlas/blob/48d45f6eef72778edf374ec52c379550bb21a046/im3_datacenter_centroids.geojson
2026-03-31,"Lumen · Spokane, WA",OSM,site_mapped,25399,"{""dataset"": ""IM3 Open Source Data Center Atlas"", ""dataset_url"": ""https://data.msdlive.org/records/65g71-a4731"", ""atlas_commit"": ""48d45f6eef72778edf374ec52c379550bb21a046"", ""atlas_type"": ""building"", ""osm_name"": ""Lumen"", ""operator"": ""Lumen Technologies"", ""footprint_sqft"": 25399, ""license"": ""ODbL-1.0""}",https://github.com/IMMM-SFA/datacenter-atlas/blob/48d45f6eef72778edf374ec52c379550bb21a046/im3_datacenter_centroids.geojson
2026-03-31,"TierPoint · Spokane, WA",OSM,site_mapped,14435,"{""dataset"": ""IM3 Open Source Data Center Atlas"", ""dataset_url"": ""https://data.msdlive.org/records/65g71-a4731"", ""atlas_commit"": ""48d45f6eef72778edf374ec52c379550bb21a046"", ""atlas_type"": ""building"", ""osm_name"": ""TierPoint"", ""operator"": null, ""footprint_sqft"": 14435, ""license"": ""ODbL-1.0""}",https://github.com/IMMM-SFA/datacenter-atlas/blob/48d45f6eef72778edf374ec52c379550bb21a046/im3_datacenter_centroids.geojson
2026-03-31,"Wave Broadband Tahoma Terra Facility · Thurston, WA",OSM,site_mapped,9139,"{""dataset"": ""IM3 Open Source Data Center Atlas"", ""dataset_url"": ""https://data.msdlive.org/records/65g71-a4731"", ""atlas_commit"": ""48d45f6eef72778edf374ec52c379550bb21a046"", ""atlas_type"": ""campus"", ""osm_name"": ""Wave Broadband Tahoma Terra Facility"", ""operator"": null, ""footprint_sqft"": 9139, ""license"": ""ODbL-1.0""}",https://github.com/IMMM-SFA/datacenter-atlas/blob/48d45f6eef72778edf374ec52c379550bb21a046/im3_datacenter_centroids.geojson
2026-03-31,"CSSNW Bellingham · Whatcom, WA",OSM,site_mapped,4312,"{""dataset"": ""IM3 Open Source Data Center Atlas"", ""dataset_url"": ""https://data.msdlive.org/records/65g71-a4731"", ""atlas_commit"": ""48d45f6eef72778edf374ec52c379550bb21a046"", ""atlas_type"": ""building"", ""osm_name"": ""CSSNW Bellingham"", ""operator"": ""CSS Communications"", ""footprint_sqft"": 4312, ""license"": ""ODbL-1.0""}",https://github.com/IMMM-SFA/datacenter-atlas/blob/48d45f6eef72778edf374ec52c379550bb21a046/im3_datacenter_centroids.geojson
2026-03-31,"Involta data center · Calumet, WI",OSM,site_mapped,60180,"{""dataset"": ""IM3 Open Source Data Center Atlas"", ""dataset_url"": ""https://data.msdlive.org/records/65g71-a4731"", ""atlas_commit"": ""48d45f6eef72778edf374ec52c379550bb21a046"", ""atlas_type"": ""building"", ""osm_name"": null, ""operator"": ""Involta"", ""footprint_sqft"": 60180, ""license"": ""ODbL-1.0""}",https://github.com/IMMM-SFA/datacenter-atlas/blob/48d45f6eef72778edf374ec52c379550bb21a046/im3_datacenter_centroids.geojson
2026-03-31,"Unnamed data center · Columbia, WI",OSM,site_mapped,361,"{""dataset"": ""IM3 Open Source Data Center Atlas"", ""dataset_url"": ""https://data.msdlive.org/records/65g71-a4731"", ""atlas_commit"": ""48d45f6eef72778edf374ec52c379550bb21a046"", ""atlas_type"": ""building"", ""osm_name"": null, ""operator"": null, ""footprint_sqft"": 361, ""license"": ""ODbL-1.0""}",https://github.com/IMMM-SFA/datacenter-atlas/blob/48d45f6eef72778edf374ec52c379550bb21a046/im3_datacenter_centroids.geojson
2026-03-31,"Unnamed data center · Dane, WI",OSM,site_mapped,9176,"{""dataset"": ""IM3 Open Source Data Center Atlas"", ""dataset_url"": ""https://data.msdlive.org/records/65g71-a4731"", ""atlas_commit"": ""48d45f6eef72778edf374ec52c379550bb21a046"", ""atlas_type"": ""building"", ""osm_name"": null, ""operator"": null, ""footprint_sqft"": 9176, ""license"": ""ODbL-1.0""}",https://github.com/IMMM-SFA/datacenter-atlas/blob/48d45f6eef72778edf374ec52c379550bb21a046/im3_datacenter_centroids.geojson
2026-03-31,"Lumen Madison 1 Data Center · Dane, WI",OSM,site_mapped,,"{""dataset"": ""IM3 Open Source Data Center Atlas"", ""dataset_url"": ""https://data.msdlive.org/records/65g71-a4731"", ""atlas_commit"": ""48d45f6eef72778edf374ec52c379550bb21a046"", ""atlas_type"": ""point"", ""osm_name"": ""Lumen Madison 1 Data Center"", ""operator"": ""Lumen Technologies"", ""footprint_sqft"": null, ""license"": ""ODbL-1.0""}",https://github.com/IMMM-SFA/datacenter-atlas/blob/48d45f6eef72778edf374ec52c379550bb21a046/im3_datacenter_centroids.geojson
2026-03-31,"Meta Beaver Dam Data Center · Dodge, WI",OSM,site_mapped,18261491,"{""dataset"": ""IM3 Open Source Data Center Atlas"", ""dataset_url"": ""https://data.msdlive.org/records/65g71-a4731"", ""atlas_commit"": ""48d45f6eef72778edf374ec52c379550bb21a046"", ""atlas_type"": ""campus"", ""osm_name"": ""Meta Beaver Dam Data Center"", ""operator"": ""Meta"", ""footprint_sqft"": 18261491, ""license"": ""ODbL-1.0""}",https://github.com/IMMM-SFA/datacenter-atlas/blob/48d45f6eef72778edf374ec52c379550bb21a046/im3_datacenter_centroids.geojson
2026-03-31,"West Wisconsin Telcom data center · Dunn, WI",OSM,site_mapped,3368,"{""dataset"": ""IM3 Open Source Data Center Atlas"", ""dataset_url"": ""https://data.msdlive.org/records/65g71-a4731"", ""atlas_commit"": ""48d45f6eef72778edf374ec52c379550bb21a046"", ""atlas_type"": ""building"", ""osm_name"": null, ""operator"": ""West Wisconsin Telcom"", ""footprint_sqft"": 3368, ""license"": ""ODbL-1.0""}",https://github.com/IMMM-SFA/datacenter-atlas/blob/48d45f6eef72778edf374ec52c379550bb21a046/im3_datacenter_centroids.geojson
2026-03-31,"Marquette-Adams Telephone Coop · Marquette, WI",OSM,site_mapped,8257,"{""dataset"": ""IM3 Open Source Data Center Atlas"", ""dataset_url"": ""https://data.msdlive.org/records/65g71-a4731"", ""atlas_commit"": ""48d45f6eef72778edf374ec52c379550bb21a046"", ""atlas_type"": ""building"", ""osm_name"": ""Marquette-Adams Telephone Coop"", ""operator"": null, ""footprint_sqft"": 8257, ""license"": ""ODbL-1.0""}",https://github.com/IMMM-SFA/datacenter-atlas/blob/48d45f6eef72778edf374ec52c379550bb21a046/im3_datacenter_centroids.geojson
2026-03-31,"Expedient Milwaukee · Milwaukee, WI",OSM,site_mapped,26099,"{""dataset"": ""IM3 Open Source Data Center Atlas"", ""dataset_url"": ""https://data.msdlive.org/records/65g71-a4731"", ""atlas_commit"": ""48d45f6eef72778edf374ec52c379550bb21a046"", ""atlas_type"": ""building"", ""osm_name"": ""Expedient Milwaukee"", ""operator"": null, ""footprint_sqft"": 26099, ""license"": ""ODbL-1.0""}",https://github.com/IMMM-SFA/datacenter-atlas/blob/48d45f6eef72778edf374ec52c379550bb21a046/im3_datacenter_centroids.geojson
2026-03-31,"TierPoint Milwaukee · Milwaukee, WI",OSM,site_mapped,,"{""dataset"": ""IM3 Open Source Data Center Atlas"", ""dataset_url"": ""https://data.msdlive.org/records/65g71-a4731"", ""atlas_commit"": ""48d45f6eef72778edf374ec52c379550bb21a046"", ""atlas_type"": ""point"", ""osm_name"": ""TierPoint Milwaukee"", ""operator"": null, ""footprint_sqft"": null, ""license"": ""ODbL-1.0""}",https://github.com/IMMM-SFA/datacenter-atlas/blob/48d45f6eef72778edf374ec52c379550bb21a046/im3_datacenter_centroids.geojson
2026-03-31,"Data Holdings Data Center · Milwaukee, WI",OSM,site_mapped,,"{""dataset"": ""IM3 Open Source Data Center Atlas"", ""dataset_url"": ""https://data.msdlive.org/records/65g71-a4731"", ""atlas_commit"": ""48d45f6eef72778edf374ec52c379550bb21a046"", ""atlas_type"": ""point"", ""osm_name"": ""Data Holdings Data Center"", ""operator"": null, ""footprint_sqft"": null, ""license"": ""ODbL-1.0""}",https://github.com/IMMM-SFA/datacenter-atlas/blob/48d45f6eef72778edf374ec52c379550bb21a046/im3_datacenter_centroids.geojson
2026-03-31,"Unnamed data center · Racine, WI",OSM,site_mapped,9094,"{""dataset"": ""IM3 Open Source Data Center Atlas"", ""dataset_url"": ""https://data.msdlive.org/records/65g71-a4731"", ""atlas_commit"": ""48d45f6eef72778edf374ec52c379550bb21a046"", ""atlas_type"": ""building"", ""osm_name"": null, ""operator"": null, ""footprint_sqft"": 9094, ""license"": ""ODbL-1.0""}",https://github.com/IMMM-SFA/datacenter-atlas/blob/48d45f6eef72778edf374ec52c379550bb21a046/im3_datacenter_centroids.geojson
2026-03-31,"Central Office · Walworth, WI",OSM,site_mapped,9001,"{""dataset"": ""IM3 Open Source Data Center Atlas"", ""dataset_url"": ""https://data.msdlive.org/records/65g71-a4731"", ""atlas_commit"": ""48d45f6eef72778edf374ec52c379550bb21a046"", ""atlas_type"": ""building"", ""osm_name"": ""Central Office"", ""operator"": ""AT&T"", ""footprint_sqft"": 9001, ""license"": ""ODbL-1.0""}",https://github.com/IMMM-SFA/datacenter-atlas/blob/48d45f6eef72778edf374ec52c379550bb21a046/im3_datacenter_centroids.geojson
2026-03-31,"Pewaukee Data Center · Waukesha, WI",OSM,site_mapped,47298,"{""dataset"": ""IM3 Open Source Data Center Atlas"", ""dataset_url"": ""https://data.msdlive.org/records/65g71-a4731"", ""atlas_commit"": ""48d45f6eef72778edf374ec52c379550bb21a046"", ""atlas_type"": ""building"", ""osm_name"": ""Pewaukee Data Center"", ""operator"": ""WE Energies"", ""footprint_sqft"": 47298, ""license"": ""ODbL-1.0""}",https://github.com/IMMM-SFA/datacenter-atlas/blob/48d45f6eef72778edf374ec52c379550bb21a046/im3_datacenter_centroids.geojson
2026-03-31,"Morgan Wireless · Morgan, WV",OSM,site_mapped,,"{""dataset"": ""IM3 Open Source Data Center Atlas"", ""dataset_url"": ""https://data.msdlive.org/records/65g71-a4731"", ""atlas_commit"": ""48d45f6eef72778edf374ec52c379550bb21a046"", ""atlas_type"": ""point"", ""osm_name"": ""Morgan Wireless"", ""operator"": null, ""footprint_sqft"": null, ""license"": ""ODbL-1.0""}",https://github.com/IMMM-SFA/datacenter-atlas/blob/48d45f6eef72778edf374ec52c379550bb21a046/im3_datacenter_centroids.geojson
2026-03-31,"Unnamed data center · Campbell, WY",OSM,site_mapped,5975,"{""dataset"": ""IM3 Open Source Data Center Atlas"", ""dataset_url"": ""https://data.msdlive.org/records/65g71-a4731"", ""atlas_commit"": ""48d45f6eef72778edf374ec52c379550bb21a046"", ""atlas_type"": ""building"", ""osm_name"": null, ""operator"": null, ""footprint_sqft"": 5975, ""license"": ""ODbL-1.0""}",https://github.com/IMMM-SFA/datacenter-atlas/blob/48d45f6eef72778edf374ec52c379550bb21a046/im3_datacenter_centroids.geojson
2026-03-31,"Meta Cheyenne Data Center · Laramie, WY",OSM,site_mapped,11352010,"{""dataset"": ""IM3 Open Source Data Center Atlas"", ""dataset_url"": ""https://data.msdlive.org/records/65g71-a4731"", ""atlas_commit"": ""48d45f6eef72778edf374ec52c379550bb21a046"", ""atlas_type"": ""campus"", ""osm_name"": ""Meta Cheyenne Data Center"", ""operator"": ""Meta"", ""footprint_sqft"": 11352010, ""license"": ""ODbL-1.0""}",https://github.com/IMMM-SFA/datacenter-atlas/blob/48d45f6eef72778edf374ec52c379550bb21a046/im3_datacenter_centroids.geojson
2026-03-31,"Unnamed data center · Laramie, WY #1",OSM,site_mapped,216879,"{""dataset"": ""IM3 Open Source Data Center Atlas"", ""dataset_url"": ""https://data.msdlive.org/records/65g71-a4731"", ""atlas_commit"": ""48d45f6eef72778edf374ec52c379550bb21a046"", ""atlas_type"": ""building"", ""osm_name"": null, ""operator"": null, ""footprint_sqft"": 216879, ""license"": ""ODbL-1.0""}",https://github.com/IMMM-SFA/datacenter-atlas/blob/48d45f6eef72778edf374ec52c379550bb21a046/im3_datacenter_centroids.geojson
2026-03-31,"Unnamed data center · Laramie, WY #2",OSM,site_mapped,218419,"{""dataset"": ""IM3 Open Source Data Center Atlas"", ""dataset_url"": ""https://data.msdlive.org/records/65g71-a4731"", ""atlas_commit"": ""48d45f6eef72778edf374ec52c379550bb21a046"", ""atlas_type"": ""building"", ""osm_name"": null, ""operator"": null, ""footprint_sqft"": 218419, ""license"": ""ODbL-1.0""}",https://github.com/IMMM-SFA/datacenter-atlas/blob/48d45f6eef72778edf374ec52c379550bb21a046/im3_datacenter_centroids.geojson
2026-03-31,"Unnamed data center · Laramie, WY #3",OSM,site_mapped,62914,"{""dataset"": ""IM3 Open Source Data Center Atlas"", ""dataset_url"": ""https://data.msdlive.org/records/65g71-a4731"", ""atlas_commit"": ""48d45f6eef72778edf374ec52c379550bb21a046"", ""atlas_type"": ""building"", ""osm_name"": null, ""operator"": null, ""footprint_sqft"": 62914, ""license"": ""ODbL-1.0""}",https://github.com/IMMM-SFA/datacenter-atlas/blob/48d45f6eef72778edf374ec52c379550bb21a046/im3_datacenter_centroids.geojson
2026-03-31,"Unnamed data center · Laramie, WY #4",OSM,site_mapped,67797,"{""dataset"": ""IM3 Open Source Data Center Atlas"", ""dataset_url"": ""https://data.msdlive.org/records/65g71-a4731"", ""atlas_commit"": ""48d45f6eef72778edf374ec52c379550bb21a046"", ""atlas_type"": ""building"", ""osm_name"": null, ""operator"": null, ""footprint_sqft"": 67797, ""license"": ""ODbL-1.0""}",https://github.com/IMMM-SFA/datacenter-atlas/blob/48d45f6eef72778edf374ec52c379550bb21a046/im3_datacenter_centroids.geojson
2026-03-31,"CYS41 Datacenter · Laramie, WY",OSM,site_mapped,46211,"{""dataset"": ""IM3 Open Source Data Center Atlas"", ""dataset_url"": ""https://data.msdlive.org/records/65g71-a4731"", ""atlas_commit"": ""48d45f6eef72778edf374ec52c379550bb21a046"", ""atlas_type"": ""building"", ""osm_name"": ""CYS41 Datacenter"", ""operator"": ""Microsoft"", ""footprint_sqft"": 46211, ""license"": ""ODbL-1.0""}",https://github.com/IMMM-SFA/datacenter-atlas/blob/48d45f6eef72778edf374ec52c379550bb21a046/im3_datacenter_centroids.geojson
2026-03-31,"MineOne Wyoming Data Center · Laramie, WY",OSM,site_mapped,306030,"{""dataset"": ""IM3 Open Source Data Center Atlas"", ""dataset_url"": ""https://data.msdlive.org/records/65g71-a4731"", ""atlas_commit"": ""48d45f6eef72778edf374ec52c379550bb21a046"", ""atlas_type"": ""campus"", ""osm_name"": ""MineOne Wyoming Data Center"", ""operator"": ""MineOne"", ""footprint_sqft"": 306030, ""license"": ""ODbL-1.0""}",https://github.com/IMMM-SFA/datacenter-atlas/blob/48d45f6eef72778edf374ec52c379550bb21a046/im3_datacenter_centroids.geojson
2026-03-31,"Unnamed data center · Laramie, WY #5",OSM,site_mapped,62555,"{""dataset"": ""IM3 Open Source Data Center Atlas"", ""dataset_url"": ""https://data.msdlive.org/records/65g71-a4731"", ""atlas_commit"": ""48d45f6eef72778edf374ec52c379550bb21a046"", ""atlas_type"": ""building"", ""osm_name"": null, ""operator"": null, ""footprint_sqft"": 62555, ""license"": ""ODbL-1.0""}",https://github.com/IMMM-SFA/datacenter-atlas/blob/48d45f6eef72778edf374ec52c379550bb21a046/im3_datacenter_centroids.geojson
2026-03-31,"Unnamed data center · Laramie, WY #6",OSM,site_mapped,63264,"{""dataset"": ""IM3 Open Source Data Center Atlas"", ""dataset_url"": ""https://data.msdlive.org/records/65g71-a4731"", ""atlas_commit"": ""48d45f6eef72778edf374ec52c379550bb21a046"", ""atlas_type"": ""building"", ""osm_name"": null, ""operator"": null, ""footprint_sqft"": 63264, ""license"": ""ODbL-1.0""}",https://github.com/IMMM-SFA/datacenter-atlas/blob/48d45f6eef72778edf374ec52c379550bb21a046/im3_datacenter_centroids.geojson
2026-03-31,"CYS42 Datacenter · Laramie, WY",OSM,site_mapped,60368,"{""dataset"": ""IM3 Open Source Data Center Atlas"", ""dataset_url"": ""https://data.msdlive.org/records/65g71-a4731"", ""atlas_commit"": ""48d45f6eef72778edf374ec52c379550bb21a046"", ""atlas_type"": ""building"", ""osm_name"": ""CYS42 Datacenter"", ""operator"": ""Microsoft"", ""footprint_sqft"": 60368, ""license"": ""ODbL-1.0""}",https://github.com/IMMM-SFA/datacenter-atlas/blob/48d45f6eef72778edf374ec52c379550bb21a046/im3_datacenter_centroids.geojson
2026-03-31,"Unnamed data center · Laramie, WY #7",OSM,site_mapped,29178,"{""dataset"": ""IM3 Open Source Data Center Atlas"", ""dataset_url"": ""https://data.msdlive.org/records/65g71-a4731"", ""atlas_commit"": ""48d45f6eef72778edf374ec52c379550bb21a046"", ""atlas_type"": ""building"", ""osm_name"": null, ""operator"": null, ""footprint_sqft"": 29178, ""license"": ""ODbL-1.0""}",https://github.com/IMMM-SFA/datacenter-atlas/blob/48d45f6eef72778edf374ec52c379550bb21a046/im3_datacenter_centroids.geojson
2026-03-31,"Unnamed data center · Laramie, WY #8",OSM,site_mapped,51590,"{""dataset"": ""IM3 Open Source Data Center Atlas"", ""dataset_url"": ""https://data.msdlive.org/records/65g71-a4731"", ""atlas_commit"": ""48d45f6eef72778edf374ec52c379550bb21a046"", ""atlas_type"": ""building"", ""osm_name"": null, ""operator"": null, ""footprint_sqft"": 51590, ""license"": ""ODbL-1.0""}",https://github.com/IMMM-SFA/datacenter-atlas/blob/48d45f6eef72778edf374ec52c379550bb21a046/im3_datacenter_centroids.geojson
2026-03-31,"Unnamed data center · Laramie, WY #9",OSM,site_mapped,140780,"{""dataset"": ""IM3 Open Source Data Center Atlas"", ""dataset_url"": ""https://data.msdlive.org/records/65g71-a4731"", ""atlas_commit"": ""48d45f6eef72778edf374ec52c379550bb21a046"", ""atlas_type"": ""building"", ""osm_name"": null, ""operator"": null, ""footprint_sqft"": 140780, ""license"": ""ODbL-1.0""}",https://github.com/IMMM-SFA/datacenter-atlas/blob/48d45f6eef72778edf374ec52c379550bb21a046/im3_datacenter_centroids.geojson
2026-03-31,"Unnamed data center · Laramie, WY #10",OSM,site_mapped,33657,"{""dataset"": ""IM3 Open Source Data Center Atlas"", ""dataset_url"": ""https://data.msdlive.org/records/65g71-a4731"", ""atlas_commit"": ""48d45f6eef72778edf374ec52c379550bb21a046"", ""atlas_type"": ""building"", ""osm_name"": null, ""operator"": null, ""footprint_sqft"": 33657, ""license"": ""ODbL-1.0""}",https://github.com/IMMM-SFA/datacenter-atlas/blob/48d45f6eef72778edf374ec52c379550bb21a046/im3_datacenter_centroids.geojson
2026-03-31,"NCAR-Wyoming Supercomputing Center · Laramie, WY",OSM,site_mapped,101129,"{""dataset"": ""IM3 Open Source Data Center Atlas"", ""dataset_url"": ""https://data.msdlive.org/records/65g71-a4731"", ""atlas_commit"": ""48d45f6eef72778edf374ec52c379550bb21a046"", ""atlas_type"": ""building"", ""osm_name"": ""NCAR-Wyoming Supercomputing Center"", ""operator"": ""University Corporation for Atmospheric Research"", ""footprint_sqft"": 101129, ""license"": ""ODbL-1.0""}",https://github.com/IMMM-SFA/datacenter-atlas/blob/48d45f6eef72778edf374ec52c379550bb21a046/im3_datacenter_centroids.geojson
2026-03-31,"Windbreak Cable · Laramie, WY",OSM,site_mapped,1114,"{""dataset"": ""IM3 Open Source Data Center Atlas"", ""dataset_url"": ""https://data.msdlive.org/records/65g71-a4731"", ""atlas_commit"": ""48d45f6eef72778edf374ec52c379550bb21a046"", ""atlas_type"": ""building"", ""osm_name"": ""Windbreak Cable"", ""operator"": null, ""footprint_sqft"": 1114, ""license"": ""ODbL-1.0""}",https://github.com/IMMM-SFA/datacenter-atlas/blob/48d45f6eef72778edf374ec52c379550bb21a046/im3_datacenter_centroids.geojson
