{"type":"FeatureCollection","features":[{"type":"Feature","properties":{"code":"AL","name":"Alabama"},"geometry":{"type":"MultiPolygon","coordinates":[[[[-88.327,30.23],[-88.118,30.279],[-88.075,30.249],[-88.327,30.23]]],[[[-88.469,31.93],[-88.098,34.892],[-88.155,34.922],[-88.203,35.008],[-85.605,34.985],[-85.184,32.861],[-85.122,32.773],[-85.143,32.761],[-85.113,32.736],[-85.105,32.645],[-84.963,32.424],[-85.007,32.328],[-84.889,32.261],[-85.061,32.134],[-85.049,32.023],[-85.141,31.857],[-85.126,31.695],[-85.058,31.62],[-85.041,31.541],[-85.115,31.277],[-85.108,31.186],[-85.036,31.108],[-85.002,31.001],[-87.599,30.997],[-87.635,30.866],[-87.533,30.743],[-87.407,30.675],[-87.395,30.615],[-87.448,30.51],[-87.368,30.433],[-87.505,30.324],[-87.452,30.3],[-87.801,30.229],[-88.028,30.224],[-87.936,30.261],[-87.893,30.239],[-87.788,30.254],[-87.747,30.288],[-87.906,30.409],[-87.937,30.483],[-87.902,30.551],[-87.913,30.616],[-87.986,30.678],[-88.062,30.644],[-88.138,30.313],[-88.196,30.321],[-88.187,30.363],[-88.312,30.37],[-88.338,30.405],[-88.395,30.369],[-88.469,31.93]]]]}},{"type":"Feature","properties":{"code":"AR","name":"Arkansas"},"geometry":{"type":"Polygon","coordinates":[[[-94.618,36.499],[-90.152,36.498],[-90.139,36.414],[-90.065,36.382],[-90.064,36.303],[-90.319,36.09],[-90.378,35.996],[-89.733,36.001],[-89.642,35.896],[-89.669,35.875],[-89.743,35.911],[-89.774,35.868],[-89.696,35.821],[-89.782,35.805],[-89.825,35.745],[-89.912,35.758],[-89.958,35.727],[-89.927,35.659],[-89.851,35.657],[-89.957,35.591],[-89.909,35.514],[-90.028,35.555],[-90.048,35.503],[-90.003,35.43],[-90.054,35.389],[-90.068,35.466],[-90.101,35.478],[-90.169,35.422],[-90.165,35.374],[-90.136,35.377],[-90.129,35.414],[-90.079,35.381],[-90.11,35.305],[-90.169,35.279],[-90.093,35.247],[-90.075,35.214],[-90.117,35.187],[-90.065,35.139],[-90.167,35.124],[-90.207,35.026],[-90.297,35.038],[-90.307,34.992],[-90.241,34.919],[-90.318,34.871],[-90.307,34.846],[-90.439,34.825],[-90.437,34.883],[-90.481,34.881],[-90.448,34.739],[-90.524,34.731],[-90.493,34.772],[-90.544,34.792],[-90.572,34.713],[-90.463,34.684],[-90.532,34.627],[-90.57,34.693],[-90.591,34.619],[-90.54,34.554],[-90.593,34.491],[-90.586,34.409],[-90.659,34.376],[-90.669,34.313],[-90.693,34.323],[-90.676,34.371],[-90.764,34.364],[-90.738,34.289],[-90.832,34.277],[-90.847,34.206],[-90.936,34.238],[-90.914,34.196],[-90.808,34.162],[-90.847,34.137],[-90.91,34.166],[-90.959,34.135],[-90.871,34.081],[-90.896,34.025],[-90.988,34.019],[-90.966,33.965],[-91.086,34.006],[-91.088,33.959],[-91.01,33.932],[-91.07,33.845],[-90.988,33.785],[-91.018,33.764],[-91.134,33.783],[-91.149,33.731],[-91.061,33.715],[-91.031,33.679],[-91.091,33.658],[-91.16,33.707],[-91.231,33.677],[-91.129,33.608],[-91.165,33.57],[-91.233,33.563],[-91.183,33.499],[-91.235,33.439],[-91.177,33.445],[-91.168,33.498],[-91.118,33.458],[-91.208,33.402],[-91.142,33.38],[-91.087,33.451],[-91.058,33.447],[-91.142,33.349],[-91.106,33.242],[-91.079,33.283],[-91.044,33.275],[-91.1,33.219],[-91.086,33.137],[-91.202,33.123],[-91.121,33.059],[-91.166,33.004],[-94.043,33.019],[-94.043,33.552],[-94.083,33.575],[-94.129,33.551],[-94.184,33.595],[-94.217,33.581],[-94.194,33.574],[-94.196,33.555],[-94.25,33.557],[-94.243,33.59],[-94.382,33.544],[-94.383,33.583],[-94.412,33.569],[-94.472,33.603],[-94.449,33.643],[-94.486,33.638],[-94.431,35.392],[-94.618,36.499]]]}},{"type":"Feature","properties":{"code":"AZ","name":"Arizona"},"geometry":{"type":"Polygon","coordinates":[[[-114.816,32.508],[-114.792,32.557],[-114.814,32.561],[-114.807,32.621],[-114.702,32.746],[-114.539,32.75],[-114.469,32.845],[-114.468,32.967],[-114.511,33.023],[-114.662,33.033],[-114.706,33.088],[-114.672,33.258],[-114.731,33.302],[-114.698,33.352],[-114.725,33.405],[-114.643,33.417],[-114.525,33.552],[-114.532,33.675],[-114.494,33.708],[-114.528,33.815],[-114.508,33.904],[-114.535,33.935],[-114.438,34.023],[-114.416,34.108],[-114.131,34.263],[-114.177,34.349],[-114.387,34.458],[-114.381,34.53],[-114.436,34.595],[-114.47,34.711],[-114.635,34.875],[-114.637,35.028],[-114.603,35.069],[-114.647,35.102],[-114.578,35.129],[-114.569,35.183],[-114.606,35.358],[-114.679,35.499],[-114.653,35.611],[-114.689,35.65],[-114.712,35.806],[-114.707,35.849],[-114.662,35.871],[-114.741,35.976],[-114.722,36.029],[-114.755,36.085],[-114.63,36.142],[-114.444,36.126],[-114.409,36.147],[-114.37,36.143],[-114.242,36.015],[-114.146,36.027],[-114.121,36.11],[-114.044,36.193],[-114.051,37.0],[-109.045,36.999],[-109.05,31.333],[-111.075,31.332],[-114.816,32.508]]]}},{"type":"Feature","properties":{"code":"CA","name":"California"},"geometry":{"type":"MultiPolygon","coordinates":[[[[-120.237,34.009],[-120.043,34.036],[-120.047,34.0],[-119.98,33.984],[-119.969,33.943],[-120.122,33.896],[-120.18,33.925],[-120.237,34.009]]],[[[-119.923,34.067],[-119.759,34.059],[-119.638,34.013],[-119.584,34.054],[-119.521,34.034],[-119.56,33.996],[-119.818,33.96],[-119.873,33.98],[-119.876,34.032],[-119.923,34.067]]],[[[-120.454,34.028],[-120.368,34.076],[-120.307,34.022],[-120.454,34.028]]],[[[-118.587,33.032],[-118.5,32.934],[-118.354,32.821],[-118.432,32.801],[-118.506,32.853],[-118.61,33.016],[-118.587,33.032]]],[[[-119.562,33.271],[-119.529,33.285],[-119.434,33.227],[-119.546,33.233],[-119.562,33.271]]],[[[-118.607,33.478],[-118.37,33.409],[-118.305,33.31],[-118.465,33.326],[-118.489,33.42],[-118.575,33.44],[-118.607,33.478]]],[[[-124.41,40.438],[-124.137,40.926],[-124.112,41.027],[-124.154,41.054],[-124.165,41.13],[-124.107,41.23],[-124.063,41.44],[-124.147,41.718],[-124.255,41.778],[-124.208,41.888],[-124.212,41.998],[-119.999,41.995],[-120.001,39.0],[-117.5,37.22],[-114.633,35.002],[-114.634,34.873],[-114.47,34.711],[-114.436,34.595],[-114.381,34.53],[-114.387,34.458],[-114.177,34.349],[-114.131,34.263],[-114.434,34.087],[-114.438,34.023],[-114.535,33.935],[-114.508,33.904],[-114.528,33.815],[-114.494,33.708],[-114.532,33.675],[-114.525,33.552],[-114.643,33.417],[-114.725,33.405],[-114.698,33.352],[-114.731,33.302],[-114.672,33.258],[-114.706,33.088],[-114.665,33.034],[-114.52,33.03],[-114.469,32.972],[-114.469,32.845],[-114.531,32.793],[-114.527,32.757],[-114.618,32.728],[-114.702,32.746],[-114.72,32.719],[-117.124,32.534],[-117.161,32.666],[-117.213,32.688],[-117.243,32.665],[-117.282,32.833],[-117.254,32.904],[-117.313,33.087],[-117.47,33.296],[-117.653,33.446],[-117.715,33.46],[-117.784,33.542],[-118.133,33.753],[-118.181,33.765],[-118.186,33.733],[-118.243,33.743],[-118.294,33.705],[-118.41,33.741],[-118.428,33.774],[-118.391,33.839],[-118.524,34.031],[-118.742,34.033],[-118.807,34.0],[-119.129,34.101],[-119.216,34.146],[-119.279,34.267],[-119.564,34.415],[-119.878,34.407],[-120.141,34.473],[-120.453,34.442],[-120.511,34.523],[-120.637,34.561],[-120.6,34.705],[-120.637,34.756],[-120.61,34.858],[-120.672,34.903],[-120.63,35.062],[-120.646,35.144],[-120.856,35.206],[-120.9,35.255],[-120.862,35.347],[-120.885,35.43],[-121.003,35.461],[-121.166,35.635],[-121.287,35.666],[-121.332,35.783],[-121.462,35.886],[-121.501,35.998],[-121.575,36.025],[-121.717,36.195],[-121.903,36.306],[-121.954,36.522],[-121.925,36.526],[-121.933,36.56],[-121.977,36.579],[-121.936,36.637],[-121.866,36.607],[-121.814,36.682],[-121.788,36.804],[-121.862,36.932],[-121.93,36.978],[-122.066,36.948],[-122.135,36.968],[-122.405,37.196],[-122.401,37.359],[-122.46,37.493],[-122.499,37.495],[-122.52,37.537],[-122.494,37.644],[-122.514,37.781],[-122.477,37.809],[-122.388,37.789],[-122.359,37.729],[-122.394,37.708],[-122.389,37.64],[-122.356,37.615],[-122.379,37.606],[-122.263,37.574],[-122.089,37.452],[-122.039,37.455],[-122.056,37.495],[-122.109,37.5],[-122.168,37.677],[-122.252,37.725],[-122.244,37.752],[-122.332,37.782],[-122.342,37.806],[-122.297,37.828],[-122.311,37.896],[-122.391,37.909],[-122.43,37.963],[-122.403,37.955],[-122.368,38.013],[-122.301,38.011],[-122.263,38.051],[-122.394,38.143],[-122.498,38.115],[-122.498,38.019],[-122.447,37.984],[-122.496,37.971],[-122.48,37.943],[-122.505,37.936],[-122.438,37.882],[-122.46,37.863],[-122.504,37.894],[-122.473,37.833],[-122.53,37.818],[-122.642,37.898],[-122.725,37.903],[-122.857,38.017],[-122.94,38.032],[-122.982,38.009],[-122.964,37.99],[-123.024,37.995],[-122.949,38.154],[-122.996,38.239],[-122.973,38.23],[-122.977,38.268],[-123.024,38.311],[-123.064,38.302],[-123.129,38.45],[-123.332,38.566],[-123.446,38.704],[-123.728,38.919],[-123.742,38.956],[-123.691,39.051],[-123.828,39.348],[-123.766,39.553],[-123.85,39.828],[-124.08,40.03],[-124.111,40.104],[-124.361,40.257],[-124.348,40.315],[-124.41,40.438]]]]}},{"type":"Feature","properties":{"code":"CO","name":"Colorado"},"geometry":{"type":"Polygon","coordinates":[[[-109.045,36.999],[-109.05,41.001],[-102.052,41.002],[-102.042,36.993],[-109.045,36.999]]]}},{"type":"Feature","properties":{"code":"CT","name":"Connecticut"},"geometry":{"type":"Polygon","coordinates":[[[-73.728,41.101],[-73.483,41.213],[-73.551,41.295],[-73.487,42.05],[-72.814,42.036],[-72.817,41.998],[-72.767,42.003],[-72.756,42.036],[-71.801,42.024],[-71.798,41.417],[-71.843,41.41],[-71.829,41.342],[-71.857,41.321],[-71.946,41.338],[-72.112,41.299],[-72.184,41.324],[-72.206,41.286],[-72.224,41.302],[-72.318,41.278],[-72.351,41.312],[-72.343,41.269],[-72.368,41.264],[-72.666,41.27],[-72.706,41.244],[-72.762,41.268],[-72.895,41.243],[-72.913,41.297],[-73.015,41.205],[-73.082,41.193],[-73.103,41.151],[-73.178,41.167],[-73.262,41.118],[-73.368,41.107],[-73.57,41.002],[-73.604,41.015],[-73.64,41.003],[-73.657,40.988],[-73.728,41.101]]]}},{"type":"Feature","properties":{"code":"DC","name":"District of Columbia"},"geometry":{"type":"Polygon","coordinates":[[[-77.12,38.934],[-77.041,38.995],[-76.909,38.893],[-77.039,38.792],[-77.041,38.871],[-77.12,38.934]]]}},{"type":"Feature","properties":{"code":"DE","name":"Delaware"},"geometry":{"type":"Polygon","coordinates":[[[-75.694,38.46],[-75.789,39.722],[-75.663,39.821],[-75.539,39.838],[-75.423,39.807],[-75.613,39.621],[-75.563,39.562],[-75.592,39.468],[-75.409,39.264],[-75.402,39.067],[-75.318,38.988],[-75.304,38.913],[-75.159,38.79],[-75.092,38.804],[-75.049,38.451],[-75.694,38.46]]]}},{"type":"Feature","properties":{"code":"FL","name":"Florida"},"geometry":{"type":"MultiPolygon","coordinates":[[[[-82.22,26.607],[-82.16,26.482],[-82.014,26.452],[-82.083,26.422],[-82.173,26.468],[-82.22,26.607]]],[[[-87.627,30.848],[-87.599,30.997],[-85.002,31.001],[-84.935,30.885],[-84.914,30.754],[-84.865,30.712],[-82.215,30.569],[-82.24,30.538],[-82.201,30.485],[-82.204,30.401],[-82.162,30.358],[-82.037,30.378],[-82.005,30.563],[-82.05,30.656],[-82.045,30.728],[-82.022,30.788],[-81.973,30.779],[-81.95,30.828],[-81.611,30.716],[-81.487,30.726],[-81.426,30.7],[-81.456,30.513],[-81.413,30.483],[-81.254,29.777],[-80.966,29.148],[-80.574,28.585],[-80.525,28.459],[-80.578,28.423],[-80.604,28.355],[-80.572,28.112],[-80.381,27.732],[-80.031,26.796],[-80.121,25.813],[-80.156,25.666],[-80.177,25.687],[-80.154,25.723],[-80.203,25.748],[-80.307,25.613],[-80.341,25.471],[-80.305,25.388],[-80.398,25.277],[-80.417,25.199],[-80.353,25.208],[-80.332,25.263],[-80.366,25.285],[-80.253,25.338],[-80.358,25.153],[-80.566,24.957],[-80.658,24.897],[-80.433,25.108],[-80.466,25.212],[-80.652,25.193],[-80.634,25.176],[-80.674,25.138],[-80.653,25.165],[-80.672,25.175],[-80.704,25.141],[-80.732,25.168],[-80.723,25.145],[-80.769,25.162],[-80.769,25.145],[-80.778,25.138],[-80.783,25.166],[-80.801,25.143],[-80.809,25.184],[-80.946,25.128],[-81.088,25.116],[-81.172,25.222],[-81.123,25.379],[-81.151,25.387],[-81.29,25.688],[-81.389,25.781],[-81.534,25.857],[-81.642,25.905],[-81.681,25.845],[-81.729,25.909],[-81.883,26.403],[-82.013,26.487],[-81.998,26.533],[-82.058,26.548],[-82.057,26.494],[-82.106,26.484],[-82.143,26.644],[-82.184,26.688],[-82.126,26.7],[-82.082,26.654],[-82.051,26.865],[-82.097,26.915],[-82.054,26.94],[-82.118,26.965],[-82.141,26.924],[-82.183,26.936],[-82.146,26.783],[-82.25,26.763],[-82.262,26.717],[-82.283,26.816],[-82.56,27.295],[-82.746,27.539],[-82.707,27.498],[-82.641,27.526],[-82.514,27.706],[-82.386,27.82],[-82.403,27.883],[-82.461,27.908],[-82.462,27.939],[-82.492,27.915],[-82.472,27.823],[-82.534,27.833],[-82.544,27.956],[-82.687,28.03],[-82.689,27.973],[-82.726,27.936],[-82.63,27.907],[-82.588,27.819],[-82.64,27.704],[-82.713,27.704],[-82.698,27.638],[-82.735,27.612],[-82.74,27.718],[-82.849,27.863],[-82.818,28.049],[-82.805,27.966],[-82.786,28.048],[-82.822,28.054],[-82.834,28.064],[-82.836,28.092],[-82.783,28.053],[-82.799,28.185],[-82.725,28.29],[-82.644,28.584],[-82.678,28.655],[-82.655,28.68],[-82.721,28.714],[-82.69,28.737],[-82.691,28.792],[-82.739,28.825],[-82.728,28.871],[-82.69,28.885],[-82.696,28.931],[-82.757,28.986],[-82.764,29.055],[-82.816,29.073],[-82.814,29.163],[-82.995,29.175],[-83.057,29.13],[-83.077,29.255],[-83.169,29.29],[-83.156,29.325],[-83.218,29.42],[-83.294,29.437],[-83.4,29.517],[-83.409,29.667],[-83.584,29.759],[-83.587,29.819],[-83.681,29.922],[-84.007,30.098],[-84.168,30.071],[-84.206,30.114],[-84.203,30.085],[-84.262,30.104],[-84.273,30.064],[-84.362,30.016],[-84.342,29.97],[-84.438,29.988],[-84.439,29.96],[-84.339,29.946],[-84.349,29.897],[-84.452,29.929],[-84.522,29.914],[-84.888,29.722],[-84.871,29.797],[-84.993,29.715],[-85.352,29.667],[-85.375,29.692],[-85.398,29.743],[-85.417,29.82],[-85.412,29.86],[-85.391,29.874],[-85.41,29.802],[-85.361,29.679],[-85.31,29.693],[-85.303,29.809],[-85.405,29.938],[-85.502,29.968],[-85.878,30.216],[-86.189,30.334],[-86.388,30.378],[-86.713,30.395],[-87.518,30.28],[-87.452,30.3],[-87.505,30.324],[-87.367,30.437],[-87.448,30.51],[-87.396,30.65],[-87.533,30.743],[-87.627,30.848]]],[[[-85.222,29.678],[-85.114,29.689],[-85.074,29.674],[-85.12,29.63],[-85.222,29.678]]],[[[-85.097,29.626],[-85.016,29.598],[-84.868,29.671],[-84.803,29.684],[-84.693,29.769],[-84.777,29.692],[-84.956,29.614],[-85.045,29.587],[-85.097,29.626]]],[[[-81.803,24.563],[-81.799,24.594],[-81.753,24.58],[-81.722,24.607],[-81.765,24.633],[-81.754,24.654],[-81.444,24.813],[-81.452,24.767],[-81.372,24.779],[-81.297,24.655],[-81.395,24.621],[-81.413,24.647],[-81.506,24.655],[-81.519,24.619],[-81.685,24.559],[-81.803,24.563]]],[[[-81.11,24.689],[-81.042,24.743],[-80.931,24.774],[-81.077,24.69],[-81.11,24.689]]]]}},{"type":"Feature","properties":{"code":"GA","name":"Georgia"},"geometry":{"type":"Polygon","coordinates":[[[-85.605,34.985],[-83.103,34.997],[-83.113,34.935],[-83.307,34.815],[-83.353,34.728],[-83.343,34.683],[-83.231,34.611],[-83.16,34.603],[-83.033,34.483],[-82.902,34.487],[-82.859,34.455],[-82.835,34.366],[-82.747,34.266],[-82.717,34.151],[-82.642,34.092],[-82.557,33.945],[-82.324,33.82],[-82.247,33.753],[-82.189,33.624],[-82.046,33.564],[-81.986,33.487],[-81.926,33.463],[-81.91,33.413],[-81.945,33.408],[-81.94,33.345],[-81.848,33.307],[-81.863,33.289],[-81.828,33.263],[-81.853,33.249],[-81.768,33.216],[-81.754,33.151],[-81.492,33.009],[-81.502,32.935],[-81.418,32.818],[-81.428,32.702],[-81.393,32.652],[-81.418,32.628],[-81.367,32.577],[-81.281,32.556],[-81.187,32.464],[-81.206,32.424],[-81.16,32.34],[-81.129,32.339],[-81.12,32.286],[-81.157,32.244],[-81.114,32.195],[-81.115,32.115],[-81.038,32.084],[-81.004,32.102],[-80.876,32.017],[-80.843,32.024],[-80.882,31.957],[-80.984,31.94],[-80.93,31.908],[-80.993,31.858],[-81.065,31.877],[-81.076,31.829],[-81.036,31.81],[-81.095,31.749],[-81.204,31.719],[-81.131,31.696],[-81.16,31.57],[-81.298,31.534],[-81.259,31.529],[-81.279,31.498],[-81.204,31.536],[-81.179,31.518],[-81.294,31.369],[-81.27,31.259],[-81.29,31.218],[-81.41,31.121],[-81.42,31.017],[-81.494,30.978],[-81.403,30.958],[-81.46,30.77],[-81.444,30.71],[-81.611,30.716],[-81.95,30.828],[-81.973,30.779],[-82.022,30.788],[-82.045,30.728],[-82.05,30.656],[-82.005,30.563],[-82.037,30.378],[-82.162,30.358],[-82.204,30.401],[-82.201,30.485],[-82.24,30.538],[-82.215,30.569],[-84.865,30.712],[-84.914,30.752],[-84.935,30.885],[-85.005,30.975],[-85.036,31.108],[-85.108,31.186],[-85.115,31.277],[-85.041,31.541],[-85.058,31.62],[-85.126,31.695],[-85.142,31.839],[-85.049,32.023],[-85.061,32.134],[-84.889,32.261],[-85.007,32.328],[-84.963,32.424],[-85.105,32.645],[-85.113,32.736],[-85.143,32.761],[-85.122,32.773],[-85.184,32.861],[-85.605,34.985]]]}},{"type":"Feature","properties":{"code":"IA","name":"Iowa"},"geometry":{"type":"Polygon","coordinates":[[[-96.638,42.735],[-96.526,42.892],[-96.542,42.923],[-96.492,43.01],[-96.518,43.042],[-96.461,43.064],[-96.437,43.121],[-96.476,43.221],[-96.56,43.224],[-96.553,43.259],[-96.585,43.269],[-96.588,43.296],[-96.53,43.3],[-96.522,43.386],[-96.594,43.434],[-96.599,43.5],[-91.218,43.501],[-91.207,43.353],[-91.107,43.314],[-91.058,43.255],[-91.175,43.135],[-91.179,43.067],[-91.146,42.908],[-91.101,42.883],[-91.065,42.751],[-90.949,42.686],[-90.706,42.634],[-90.636,42.519],[-90.654,42.479],[-90.444,42.355],[-90.391,42.225],[-90.168,42.122],[-90.141,41.996],[-90.182,41.807],[-90.311,41.742],[-90.343,41.588],[-90.461,41.524],[-90.591,41.513],[-90.656,41.462],[-91.046,41.414],[-91.114,41.241],[-90.947,41.097],[-90.952,40.954],[-91.093,40.821],[-91.124,40.669],[-91.34,40.613],[-91.405,40.555],[-91.364,40.5],[-91.388,40.385],[-91.482,40.382],[-91.526,40.413],[-91.525,40.458],[-91.575,40.466],[-91.62,40.541],[-91.689,40.557],[-91.729,40.614],[-94.295,40.571],[-95.766,40.585],[-95.776,40.647],[-95.889,40.732],[-95.835,40.779],[-95.849,40.861],[-95.809,40.891],[-95.882,41.06],[-95.863,41.088],[-95.883,41.155],[-95.841,41.175],[-95.926,41.196],[-95.927,41.298],[-95.902,41.273],[-95.871,41.296],[-95.957,41.345],[-95.923,41.456],[-96.012,41.476],[-96.005,41.543],[-96.041,41.507],[-96.097,41.545],[-96.081,41.577],[-96.118,41.61],[-96.095,41.647],[-96.121,41.689],[-96.073,41.705],[-96.106,41.738],[-96.065,41.793],[-96.162,41.902],[-96.13,41.972],[-96.186,41.977],[-96.195,42.009],[-96.236,41.996],[-96.224,42.033],[-96.271,42.045],[-96.269,42.114],[-96.35,42.172],[-96.329,42.255],[-96.418,42.351],[-96.386,42.474],[-96.477,42.491],[-96.516,42.63],[-96.638,42.735]]]}},{"type":"Feature","properties":{"code":"ID","name":"Idaho"},"geometry":{"type":"Polygon","coordinates":[[[-117.243,44.397],[-117.215,44.427],[-117.225,44.482],[-117.149,44.536],[-117.062,44.727],[-116.935,44.784],[-116.852,44.888],[-116.826,44.982],[-116.857,44.975],[-116.848,45.023],[-116.73,45.142],[-116.674,45.322],[-116.555,45.463],[-116.529,45.551],[-116.464,45.603],[-116.547,45.751],[-116.665,45.782],[-116.712,45.826],[-116.783,45.825],[-116.86,45.907],[-116.982,46.085],[-116.922,46.168],[-116.966,46.203],[-116.987,46.297],[-117.063,46.353],[-117.035,46.418],[-117.032,48.999],[-116.049,49.001],[-116.049,47.977],[-115.852,47.828],[-115.832,47.756],[-115.723,47.695],[-115.736,47.655],[-115.689,47.594],[-115.756,47.548],[-115.699,47.532],[-115.686,47.485],[-115.63,47.48],[-115.759,47.424],[-115.578,47.367],[-115.484,47.282],[-115.32,47.257],[-115.301,47.188],[-115.144,47.102],[-115.048,46.97],[-114.925,46.919],[-114.948,46.86],[-114.895,46.802],[-114.785,46.78],[-114.767,46.697],[-114.665,46.739],[-114.622,46.708],[-114.642,46.674],[-114.605,46.636],[-114.467,46.632],[-114.359,46.671],[-114.321,46.648],[-114.343,46.518],[-114.403,46.5],[-114.369,46.438],[-114.422,46.387],[-114.425,46.288],[-114.471,46.266],[-114.444,46.169],[-114.527,46.146],[-114.46,46.098],[-114.507,46.032],[-114.481,46.03],[-114.48,45.993],[-114.412,45.978],[-114.431,45.936],[-114.387,45.888],[-114.411,45.852],[-114.509,45.846],[-114.566,45.773],[-114.495,45.703],[-114.509,45.657],[-114.564,45.638],[-114.538,45.606],[-114.565,45.558],[-114.458,45.562],[-114.33,45.46],[-114.27,45.484],[-114.248,45.545],[-114.192,45.537],[-114.087,45.591],[-114.019,45.648],[-114.015,45.696],[-113.935,45.694],[-113.904,45.622],[-113.807,45.603],[-113.834,45.521],[-113.767,45.521],[-113.776,45.408],[-113.734,45.392],[-113.738,45.328],[-113.692,45.263],[-113.592,45.184],[-113.57,45.124],[-113.51,45.115],[-113.523,45.092],[-113.452,45.059],[-113.444,44.959],[-113.498,44.942],[-113.455,44.865],[-113.377,44.835],[-113.342,44.785],[-113.248,44.823],[-113.132,44.773],[-113.068,44.679],[-113.05,44.629],[-113.088,44.6],[-113.008,44.527],[-113.005,44.454],[-112.889,44.405],[-112.855,44.36],[-112.813,44.377],[-112.839,44.425],[-112.78,44.485],[-112.719,44.504],[-112.387,44.448],[-112.354,44.536],[-112.286,44.569],[-112.107,44.521],[-111.869,44.566],[-111.822,44.509],[-111.702,44.56],[-111.468,44.539],[-111.523,44.59],[-111.516,44.644],[-111.472,44.667],[-111.489,44.706],[-111.414,44.711],[-111.385,44.755],[-111.22,44.623],[-111.228,44.577],[-111.049,44.474],[-111.047,42.002],[-117.026,42.0],[-117.033,43.83],[-116.959,43.923],[-116.976,43.975],[-116.936,43.987],[-116.977,44.085],[-116.894,44.16],[-116.972,44.197],[-116.976,44.243],[-117.053,44.229],[-117.104,44.28],[-117.198,44.274],[-117.223,44.298],[-117.19,44.337],[-117.243,44.397]]]}},{"type":"Feature","properties":{"code":"IL","name":"Illinois"},"geometry":{"type":"Polygon","coordinates":[[[-91.513,40.181],[-91.462,40.342],[-91.373,40.399],[-91.364,40.5],[-91.405,40.555],[-91.34,40.613],[-91.124,40.669],[-91.093,40.821],[-90.963,40.925],[-90.947,41.097],[-91.114,41.241],[-91.046,41.414],[-90.656,41.462],[-90.556,41.524],[-90.461,41.524],[-90.343,41.588],[-90.311,41.742],[-90.181,41.809],[-90.14,42.003],[-90.163,42.117],[-90.391,42.225],[-90.431,42.278],[-90.419,42.329],[-90.647,42.472],[-90.643,42.508],[-87.802,42.493],[-87.829,42.27],[-87.681,42.078],[-87.602,41.896],[-87.609,41.845],[-87.525,41.724],[-87.532,39.348],[-87.62,39.307],[-87.575,39.218],[-87.659,39.136],[-87.573,39.057],[-87.577,38.987],[-87.512,38.954],[-87.553,38.862],[-87.496,38.742],[-87.531,38.684],[-87.62,38.639],[-87.612,38.589],[-87.67,38.545],[-87.65,38.505],[-87.755,38.464],[-87.73,38.448],[-87.745,38.409],[-87.823,38.346],[-87.839,38.282],[-87.871,38.312],[-87.911,38.268],[-87.934,38.296],[-87.96,38.237],[-87.988,38.257],[-87.976,38.198],[-87.911,38.162],[-88.013,38.104],[-87.96,38.099],[-87.967,38.067],[-88.042,38.046],[-88.008,38.029],[-88.013,37.967],[-88.035,37.926],[-88.07,37.927],[-88.013,37.895],[-88.098,37.902],[-88.026,37.833],[-88.09,37.817],[-88.028,37.799],[-88.16,37.658],[-88.068,37.486],[-88.47,37.396],[-88.516,37.284],[-88.424,37.152],[-88.461,37.074],[-88.567,37.075],[-88.806,37.189],[-88.975,37.23],[-89.076,37.175],[-89.168,37.074],[-89.179,37.021],[-89.133,36.982],[-89.185,36.974],[-89.255,37.072],[-89.308,37.068],[-89.26,37.023],[-89.279,36.989],[-89.378,37.04],[-89.379,37.095],[-89.462,37.2],[-89.459,37.249],[-89.518,37.285],[-89.421,37.388],[-89.517,37.537],[-89.52,37.583],[-89.476,37.593],[-89.518,37.641],[-89.514,37.69],[-89.663,37.75],[-89.67,37.8],[-89.843,37.905],[-89.902,37.87],[-89.951,37.882],[-89.975,37.927],[-89.925,37.96],[-89.997,37.963],[-90.111,38.027],[-90.36,38.225],[-90.368,38.34],[-90.185,38.612],[-90.21,38.726],[-90.109,38.844],[-90.25,38.919],[-90.44,38.967],[-90.546,38.874],[-90.628,38.892],[-90.714,39.054],[-90.681,39.101],[-90.73,39.256],[-91.038,39.448],[-91.1,39.539],[-91.154,39.548],[-91.182,39.603],[-91.368,39.729],[-91.363,39.793],[-91.446,39.87],[-91.419,39.928],[-91.495,40.036],[-91.513,40.181]]]}},{"type":"Feature","properties":{"code":"IN","name":"Indiana"},"geometry":{"type":"Polygon","coordinates":[[[-88.098,37.904],[-88.015,37.891],[-88.07,37.927],[-88.035,37.926],[-88.013,37.967],[-88.008,38.029],[-88.042,38.046],[-87.967,38.067],[-87.96,38.099],[-88.013,38.104],[-87.911,38.162],[-87.976,38.198],[-87.988,38.257],[-87.96,38.237],[-87.934,38.296],[-87.911,38.268],[-87.871,38.312],[-87.839,38.282],[-87.823,38.346],[-87.745,38.409],[-87.73,38.448],[-87.755,38.464],[-87.65,38.505],[-87.67,38.545],[-87.612,38.589],[-87.62,38.639],[-87.531,38.684],[-87.496,38.742],[-87.553,38.862],[-87.512,38.954],[-87.577,38.987],[-87.573,39.057],[-87.659,39.136],[-87.575,39.218],[-87.62,39.307],[-87.532,39.348],[-87.524,41.708],[-87.438,41.665],[-87.416,41.688],[-87.421,41.641],[-87.299,41.619],[-87.159,41.631],[-86.825,41.76],[-84.806,41.76],[-84.82,39.105],[-84.897,39.057],[-84.83,38.969],[-84.877,38.909],[-84.785,38.88],[-84.83,38.831],[-84.813,38.786],[-84.992,38.779],[-85.173,38.688],[-85.268,38.74],[-85.436,38.728],[-85.456,38.685],[-85.422,38.533],[-85.499,38.468],[-85.604,38.441],[-85.684,38.295],[-85.745,38.267],[-85.829,38.277],[-85.904,38.174],[-85.926,38.022],[-86.03,37.993],[-86.042,37.958],[-86.086,38.005],[-86.267,38.057],[-86.273,38.141],[-86.358,38.199],[-86.377,38.171],[-86.324,38.138],[-86.402,38.104],[-86.463,38.119],[-86.43,38.079],[-86.522,38.038],[-86.507,37.931],[-86.589,37.921],[-86.598,37.867],[-86.638,37.843],[-86.662,37.85],[-86.647,37.909],[-86.731,37.894],[-86.82,37.999],[-87.034,37.906],[-87.07,37.802],[-87.111,37.782],[-87.162,37.84],[-87.385,37.938],[-87.511,37.906],[-87.59,37.975],[-87.628,37.922],[-87.584,37.878],[-87.615,37.832],[-87.676,37.832],[-87.679,37.903],[-87.83,37.876],[-87.898,37.928],[-87.941,37.883],[-87.905,37.813],[-87.953,37.772],[-88.09,37.817],[-88.026,37.833],[-88.098,37.904]]]}},{"type":"Feature","properties":{"code":"KS","name":"Kansas"},"geometry":{"type":"Polygon","coordinates":[[[-102.052,40.003],[-95.308,40.0],[-95.204,39.939],[-95.202,39.904],[-95.09,39.863],[-94.944,39.898],[-94.94,39.852],[-94.876,39.813],[-94.935,39.776],[-94.87,39.773],[-94.863,39.743],[-94.965,39.739],[-94.971,39.686],[-95.028,39.665],[-95.049,39.59],[-95.103,39.578],[-95.109,39.542],[-94.942,39.389],[-94.885,39.39],[-94.905,39.312],[-94.831,39.256],[-94.824,39.21],[-94.588,39.15],[-94.618,36.999],[-102.042,36.993],[-102.052,40.003]]]}},{"type":"Feature","properties":{"code":"KY","name":"Kentucky"},"geometry":{"type":"MultiPolygon","coordinates":[[[[-89.57,36.557],[-89.5,36.576],[-89.466,36.53],[-89.485,36.497],[-89.539,36.498],[-89.57,36.557]]],[[[-89.417,36.499],[-89.366,36.625],[-89.327,36.632],[-89.237,36.567],[-89.159,36.666],[-89.2,36.734],[-89.119,36.76],[-89.179,36.831],[-89.138,36.847],[-89.099,36.961],[-89.181,37.046],[-89.03,37.211],[-88.916,37.224],[-88.567,37.075],[-88.461,37.074],[-88.424,37.152],[-88.516,37.284],[-88.477,37.387],[-88.413,37.424],[-88.365,37.402],[-88.282,37.453],[-88.068,37.486],[-88.159,37.662],[-88.028,37.799],[-87.953,37.772],[-87.907,37.808],[-87.941,37.879],[-87.905,37.925],[-87.83,37.876],[-87.679,37.903],[-87.679,37.836],[-87.646,37.826],[-87.584,37.872],[-87.628,37.922],[-87.596,37.975],[-87.511,37.906],[-87.413,37.945],[-87.162,37.84],[-87.111,37.782],[-87.07,37.802],[-87.034,37.906],[-86.82,37.999],[-86.731,37.894],[-86.647,37.909],[-86.662,37.85],[-86.638,37.843],[-86.598,37.867],[-86.589,37.921],[-86.507,37.931],[-86.522,38.038],[-86.43,38.079],[-86.463,38.119],[-86.402,38.104],[-86.324,38.138],[-86.377,38.171],[-86.358,38.199],[-86.273,38.141],[-86.267,38.057],[-86.177,38.01],[-86.104,38.013],[-86.038,37.96],[-86.03,37.993],[-85.926,38.022],[-85.904,38.174],[-85.829,38.277],[-85.745,38.267],[-85.684,38.295],[-85.604,38.441],[-85.499,38.468],[-85.422,38.533],[-85.456,38.685],[-85.436,38.728],[-85.268,38.74],[-85.173,38.688],[-84.992,38.779],[-84.813,38.786],[-84.83,38.831],[-84.785,38.88],[-84.877,38.909],[-84.83,38.969],[-84.897,39.057],[-84.751,39.147],[-84.62,39.073],[-84.45,39.118],[-84.426,39.053],[-84.305,39.006],[-84.213,38.806],[-83.873,38.762],[-83.769,38.655],[-83.671,38.627],[-83.627,38.679],[-83.521,38.703],[-83.356,38.654],[-83.294,38.597],[-83.246,38.629],[-83.154,38.619],[-83.028,38.727],[-82.879,38.751],[-82.844,38.591],[-82.7,38.544],[-82.604,38.46],[-82.575,38.264],[-82.612,38.236],[-82.611,38.172],[-82.645,38.165],[-82.519,38.001],[-82.464,37.983],[-82.502,37.933],[-82.42,37.885],[-82.402,37.81],[-82.312,37.765],[-82.334,37.743],[-82.304,37.676],[-82.213,37.625],[-82.175,37.648],[-82.133,37.553],[-81.965,37.543],[-82.351,37.267],[-82.722,37.12],[-82.722,37.045],[-82.868,36.978],[-82.879,36.89],[-83.073,36.855],[-83.136,36.743],[-83.53,36.666],[-83.691,36.583],[-86.508,36.652],[-87.853,36.633],[-87.85,36.664],[-88.071,36.678],[-88.032,36.541],[-88.053,36.497],[-89.417,36.499]]]]}},{"type":"Feature","properties":{"code":"LA","name":"Louisiana"},"geometry":{"type":"MultiPolygon","coordinates":[[[[-92.018,29.591],[-91.903,29.637],[-91.843,29.628],[-91.776,29.568],[-91.708,29.569],[-91.768,29.49],[-91.822,29.474],[-92.015,29.561],[-92.018,29.591]]],[[[-94.042,31.992],[-94.043,33.019],[-91.166,33.004],[-91.214,32.93],[-91.17,32.899],[-91.134,32.918],[-91.136,32.98],[-91.097,32.986],[-91.064,32.901],[-91.145,32.843],[-91.165,32.751],[-91.055,32.719],[-91.151,32.616],[-91.12,32.585],[-91.014,32.64],[-91.01,32.602],[-91.08,32.556],[-90.987,32.496],[-91.038,32.49],[-91.094,32.549],[-91.116,32.483],[-91.053,32.438],[-90.97,32.439],[-90.994,32.354],[-90.912,32.339],[-90.876,32.372],[-90.922,32.299],[-90.979,32.294],[-90.995,32.192],[-91.039,32.242],[-91.164,32.197],[-91.163,32.133],[-91.053,32.124],[-91.058,32.181],[-91.004,32.146],[-91.08,32.048],[-91.16,32.07],[-91.076,32.017],[-91.185,31.966],[-91.181,31.918],[-91.268,31.863],[-91.256,31.813],[-91.293,31.86],[-91.346,31.843],[-91.366,31.762],[-91.263,31.754],[-91.372,31.743],[-91.401,31.62],[-91.515,31.63],[-91.489,31.587],[-91.405,31.576],[-91.523,31.522],[-91.479,31.365],[-91.522,31.375],[-91.542,31.432],[-91.576,31.41],[-91.509,31.315],[-91.516,31.278],[-91.654,31.256],[-91.589,31.189],[-91.626,31.117],[-91.56,31.054],[-91.637,30.999],[-89.73,31.004],[-89.852,30.661],[-89.814,30.638],[-89.804,30.549],[-89.683,30.452],[-89.616,30.223],[-89.574,30.182],[-89.528,30.189],[-89.624,30.157],[-89.685,30.075],[-89.731,30.061],[-89.718,30.025],[-89.818,30.046],[-89.86,30.003],[-89.846,29.956],[-89.798,29.932],[-89.729,29.958],[-89.745,29.908],[-89.65,29.862],[-89.596,29.88],[-89.58,29.99],[-89.492,30.038],[-89.484,30.079],[-89.43,30.034],[-89.373,30.05],[-89.399,30.001],[-89.43,30.029],[-89.458,29.998],[-89.381,29.959],[-89.37,29.892],[-89.248,29.997],[-89.232,29.93],[-89.342,29.883],[-89.24,29.879],[-89.276,29.849],[-89.306,29.866],[-89.312,29.824],[-89.341,29.85],[-89.386,29.835],[-89.336,29.785],[-89.293,29.799],[-89.286,29.763],[-89.395,29.79],[-89.43,29.713],[-89.388,29.68],[-89.424,29.698],[-89.446,29.652],[-89.485,29.72],[-89.525,29.727],[-89.508,29.692],[-89.532,29.666],[-89.5,29.634],[-89.565,29.659],[-89.662,29.646],[-89.601,29.584],[-89.684,29.625],[-89.642,29.576],[-89.683,29.549],[-89.523,29.456],[-89.52,29.4],[-89.561,29.395],[-89.308,29.372],[-89.235,29.304],[-89.188,29.342],[-89.115,29.253],[-89.122,29.202],[-89.026,29.215],[-89.006,29.186],[-89.112,29.16],[-89.04,29.135],[-89.067,29.091],[-89.104,29.117],[-89.147,29.071],[-89.154,28.987],[-89.219,29.023],[-89.252,29.083],[-89.418,28.929],[-89.279,29.138],[-89.295,29.199],[-89.329,29.191],[-89.351,29.13],[-89.4,29.124],[-89.483,29.215],[-89.64,29.291],[-89.843,29.319],[-89.822,29.357],[-89.791,29.328],[-89.647,29.376],[-89.595,29.356],[-89.647,29.41],[-89.645,29.39],[-89.815,29.4],[-89.844,29.422],[-89.816,29.46],[-89.852,29.476],[-89.88,29.435],[-89.992,29.451],[-89.97,29.432],[-90.042,29.361],[-89.979,29.347],[-90.032,29.344],[-90.019,29.287],[-90.075,29.296],[-90.108,29.265],[-90.048,29.19],[-90.223,29.087],[-90.248,29.097],[-90.234,29.129],[-90.278,29.143],[-90.245,29.15],[-90.281,29.157],[-90.259,29.2],[-90.305,29.268],[-90.354,29.305],[-90.403,29.234],[-90.393,29.297],[-90.44,29.349],[-90.479,29.292],[-90.598,29.303],[-90.593,29.246],[-90.562,29.235],[-90.616,29.236],[-90.694,29.125],[-90.73,29.138],[-90.836,29.066],[-90.952,29.183],[-91.008,29.174],[-91.038,29.21],[-91.065,29.184],[-91.288,29.256],[-91.34,29.31],[-91.292,29.311],[-91.265,29.361],[-91.237,29.371],[-91.199,29.305],[-91.163,29.321],[-91.154,29.255],[-91.166,29.254],[-91.172,29.241],[-91.168,29.234],[-91.118,29.255],[-91.126,29.333],[-91.22,29.397],[-91.218,29.435],[-91.266,29.476],[-91.415,29.514],[-91.434,29.543],[-91.541,29.526],[-91.555,29.636],[-91.648,29.635],[-91.628,29.741],[-91.753,29.75],[-91.881,29.711],[-91.854,29.735],[-91.879,29.757],[-91.826,29.782],[-91.831,29.829],[-91.971,29.834],[-91.983,29.796],[-92.144,29.716],[-92.132,29.766],[-92.203,29.753],[-92.169,29.7],[-92.104,29.699],[-92.137,29.667],[-92.106,29.612],[-92.035,29.632],[-92.009,29.613],[-92.323,29.531],[-92.661,29.596],[-92.982,29.721],[-93.213,29.776],[-93.682,29.746],[-93.838,29.691],[-93.928,29.81],[-93.699,30.059],[-93.734,30.086],[-93.689,30.14],[-93.718,30.194],[-93.705,30.29],[-93.766,30.333],[-93.758,30.39],[-93.698,30.441],[-93.74,30.54],[-93.679,30.594],[-93.683,30.641],[-93.63,30.68],[-93.614,30.76],[-93.555,30.823],[-93.574,30.885],[-93.526,30.938],[-93.578,31.0],[-93.508,31.032],[-93.563,31.094],[-93.533,31.184],[-93.589,31.166],[-93.62,31.271],[-93.687,31.305],[-93.639,31.372],[-93.67,31.366],[-93.704,31.455],[-93.749,31.469],[-93.712,31.513],[-93.788,31.527],[-93.835,31.586],[-93.795,31.702],[-93.836,31.749],[-93.823,31.775],[-93.873,31.815],[-93.897,31.894],[-93.927,31.888],[-94.042,31.992]]],[[[-88.817,29.934],[-88.833,29.824],[-88.875,29.76],[-88.828,29.921],[-88.881,30.053],[-88.817,29.934]]],[[[-89.303,30.092],[-89.19,30.162],[-89.243,30.101],[-89.173,30.043],[-89.216,29.994],[-89.244,30.058],[-89.276,30.023],[-89.333,30.035],[-89.303,30.092]]]]}},{"type":"Feature","properties":{"code":"MA","name":"Massachusetts"},"geometry":{"type":"MultiPolygon","coordinates":[[[[-73.497,42.05],[-73.265,42.746],[-71.294,42.697],[-71.246,42.743],[-71.182,42.738],[-71.166,42.809],[-71.064,42.806],[-71.031,42.859],[-70.903,42.887],[-70.817,42.872],[-70.776,42.691],[-70.685,42.652],[-70.63,42.693],[-70.591,42.64],[-70.655,42.582],[-70.677,42.608],[-70.71,42.573],[-70.875,42.544],[-70.886,42.509],[-70.842,42.519],[-70.836,42.49],[-70.935,42.458],[-70.906,42.416],[-70.936,42.418],[-70.944,42.458],[-70.983,42.424],[-70.953,42.344],[-70.973,42.372],[-71.008,42.347],[-71.051,42.373],[-71.01,42.338],[-71.048,42.328],[-71.039,42.285],[-70.99,42.308],[-71.022,42.288],[-70.953,42.28],[-70.962,42.246],[-70.918,42.272],[-70.884,42.246],[-70.887,42.298],[-70.924,42.305],[-70.883,42.31],[-70.851,42.268],[-70.766,42.255],[-70.598,42.005],[-70.639,41.994],[-70.614,42.011],[-70.651,42.046],[-70.71,42.0],[-70.647,41.949],[-70.653,41.979],[-70.624,41.943],[-70.539,41.927],[-70.541,41.816],[-70.494,41.774],[-70.428,41.748],[-70.296,41.734],[-70.274,41.724],[-70.396,41.728],[-70.357,41.703],[-70.251,41.707],[-70.216,41.743],[-70.008,41.801],[-70.0,41.887],[-70.045,41.93],[-70.069,41.885],[-70.096,42.033],[-70.155,42.062],[-70.191,42.02],[-70.245,42.064],[-70.189,42.082],[-70.083,42.055],[-69.969,41.912],[-69.93,41.692],[-70.004,41.541],[-69.97,41.645],[-70.014,41.672],[-70.195,41.648],[-70.265,41.609],[-70.281,41.635],[-70.352,41.635],[-70.486,41.554],[-70.657,41.515],[-70.687,41.529],[-70.641,41.577],[-70.651,41.646],[-70.621,41.657],[-70.662,41.681],[-70.618,41.701],[-70.649,41.718],[-70.674,41.691],[-70.657,41.715],[-70.719,41.736],[-70.716,41.675],[-70.749,41.697],[-70.765,41.642],[-70.822,41.655],[-70.801,41.63],[-70.86,41.624],[-70.855,41.582],[-70.873,41.628],[-70.913,41.619],[-70.902,41.592],[-70.93,41.613],[-70.95,41.585],[-70.929,41.54],[-71.038,41.481],[-71.071,41.509],[-71.121,41.497],[-71.133,41.66],[-71.196,41.675],[-71.341,41.798],[-71.339,41.898],[-71.382,41.893],[-71.381,42.019],[-72.756,42.036],[-72.767,42.003],[-72.817,41.998],[-72.814,42.036],[-73.497,42.05]]],[[[-70.237,41.285],[-70.063,41.309],[-70.024,41.361],[-70.049,41.392],[-70.02,41.369],[-69.96,41.265],[-70.1,41.241],[-70.17,41.257],[-70.237,41.285]]],[[[-70.839,41.347],[-70.775,41.349],[-70.701,41.434],[-70.604,41.482],[-70.501,41.385],[-70.452,41.421],[-70.446,41.396],[-70.452,41.35],[-70.71,41.342],[-70.776,41.301],[-70.839,41.347]]]]}},{"type":"Feature","properties":{"code":"MD","name":"Maryland"},"geometry":{"type":"MultiPolygon","coordinates":[[[[-79.473,39.202],[-79.477,39.721],[-75.789,39.722],[-75.694,38.46],[-75.049,38.451],[-75.055,38.415],[-75.242,38.027],[-75.624,37.994],[-75.657,37.953],[-75.747,37.988],[-75.885,37.912],[-75.873,38.032],[-75.843,38.027],[-75.774,38.077],[-75.879,38.076],[-75.788,38.146],[-75.926,38.151],[-75.942,38.112],[-75.96,38.137],[-75.942,38.187],[-75.826,38.217],[-75.861,38.233],[-75.801,38.254],[-75.877,38.255],[-75.891,38.228],[-75.92,38.264],[-75.85,38.366],[-75.912,38.343],[-75.941,38.247],[-75.97,38.234],[-76.017,38.309],[-75.957,38.348],[-76.011,38.377],[-76.017,38.333],[-76.063,38.305],[-76.027,38.281],[-76.058,38.25],[-76.032,38.217],[-76.075,38.255],[-76.1,38.254],[-76.108,38.263],[-76.077,38.269],[-76.106,38.302],[-76.149,38.272],[-76.132,38.308],[-76.197,38.317],[-76.159,38.327],[-76.225,38.395],[-76.22,38.31],[-76.16,38.291],[-76.18,38.267],[-76.126,38.239],[-76.165,38.243],[-76.226,38.31],[-76.334,38.482],[-76.22,38.532],[-76.278,38.533],[-76.305,38.572],[-76.266,38.586],[-76.286,38.626],[-76.212,38.607],[-76.17,38.629],[-76.161,38.595],[-76.027,38.567],[-76.083,38.623],[-76.147,38.637],[-76.177,38.693],[-76.213,38.682],[-76.239,38.713],[-76.205,38.739],[-76.225,38.76],[-76.272,38.71],[-76.313,38.749],[-76.34,38.671],[-76.335,38.773],[-76.255,38.862],[-76.216,38.787],[-76.175,38.754],[-76.155,38.772],[-76.2,38.803],[-76.21,38.946],[-76.249,38.967],[-76.25,38.921],[-76.271,38.942],[-76.293,38.903],[-76.334,38.918],[-76.331,38.864],[-76.368,38.836],[-76.362,38.939],[-76.305,39.039],[-76.257,38.975],[-76.164,39.0],[-76.184,39.046],[-76.134,39.104],[-76.208,39.096],[-76.201,39.014],[-76.216,39.01],[-76.275,39.165],[-76.219,39.262],[-76.169,39.29],[-76.17,39.332],[-76.141,39.328],[-76.111,39.372],[-75.986,39.379],[-76.041,39.394],[-75.967,39.463],[-76.012,39.453],[-75.945,39.593],[-76.007,39.539],[-76.096,39.537],[-76.128,39.487],[-76.06,39.448],[-76.227,39.35],[-76.253,39.367],[-76.225,39.426],[-76.241,39.461],[-76.287,39.369],[-76.257,39.339],[-76.282,39.3],[-76.322,39.357],[-76.307,39.385],[-76.357,39.394],[-76.329,39.315],[-76.409,39.312],[-76.383,39.278],[-76.451,39.249],[-76.398,39.237],[-76.442,39.195],[-76.586,39.261],[-76.501,39.155],[-76.431,39.132],[-76.439,39.053],[-76.394,39.013],[-76.48,38.978],[-76.46,38.907],[-76.509,38.92],[-76.489,38.887],[-76.538,38.849],[-76.49,38.839],[-76.56,38.763],[-76.526,38.724],[-76.506,38.505],[-76.381,38.385],[-76.421,38.319],[-76.476,38.314],[-76.375,38.299],[-76.399,38.259],[-76.32,38.138],[-76.341,38.119],[-76.322,38.038],[-76.421,38.106],[-76.439,38.161],[-76.47,38.153],[-76.473,38.103],[-76.594,38.216],[-76.732,38.246],[-76.779,38.228],[-76.827,38.347],[-76.869,38.339],[-76.842,38.254],[-76.924,38.29],[-77.016,38.446],[-77.207,38.36],[-77.25,38.383],[-77.274,38.482],[-77.238,38.552],[-77.111,38.627],[-77.133,38.674],[-77.046,38.714],[-77.039,38.791],[-76.909,38.893],[-77.041,38.995],[-77.12,38.934],[-77.245,38.983],[-77.246,39.025],[-77.293,39.047],[-77.461,39.075],[-77.527,39.146],[-77.46,39.228],[-77.567,39.306],[-77.76,39.337],[-77.74,39.402],[-77.803,39.437],[-77.766,39.496],[-77.846,39.499],[-77.825,39.529],[-77.864,39.515],[-77.889,39.556],[-77.836,39.566],[-77.838,39.606],[-77.942,39.619],[-77.946,39.585],[-78.177,39.696],[-78.265,39.619],[-78.43,39.623],[-78.395,39.584],[-78.457,39.587],[-78.418,39.547],[-78.46,39.551],[-78.469,39.517],[-78.566,39.519],[-78.76,39.582],[-78.777,39.604],[-78.734,39.616],[-78.778,39.623],[-78.766,39.648],[-78.826,39.589],[-78.817,39.562],[-78.893,39.524],[-78.957,39.44],[-79.047,39.483],[-79.103,39.476],[-79.162,39.388],[-79.256,39.357],[-79.29,39.299],[-79.346,39.294],[-79.473,39.202]]],[[[-76.047,37.954],[-76.041,38.032],[-75.986,38.022],[-75.994,37.953],[-76.047,37.954]]]]}},{"type":"Feature","properties":{"code":"ME","name":"Maine"},"geometry":{"type":"MultiPolygon","coordinates":[[[[-68.912,44.096],[-68.806,44.117],[-68.774,44.064],[-68.863,44.025],[-68.912,44.096]]],[[[-68.943,44.109],[-68.846,44.184],[-68.802,44.151],[-68.943,44.109]]],[[[-68.93,44.231],[-68.912,44.365],[-68.88,44.393],[-68.86,44.365],[-68.93,44.231]]],[[[-71.084,45.305],[-71.009,45.319],[-71.011,45.347],[-70.952,45.339],[-70.897,45.242],[-70.857,45.229],[-70.809,45.312],[-70.826,45.398],[-70.798,45.427],[-70.635,45.384],[-70.627,45.422],[-70.723,45.513],[-70.558,45.667],[-70.4,45.72],[-70.418,45.795],[-70.259,45.891],[-70.24,45.944],[-70.317,45.963],[-70.285,45.995],[-70.318,46.019],[-70.278,46.057],[-70.301,46.083],[-70.252,46.101],[-70.237,46.145],[-70.293,46.192],[-70.191,46.35],[-70.057,46.415],[-69.997,46.695],[-69.224,47.46],[-69.043,47.427],[-69.05,47.256],[-68.9,47.178],[-68.718,47.241],[-68.612,47.245],[-68.579,47.288],[-68.379,47.288],[-68.362,47.356],[-68.235,47.355],[-67.957,47.199],[-67.884,47.106],[-67.791,47.068],[-67.781,45.943],[-67.75,45.918],[-67.804,45.883],[-67.755,45.824],[-67.807,45.795],[-67.782,45.731],[-67.818,45.694],[-67.73,45.663],[-67.735,45.689],[-67.709,45.681],[-67.646,45.614],[-67.43,45.584],[-67.416,45.502],[-67.504,45.489],[-67.419,45.377],[-67.489,45.281],[-67.405,45.16],[-67.346,45.126],[-67.296,45.148],[-67.284,45.192],[-67.158,45.161],[-67.091,45.069],[-67.106,45.033],[-66.984,44.913],[-66.982,44.811],[-66.95,44.817],[-67.069,44.769],[-67.189,44.646],[-67.273,44.664],[-67.246,44.626],[-67.326,44.657],[-67.309,44.707],[-67.396,44.693],[-67.362,44.64],[-67.405,44.594],[-67.427,44.641],[-67.458,44.597],[-67.506,44.637],[-67.543,44.627],[-67.565,44.532],[-67.688,44.537],[-67.713,44.494],[-67.743,44.497],[-67.755,44.547],[-67.774,44.547],[-67.782,44.515],[-67.805,44.543],[-67.848,44.563],[-67.899,44.396],[-67.917,44.461],[-67.938,44.41],[-67.97,44.471],[-68.027,44.483],[-67.959,44.399],[-68.023,44.408],[-68.049,44.331],[-68.112,44.402],[-68.121,44.479],[-68.162,44.501],[-68.154,44.479],[-68.195,44.472],[-68.181,44.475],[-68.211,44.52],[-68.224,44.466],[-68.261,44.488],[-68.294,44.472],[-68.281,44.452],[-68.355,44.458],[-68.366,44.435],[-68.338,44.422],[-68.247,44.433],[-68.174,44.345],[-68.231,44.288],[-68.317,44.294],[-68.29,44.251],[-68.334,44.221],[-68.431,44.299],[-68.398,44.376],[-68.354,44.401],[-68.393,44.435],[-68.431,44.397],[-68.425,44.498],[-68.473,44.487],[-68.462,44.379],[-68.48,44.454],[-68.5,44.414],[-68.565,44.399],[-68.545,44.355],[-68.566,44.313],[-68.519,44.265],[-68.555,44.261],[-68.523,44.228],[-68.624,44.302],[-68.689,44.297],[-68.739,44.333],[-68.827,44.312],[-68.822,44.409],[-68.778,44.485],[-68.806,44.524],[-68.835,44.481],[-68.811,44.466],[-68.875,44.43],[-68.922,44.457],[-68.998,44.426],[-68.95,44.34],[-69.059,44.208],[-69.055,44.172],[-69.074,44.184],[-69.103,44.078],[-69.043,44.092],[-69.128,44.017],[-69.125,43.978],[-69.163,43.999],[-69.212,43.931],[-69.274,43.914],[-69.268,43.944],[-69.284,43.959],[-69.317,43.941],[-69.325,43.971],[-69.375,43.925],[-69.33,43.972],[-69.367,43.965],[-69.362,43.994],[-69.428,43.957],[-69.438,43.976],[-69.503,43.838],[-69.544,43.882],[-69.552,43.835],[-69.593,43.811],[-69.595,43.859],[-69.621,43.827],[-69.639,43.848],[-69.656,43.781],[-69.69,43.825],[-69.677,43.927],[-69.722,43.782],[-69.837,43.7],[-69.873,43.778],[-69.956,43.772],[-70.001,43.71],[-69.995,43.744],[-70.045,43.737],[-69.947,43.864],[-69.993,43.848],[-70.026,43.823],[-69.988,43.863],[-70.019,43.859],[-70.067,43.811],[-70.081,43.828],[-70.194,43.769],[-70.215,43.697],[-70.253,43.675],[-70.197,43.565],[-70.361,43.529],[-70.383,43.47],[-70.333,43.446],[-70.428,43.389],[-70.416,43.361],[-70.554,43.322],[-70.594,43.249],[-70.59,43.165],[-70.704,43.06],[-70.827,43.127],[-70.81,43.225],[-70.988,43.39],[-70.951,43.551],[-70.973,43.57],[-71.084,45.305]]],[[[-68.671,44.076],[-68.601,44.086],[-68.602,44.013],[-68.655,44.002],[-68.641,44.051],[-68.671,44.076]]],[[[-68.504,44.151],[-68.424,44.191],[-68.383,44.156],[-68.439,44.116],[-68.456,44.16],[-68.504,44.151]]],[[[-68.732,44.202],[-68.671,44.28],[-68.564,44.192],[-68.602,44.21],[-68.682,44.138],[-68.732,44.202]]]]}},{"type":"Feature","properties":{"code":"MI","name":"Michigan"},"geometry":{"type":"MultiPolygon","coordinates":[[[[-90.337,46.607],[-90.028,46.674],[-89.789,46.818],[-89.425,46.841],[-89.228,46.913],[-89.129,46.993],[-88.973,47.002],[-88.889,47.101],[-88.577,47.244],[-88.424,47.369],[-88.218,47.45],[-87.801,47.473],[-87.719,47.443],[-87.712,47.401],[-87.957,47.387],[-87.943,47.336],[-88.229,47.199],[-88.232,47.146],[-88.35,47.076],[-88.368,47.019],[-88.446,46.97],[-88.484,46.833],[-88.463,46.787],[-88.497,46.755],[-88.451,46.763],[-88.381,46.838],[-88.39,46.867],[-88.352,46.857],[-88.143,46.967],[-88.283,46.823],[-88.215,46.891],[-88.082,46.92],[-87.817,46.891],[-87.741,46.865],[-87.727,46.826],[-87.681,46.842],[-87.59,46.782],[-87.583,46.731],[-87.503,46.647],[-87.434,46.592],[-87.377,46.59],[-87.394,46.533],[-87.359,46.503],[-87.117,46.495],[-87.005,46.534],[-86.875,46.437],[-86.75,46.479],[-86.703,46.439],[-86.655,46.443],[-86.645,46.411],[-86.468,46.552],[-86.162,46.669],[-85.501,46.676],[-85.257,46.753],[-84.956,46.772],[-85.03,46.685],[-85.025,46.546],[-85.056,46.527],[-85.015,46.48],[-84.935,46.489],[-84.817,46.444],[-84.631,46.485],[-84.583,46.414],[-84.472,46.434],[-84.42,46.501],[-84.276,46.493],[-84.226,46.534],[-84.129,46.53],[-84.111,46.504],[-84.146,46.419],[-84.098,46.257],[-84.153,46.216],[-84.212,46.247],[-84.273,46.201],[-84.221,46.163],[-84.123,46.179],[-84.03,46.135],[-84.072,46.092],[-83.895,45.986],[-83.914,45.956],[-83.979,45.969],[-83.995,45.946],[-84.267,45.991],[-84.258,45.957],[-84.382,45.934],[-84.435,45.961],[-84.412,45.979],[-84.429,45.993],[-84.392,45.985],[-84.423,46.002],[-84.465,46.005],[-84.463,45.969],[-84.506,45.998],[-84.532,45.969],[-84.544,46.023],[-84.657,46.053],[-84.69,46.028],[-84.685,45.973],[-84.74,45.942],[-84.702,45.851],[-84.752,45.84],[-85.014,46.011],[-85.336,46.093],[-85.506,46.096],[-85.659,45.966],[-85.894,45.967],[-85.914,45.919],[-86.072,45.965],[-86.276,45.944],[-86.324,45.906],[-86.347,45.797],[-86.416,45.794],[-86.437,45.762],[-86.532,45.747],[-86.537,45.708],[-86.581,45.712],[-86.588,45.666],[-86.627,45.66],[-86.614,45.6],[-86.718,45.68],[-86.624,45.751],[-86.631,45.782],[-86.56,45.772],[-86.582,45.795],[-86.528,45.853],[-86.535,45.886],[-86.582,45.896],[-86.648,45.834],[-86.782,45.86],[-86.789,45.772],[-86.968,45.668],[-87.006,45.829],[-86.948,45.877],[-86.978,45.906],[-87.022,45.86],[-86.999,45.848],[-87.057,45.812],[-87.064,45.759],[-87.038,45.742],[-87.197,45.639],[-87.328,45.425],[-87.6,45.15],[-87.592,45.095],[-87.66,45.108],[-87.737,45.173],[-87.657,45.369],[-87.694,45.39],[-87.754,45.349],[-87.888,45.355],[-87.849,45.404],[-87.862,45.434],[-87.793,45.5],[-87.834,45.563],[-87.777,45.588],[-87.825,45.653],[-87.782,45.683],[-87.876,45.754],[-88.129,45.809],[-88.07,45.873],[-88.102,45.884],[-88.103,45.922],[-88.492,45.992],[-88.515,46.02],[-88.671,45.989],[-88.679,46.014],[-88.816,46.021],[-89.092,46.139],[-90.12,46.337],[-90.217,46.502],[-90.415,46.557],[-90.337,46.607]]],[[[-89.263,47.87],[-89.179,47.935],[-88.788,48.063],[-88.633,48.149],[-88.418,48.18],[-88.67,48.011],[-89.005,47.899],[-88.912,47.891],[-89.162,47.824],[-89.235,47.852],[-89.204,47.886],[-89.263,47.87]]],[[[-86.825,41.76],[-86.598,41.918],[-86.489,42.116],[-86.328,42.298],[-86.247,42.49],[-86.206,42.71],[-86.221,42.956],[-86.255,43.083],[-86.538,43.618],[-86.43,43.828],[-86.515,44.058],[-86.421,44.129],[-86.269,44.345],[-86.22,44.568],[-86.255,44.692],[-86.09,44.742],[-86.067,44.906],[-85.985,44.903],[-85.932,44.969],[-85.87,44.939],[-85.807,44.95],[-85.618,45.187],[-85.541,45.211],[-85.558,45.133],[-85.574,45.155],[-85.614,45.128],[-85.567,45.044],[-85.589,45.055],[-85.649,44.975],[-85.599,44.989],[-85.601,44.925],[-85.652,44.849],[-85.639,44.772],[-85.595,44.767],[-85.525,44.896],[-85.565,44.895],[-85.52,44.974],[-85.475,44.992],[-85.5,44.856],[-85.556,44.818],[-85.577,44.76],[-85.527,44.748],[-85.389,44.948],[-85.372,45.271],[-85.204,45.362],[-84.915,45.396],[-84.922,45.422],[-85.062,45.451],[-85.115,45.539],[-85.07,45.634],[-84.944,45.71],[-85.008,45.762],[-84.808,45.745],[-84.792,45.782],[-84.729,45.788],[-84.479,45.657],[-84.33,45.664],[-84.216,45.635],[-84.097,45.497],[-83.909,45.486],[-83.787,45.41],[-83.716,45.414],[-83.584,45.348],[-83.495,45.339],[-83.495,45.36],[-83.388,45.276],[-83.413,45.239],[-83.316,45.142],[-83.315,45.053],[-83.262,45.025],[-83.385,45.077],[-83.438,45.055],[-83.456,45.017],[-83.431,45.008],[-83.464,45.003],[-83.433,44.933],[-83.316,44.881],[-83.27,44.709],[-83.315,44.609],[-83.334,44.337],[-83.449,44.252],[-83.48,44.28],[-83.538,44.248],[-83.58,44.049],[-83.671,44.042],[-83.681,43.988],[-83.848,43.99],[-83.916,43.899],[-83.954,43.75],[-83.905,43.67],[-83.685,43.584],[-83.54,43.708],[-83.49,43.703],[-83.39,43.848],[-83.325,43.884],[-83.401,43.917],[-83.309,43.92],[-83.262,43.975],[-83.066,44.003],[-82.964,44.068],[-82.742,43.99],[-82.615,43.779],[-82.523,43.225],[-82.413,42.977],[-82.47,42.887],[-82.468,42.761],[-82.523,42.607],[-82.679,42.522],[-82.648,42.559],[-82.694,42.559],[-82.656,42.592],[-82.713,42.598],[-82.631,42.642],[-82.631,42.673],[-82.696,42.69],[-82.806,42.649],[-82.821,42.615],[-82.772,42.593],[-82.874,42.524],[-82.882,42.405],[-82.96,42.34],[-83.097,42.29],[-83.132,42.09],[-83.191,42.077],[-83.188,42.044],[-83.213,42.043],[-83.186,42.009],[-83.234,41.995],[-83.265,41.931],[-83.32,41.933],[-83.343,41.879],[-83.44,41.813],[-83.428,41.742],[-83.48,41.757],[-83.455,41.733],[-84.806,41.696],[-84.806,41.76],[-86.825,41.76]]],[[[-86.059,45.152],[-85.977,45.138],[-85.961,45.061],[-86.008,45.057],[-86.059,45.101],[-86.059,45.152]]],[[[-85.609,45.581],[-85.568,45.759],[-85.501,45.754],[-85.522,45.739],[-85.492,45.608],[-85.541,45.575],[-85.609,45.581]]],[[[-86.693,46.557],[-86.626,46.535],[-86.647,46.487],[-86.609,46.493],[-86.623,46.457],[-86.688,46.456],[-86.693,46.557]]],[[[-84.59,45.81],[-84.434,45.787],[-84.42,45.811],[-84.356,45.771],[-84.406,45.722],[-84.481,45.73],[-84.59,45.81]]],[[[-83.882,45.964],[-83.845,46.027],[-83.806,45.984],[-83.766,46.026],[-83.689,46.036],[-83.676,46.071],[-83.729,46.092],[-83.635,46.104],[-83.581,46.09],[-83.534,46.008],[-83.473,45.984],[-83.516,45.924],[-83.565,45.913],[-83.631,45.929],[-83.621,45.945],[-83.633,45.957],[-83.837,45.938],[-83.882,45.964]]]]}},{"type":"Feature","properties":{"code":"MN","name":"Minnesota"},"geometry":{"type":"Polygon","coordinates":[[[-97.178,48.875],[-97.228,49.001],[-95.154,48.999],[-95.153,49.384],[-95.058,49.353],[-94.957,49.37],[-94.816,49.321],[-94.684,48.884],[-94.694,48.782],[-94.645,48.744],[-94.452,48.692],[-94.291,48.708],[-94.224,48.65],[-93.844,48.63],[-93.794,48.516],[-93.468,48.546],[-93.464,48.592],[-93.255,48.643],[-92.955,48.631],[-92.728,48.539],[-92.635,48.543],[-92.627,48.503],[-92.699,48.495],[-92.713,48.463],[-92.656,48.437],[-92.507,48.448],[-92.456,48.414],[-92.47,48.352],[-92.369,48.22],[-92.27,48.248],[-92.306,48.316],[-92.262,48.355],[-92.055,48.359],[-92.0,48.321],[-92.007,48.265],[-91.958,48.233],[-91.715,48.199],[-91.712,48.115],[-91.559,48.108],[-91.567,48.044],[-91.266,48.079],[-90.885,48.246],[-90.839,48.24],[-90.836,48.177],[-90.778,48.164],[-90.798,48.137],[-90.752,48.091],[-90.58,48.124],[-90.557,48.096],[-90.375,48.091],[-90.136,48.112],[-90.024,48.085],[-89.993,48.028],[-89.897,47.988],[-89.764,48.023],[-89.494,48.005],[-89.625,47.995],[-89.638,47.954],[-89.681,47.964],[-89.839,47.876],[-90.527,47.706],[-90.777,47.606],[-91.046,47.457],[-91.461,47.135],[-91.574,47.09],[-91.781,46.943],[-92.094,46.788],[-92.015,46.706],[-92.117,46.749],[-92.205,46.704],[-92.176,46.686],[-92.207,46.652],[-92.291,46.668],[-92.294,46.074],[-92.352,46.016],[-92.429,46.024],[-92.469,45.974],[-92.527,45.983],[-92.708,45.895],[-92.785,45.764],[-92.869,45.718],[-92.884,45.575],[-92.77,45.567],[-92.647,45.442],[-92.65,45.399],[-92.762,45.287],[-92.74,45.116],[-92.803,45.061],[-92.762,45.024],[-92.751,44.937],[-92.807,44.75],[-92.548,44.568],[-92.336,44.554],[-92.232,44.445],[-91.97,44.366],[-91.919,44.323],[-91.875,44.201],[-91.592,44.031],[-91.433,43.997],[-91.244,43.775],[-91.269,43.615],[-91.232,43.582],[-91.218,43.501],[-96.453,43.5],[-96.453,45.298],[-96.522,45.376],[-96.693,45.417],[-96.858,45.606],[-96.836,45.65],[-96.663,45.739],[-96.583,45.82],[-96.555,46.084],[-96.593,46.175],[-96.6,46.33],[-96.722,46.44],[-96.742,46.564],[-96.798,46.629],[-96.776,46.766],[-96.803,46.812],[-96.753,46.925],[-96.792,46.928],[-96.84,47.007],[-96.813,47.038],[-96.841,47.151],[-96.822,47.184],[-96.845,47.193],[-96.829,47.328],[-96.858,47.368],[-96.837,47.389],[-96.872,47.419],[-96.851,47.598],[-96.935,47.767],[-96.991,47.808],[-96.974,47.823],[-97.023,47.874],[-97.072,48.048],[-97.147,48.143],[-97.121,48.159],[-97.146,48.169],[-97.139,48.217],[-97.118,48.21],[-97.135,48.221],[-97.152,48.219],[-97.121,48.226],[-97.145,48.268],[-97.112,48.296],[-97.156,48.366],[-97.133,48.382],[-97.163,48.392],[-97.122,48.418],[-97.151,48.441],[-97.128,48.474],[-97.163,48.478],[-97.127,48.52],[-97.175,48.562],[-97.09,48.685],[-97.181,48.798],[-97.158,48.809],[-97.19,48.816],[-97.178,48.875]]]}},{"type":"Feature","properties":{"code":"MO","name":"Missouri"},"geometry":{"type":"Polygon","coordinates":[[[-95.774,40.578],[-94.089,40.573],[-91.729,40.614],[-91.689,40.557],[-91.62,40.541],[-91.575,40.466],[-91.525,40.458],[-91.525,40.411],[-91.419,40.378],[-91.493,40.278],[-91.51,40.128],[-91.495,40.036],[-91.419,39.928],[-91.436,39.846],[-91.362,39.788],[-91.37,39.733],[-91.182,39.603],[-91.154,39.548],[-91.1,39.539],[-91.038,39.448],[-90.73,39.256],[-90.681,39.101],[-90.714,39.054],[-90.663,38.927],[-90.567,38.869],[-90.468,38.962],[-90.406,38.963],[-90.109,38.844],[-90.21,38.726],[-90.185,38.612],[-90.368,38.34],[-90.36,38.225],[-90.111,38.027],[-89.997,37.963],[-89.925,37.96],[-89.975,37.927],[-89.951,37.882],[-89.902,37.87],[-89.843,37.905],[-89.67,37.8],[-89.663,37.75],[-89.514,37.69],[-89.518,37.641],[-89.476,37.593],[-89.52,37.583],[-89.517,37.537],[-89.421,37.388],[-89.518,37.285],[-89.459,37.249],[-89.456,37.188],[-89.379,37.095],[-89.384,37.046],[-89.279,36.989],[-89.26,37.023],[-89.308,37.068],[-89.255,37.072],[-89.185,36.974],[-89.1,36.965],[-89.132,36.857],[-89.179,36.831],[-89.119,36.76],[-89.2,36.734],[-89.159,36.666],[-89.237,36.567],[-89.327,36.632],[-89.366,36.625],[-89.464,36.457],[-89.494,36.473],[-89.479,36.568],[-89.563,36.569],[-89.52,36.475],[-89.545,36.427],[-89.51,36.374],[-89.532,36.339],[-89.62,36.323],[-89.535,36.253],[-89.704,36.243],[-89.592,36.144],[-89.679,36.085],[-89.707,36.001],[-90.378,35.996],[-90.319,36.09],[-90.064,36.303],[-90.065,36.382],[-90.139,36.414],[-90.152,36.498],[-94.618,36.499],[-94.588,39.15],[-94.824,39.21],[-94.831,39.256],[-94.905,39.312],[-94.885,39.39],[-94.942,39.389],[-95.109,39.542],[-95.103,39.578],[-95.049,39.59],[-95.028,39.665],[-94.971,39.686],[-94.965,39.739],[-94.863,39.743],[-94.87,39.773],[-94.935,39.776],[-94.876,39.813],[-94.94,39.852],[-94.93,39.889],[-95.128,39.874],[-95.315,40.012],[-95.407,40.033],[-95.393,40.119],[-95.479,40.186],[-95.478,40.243],[-95.552,40.262],[-95.562,40.297],[-95.657,40.311],[-95.624,40.347],[-95.7,40.505],[-95.656,40.547],[-95.679,40.563],[-95.709,40.522],[-95.757,40.526],[-95.774,40.578]]]}},{"type":"Feature","properties":{"code":"MS","name":"Mississippi"},"geometry":{"type":"Polygon","coordinates":[[[-91.649,31.262],[-91.512,31.284],[-91.578,31.399],[-91.565,31.423],[-91.541,31.431],[-91.516,31.37],[-91.472,31.371],[-91.523,31.522],[-91.444,31.542],[-91.404,31.59],[-91.489,31.587],[-91.512,31.635],[-91.401,31.62],[-91.372,31.743],[-91.263,31.754],[-91.366,31.762],[-91.346,31.843],[-91.293,31.86],[-91.256,31.813],[-91.268,31.863],[-91.181,31.918],[-91.185,31.966],[-91.076,32.017],[-91.16,32.07],[-91.08,32.048],[-91.005,32.143],[-91.058,32.181],[-91.053,32.124],[-91.163,32.133],[-91.164,32.197],[-91.039,32.242],[-90.995,32.192],[-90.979,32.294],[-90.922,32.299],[-90.876,32.372],[-90.912,32.339],[-90.994,32.354],[-90.97,32.439],[-91.053,32.438],[-91.116,32.483],[-91.094,32.549],[-91.038,32.49],[-90.987,32.496],[-91.08,32.556],[-91.01,32.602],[-91.014,32.64],[-91.12,32.585],[-91.154,32.626],[-91.055,32.719],[-91.165,32.751],[-91.145,32.843],[-91.064,32.901],[-91.087,32.976],[-91.136,32.98],[-91.152,32.902],[-91.214,32.927],[-91.12,33.055],[-91.2,33.129],[-91.088,33.135],[-91.1,33.219],[-91.045,33.265],[-91.079,33.283],[-91.101,33.238],[-91.142,33.3],[-91.142,33.35],[-91.058,33.447],[-91.087,33.451],[-91.149,33.379],[-91.209,33.406],[-91.132,33.43],[-91.132,33.482],[-91.172,33.497],[-91.177,33.445],[-91.235,33.439],[-91.183,33.499],[-91.233,33.563],[-91.165,33.57],[-91.129,33.608],[-91.23,33.684],[-91.16,33.707],[-91.091,33.658],[-91.034,33.674],[-91.061,33.715],[-91.149,33.731],[-91.134,33.783],[-91.018,33.764],[-90.988,33.785],[-91.07,33.845],[-91.01,33.932],[-91.088,33.959],[-91.086,34.006],[-90.966,33.965],[-90.988,34.019],[-90.896,34.025],[-90.871,34.081],[-90.959,34.135],[-90.91,34.166],[-90.847,34.137],[-90.808,34.162],[-90.914,34.196],[-90.936,34.238],[-90.847,34.206],[-90.832,34.277],[-90.738,34.289],[-90.764,34.364],[-90.676,34.371],[-90.693,34.323],[-90.669,34.313],[-90.659,34.376],[-90.586,34.409],[-90.593,34.491],[-90.54,34.554],[-90.591,34.619],[-90.57,34.693],[-90.532,34.627],[-90.463,34.684],[-90.572,34.713],[-90.544,34.792],[-90.493,34.772],[-90.524,34.731],[-90.448,34.739],[-90.481,34.881],[-90.437,34.883],[-90.439,34.825],[-90.307,34.846],[-90.318,34.871],[-90.241,34.919],[-90.308,34.996],[-88.2,34.996],[-88.098,34.892],[-88.473,31.894],[-88.395,30.35],[-88.448,30.358],[-88.48,30.318],[-88.612,30.373],[-88.729,30.343],[-88.858,30.43],[-88.859,30.39],[-89.016,30.385],[-89.286,30.303],[-89.269,30.341],[-89.336,30.374],[-89.378,30.343],[-89.333,30.338],[-89.33,30.303],[-89.419,30.254],[-89.458,30.178],[-89.57,30.18],[-89.647,30.289],[-89.63,30.339],[-89.684,30.406],[-89.683,30.452],[-89.804,30.549],[-89.814,30.638],[-89.852,30.663],[-89.73,31.004],[-91.637,30.999],[-91.56,31.054],[-91.626,31.117],[-91.589,31.189],[-91.649,31.262]]]}},{"type":"Feature","properties":{"code":"MT","name":"Montana"},"geometry":{"type":"Polygon","coordinates":[[[-116.049,47.977],[-116.049,49.001],[-104.049,49.0],[-104.04,44.998],[-111.055,45.001],[-111.056,44.477],[-111.228,44.577],[-111.22,44.623],[-111.385,44.755],[-111.414,44.711],[-111.489,44.706],[-111.472,44.667],[-111.516,44.644],[-111.523,44.59],[-111.468,44.539],[-111.702,44.56],[-111.822,44.509],[-111.869,44.566],[-112.107,44.521],[-112.286,44.569],[-112.354,44.536],[-112.387,44.448],[-112.719,44.504],[-112.78,44.485],[-112.839,44.425],[-112.813,44.377],[-112.855,44.36],[-112.889,44.405],[-113.005,44.454],[-113.008,44.527],[-113.088,44.6],[-113.05,44.629],[-113.068,44.679],[-113.132,44.773],[-113.248,44.823],[-113.342,44.785],[-113.377,44.835],[-113.455,44.865],[-113.498,44.942],[-113.444,44.959],[-113.452,45.059],[-113.523,45.092],[-113.51,45.115],[-113.57,45.124],[-113.592,45.184],[-113.692,45.263],[-113.738,45.328],[-113.734,45.392],[-113.776,45.408],[-113.767,45.521],[-113.834,45.521],[-113.807,45.603],[-113.904,45.622],[-113.935,45.694],[-114.015,45.696],[-114.019,45.648],[-114.087,45.591],[-114.192,45.537],[-114.248,45.545],[-114.27,45.484],[-114.33,45.46],[-114.458,45.562],[-114.565,45.558],[-114.538,45.606],[-114.564,45.638],[-114.509,45.657],[-114.495,45.703],[-114.566,45.773],[-114.509,45.846],[-114.411,45.852],[-114.387,45.888],[-114.431,45.936],[-114.412,45.978],[-114.48,45.993],[-114.481,46.03],[-114.507,46.032],[-114.46,46.098],[-114.527,46.146],[-114.444,46.169],[-114.471,46.266],[-114.425,46.288],[-114.422,46.387],[-114.369,46.438],[-114.403,46.5],[-114.343,46.518],[-114.321,46.648],[-114.359,46.671],[-114.467,46.632],[-114.605,46.636],[-114.642,46.674],[-114.622,46.708],[-114.665,46.739],[-114.767,46.697],[-114.785,46.78],[-114.895,46.802],[-114.948,46.86],[-114.925,46.919],[-115.048,46.97],[-115.144,47.102],[-115.301,47.188],[-115.32,47.257],[-115.484,47.282],[-115.578,47.367],[-115.759,47.424],[-115.63,47.48],[-115.686,47.485],[-115.699,47.532],[-115.756,47.548],[-115.689,47.594],[-115.736,47.655],[-115.724,47.696],[-115.832,47.756],[-115.852,47.828],[-116.049,47.977]]]}},{"type":"Feature","properties":{"code":"NC","name":"North Carolina"},"geometry":{"type":"MultiPolygon","coordinates":[[[[-84.322,34.988],[-84.29,35.226],[-84.224,35.269],[-84.188,35.24],[-84.053,35.27],[-84.021,35.301],[-84.023,35.412],[-83.88,35.519],[-83.772,35.562],[-83.498,35.563],[-83.352,35.66],[-83.297,35.658],[-83.251,35.72],[-83.159,35.765],[-83.074,35.79],[-82.992,35.774],[-82.897,35.878],[-82.92,35.928],[-82.874,35.953],[-82.805,35.927],[-82.776,36.0],[-82.637,36.066],[-82.591,36.034],[-82.611,35.967],[-82.558,35.954],[-82.355,36.116],[-82.214,36.159],[-82.148,36.15],[-82.127,36.104],[-82.033,36.12],[-81.908,36.302],[-81.794,36.362],[-81.707,36.335],[-81.742,36.411],[-81.695,36.468],[-81.708,36.536],[-81.678,36.588],[-80.122,36.543],[-75.868,36.55],[-75.773,36.229],[-75.536,35.793],[-75.57,35.809],[-75.645,35.964],[-75.73,36.007],[-75.706,36.039],[-75.737,36.041],[-75.767,36.205],[-75.851,36.32],[-75.822,36.328],[-75.843,36.42],[-75.9,36.482],[-75.989,36.495],[-76.003,36.537],[-76.031,36.539],[-76.032,36.482],[-75.948,36.396],[-75.925,36.425],[-75.923,36.362],[-75.857,36.281],[-75.872,36.255],[-75.797,36.073],[-75.867,36.127],[-75.923,36.246],[-75.969,36.264],[-75.925,36.165],[-76.017,36.186],[-76.131,36.291],[-76.215,36.301],[-76.08,36.199],[-76.064,36.144],[-76.188,36.125],[-76.277,36.191],[-76.192,36.107],[-76.234,36.098],[-76.455,36.193],[-76.304,36.095],[-76.411,36.081],[-76.514,36.007],[-76.58,36.011],[-76.607,36.054],[-76.652,36.035],[-76.692,36.066],[-76.719,36.201],[-76.672,36.272],[-76.7,36.285],[-76.753,36.177],[-76.682,35.99],[-76.728,35.934],[-76.4,35.982],[-76.367,35.934],[-76.171,35.995],[-76.063,35.991],[-76.011,35.954],[-76.065,35.834],[-76.038,35.646],[-75.983,35.773],[-75.986,35.889],[-75.922,35.936],[-75.947,35.96],[-75.836,35.971],[-75.782,35.933],[-75.728,35.825],[-75.717,35.694],[-75.781,35.688],[-75.736,35.625],[-75.778,35.58],[-75.833,35.572],[-75.816,35.595],[-75.853,35.585],[-75.89,35.641],[-75.882,35.576],[-75.978,35.513],[-75.963,35.494],[-76.023,35.412],[-76.059,35.435],[-76.071,35.371],[-76.152,35.331],[-76.25,35.368],[-76.279,35.343],[-76.345,35.393],[-76.342,35.342],[-76.412,35.346],[-76.42,35.375],[-76.362,35.374],[-76.396,35.432],[-76.438,35.388],[-76.481,35.405],[-76.472,35.371],[-76.532,35.401],[-76.587,35.509],[-76.485,35.507],[-76.465,35.558],[-76.638,35.513],[-76.597,35.482],[-76.578,35.388],[-76.906,35.459],[-77.053,35.535],[-76.966,35.434],[-76.925,35.449],[-76.659,35.342],[-76.484,35.314],[-76.498,35.28],[-76.47,35.281],[-76.496,35.217],[-76.565,35.229],[-76.527,35.185],[-76.586,35.202],[-76.634,35.174],[-76.54,35.155],[-76.569,35.098],[-76.804,34.964],[-76.988,35.066],[-77.06,35.147],[-76.936,34.973],[-76.761,34.916],[-76.657,34.982],[-76.484,34.988],[-76.463,35.076],[-76.423,35.027],[-76.423,34.951],[-76.381,34.979],[-76.319,34.966],[-76.364,35.037],[-76.247,34.987],[-76.306,34.991],[-76.28,34.941],[-76.341,34.933],[-76.314,34.906],[-76.382,34.857],[-76.402,34.887],[-76.412,34.832],[-76.514,34.754],[-76.513,34.72],[-76.576,34.722],[-76.604,34.79],[-76.619,34.704],[-76.842,34.729],[-77.126,34.685],[-77.307,34.545],[-77.583,34.401],[-77.829,34.163],[-77.963,33.842],[-78.008,33.864],[-77.996,33.906],[-78.239,33.917],[-78.542,33.853],[-79.675,34.805],[-80.798,34.82],[-80.782,34.936],[-80.935,35.107],[-81.041,35.045],[-81.044,35.15],[-82.275,35.2],[-82.371,35.181],[-82.393,35.215],[-82.44,35.166],[-82.681,35.128],[-82.758,35.068],[-82.788,35.085],[-83.109,35.001],[-83.62,34.987],[-84.322,34.988]]],[[[-76.55,34.627],[-76.532,34.61],[-76.438,34.761],[-76.338,34.839],[-76.535,34.592],[-76.55,34.627]]],[[[-76.33,34.845],[-76.076,35.07],[-76.038,35.062],[-76.096,35.024],[-76.243,34.908],[-76.323,34.848],[-76.33,34.845]]],[[[-76.015,35.071],[-75.982,35.12],[-75.774,35.187],[-76.015,35.071]]],[[[-75.734,35.198],[-75.595,35.269],[-75.522,35.272],[-75.469,35.574],[-75.523,35.774],[-75.461,35.577],[-75.528,35.228],[-75.734,35.198]]],[[[-75.727,35.934],[-75.628,35.883],[-75.62,35.809],[-75.675,35.83],[-75.663,35.87],[-75.727,35.934]]]]}},{"type":"Feature","properties":{"code":"ND","name":"North Dakota"},"geometry":{"type":"Polygon","coordinates":[[[-104.045,45.945],[-104.049,49.0],[-97.229,49.001],[-97.234,48.948],[-97.178,48.875],[-97.19,48.816],[-97.159,48.811],[-97.181,48.798],[-97.09,48.685],[-97.175,48.562],[-97.127,48.52],[-97.163,48.478],[-97.128,48.474],[-97.151,48.441],[-97.122,48.418],[-97.163,48.392],[-97.133,48.382],[-97.156,48.366],[-97.112,48.296],[-97.145,48.268],[-97.121,48.226],[-97.137,48.227],[-97.152,48.219],[-97.135,48.221],[-97.118,48.21],[-97.139,48.217],[-97.146,48.169],[-97.121,48.159],[-97.147,48.143],[-97.072,48.048],[-97.023,47.874],[-96.974,47.823],[-96.991,47.808],[-96.935,47.767],[-96.851,47.598],[-96.872,47.419],[-96.837,47.389],[-96.858,47.368],[-96.829,47.328],[-96.845,47.193],[-96.822,47.184],[-96.841,47.151],[-96.813,47.038],[-96.84,47.007],[-96.792,46.928],[-96.753,46.925],[-96.803,46.812],[-96.776,46.766],[-96.798,46.629],[-96.742,46.564],[-96.722,46.44],[-96.6,46.33],[-96.593,46.175],[-96.555,46.084],[-96.578,46.027],[-96.563,45.937],[-104.045,45.945]]]}},{"type":"Feature","properties":{"code":"NE","name":"Nebraska"},"geometry":{"type":"Polygon","coordinates":[[[-104.053,41.001],[-104.053,43.001],[-98.499,42.999],[-98.444,42.929],[-98.147,42.84],[-98.013,42.762],[-97.937,42.776],[-97.845,42.868],[-97.687,42.842],[-97.307,42.868],[-97.219,42.846],[-97.21,42.809],[-97.131,42.772],[-96.979,42.76],[-96.964,42.721],[-96.907,42.734],[-96.806,42.704],[-96.793,42.666],[-96.691,42.656],[-96.709,42.604],[-96.611,42.506],[-96.549,42.521],[-96.501,42.483],[-96.386,42.474],[-96.418,42.351],[-96.329,42.255],[-96.36,42.211],[-96.348,42.167],[-96.269,42.114],[-96.276,42.052],[-96.222,42.03],[-96.241,41.999],[-96.195,42.009],[-96.186,41.977],[-96.13,41.972],[-96.162,41.902],[-96.065,41.796],[-96.106,41.738],[-96.073,41.705],[-96.121,41.689],[-96.092,41.534],[-96.041,41.507],[-96.0,41.539],[-96.012,41.476],[-95.92,41.452],[-95.957,41.345],[-95.875,41.307],[-95.902,41.273],[-95.927,41.298],[-95.927,41.202],[-95.841,41.175],[-95.883,41.155],[-95.863,41.088],[-95.882,41.06],[-95.809,40.891],[-95.848,40.864],[-95.834,40.783],[-95.885,40.721],[-95.75,40.607],[-95.763,40.528],[-95.656,40.547],[-95.7,40.505],[-95.624,40.347],[-95.657,40.311],[-95.562,40.297],[-95.552,40.262],[-95.478,40.243],[-95.479,40.186],[-95.393,40.119],[-95.414,40.038],[-95.308,40.0],[-102.052,40.003],[-102.052,41.002],[-104.053,41.001]]]}},{"type":"Feature","properties":{"code":"NH","name":"New Hampshire"},"geometry":{"type":"Polygon","coordinates":[[[-72.555,42.858],[-72.532,42.955],[-72.444,43.006],[-72.467,43.053],[-72.433,43.12],[-72.457,43.148],[-72.395,43.313],[-72.416,43.377],[-72.38,43.574],[-72.329,43.601],[-72.3,43.706],[-72.205,43.771],[-72.173,43.884],[-72.091,43.965],[-72.117,43.994],[-72.032,44.079],[-72.065,44.277],[-71.981,44.337],[-71.814,44.355],[-71.794,44.399],[-71.702,44.414],[-71.577,44.503],[-71.596,44.561],[-71.535,44.587],[-71.632,44.752],[-71.495,44.904],[-71.541,44.985],[-71.465,45.014],[-71.501,45.013],[-71.505,45.051],[-71.429,45.124],[-71.398,45.204],[-71.443,45.238],[-71.385,45.233],[-71.284,45.302],[-71.231,45.25],[-71.148,45.239],[-71.084,45.305],[-70.973,43.57],[-70.951,43.551],[-70.988,43.39],[-70.967,43.344],[-70.818,43.238],[-70.828,43.129],[-70.707,43.075],[-70.712,43.044],[-70.817,42.872],[-70.915,42.887],[-71.031,42.859],[-71.064,42.806],[-71.166,42.809],[-71.182,42.738],[-71.246,42.743],[-71.294,42.697],[-72.459,42.727],[-72.516,42.766],[-72.555,42.858]]]}},{"type":"Feature","properties":{"code":"NJ","name":"New Jersey"},"geometry":{"type":"Polygon","coordinates":[[[-75.559,39.63],[-75.451,39.775],[-75.354,39.84],[-75.144,39.885],[-75.127,39.961],[-74.823,40.127],[-74.722,40.15],[-74.94,40.338],[-74.968,40.399],[-75.059,40.418],[-75.069,40.542],[-75.183,40.567],[-75.202,40.617],[-75.177,40.676],[-75.204,40.691],[-75.197,40.752],[-75.109,40.791],[-75.096,40.847],[-75.051,40.866],[-75.131,40.991],[-74.968,41.088],[-74.992,41.092],[-74.882,41.181],[-74.795,41.32],[-74.695,41.357],[-73.894,40.997],[-74.023,40.72],[-74.07,40.691],[-74.07,40.661],[-74.144,40.644],[-74.102,40.702],[-74.121,40.717],[-74.203,40.634],[-74.273,40.488],[-74.206,40.439],[-74.135,40.455],[-74.006,40.411],[-73.992,40.443],[-74.019,40.475],[-73.986,40.454],[-73.977,40.299],[-74.099,39.757],[-74.241,39.556],[-74.326,39.506],[-74.334,39.435],[-74.619,39.24],[-74.706,39.103],[-74.798,39.026],[-74.794,38.994],[-74.864,38.94],[-74.967,38.933],[-74.887,39.159],[-75.029,39.195],[-75.03,39.225],[-75.151,39.19],[-75.252,39.3],[-75.288,39.292],[-75.465,39.439],[-75.536,39.461],[-75.512,39.577],[-75.559,39.63]]]}},{"type":"Feature","properties":{"code":"NM","name":"New Mexico"},"geometry":{"type":"Polygon","coordinates":[[[-109.05,31.333],[-109.045,36.999],[-103.002,37.0],[-103.002,36.5],[-103.042,36.5],[-103.064,32.001],[-106.618,32.0],[-106.636,31.866],[-106.528,31.783],[-108.208,31.784],[-108.209,31.333],[-109.05,31.333]]]}},{"type":"Feature","properties":{"code":"NV","name":"Nevada"},"geometry":{"type":"Polygon","coordinates":[[[-120.001,39.0],[-119.999,41.995],[-114.041,41.994],[-114.044,36.193],[-114.121,36.11],[-114.151,36.023],[-114.261,36.025],[-114.374,36.144],[-114.499,36.127],[-114.571,36.151],[-114.753,36.09],[-114.722,36.029],[-114.741,35.976],[-114.662,35.871],[-114.707,35.849],[-114.712,35.806],[-114.689,35.65],[-114.653,35.611],[-114.679,35.499],[-114.606,35.358],[-114.569,35.183],[-114.578,35.129],[-114.647,35.102],[-114.603,35.069],[-114.633,35.002],[-117.5,37.22],[-120.001,39.0]]]}},{"type":"Feature","properties":{"code":"NY","name":"New York"},"geometry":{"type":"MultiPolygon","coordinates":[[[[-79.744,42.275],[-79.454,42.411],[-79.354,42.494],[-79.149,42.554],[-79.047,42.691],[-78.853,42.784],[-78.919,42.947],[-79.02,42.995],[-78.999,43.056],[-79.074,43.078],[-79.042,43.144],[-79.07,43.262],[-78.486,43.375],[-77.76,43.341],[-77.54,43.235],[-77.391,43.276],[-76.959,43.27],[-76.784,43.312],[-76.418,43.521],[-76.291,43.514],[-76.21,43.56],[-76.213,43.754],[-76.235,43.823],[-76.297,43.856],[-76.233,43.886],[-76.203,43.851],[-76.127,43.898],[-76.134,43.946],[-76.059,43.986],[-76.2,43.968],[-76.119,44.034],[-76.168,44.033],[-76.14,44.07],[-76.204,44.054],[-76.202,44.079],[-76.273,44.052],[-76.282,44.012],[-76.201,44.024],[-76.281,43.961],[-76.266,43.995],[-76.301,44.01],[-76.295,44.058],[-76.36,44.071],[-76.344,44.088],[-76.371,44.1],[-76.313,44.199],[-76.207,44.215],[-76.164,44.24],[-76.162,44.281],[-75.913,44.368],[-75.821,44.432],[-75.766,44.516],[-75.283,44.849],[-74.993,44.977],[-74.827,45.016],[-74.731,44.99],[-73.343,45.011],[-73.339,44.918],[-73.381,44.845],[-73.333,44.789],[-73.39,44.618],[-73.294,44.441],[-73.335,44.364],[-73.313,44.265],[-73.391,44.191],[-73.438,44.045],[-73.374,43.876],[-73.392,43.821],[-73.351,43.772],[-73.431,43.588],[-73.396,43.568],[-73.372,43.624],[-73.306,43.628],[-73.242,43.535],[-73.291,42.802],[-73.265,42.746],[-73.508,42.086],[-73.49,42.0],[-73.551,41.295],[-73.483,41.213],[-73.728,41.101],[-73.656,40.98],[-73.793,40.884],[-73.8,40.849],[-73.804,40.862],[-73.818,40.864],[-73.814,40.826],[-73.756,40.766],[-73.753,40.838],[-73.704,40.817],[-73.731,40.865],[-73.649,40.829],[-73.633,40.903],[-73.521,40.918],[-73.542,40.877],[-73.495,40.895],[-73.469,40.866],[-73.485,40.946],[-73.358,40.893],[-73.352,40.923],[-73.404,40.931],[-73.402,40.954],[-73.228,40.906],[-73.147,40.929],[-73.158,40.968],[-73.118,40.977],[-72.636,40.982],[-72.279,41.159],[-72.234,41.159],[-72.339,41.115],[-72.277,41.079],[-72.276,41.037],[-72.16,41.054],[-72.102,40.992],[-71.964,41.043],[-71.955,41.073],[-71.856,41.071],[-72.396,40.867],[-73.055,40.666],[-73.572,40.578],[-73.775,40.591],[-73.941,40.544],[-73.879,40.575],[-74.002,40.571],[-74.042,40.626],[-74.0,40.664],[-74.014,40.758],[-73.894,40.997],[-74.696,41.357],[-74.738,41.431],[-74.894,41.439],[-74.913,41.476],[-74.983,41.481],[-75.075,41.606],[-75.044,41.618],[-75.053,41.753],[-75.105,41.774],[-75.072,41.814],[-75.171,41.872],[-75.261,41.864],[-75.279,41.939],[-75.36,41.999],[-79.761,41.999],[-79.744,42.275]]],[[[-74.25,40.515],[-74.188,40.643],[-74.154,40.637],[-74.086,40.649],[-74.071,40.643],[-74.054,40.599],[-74.135,40.53],[-74.25,40.515]]]]}},{"type":"Feature","properties":{"code":"OH","name":"Ohio"},"geometry":{"type":"Polygon","coordinates":[[[-84.82,39.105],[-84.806,41.696],[-83.455,41.733],[-83.48,41.682],[-83.336,41.705],[-83.086,41.606],[-82.957,41.52],[-82.877,41.528],[-82.84,41.587],[-82.785,41.541],[-82.712,41.536],[-82.716,41.499],[-82.724,41.514],[-82.806,41.507],[-83.04,41.464],[-83.009,41.428],[-82.977,41.454],[-82.923,41.419],[-82.812,41.475],[-82.766,41.446],[-82.674,41.453],[-82.687,41.491],[-82.625,41.423],[-82.481,41.381],[-82.012,41.516],[-81.739,41.489],[-81.284,41.762],[-80.519,41.977],[-80.519,40.639],[-80.627,40.62],[-80.668,40.582],[-80.595,40.475],[-80.634,40.39],[-80.6,40.318],[-80.739,40.076],[-80.756,39.914],[-80.806,39.917],[-80.791,39.867],[-80.869,39.766],[-80.832,39.706],[-80.864,39.692],[-80.88,39.621],[-80.97,39.59],[-81.217,39.388],[-81.376,39.342],[-81.456,39.409],[-81.558,39.339],[-81.57,39.268],[-81.689,39.266],[-81.692,39.226],[-81.756,39.181],[-81.745,39.098],[-81.814,39.079],[-81.764,39.015],[-81.763,38.924],[-81.827,38.946],[-81.899,38.875],[-81.928,38.893],[-81.898,38.93],[-81.933,38.988],[-82.038,39.024],[-82.143,38.898],[-82.145,38.84],[-82.222,38.787],[-82.177,38.604],[-82.291,38.579],[-82.33,38.444],[-82.579,38.408],[-82.697,38.542],[-82.844,38.591],[-82.889,38.756],[-83.031,38.726],[-83.154,38.619],[-83.246,38.629],[-83.294,38.597],[-83.356,38.654],[-83.521,38.703],[-83.627,38.679],[-83.657,38.628],[-83.762,38.652],[-83.867,38.76],[-84.213,38.806],[-84.305,39.006],[-84.426,39.053],[-84.455,39.12],[-84.62,39.073],[-84.744,39.147],[-84.82,39.105]]]}},{"type":"Feature","properties":{"code":"OK","name":"Oklahoma"},"geometry":{"type":"Polygon","coordinates":[[[-103.002,36.5],[-103.002,37.0],[-94.618,36.999],[-94.618,36.499],[-94.431,35.392],[-94.488,33.629],[-94.57,33.628],[-94.543,33.656],[-94.591,33.646],[-94.56,33.667],[-94.587,33.686],[-94.669,33.664],[-94.646,33.674],[-94.644,33.702],[-94.716,33.688],[-94.702,33.703],[-94.732,33.716],[-94.736,33.692],[-94.735,33.727],[-94.788,33.735],[-94.764,33.76],[-94.802,33.733],[-94.822,33.769],[-94.822,33.733],[-94.869,33.746],[-94.969,33.861],[-95.047,33.863],[-95.066,33.916],[-95.09,33.881],[-95.082,33.922],[-95.122,33.905],[-95.125,33.935],[-95.218,33.963],[-95.289,33.873],[-95.545,33.88],[-95.554,33.928],[-95.594,33.943],[-95.629,33.906],[-95.756,33.893],[-95.771,33.845],[-95.805,33.861],[-95.838,33.836],[-95.93,33.885],[-95.984,33.853],[-96.003,33.872],[-96.02,33.841],[-96.148,33.838],[-96.178,33.761],[-96.294,33.769],[-96.348,33.686],[-96.423,33.776],[-96.5,33.773],[-96.527,33.821],[-96.629,33.845],[-96.588,33.895],[-96.667,33.917],[-96.7,33.839],[-96.762,33.824],[-96.794,33.869],[-96.875,33.861],[-96.916,33.958],[-96.974,33.936],[-96.981,33.956],[-96.984,33.891],[-97.021,33.846],[-97.089,33.85],[-97.048,33.817],[-97.092,33.804],[-97.086,33.744],[-97.126,33.717],[-97.193,33.761],[-97.204,33.822],[-97.167,33.847],[-97.211,33.916],[-97.257,33.863],[-97.31,33.889],[-97.329,33.855],[-97.332,33.884],[-97.366,33.824],[-97.426,33.819],[-97.463,33.842],[-97.46,33.904],[-97.581,33.9],[-97.59,33.954],[-97.672,33.991],[-97.834,33.858],[-97.968,33.882],[-97.985,33.901],[-97.946,33.99],[-98.088,34.005],[-98.12,34.072],[-98.09,34.128],[-98.109,34.154],[-98.169,34.114],[-98.366,34.157],[-98.412,34.088],[-98.486,34.063],[-98.6,34.161],[-98.757,34.125],[-98.987,34.221],[-99.043,34.198],[-99.19,34.214],[-99.207,34.338],[-99.275,34.385],[-99.261,34.403],[-99.32,34.409],[-99.37,34.459],[-99.403,34.373],[-99.57,34.418],[-99.6,34.375],[-99.695,34.378],[-99.923,34.575],[-100.0,34.561],[-100.0,36.5],[-103.002,36.5]]]}},{"type":"Feature","properties":{"code":"OR","name":"Oregon"},"geometry":{"type":"Polygon","coordinates":[[[-124.557,42.838],[-124.447,43.032],[-124.382,43.27],[-124.403,43.306],[-124.315,43.388],[-124.232,43.562],[-124.15,43.911],[-124.058,44.659],[-124.074,44.798],[-123.958,45.278],[-123.973,45.337],[-124.008,45.337],[-123.966,45.386],[-123.979,45.487],[-123.937,45.656],[-123.943,45.727],[-123.983,45.768],[-123.963,45.87],[-123.994,45.946],[-123.937,45.977],[-123.929,46.042],[-124.013,46.237],[-123.855,46.157],[-123.864,46.19],[-123.758,46.213],[-123.693,46.19],[-123.501,46.271],[-123.448,46.25],[-123.431,46.182],[-123.371,46.146],[-123.116,46.185],[-122.904,46.084],[-122.814,45.961],[-122.764,45.657],[-122.295,45.544],[-121.983,45.623],[-121.811,45.707],[-121.533,45.727],[-121.424,45.694],[-121.338,45.705],[-121.216,45.671],[-121.168,45.606],[-121.064,45.653],[-120.896,45.643],[-120.635,45.746],[-120.482,45.694],[-120.404,45.699],[-120.211,45.726],[-119.966,45.824],[-119.67,45.857],[-119.601,45.92],[-119.126,45.933],[-118.941,46.001],[-116.916,45.995],[-116.783,45.825],[-116.712,45.826],[-116.665,45.782],[-116.547,45.751],[-116.535,45.692],[-116.464,45.616],[-116.674,45.322],[-116.73,45.142],[-116.848,45.023],[-116.857,44.975],[-116.826,44.982],[-116.852,44.888],[-116.935,44.784],[-117.062,44.727],[-117.149,44.536],[-117.225,44.482],[-117.215,44.427],[-117.243,44.397],[-117.19,44.337],[-117.223,44.298],[-117.198,44.274],[-117.104,44.28],[-117.053,44.229],[-116.976,44.243],[-116.972,44.197],[-116.894,44.16],[-116.977,44.085],[-116.936,43.987],[-116.976,43.975],[-116.959,43.923],[-117.033,43.83],[-117.026,42.0],[-124.212,41.998],[-124.354,42.104],[-124.361,42.181],[-124.414,42.252],[-124.412,42.307],[-124.433,42.324],[-124.401,42.627],[-124.474,42.733],[-124.514,42.733],[-124.557,42.838]]]}},{"type":"Feature","properties":{"code":"PA","name":"Pennsylvania"},"geometry":{"type":"Polygon","coordinates":[[[-80.519,39.721],[-80.519,41.977],[-80.188,42.094],[-80.104,42.17],[-80.066,42.172],[-80.061,42.145],[-79.762,42.27],[-79.761,41.999],[-75.36,41.999],[-75.279,41.939],[-75.261,41.864],[-75.171,41.872],[-75.072,41.814],[-75.105,41.774],[-75.053,41.753],[-75.044,41.618],[-75.075,41.606],[-74.983,41.481],[-74.913,41.476],[-74.894,41.439],[-74.738,41.431],[-74.69,41.364],[-74.795,41.32],[-74.882,41.181],[-74.992,41.092],[-74.968,41.088],[-75.131,40.991],[-75.051,40.866],[-75.096,40.847],[-75.109,40.791],[-75.197,40.752],[-75.204,40.691],[-75.177,40.676],[-75.192,40.574],[-75.069,40.542],[-75.059,40.418],[-74.968,40.399],[-74.94,40.338],[-74.724,40.146],[-74.823,40.127],[-75.127,39.961],[-75.144,39.885],[-75.342,39.846],[-75.415,39.802],[-75.518,39.836],[-75.635,39.83],[-75.717,39.792],[-75.774,39.722],[-80.519,39.721]]]}},{"type":"Feature","properties":{"code":"RI","name":"Rhode Island"},"geometry":{"type":"MultiPolygon","coordinates":[[[[-71.852,41.325],[-71.829,41.342],[-71.843,41.41],[-71.798,41.417],[-71.799,42.008],[-71.381,42.019],[-71.382,41.893],[-71.339,41.898],[-71.341,41.798],[-71.225,41.71],[-71.238,41.666],[-71.263,41.643],[-71.286,41.682],[-71.301,41.65],[-71.291,41.703],[-71.391,41.784],[-71.357,41.717],[-71.378,41.667],[-71.45,41.686],[-71.409,41.663],[-71.404,41.589],[-71.446,41.583],[-71.418,41.473],[-71.481,41.36],[-71.532,41.376],[-71.852,41.325]]],[[[-71.359,41.464],[-71.317,41.478],[-71.328,41.519],[-71.272,41.624],[-71.212,41.639],[-71.196,41.675],[-71.133,41.66],[-71.121,41.497],[-71.194,41.456],[-71.218,41.626],[-71.241,41.619],[-71.24,41.476],[-71.359,41.464]]]]}},{"type":"Feature","properties":{"code":"SC","name":"South Carolina"},"geometry":{"type":"Polygon","coordinates":[[[-83.348,34.703],[-83.303,34.819],[-83.112,34.936],[-83.11,35.001],[-82.788,35.085],[-82.758,35.068],[-82.681,35.128],[-82.44,35.166],[-82.393,35.215],[-82.371,35.181],[-82.275,35.2],[-81.044,35.15],[-81.041,35.045],[-80.935,35.107],[-80.782,34.936],[-80.798,34.82],[-79.675,34.805],[-78.547,33.856],[-78.764,33.774],[-78.957,33.621],[-79.135,33.404],[-79.192,33.173],[-79.328,33.09],[-79.362,33.009],[-79.525,33.037],[-79.571,33.014],[-79.618,32.953],[-79.574,32.933],[-79.581,32.906],[-79.698,32.851],[-79.726,32.806],[-79.849,32.754],[-79.923,32.782],[-79.929,32.754],[-79.871,32.742],[-79.886,32.685],[-80.001,32.606],[-80.121,32.591],[-80.332,32.478],[-80.472,32.497],[-80.479,32.446],[-80.428,32.399],[-80.453,32.322],[-80.633,32.257],[-80.645,32.291],[-80.734,32.319],[-80.765,32.286],[-80.669,32.217],[-80.74,32.146],[-80.842,32.118],[-80.908,32.051],[-80.89,32.038],[-80.921,32.04],[-81.004,32.102],[-81.038,32.084],[-81.117,32.118],[-81.114,32.195],[-81.157,32.244],[-81.12,32.286],[-81.129,32.339],[-81.16,32.34],[-81.206,32.424],[-81.187,32.464],[-81.281,32.556],[-81.367,32.577],[-81.418,32.628],[-81.393,32.652],[-81.428,32.702],[-81.418,32.818],[-81.502,32.935],[-81.492,33.009],[-81.754,33.151],[-81.768,33.216],[-81.853,33.249],[-81.828,33.263],[-81.863,33.289],[-81.848,33.307],[-81.94,33.345],[-81.945,33.408],[-81.91,33.413],[-81.926,33.463],[-81.986,33.487],[-82.046,33.564],[-82.189,33.624],[-82.247,33.753],[-82.324,33.82],[-82.557,33.945],[-82.642,34.092],[-82.717,34.151],[-82.747,34.266],[-82.835,34.366],[-82.859,34.455],[-82.902,34.487],[-83.033,34.483],[-83.16,34.603],[-83.231,34.611],[-83.348,34.703]]]}},{"type":"Feature","properties":{"code":"SD","name":"South Dakota"},"geometry":{"type":"Polygon","coordinates":[[[-104.053,43.001],[-104.045,45.945],[-96.564,45.935],[-96.583,45.82],[-96.663,45.739],[-96.836,45.65],[-96.858,45.606],[-96.693,45.417],[-96.522,45.376],[-96.453,45.298],[-96.453,43.5],[-96.599,43.5],[-96.603,43.45],[-96.522,43.386],[-96.53,43.3],[-96.588,43.296],[-96.553,43.258],[-96.569,43.232],[-96.477,43.222],[-96.437,43.121],[-96.461,43.064],[-96.518,43.042],[-96.492,43.01],[-96.542,42.923],[-96.526,42.892],[-96.639,42.735],[-96.516,42.63],[-96.53,42.61],[-96.477,42.556],[-96.493,42.517],[-96.446,42.491],[-96.501,42.483],[-96.549,42.521],[-96.611,42.506],[-96.709,42.604],[-96.691,42.656],[-96.793,42.666],[-96.806,42.704],[-96.907,42.734],[-96.964,42.721],[-96.979,42.76],[-97.131,42.772],[-97.238,42.853],[-97.687,42.842],[-97.845,42.868],[-97.937,42.776],[-98.035,42.764],[-98.147,42.84],[-98.444,42.929],[-98.499,42.999],[-104.053,43.001]]]}},{"type":"Feature","properties":{"code":"TN","name":"Tennessee"},"geometry":{"type":"Polygon","coordinates":[[[-90.31,35.003],[-90.292,35.041],[-90.207,35.026],[-90.155,35.131],[-90.065,35.139],[-90.117,35.187],[-90.075,35.214],[-90.093,35.247],[-90.169,35.279],[-90.11,35.305],[-90.081,35.386],[-90.129,35.414],[-90.136,35.377],[-90.179,35.385],[-90.108,35.477],[-90.068,35.466],[-90.054,35.389],[-90.003,35.43],[-90.048,35.503],[-90.035,35.553],[-89.905,35.519],[-89.958,35.587],[-89.851,35.657],[-89.927,35.659],[-89.958,35.727],[-89.912,35.758],[-89.825,35.745],[-89.782,35.805],[-89.696,35.821],[-89.774,35.868],[-89.743,35.911],[-89.669,35.875],[-89.644,35.89],[-89.733,36.001],[-89.592,36.15],[-89.705,36.24],[-89.535,36.253],[-89.62,36.323],[-89.513,36.36],[-89.539,36.498],[-89.485,36.497],[-89.472,36.457],[-89.417,36.499],[-89.3,36.507],[-88.053,36.497],[-88.032,36.541],[-88.071,36.678],[-87.85,36.664],[-87.853,36.633],[-86.508,36.652],[-83.691,36.583],[-81.647,36.612],[-81.708,36.536],[-81.695,36.468],[-81.742,36.411],[-81.707,36.335],[-81.794,36.362],[-81.908,36.302],[-82.033,36.12],[-82.127,36.104],[-82.148,36.15],[-82.214,36.159],[-82.355,36.116],[-82.558,35.954],[-82.611,35.967],[-82.591,36.034],[-82.637,36.066],[-82.776,36.0],[-82.805,35.927],[-82.874,35.953],[-82.92,35.928],[-82.897,35.878],[-82.992,35.774],[-83.074,35.79],[-83.159,35.765],[-83.251,35.72],[-83.297,35.658],[-83.352,35.66],[-83.498,35.563],[-83.772,35.562],[-83.88,35.519],[-84.023,35.412],[-84.021,35.301],[-84.053,35.27],[-84.188,35.24],[-84.224,35.269],[-84.29,35.226],[-84.322,34.988],[-90.31,35.003]]]}},{"type":"Feature","properties":{"code":"TX","name":"Texas"},"geometry":{"type":"MultiPolygon","coordinates":[[[[-97.266,26.54],[-97.193,26.29],[-97.154,26.068],[-97.257,26.5],[-97.326,26.561],[-97.266,26.54]]],[[[-97.391,26.816],[-97.362,27.359],[-97.24,27.633],[-97.211,27.624],[-97.121,27.785],[-97.135,27.825],[-97.057,27.842],[-97.275,27.475],[-97.365,27.2],[-97.371,26.911],[-97.279,26.565],[-97.31,26.567],[-97.287,26.583],[-97.391,26.816]]],[[[-106.619,31.916],[-106.64,31.98],[-106.618,32.0],[-103.064,32.001],[-103.042,36.5],[-100.0,36.5],[-100.0,34.561],[-99.923,34.575],[-99.695,34.378],[-99.6,34.375],[-99.57,34.418],[-99.403,34.373],[-99.37,34.459],[-99.32,34.409],[-99.261,34.403],[-99.275,34.385],[-99.207,34.338],[-99.19,34.214],[-99.043,34.198],[-98.987,34.221],[-98.757,34.125],[-98.6,34.161],[-98.486,34.063],[-98.412,34.088],[-98.366,34.157],[-98.169,34.114],[-98.109,34.154],[-98.09,34.128],[-98.12,34.072],[-98.088,34.005],[-97.946,33.99],[-97.985,33.901],[-97.968,33.882],[-97.834,33.858],[-97.672,33.991],[-97.59,33.954],[-97.581,33.9],[-97.46,33.904],[-97.463,33.842],[-97.426,33.819],[-97.366,33.824],[-97.332,33.884],[-97.329,33.855],[-97.31,33.889],[-97.257,33.863],[-97.211,33.916],[-97.167,33.847],[-97.204,33.822],[-97.193,33.761],[-97.126,33.717],[-97.086,33.744],[-97.092,33.804],[-97.048,33.817],[-97.089,33.85],[-97.021,33.846],[-96.984,33.891],[-96.981,33.956],[-96.974,33.936],[-96.916,33.958],[-96.875,33.861],[-96.794,33.869],[-96.762,33.824],[-96.7,33.839],[-96.667,33.917],[-96.588,33.895],[-96.629,33.845],[-96.527,33.821],[-96.5,33.773],[-96.423,33.776],[-96.348,33.686],[-96.294,33.769],[-96.178,33.761],[-96.148,33.838],[-96.02,33.841],[-96.003,33.872],[-95.984,33.853],[-95.93,33.885],[-95.838,33.836],[-95.805,33.861],[-95.771,33.845],[-95.756,33.893],[-95.629,33.906],[-95.594,33.943],[-95.554,33.928],[-95.545,33.88],[-95.289,33.873],[-95.218,33.963],[-95.125,33.935],[-95.122,33.905],[-95.082,33.922],[-95.09,33.881],[-95.066,33.916],[-95.047,33.863],[-94.969,33.861],[-94.861,33.742],[-94.764,33.76],[-94.788,33.735],[-94.735,33.727],[-94.736,33.692],[-94.732,33.716],[-94.702,33.703],[-94.716,33.688],[-94.644,33.702],[-94.656,33.66],[-94.587,33.686],[-94.56,33.667],[-94.591,33.646],[-94.546,33.659],[-94.57,33.628],[-94.522,33.641],[-94.527,33.616],[-94.449,33.643],[-94.472,33.603],[-94.412,33.569],[-94.383,33.583],[-94.386,33.545],[-94.31,33.552],[-94.287,33.582],[-94.276,33.558],[-94.243,33.59],[-94.25,33.557],[-94.196,33.555],[-94.217,33.581],[-94.184,33.595],[-94.129,33.551],[-94.057,33.568],[-94.042,31.992],[-93.927,31.888],[-93.897,31.894],[-93.873,31.815],[-93.823,31.775],[-93.836,31.749],[-93.795,31.702],[-93.835,31.586],[-93.788,31.527],[-93.712,31.513],[-93.749,31.469],[-93.704,31.455],[-93.67,31.366],[-93.639,31.372],[-93.687,31.305],[-93.62,31.271],[-93.589,31.166],[-93.533,31.184],[-93.563,31.094],[-93.508,31.029],[-93.578,31.0],[-93.526,30.938],[-93.574,30.885],[-93.555,30.823],[-93.614,30.76],[-93.63,30.68],[-93.683,30.641],[-93.679,30.594],[-93.74,30.54],[-93.698,30.441],[-93.758,30.39],[-93.766,30.333],[-93.705,30.29],[-93.718,30.194],[-93.689,30.14],[-93.734,30.086],[-93.699,30.059],[-93.928,29.81],[-93.838,29.679],[-94.096,29.661],[-94.596,29.468],[-94.779,29.361],[-94.774,29.399],[-94.677,29.473],[-94.607,29.483],[-94.569,29.53],[-94.493,29.514],[-94.471,29.557],[-94.522,29.541],[-94.561,29.574],[-94.779,29.53],[-94.689,29.693],[-94.726,29.795],[-94.815,29.758],[-94.901,29.658],[-94.943,29.698],[-95.017,29.707],[-94.983,29.682],[-95.016,29.639],[-94.983,29.601],[-95.021,29.552],[-94.909,29.497],[-94.952,29.468],[-94.892,29.434],[-94.89,29.378],[-94.864,29.371],[-94.907,29.356],[-94.9,29.302],[-94.942,29.313],[-95.042,29.207],[-95.104,29.175],[-95.157,29.195],[-95.167,29.113],[-95.124,29.071],[-95.384,28.87],[-96.342,28.419],[-96.443,28.318],[-96.813,28.094],[-97.046,27.84],[-97.046,27.89],[-96.997,27.94],[-97.036,27.94],[-96.99,27.949],[-96.88,28.131],[-96.826,28.112],[-96.817,28.175],[-96.72,28.186],[-96.604,28.293],[-96.441,28.343],[-96.439,28.369],[-96.471,28.368],[-96.416,28.414],[-96.573,28.359],[-96.62,28.304],[-96.665,28.31],[-96.705,28.349],[-96.706,28.405],[-96.815,28.475],[-96.829,28.46],[-96.765,28.413],[-96.86,28.413],[-96.792,28.36],[-96.81,28.29],[-96.785,28.23],[-96.913,28.12],[-96.907,28.147],[-96.932,28.124],[-96.967,28.123],[-96.918,28.269],[-96.969,28.22],[-96.946,28.197],[-96.98,28.125],[-97.025,28.15],[-97.017,28.203],[-97.223,28.077],[-97.122,28.021],[-97.106,28.038],[-97.135,28.048],[-97.025,28.113],[-97.025,28.032],[-97.075,27.919],[-97.08,27.976],[-97.201,27.821],[-97.225,27.827],[-97.221,27.85],[-97.264,27.881],[-97.355,27.851],[-97.338,27.884],[-97.517,27.871],[-97.472,27.824],[-97.379,27.836],[-97.393,27.783],[-97.368,27.742],[-97.344,27.724],[-97.253,27.698],[-97.244,27.689],[-97.322,27.569],[-97.414,27.322],[-97.508,27.275],[-97.544,27.284],[-97.481,27.34],[-97.494,27.391],[-97.613,27.285],[-97.709,27.386],[-97.655,27.305],[-97.74,27.268],[-97.647,27.276],[-97.631,27.242],[-97.543,27.229],[-97.423,27.262],[-97.442,27.164],[-97.418,27.071],[-97.439,27.071],[-97.457,26.883],[-97.41,26.874],[-97.458,26.873],[-97.46,26.847],[-97.413,26.817],[-97.479,26.807],[-97.446,26.609],[-97.413,26.481],[-97.381,26.481],[-97.281,26.281],[-97.324,26.277],[-97.3,26.267],[-97.317,26.224],[-97.283,26.119],[-97.313,26.12],[-97.19,26.072],[-97.196,26.047],[-97.15,26.064],[-97.149,25.953],[-97.284,25.959],[-97.277,25.935],[-97.348,25.931],[-97.375,25.907],[-97.364,25.85],[-97.405,25.838],[-97.582,25.933],[-97.568,25.952],[-97.663,26.038],[-97.738,26.022],[-97.861,26.07],[-98.029,26.066],[-98.073,26.036],[-98.08,26.071],[-98.194,26.053],[-98.286,26.102],[-98.266,26.121],[-98.307,26.104],[-98.335,26.166],[-98.387,26.158],[-98.443,26.224],[-98.483,26.202],[-98.588,26.258],[-98.669,26.236],[-98.807,26.369],[-98.897,26.353],[-98.927,26.394],[-98.942,26.37],[-99.032,26.413],[-99.085,26.399],[-99.114,26.433],[-99.105,26.5],[-99.171,26.54],[-99.209,26.725],[-99.269,26.843],[-99.446,27.023],[-99.442,27.25],[-99.538,27.316],[-99.505,27.338],[-99.479,27.479],[-99.528,27.499],[-99.512,27.568],[-99.596,27.64],[-99.712,27.658],[-99.813,27.774],[-99.877,27.797],[-99.932,27.981],[-99.991,27.995],[-100.083,28.144],[-100.208,28.19],[-100.22,28.232],[-100.291,28.275],[-100.368,28.477],[-100.334,28.499],[-100.389,28.516],[-100.398,28.585],[-100.5,28.662],[-100.536,28.806],[-100.641,28.914],[-100.675,29.1],[-100.773,29.168],[-100.815,29.264],[-101.011,29.369],[-101.06,29.459],[-101.255,29.52],[-101.25,29.624],[-101.306,29.578],[-101.302,29.65],[-101.361,29.65],[-101.416,29.747],[-101.401,29.77],[-101.445,29.749],[-101.462,29.79],[-101.536,29.759],[-101.544,29.812],[-101.575,29.77],[-101.646,29.754],[-101.808,29.781],[-101.818,29.812],[-101.824,29.787],[-101.851,29.808],[-101.929,29.783],[-101.977,29.816],[-102.074,29.787],[-102.315,29.88],[-102.365,29.845],[-102.388,29.761],[-102.487,29.787],[-102.548,29.745],[-102.568,29.771],[-102.63,29.734],[-102.674,29.745],[-102.809,29.522],[-102.833,29.411],[-102.813,29.4],[-102.884,29.348],[-102.906,29.26],[-102.868,29.223],[-102.996,29.178],[-103.036,29.099],[-103.1,29.061],[-103.115,28.985],[-103.283,28.977],[-103.331,29.043],[-103.387,29.022],[-103.47,29.066],[-103.553,29.157],[-103.718,29.181],[-103.759,29.233],[-103.777,29.22],[-103.784,29.265],[-104.038,29.32],[-104.167,29.395],[-104.213,29.484],[-104.338,29.52],[-104.509,29.633],[-104.566,29.77],[-104.683,29.929],[-104.706,30.235],[-104.86,30.39],[-104.867,30.495],[-104.923,30.604],[-104.972,30.61],[-105.006,30.686],[-105.062,30.686],[-105.215,30.806],[-105.258,30.795],[-105.395,30.849],[-105.4,30.889],[-105.557,30.99],[-105.604,31.084],[-105.773,31.167],[-105.954,31.365],[-106.207,31.466],[-106.381,31.732],[-106.451,31.764],[-106.49,31.748],[-106.603,31.825],[-106.646,31.896],[-106.619,31.916]]],[[[-97.13,27.839],[-97.079,27.917],[-97.054,27.902],[-97.061,27.846],[-97.13,27.839]]],[[[-95.122,29.089],[-94.874,29.29],[-94.726,29.333],[-95.122,29.089]]]]}},{"type":"Feature","properties":{"code":"UT","name":"Utah"},"geometry":{"type":"Polygon","coordinates":[[[-114.051,37.0],[-114.041,41.994],[-111.047,42.002],[-111.047,40.998],[-109.05,41.001],[-109.045,36.999],[-114.051,37.0]]]}},{"type":"Feature","properties":{"code":"VA","name":"Virginia"},"geometry":{"type":"MultiPolygon","coordinates":[[[[-83.664,36.607],[-83.53,36.666],[-83.136,36.743],[-83.073,36.855],[-82.879,36.89],[-82.868,36.978],[-82.722,37.045],[-82.722,37.12],[-82.351,37.267],[-81.968,37.538],[-81.927,37.513],[-81.996,37.472],[-81.936,37.438],[-81.926,37.357],[-81.85,37.285],[-81.758,37.274],[-81.678,37.201],[-81.554,37.208],[-81.499,37.258],[-81.417,37.273],[-81.362,37.338],[-81.225,37.235],[-80.901,37.315],[-80.849,37.347],[-80.883,37.384],[-80.86,37.43],[-80.77,37.372],[-80.552,37.474],[-80.511,37.482],[-80.476,37.423],[-80.309,37.503],[-80.282,37.534],[-80.33,37.536],[-80.329,37.564],[-80.221,37.628],[-80.296,37.692],[-80.257,37.756],[-80.162,37.875],[-79.999,37.996],[-79.926,38.107],[-79.945,38.132],[-79.914,38.188],[-79.789,38.269],[-79.81,38.307],[-79.726,38.364],[-79.649,38.592],[-79.537,38.551],[-79.477,38.457],[-79.283,38.418],[-79.211,38.493],[-79.13,38.655],[-79.093,38.66],[-79.055,38.786],[-78.998,38.847],[-78.869,38.763],[-78.786,38.887],[-78.717,38.936],[-78.719,38.905],[-78.68,38.925],[-78.626,38.983],[-78.602,38.965],[-78.55,39.018],[-78.572,39.032],[-78.404,39.167],[-78.439,39.198],[-78.339,39.349],[-78.367,39.359],[-78.347,39.466],[-77.828,39.132],[-77.73,39.316],[-77.567,39.306],[-77.458,39.225],[-77.516,39.171],[-77.52,39.121],[-77.458,39.074],[-77.248,39.027],[-77.245,38.983],[-77.147,38.964],[-77.041,38.871],[-77.043,38.719],[-77.122,38.686],[-77.13,38.635],[-77.202,38.618],[-77.194,38.653],[-77.236,38.66],[-77.257,38.56],[-77.323,38.467],[-77.317,38.384],[-77.24,38.331],[-77.042,38.4],[-77.015,38.333],[-77.056,38.317],[-76.962,38.256],[-76.962,38.214],[-76.839,38.163],[-76.76,38.167],[-76.733,38.132],[-76.701,38.16],[-76.64,38.122],[-76.643,38.148],[-76.612,38.149],[-76.521,38.046],[-76.555,38.025],[-76.477,38.014],[-76.473,37.984],[-76.237,37.889],[-76.266,37.817],[-76.312,37.814],[-76.315,37.782],[-76.286,37.784],[-76.322,37.737],[-76.302,37.691],[-76.34,37.656],[-76.28,37.615],[-76.362,37.609],[-76.455,37.651],[-76.469,37.696],[-76.51,37.642],[-76.584,37.771],[-76.726,37.836],[-76.779,37.912],[-76.896,37.989],[-76.929,38.069],[-76.927,37.982],[-76.795,37.895],[-76.724,37.789],[-76.617,37.742],[-76.549,37.621],[-76.298,37.56],[-76.36,37.519],[-76.323,37.485],[-76.288,37.514],[-76.273,37.485],[-76.293,37.495],[-76.309,37.489],[-76.256,37.453],[-76.276,37.311],[-76.413,37.418],[-76.41,37.369],[-76.47,37.371],[-76.404,37.339],[-76.439,37.314],[-76.355,37.272],[-76.509,37.239],[-76.387,37.228],[-76.412,37.161],[-76.349,37.169],[-76.299,37.13],[-76.271,37.088],[-76.304,37.001],[-76.341,37.015],[-76.425,36.966],[-76.56,37.111],[-76.557,37.076],[-76.625,37.127],[-76.604,37.16],[-76.65,37.221],[-76.758,37.216],[-76.75,37.19],[-76.872,37.263],[-76.947,37.228],[-76.898,37.199],[-76.801,37.206],[-76.737,37.146],[-76.687,37.197],[-76.663,37.046],[-76.489,36.96],[-76.492,36.881],[-76.355,36.923],[-76.341,36.861],[-76.371,36.834],[-76.302,36.85],[-76.328,36.876],[-76.287,36.901],[-76.326,36.904],[-76.326,36.963],[-76.093,36.908],[-75.996,36.922],[-75.868,36.55],[-80.122,36.543],[-81.678,36.588],[-81.647,36.612],[-83.664,36.607]]],[[[-76.022,37.272],[-75.924,37.602],[-75.905,37.626],[-75.877,37.612],[-75.889,37.651],[-75.795,37.727],[-75.832,37.728],[-75.787,37.757],[-75.816,37.789],[-75.733,37.786],[-75.709,37.846],[-75.673,37.847],[-75.688,37.899],[-75.742,37.897],[-75.757,37.902],[-75.715,37.937],[-75.643,37.936],[-75.624,37.994],[-75.242,38.027],[-75.359,37.865],[-75.385,37.851],[-75.395,37.872],[-75.346,37.891],[-75.406,37.899],[-75.527,37.789],[-75.589,37.691],[-75.602,37.567],[-75.691,37.474],[-75.662,37.443],[-75.798,37.296],[-75.835,37.175],[-75.907,37.115],[-75.97,37.117],[-76.022,37.272]]]]}},{"type":"Feature","properties":{"code":"VT","name":"Vermont"},"geometry":{"type":"Polygon","coordinates":[[[-73.438,44.045],[-73.391,44.191],[-73.313,44.265],[-73.335,44.364],[-73.294,44.438],[-73.39,44.618],[-73.333,44.789],[-73.381,44.845],[-73.339,44.918],[-73.343,45.011],[-71.465,45.014],[-71.536,44.995],[-71.495,44.904],[-71.632,44.752],[-71.535,44.587],[-71.596,44.561],[-71.577,44.503],[-71.702,44.414],[-71.794,44.399],[-71.814,44.355],[-72.033,44.32],[-72.068,44.271],[-72.032,44.079],[-72.117,43.994],[-72.091,43.965],[-72.173,43.884],[-72.205,43.771],[-72.3,43.706],[-72.329,43.601],[-72.38,43.574],[-72.416,43.377],[-72.395,43.313],[-72.457,43.148],[-72.433,43.12],[-72.467,43.053],[-72.444,43.006],[-72.532,42.955],[-72.556,42.867],[-72.516,42.766],[-72.459,42.727],[-73.276,42.746],[-73.242,43.535],[-73.306,43.628],[-73.372,43.624],[-73.396,43.568],[-73.431,43.587],[-73.351,43.772],[-73.392,43.821],[-73.374,43.876],[-73.438,44.045]]]}},{"type":"Feature","properties":{"code":"WA","name":"Washington"},"geometry":{"type":"MultiPolygon","coordinates":[[[[-123.18,48.622],[-123.105,48.623],[-122.97,48.536],[-123.021,48.501],[-122.961,48.451],[-123.136,48.5],[-123.201,48.587],[-123.18,48.622]]],[[[-122.944,48.458],[-122.885,48.573],[-122.842,48.54],[-122.873,48.506],[-122.849,48.447],[-122.829,48.523],[-122.769,48.51],[-122.816,48.488],[-122.802,48.426],[-122.873,48.418],[-122.895,48.421],[-122.864,48.442],[-122.944,48.458]]],[[[-123.03,48.63],[-122.952,48.712],[-122.899,48.715],[-122.741,48.66],[-122.83,48.601],[-122.885,48.69],[-122.918,48.69],[-122.862,48.612],[-122.889,48.588],[-122.948,48.597],[-122.984,48.642],[-122.971,48.604],[-123.008,48.595],[-122.993,48.609],[-123.03,48.63]]],[[[-124.733,48.163],[-124.659,48.331],[-124.732,48.381],[-124.676,48.391],[-123.981,48.165],[-123.709,48.168],[-123.333,48.113],[-123.239,48.118],[-123.145,48.176],[-123.102,48.185],[-123.142,48.157],[-123.059,48.114],[-123.021,48.033],[-122.997,48.024],[-123.022,48.084],[-122.916,48.095],[-122.927,48.065],[-122.858,48.018],[-122.885,47.99],[-122.839,48.002],[-122.827,48.046],[-122.889,48.077],[-122.885,48.105],[-122.755,48.144],[-122.749,48.117],[-122.801,48.088],[-122.74,48.031],[-122.748,48.072],[-122.688,48.101],[-122.671,48.018],[-122.731,48.021],[-122.679,47.968],[-122.699,47.919],[-122.658,47.931],[-122.61,47.887],[-122.694,47.868],[-122.687,47.831],[-122.749,47.802],[-122.785,47.687],[-122.833,47.692],[-122.798,47.826],[-122.821,47.838],[-122.842,47.779],[-122.865,47.805],[-122.851,47.739],[-122.883,47.731],[-122.904,47.646],[-122.982,47.613],[-123.114,47.463],[-123.16,47.354],[-123.03,47.351],[-122.875,47.414],[-123.03,47.359],[-123.12,47.386],[-122.965,47.585],[-122.752,47.668],[-122.715,47.768],[-122.574,47.858],[-122.617,47.939],[-122.525,47.912],[-122.472,47.75],[-122.554,47.746],[-122.588,47.691],[-122.613,47.712],[-122.631,47.707],[-122.592,47.595],[-122.698,47.527],[-122.555,47.59],[-122.547,47.524],[-122.495,47.511],[-122.576,47.326],[-122.548,47.285],[-122.586,47.254],[-122.696,47.281],[-122.626,47.376],[-122.684,47.365],[-122.752,47.291],[-122.719,47.227],[-122.772,47.167],[-122.833,47.243],[-122.769,47.341],[-122.827,47.406],[-122.82,47.328],[-122.871,47.277],[-122.839,47.21],[-122.848,47.131],[-122.83,47.117],[-122.815,47.179],[-122.786,47.127],[-122.713,47.093],[-122.591,47.178],[-122.53,47.283],[-122.547,47.318],[-122.437,47.262],[-122.409,47.289],[-122.445,47.3],[-122.43,47.32],[-122.325,47.349],[-122.421,47.576],[-122.34,47.599],[-122.437,47.662],[-122.376,47.717],[-122.396,47.807],[-122.336,47.852],[-122.307,47.949],[-122.23,47.971],[-122.219,48.02],[-122.362,48.12],[-122.384,48.227],[-122.45,48.233],[-122.479,48.176],[-122.359,48.055],[-122.511,48.132],[-122.531,48.25],[-122.397,48.253],[-122.372,48.299],[-122.534,48.376],[-122.572,48.419],[-122.55,48.448],[-122.619,48.413],[-122.674,48.425],[-122.654,48.458],[-122.703,48.492],[-122.685,48.509],[-122.6,48.521],[-122.581,48.464],[-122.559,48.5],[-122.525,48.458],[-122.47,48.469],[-122.504,48.565],[-122.561,48.582],[-122.469,48.557],[-122.425,48.6],[-122.51,48.664],[-122.491,48.684],[-122.519,48.717],[-122.49,48.751],[-122.536,48.776],[-122.608,48.763],[-122.652,48.716],[-122.673,48.733],[-122.647,48.785],[-122.71,48.787],[-122.717,48.847],[-122.793,48.893],[-122.749,48.935],[-122.822,48.941],[-122.758,49.002],[-117.032,48.999],[-117.035,46.418],[-117.063,46.354],[-116.987,46.297],[-116.966,46.203],[-116.922,46.168],[-116.982,46.089],[-116.916,45.995],[-118.987,46.0],[-119.126,45.933],[-119.601,45.92],[-119.67,45.857],[-119.966,45.824],[-120.211,45.726],[-120.482,45.694],[-120.635,45.746],[-120.896,45.643],[-121.064,45.653],[-121.146,45.608],[-121.197,45.617],[-121.216,45.671],[-121.533,45.727],[-121.867,45.693],[-121.983,45.623],[-122.267,45.544],[-122.675,45.618],[-122.775,45.68],[-122.761,45.759],[-122.796,45.81],[-122.814,45.961],[-122.904,46.084],[-123.004,46.134],[-123.166,46.189],[-123.28,46.145],[-123.371,46.146],[-123.431,46.182],[-123.428,46.229],[-123.475,46.268],[-123.67,46.267],[-123.701,46.305],[-123.876,46.24],[-124.001,46.313],[-124.078,46.272],[-124.064,46.641],[-124.035,46.636],[-124.052,46.62],[-124.024,46.583],[-124.015,46.379],[-123.954,46.379],[-123.993,46.489],[-123.943,46.465],[-123.893,46.54],[-123.961,46.636],[-123.936,46.627],[-123.923,46.673],[-123.829,46.713],[-123.889,46.75],[-123.975,46.733],[-123.974,46.703],[-124.092,46.742],[-124.138,46.906],[-124.093,46.902],[-124.073,46.861],[-123.985,46.922],[-123.839,46.954],[-123.859,46.968],[-124.012,46.985],[-124.026,47.03],[-124.122,47.042],[-124.151,47.021],[-124.106,46.938],[-124.174,46.927],[-124.209,47.218],[-124.236,47.287],[-124.319,47.356],[-124.425,47.738],[-124.48,47.767],[-124.49,47.817],[-124.641,47.908],[-124.676,47.967],[-124.687,48.099],[-124.733,48.163]]],[[[-122.527,47.399],[-122.477,47.511],[-122.433,47.466],[-122.438,47.407],[-122.374,47.389],[-122.457,47.343],[-122.475,47.359],[-122.433,47.388],[-122.46,47.402],[-122.505,47.331],[-122.527,47.399]]],[[[-122.573,47.595],[-122.553,47.721],[-122.51,47.708],[-122.518,47.652],[-122.489,47.633],[-122.526,47.619],[-122.48,47.583],[-122.573,47.595]]],[[[-122.763,48.215],[-122.665,48.402],[-122.585,48.395],[-122.597,48.356],[-122.506,48.298],[-122.558,48.272],[-122.618,48.294],[-122.631,48.267],[-122.643,48.289],[-122.659,48.245],[-122.732,48.226],[-122.606,48.208],[-122.542,48.018],[-122.51,48.04],[-122.525,48.097],[-122.376,48.034],[-122.35,47.959],[-122.377,47.906],[-122.431,47.915],[-122.473,47.988],[-122.547,47.967],[-122.543,47.996],[-122.607,48.031],[-122.61,48.152],[-122.68,48.155],[-122.763,48.215]]]]}},{"type":"Feature","properties":{"code":"WI","name":"Wisconsin"},"geometry":{"type":"MultiPolygon","coordinates":[[[[-90.775,46.79],[-90.616,46.874],[-90.569,46.847],[-90.788,46.753],[-90.775,46.79]]],[[[-92.884,45.575],[-92.869,45.718],[-92.785,45.764],[-92.713,45.892],[-92.527,45.983],[-92.469,45.974],[-92.429,46.024],[-92.352,46.016],[-92.294,46.074],[-92.291,46.668],[-92.207,46.652],[-92.176,46.686],[-92.205,46.704],[-92.108,46.749],[-91.953,46.681],[-91.79,46.695],[-91.373,46.793],[-91.187,46.886],[-91.204,46.859],[-91.178,46.844],[-91.14,46.873],[-91.105,46.858],[-90.968,46.944],[-90.856,46.962],[-90.751,46.888],[-90.885,46.756],[-90.854,46.693],[-90.912,46.663],[-90.944,46.588],[-90.795,46.625],[-90.748,46.67],[-90.693,46.66],[-90.753,46.704],[-90.558,46.586],[-90.418,46.566],[-90.393,46.533],[-90.332,46.553],[-90.317,46.517],[-90.217,46.502],[-90.12,46.337],[-89.092,46.139],[-88.816,46.021],[-88.679,46.014],[-88.671,45.989],[-88.515,46.02],[-88.327,45.955],[-88.19,45.952],[-88.103,45.922],[-88.102,45.884],[-88.07,45.874],[-88.135,45.822],[-88.103,45.791],[-87.991,45.795],[-87.963,45.758],[-87.878,45.754],[-87.806,45.707],[-87.781,45.674],[-87.824,45.647],[-87.777,45.588],[-87.834,45.563],[-87.793,45.5],[-87.862,45.434],[-87.849,45.404],[-87.888,45.355],[-87.754,45.349],[-87.694,45.39],[-87.657,45.369],[-87.737,45.173],[-87.587,45.087],[-87.631,44.984],[-87.839,44.933],[-87.831,44.893],[-87.983,44.722],[-87.979,44.655],[-87.994,44.677],[-88.015,44.586],[-88.05,44.566],[-88.002,44.539],[-87.929,44.536],[-87.864,44.615],[-87.754,44.651],[-87.61,44.838],[-87.552,44.852],[-87.554,44.824],[-87.504,44.855],[-87.519,44.873],[-87.486,44.855],[-87.433,44.893],[-87.384,44.831],[-87.405,44.912],[-87.321,45.038],[-87.284,45.046],[-87.238,45.168],[-87.179,45.148],[-87.167,45.184],[-87.12,45.191],[-87.067,45.296],[-86.983,45.295],[-86.985,45.216],[-87.039,45.227],[-87.03,45.145],[-87.085,45.145],[-87.048,45.088],[-87.094,45.093],[-87.087,45.056],[-87.124,45.067],[-87.189,44.969],[-87.172,44.931],[-87.216,44.907],[-87.205,44.876],[-87.319,44.789],[-87.468,44.552],[-87.545,44.321],[-87.513,44.193],[-87.648,44.104],[-87.736,43.881],[-87.703,43.688],[-87.79,43.563],[-87.792,43.492],[-87.87,43.387],[-87.912,43.25],[-87.881,43.171],[-87.9,43.126],[-87.864,43.071],[-87.897,43.02],[-87.845,42.961],[-87.824,42.835],[-87.758,42.782],[-87.817,42.635],[-87.802,42.493],[-90.643,42.508],[-90.709,42.636],[-90.949,42.686],[-91.054,42.738],[-91.101,42.883],[-91.146,42.908],[-91.179,43.067],[-91.175,43.135],[-91.058,43.255],[-91.215,43.366],[-91.217,43.512],[-91.273,43.667],[-91.244,43.775],[-91.284,43.847],[-91.437,44.0],[-91.592,44.031],[-91.875,44.201],[-91.919,44.323],[-91.964,44.362],[-92.232,44.445],[-92.336,44.554],[-92.548,44.568],[-92.807,44.75],[-92.751,44.937],[-92.762,45.024],[-92.803,45.061],[-92.74,45.116],[-92.762,45.287],[-92.65,45.399],[-92.647,45.442],[-92.77,45.567],[-92.884,45.575]]],[[[-86.946,45.359],[-86.937,45.421],[-86.838,45.394],[-86.869,45.333],[-86.903,45.333],[-86.897,45.296],[-86.946,45.359]]],[[[-90.629,46.944],[-90.529,46.968],[-90.509,46.958],[-90.55,46.908],[-90.644,46.908],[-90.629,46.944]]]]}},{"type":"Feature","properties":{"code":"WV","name":"West Virginia"},"geometry":{"type":"Polygon","coordinates":[[[-82.643,38.169],[-82.611,38.172],[-82.612,38.236],[-82.575,38.264],[-82.598,38.345],[-82.593,38.422],[-82.54,38.404],[-82.33,38.444],[-82.291,38.579],[-82.177,38.604],[-82.222,38.787],[-82.145,38.84],[-82.143,38.898],[-82.038,39.024],[-81.933,38.988],[-81.898,38.93],[-81.928,38.893],[-81.899,38.875],[-81.827,38.946],[-81.763,38.924],[-81.764,39.015],[-81.814,39.079],[-81.747,39.095],[-81.756,39.181],[-81.692,39.226],[-81.684,39.271],[-81.57,39.268],[-81.558,39.339],[-81.456,39.409],[-81.376,39.342],[-81.217,39.388],[-80.97,39.59],[-80.88,39.621],[-80.83,39.712],[-80.869,39.766],[-80.791,39.867],[-80.806,39.917],[-80.756,39.914],[-80.739,40.076],[-80.6,40.318],[-80.634,40.39],[-80.595,40.475],[-80.668,40.578],[-80.627,40.62],[-80.519,40.639],[-80.519,39.721],[-79.477,39.721],[-79.487,39.206],[-79.162,39.388],[-79.103,39.476],[-79.047,39.483],[-78.957,39.44],[-78.893,39.524],[-78.817,39.562],[-78.826,39.589],[-78.766,39.648],[-78.778,39.623],[-78.734,39.614],[-78.778,39.601],[-78.689,39.546],[-78.471,39.516],[-78.46,39.551],[-78.418,39.547],[-78.457,39.587],[-78.395,39.584],[-78.43,39.623],[-78.267,39.619],[-78.183,39.695],[-78.108,39.682],[-78.007,39.601],[-77.834,39.603],[-77.836,39.566],[-77.889,39.556],[-77.864,39.515],[-77.825,39.529],[-77.846,39.499],[-77.766,39.496],[-77.803,39.437],[-77.736,39.393],[-77.761,39.34],[-77.72,39.32],[-77.828,39.132],[-78.347,39.466],[-78.367,39.359],[-78.339,39.349],[-78.439,39.198],[-78.404,39.167],[-78.572,39.032],[-78.55,39.018],[-78.602,38.965],[-78.626,38.983],[-78.68,38.925],[-78.719,38.905],[-78.717,38.936],[-78.786,38.887],[-78.869,38.763],[-78.998,38.847],[-79.055,38.786],[-79.093,38.66],[-79.13,38.655],[-79.211,38.493],[-79.283,38.418],[-79.477,38.457],[-79.537,38.551],[-79.649,38.592],[-79.726,38.364],[-79.81,38.307],[-79.789,38.269],[-79.916,38.186],[-79.945,38.132],[-79.926,38.107],[-79.999,37.996],[-80.162,37.875],[-80.296,37.692],[-80.221,37.628],[-80.329,37.564],[-80.33,37.536],[-80.282,37.534],[-80.3,37.508],[-80.476,37.423],[-80.511,37.482],[-80.552,37.474],[-80.77,37.372],[-80.86,37.43],[-80.883,37.384],[-80.849,37.347],[-80.948,37.296],[-81.225,37.235],[-81.362,37.338],[-81.417,37.273],[-81.499,37.258],[-81.554,37.208],[-81.678,37.201],[-81.758,37.274],[-81.85,37.285],[-81.933,37.369],[-81.936,37.438],[-81.996,37.47],[-81.927,37.515],[-81.97,37.547],[-82.047,37.528],[-82.133,37.553],[-82.175,37.648],[-82.213,37.625],[-82.304,37.676],[-82.334,37.743],[-82.311,37.763],[-82.402,37.81],[-82.42,37.885],[-82.502,37.933],[-82.464,37.983],[-82.519,38.001],[-82.643,38.169]]]}},{"type":"Feature","properties":{"code":"WY","name":"Wyoming"},"geometry":{"type":"Polygon","coordinates":[[[-111.055,45.001],[-104.058,44.998],[-104.053,41.001],[-111.047,40.998],[-111.055,45.001]]]}}]}