ts,region_key,region_kind,region_name,metric,scope,value_mw,forecast_year,stage,dc_share_pct,dc_share_quote,source_key,source_url,document,quote
2023-12-11,ERCO,ba,"Electric Reliability Council of Texas, Inc.",approved,large_loads_all,3188.0,,,,,ERCOT,https://www.ercot.com/files/docs/2023/12/08/LLI%20Queue%20Status%20Update%20-%202023-12-11.pdf,"Large Load Interconnection Status Update, December 11, 2023","Chart 'Tracked Large Load Projects (MW)', Dec-23 snapshot: 30,731 MW standalone + 8,507 MW co-located = 39,238 MW; 'Of the 3,188 MW that have received Approval to Energize, ERCOT has observed a non-simultaneous peak consumption of 2,432 MW'"
2024-01-25,ERCO,ba,"Electric Reliability Council of Texas, Inc.",approved,large_loads_all,4479.0,,,,,ERCOT,https://www.ercot.com/files/docs/2024/02/06/LLI-Queue-Status-Update-2024-1-25.pdf,"Large Load Interconnection Status Update, January 25, 2024","Chart, Jan-24 snapshot: 30,764 MW standalone + 8,507 MW co-located = 39,271 MW; 'Of the 4,479 MW that have received Approval to Energize, ERCOT has observed a non-simultaneous peak consumption of 2,587 MW.'"
2024-04-01,ERCO,ba,"Electric Reliability Council of Texas, Inc.",approved,large_loads_all,4479.0,,,,,ERCOT,https://www.ercot.com/files/docs/2024/03/26/LLI%20Queue%20Status%20Update%20-%202024-4-1.pdf,"Large Load Interconnection Status Update & Analytics Update, April 1, 2024","Chart, Mar-24 snapshot: 32,301 MW standalone + 8,507 MW co-located = 40,808 MW; 'Of the 4,479 MW that have received Approval to Energize, ERCOT has observed a non-simultaneous peak consumption of 2,844 MW.'"
2024-05-06,ERCO,ba,"Electric Reliability Council of Texas, Inc.",approved,large_loads_all,4479.0,,,,,ERCOT,https://www.ercot.com/files/docs/2024/05/05/LLI%20Queue%20Status%20Update%20-%202024_5_2.pdf,"Large Load Interconnection Status Update & Analytics Update, May 6, 2024","Chart, May-24 snapshot: 32,805 MW standalone + 8,687 MW co-located = 41,492 MW; 'Of the 4,479 MW that have received Approval to Energize, ERCOT has observed a non-simultaneous peak consumption of 2,902 MW.'"
2024-06-03,ERCO,ba,"Electric Reliability Council of Texas, Inc.",approved,large_loads_all,5479.0,,,,,ERCOT,https://www.ercot.com/files/docs/2024/06/02/LLI%20Queue%20Status%20Update%20-%202024-6-3.pdf,"Large Load Interconnection Status Update, June 3, 2024","Tracked large load projects 33,706 MW standalone + 9,977 MW co-located = 43,683 MW; 'Of the 5,479 MW that have received Approval to Energize, ERCOT has observed a non-simultaneous peak consumption of 2,991 MW.'"
2024-07-08,ERCO,ba,"Electric Reliability Council of Texas, Inc.",approved,large_loads_all,5479.0,,,,,ERCOT,https://www.ercot.com/files/docs/2024/07/05/LLI%20Queue%20Status%20Update%20-%202024-7-8.pdf,"Large Load Interconnection Status Update, July 8, 2024","Tracked 38,581 MW standalone + 9,298 MW co-located = 47,879 MW (report: queue increased by 4,196 MW); 'Of the 5,479 MW that have received Approval to Energize, ERCOT has observed a non-simultaneous peak consumption of 3,065 MW.'"
2024-08-05,ERCO,ba,"Electric Reliability Council of Texas, Inc.",approved,large_loads_all,5481.0,,,,,ERCOT,https://www.ercot.com/files/docs/2024/08/07/04-lli-queue-status-update-2024-8-5.pdf,"Large Load Interconnection Status Update, August 5, 2024","Chart image (total label), Aug-24 snapshot: 42,647 MW standalone + 9,868 MW co-located = 52,515 MW; 'Of the 5,481 MW that have received Approval to Energize, ERCOT has observed a non-simultaneous peak consumption of 3,173 MW.' (slide 5 says 5,479 MW; slide 6 value used)"
2024-09-06,ERCO,ba,"Electric Reliability Council of Texas, Inc.",approved,large_loads_all,5496.0,,,,,ERCOT,https://www.ercot.com/files/docs/2024/09/05/LLI%20Queue%20Status%20Update%20-%202024-9-6.pdf,"Large Load Interconnection Status Update, Sep 6, 2024","Chart image (total label), Sep-24 snapshot: 47,069 MW standalone + 9,885 MW co-located = 56,954 MW; 'Of the 5,496 MW that have received Approval to Energize, ERCOT has observed a non-simultaneous peak consumption of 3,282 MW.'"
2025-01-17,ERCO,ba,"Electric Reliability Council of Texas, Inc.",approved,large_loads_all,6306.0,,,,,ERCOT,https://www.ercot.com/files/docs/2025/01/27/9-1-system-planning-and-weatherization-update.pdf,"ERCOT Board Item 9.1, System Planning and Weatherization Update (February 2025 meeting)","'Current Large Load Interconnection Queue (as of January 17, 2025)' - 'ERCOT is tracking approximately 80k MW of Large Loads seeking interconnection' (approximate); 'Of the 6,306 MW that have received Approval to Energize...'"
2025-03-13,ERCO,ba,"Electric Reliability Council of Texas, Inc.",approved,large_loads_all,6306.0,,,,,ERCOT,https://www.ercot.com/files/docs/2025/04/01/14.2-System-Planning-and-Weatherization-Update.pdf,"ERCOT Board Item 14.2, System Planning and Weatherization Update (April 2025 meeting)","'Current Large Load Interconnection Queue (as of March 13, 2025)' - 'ERCOT is tracking approximately 99k MW of Large Loads seeking interconnection' (approximate); 'Of the 6,306 MW that have received Approval to Energize...'"
2025-04-07,ERCO,ba,"Electric Reliability Council of Texas, Inc.",approved,large_loads_all,6306.0,,,,,ERCOT,https://www.ercot.com/files/docs/2025/04/04/14.2-System-Planning-and-Weatherization-Update-REVISED.pdf,"ERCOT Board Item 14.2, System Planning and Weatherization Update, revised (April 2025 meeting)","'Current Large Load Interconnection Queue (as of April 7, 2025)' - 'ERCOT is tracking approximately 108k MW of Large Loads seeking interconnection' (approximate); 'Of the 6,306 MW that have received Approval to Energize...'"
2025-04-28,ERCO,ba,"Electric Reliability Council of Texas, Inc.",approved,large_loads_all,6779.0,,,,,ERCOT,https://www.ercot.com/files/docs/2025/05/15/ERCOT-Monthly-Operational-Overview-April-2025.pdf,"ERCOT Monthly Operational Overview (April 2025), p.9","'Current Large Load Interconnection Queue (as of April 28, 2025)'; table image, 2030 column: Total 136,625 MW, Observed Energized 4,616 MW, Approved to Energize but Not Operational 2,163 MW (approved = 4,616 + 2,163 = 6,779, matching 'Of the 6,779 MW that have received Approval to Energize'). From 2025 ERCOT reports the queue cumulatively through 2030; the 2023-24 updates covered in-service dates through 2027/2028."
2025-06-02,ERCO,ba,"Electric Reliability Council of Texas, Inc.",approved,large_loads_all,6874.0,,,,,ERCOT,https://www.ercot.com/files/docs/2025/06/17/ERCOT-Monthly-Operational-Overview-May-2025.pdf,"ERCOT Monthly Operational Overview (May 2025), p.9","'Current Large Load Interconnection Queue (as of June 2, 2025) ... ERCOT is tracking approximately 156k MW of Large Loads seeking interconnection' (approximate) ; table image, 2030 column: Total 156,062 MW, Observed Energized 4,616 MW, Approved to Energize but Not Operational 2,258 MW (approved = 6,874, matching 'Of the 6,874 MW that have received Approval to Energize')"
2025-07-17,ERCO,ba,"Electric Reliability Council of Texas, Inc.",approved,large_loads_all,6996.0,,,,,ERCOT,https://www.ercot.com/files/docs/2025/07/17/ERCOT-Monthly-Operational-Overview-June-2025.pdf,"ERCOT Monthly Operational Overview (June 2025), p.9 (dated by publication; no as-of date given)","Table image, 2030 column: Total 172,828 MW, Observed Energized 4,616 MW, Approved to Energize but Not Operational 2,380 MW (approved = 4,616 + 2,380). The slide text still says 6,874 MW approved."
2025-08-15,ERCO,ba,"Electric Reliability Council of Texas, Inc.",approved,large_loads_all,7150.0,,,,,ERCOT,https://www.ercot.com/files/docs/2025/08/15/ERCOT-Monthly-Operational-Overview-July-2025.pdf,"ERCOT Monthly Operational Overview (July 2025), p.9 (dated by publication; no as-of date given)","Table image, 2030 column: Total 188,233 MW, Observed Energized 4,616 MW, Approved to Energize but Not Operational 2,534 MW (approved = 7,150, matching 'Of the 7150 MW that have received Approval to Energize')"
2025-09-22,ERCO,ba,"Electric Reliability Council of Texas, Inc.",approved,large_loads_all,7502.0,,,,,ERCOT,https://www.ercot.com/files/docs/2025/09/22/ERCOT-Monthly-Operational-Overview-August-2025.pdf,"ERCOT Monthly Operational Overview (August 2025), p.9 (dated by publication; no as-of date given)","Table image, 2030 column: Total 189,328 MW, Observed Energized 4,616 MW, Approved to Energize but Not Operational 2,886 MW (approved = 7,502, matching 'Of the 7502 MW that have received Approval to Energize')"
2025-10-17,ERCO,ba,"Electric Reliability Council of Texas, Inc.",approved,large_loads_all,7501.0,,,,,ERCOT,https://www.ercot.com/files/docs/2025/10/17/ERCOT-Monthly-Operational-Overview-September-2025.pdf,"ERCOT Monthly Operational Overview (September 2025), p.9 (dated by publication; no as-of date given)","Table image, 2030 column: Total 205,400 MW, Observed Energized 5,234 MW, Approved to Energize but Not Operational 2,267 MW (approved = 5,234 + 2,267)"
2025-11-17,ERCO,ba,"Electric Reliability Council of Texas, Inc.",approved,large_loads_all,7501.0,,,,,ERCOT,https://www.ercot.com/files/docs/2025/11/17/ERCOT-Monthly-Operational-Overview-October-2025.pdf,"ERCOT Monthly Operational Overview (October 2025), p.9 (dated by publication; no as-of date given)","Table image, 2030 column: Total 223,486 MW, Observed Energized 5,300 MW, Approved to Energize but Not Operational 2,201 MW (approved = 5,300 + 2,201)"
2025-12-16,ERCO,ba,"Electric Reliability Council of Texas, Inc.",approved,large_loads_all,7711.0,,,,,ERCOT,https://www.ercot.com/files/docs/2025/12/16/ERCOT-Monthly-Operational-Overview-November-2025.pdf,"ERCOT Monthly Operational Overview (November 2025), p.9 (dated by publication; no as-of date given)","Table image, 2030 column: Total 230,799 MW, Observed Energized 5,315 MW, Approved to Energize but Not Operational 2,396 MW (approved = 5,315 + 2,396). The slide text still says 7502 MW approved."
2026-01-15,ERCO,ba,"Electric Reliability Council of Texas, Inc.",approved,large_loads_all,8785.0,,,,,ERCOT,https://www.ercot.com/files/docs/2026/01/15/ERCOT-Monthly-Operational-Overview-December-2025.pdf,"ERCOT Monthly Operational Overview (December 2025), p.9 (dated by publication; no as-of date given)","Table image, 2030 column: Total 233,639 MW, Observed Energized 5,724 MW, Approved to Energize but Not Operational 3,061 MW (approved = 5,724 + 3,061; the slide text says 8787 MW)"
2026-01-21,ERCO,ba,"Electric Reliability Council of Texas, Inc.",approved,large_loads_all,8786.0,,,,,ERCOT,https://www.ercot.com/files/docs/2026/02/13/ERCOT-Monthly-January-2026-FINAL.pdf,"ERCOT Monthly, January 2026","'As of January 21, 2026 ... proposed large load projects tracked by ERCOT total approximately 232,500 megawatts' (approximate); 'To date, 8,786 MW of large load demand has received approval to energize.'"
2026-03-13,ERCO,ba,"Electric Reliability Council of Texas, Inc.",approved,large_loads_all,9042.0,,,,,ERCOT,https://www.ercot.com/files/docs/2026/03/12/March-TAC-Report.pdf,"Large Load Interconnection Status Update, March 13, 2026","'Of the 9042 MW that have received Approval to Energize...' (queue total is only in a chart image; the report's peak sentences say 'March 2025', so they are not used)"
2026-05-13,ERCO,ba,"Electric Reliability Council of Texas, Inc.",approved,large_loads_all,9100.0,,,,,ERCOT,https://www.ercot.com/files/docs/2026/05/13/ERCOT-Monthly-April-2026-FINAL.pdf,"ERCOT Monthly, April 2026 (dated by publication; no as-of date given)","'applications of large loads now totaling 445.8 gigawatts (GW) by 2033' ; 'ERCOT has 5.9 GW of Observed Energized Large Loads, with another 3.2 GW of loads that have Approval to Energize but are not Operational' (approved = 5.9 + 3.2)"
2023-12-11,ERCO,ba,"Electric Reliability Council of Texas, Inc.",observed_peak,large_loads_all,2432.0,,,,,ERCOT,https://www.ercot.com/files/docs/2023/12/08/LLI%20Queue%20Status%20Update%20-%202023-12-11.pdf,"Large Load Interconnection Status Update, December 11, 2023","Chart 'Tracked Large Load Projects (MW)', Dec-23 snapshot: 30,731 MW standalone + 8,507 MW co-located = 39,238 MW; 'Of the 3,188 MW that have received Approval to Energize, ERCOT has observed a non-simultaneous peak consumption of 2,432 MW'"
2024-01-25,ERCO,ba,"Electric Reliability Council of Texas, Inc.",observed_peak,large_loads_all,2587.0,,,,,ERCOT,https://www.ercot.com/files/docs/2024/02/06/LLI-Queue-Status-Update-2024-1-25.pdf,"Large Load Interconnection Status Update, January 25, 2024","Chart, Jan-24 snapshot: 30,764 MW standalone + 8,507 MW co-located = 39,271 MW; 'Of the 4,479 MW that have received Approval to Energize, ERCOT has observed a non-simultaneous peak consumption of 2,587 MW.'"
2024-04-01,ERCO,ba,"Electric Reliability Council of Texas, Inc.",observed_peak,large_loads_all,2844.0,,,,,ERCOT,https://www.ercot.com/files/docs/2024/03/26/LLI%20Queue%20Status%20Update%20-%202024-4-1.pdf,"Large Load Interconnection Status Update & Analytics Update, April 1, 2024","Chart, Mar-24 snapshot: 32,301 MW standalone + 8,507 MW co-located = 40,808 MW; 'Of the 4,479 MW that have received Approval to Energize, ERCOT has observed a non-simultaneous peak consumption of 2,844 MW.'"
2024-05-06,ERCO,ba,"Electric Reliability Council of Texas, Inc.",observed_peak,large_loads_all,2902.0,,,,,ERCOT,https://www.ercot.com/files/docs/2024/05/05/LLI%20Queue%20Status%20Update%20-%202024_5_2.pdf,"Large Load Interconnection Status Update & Analytics Update, May 6, 2024","Chart, May-24 snapshot: 32,805 MW standalone + 8,687 MW co-located = 41,492 MW; 'Of the 4,479 MW that have received Approval to Energize, ERCOT has observed a non-simultaneous peak consumption of 2,902 MW.'"
2024-06-03,ERCO,ba,"Electric Reliability Council of Texas, Inc.",observed_peak,large_loads_all,2991.0,,,,,ERCOT,https://www.ercot.com/files/docs/2024/06/02/LLI%20Queue%20Status%20Update%20-%202024-6-3.pdf,"Large Load Interconnection Status Update, June 3, 2024","Tracked large load projects 33,706 MW standalone + 9,977 MW co-located = 43,683 MW; 'Of the 5,479 MW that have received Approval to Energize, ERCOT has observed a non-simultaneous peak consumption of 2,991 MW.'"
2024-07-08,ERCO,ba,"Electric Reliability Council of Texas, Inc.",observed_peak,large_loads_all,3065.0,,,,,ERCOT,https://www.ercot.com/files/docs/2024/07/05/LLI%20Queue%20Status%20Update%20-%202024-7-8.pdf,"Large Load Interconnection Status Update, July 8, 2024","Tracked 38,581 MW standalone + 9,298 MW co-located = 47,879 MW (report: queue increased by 4,196 MW); 'Of the 5,479 MW that have received Approval to Energize, ERCOT has observed a non-simultaneous peak consumption of 3,065 MW.'"
2024-08-05,ERCO,ba,"Electric Reliability Council of Texas, Inc.",observed_peak,large_loads_all,3173.0,,,,,ERCOT,https://www.ercot.com/files/docs/2024/08/07/04-lli-queue-status-update-2024-8-5.pdf,"Large Load Interconnection Status Update, August 5, 2024","Chart image (total label), Aug-24 snapshot: 42,647 MW standalone + 9,868 MW co-located = 52,515 MW; 'Of the 5,481 MW that have received Approval to Energize, ERCOT has observed a non-simultaneous peak consumption of 3,173 MW.' (slide 5 says 5,479 MW; slide 6 value used)"
2024-09-06,ERCO,ba,"Electric Reliability Council of Texas, Inc.",observed_peak,large_loads_all,3282.0,,,,,ERCOT,https://www.ercot.com/files/docs/2024/09/05/LLI%20Queue%20Status%20Update%20-%202024-9-6.pdf,"Large Load Interconnection Status Update, Sep 6, 2024","Chart image (total label), Sep-24 snapshot: 47,069 MW standalone + 9,885 MW co-located = 56,954 MW; 'Of the 5,496 MW that have received Approval to Energize, ERCOT has observed a non-simultaneous peak consumption of 3,282 MW.'"
2025-04-28,ERCO,ba,"Electric Reliability Council of Texas, Inc.",observed_peak,large_loads_all,4616.0,,,,,ERCOT,https://www.ercot.com/files/docs/2025/05/15/ERCOT-Monthly-Operational-Overview-April-2025.pdf,"ERCOT Monthly Operational Overview (April 2025), p.9","'Current Large Load Interconnection Queue (as of April 28, 2025)'; table image, 2030 column: Total 136,625 MW, Observed Energized 4,616 MW, Approved to Energize but Not Operational 2,163 MW (approved = 4,616 + 2,163 = 6,779, matching 'Of the 6,779 MW that have received Approval to Energize'). From 2025 ERCOT reports the queue cumulatively through 2030; the 2023-24 updates covered in-service dates through 2027/2028."
2025-06-02,ERCO,ba,"Electric Reliability Council of Texas, Inc.",observed_peak,large_loads_all,4616.0,,,,,ERCOT,https://www.ercot.com/files/docs/2025/06/17/ERCOT-Monthly-Operational-Overview-May-2025.pdf,"ERCOT Monthly Operational Overview (May 2025), p.9","'Current Large Load Interconnection Queue (as of June 2, 2025) ... ERCOT is tracking approximately 156k MW of Large Loads seeking interconnection' (approximate) ; table image, 2030 column: Total 156,062 MW, Observed Energized 4,616 MW, Approved to Energize but Not Operational 2,258 MW (approved = 6,874, matching 'Of the 6,874 MW that have received Approval to Energize')"
2025-07-17,ERCO,ba,"Electric Reliability Council of Texas, Inc.",observed_peak,large_loads_all,4616.0,,,,,ERCOT,https://www.ercot.com/files/docs/2025/07/17/ERCOT-Monthly-Operational-Overview-June-2025.pdf,"ERCOT Monthly Operational Overview (June 2025), p.9 (dated by publication; no as-of date given)","Table image, 2030 column: Total 172,828 MW, Observed Energized 4,616 MW, Approved to Energize but Not Operational 2,380 MW (approved = 4,616 + 2,380). The slide text still says 6,874 MW approved."
2025-08-15,ERCO,ba,"Electric Reliability Council of Texas, Inc.",observed_peak,large_loads_all,4616.0,,,,,ERCOT,https://www.ercot.com/files/docs/2025/08/15/ERCOT-Monthly-Operational-Overview-July-2025.pdf,"ERCOT Monthly Operational Overview (July 2025), p.9 (dated by publication; no as-of date given)","Table image, 2030 column: Total 188,233 MW, Observed Energized 4,616 MW, Approved to Energize but Not Operational 2,534 MW (approved = 7,150, matching 'Of the 7150 MW that have received Approval to Energize')"
2025-09-22,ERCO,ba,"Electric Reliability Council of Texas, Inc.",observed_peak,large_loads_all,4616.0,,,,,ERCOT,https://www.ercot.com/files/docs/2025/09/22/ERCOT-Monthly-Operational-Overview-August-2025.pdf,"ERCOT Monthly Operational Overview (August 2025), p.9 (dated by publication; no as-of date given)","Table image, 2030 column: Total 189,328 MW, Observed Energized 4,616 MW, Approved to Energize but Not Operational 2,886 MW (approved = 7,502, matching 'Of the 7502 MW that have received Approval to Energize')"
2025-10-17,ERCO,ba,"Electric Reliability Council of Texas, Inc.",observed_peak,large_loads_all,5234.0,,,,,ERCOT,https://www.ercot.com/files/docs/2025/10/17/ERCOT-Monthly-Operational-Overview-September-2025.pdf,"ERCOT Monthly Operational Overview (September 2025), p.9 (dated by publication; no as-of date given)","Table image, 2030 column: Total 205,400 MW, Observed Energized 5,234 MW, Approved to Energize but Not Operational 2,267 MW (approved = 5,234 + 2,267)"
2025-11-17,ERCO,ba,"Electric Reliability Council of Texas, Inc.",observed_peak,large_loads_all,5300.0,,,,,ERCOT,https://www.ercot.com/files/docs/2025/11/17/ERCOT-Monthly-Operational-Overview-October-2025.pdf,"ERCOT Monthly Operational Overview (October 2025), p.9 (dated by publication; no as-of date given)","Table image, 2030 column: Total 223,486 MW, Observed Energized 5,300 MW, Approved to Energize but Not Operational 2,201 MW (approved = 5,300 + 2,201)"
2025-12-16,ERCO,ba,"Electric Reliability Council of Texas, Inc.",observed_peak,large_loads_all,5315.0,,,,,ERCOT,https://www.ercot.com/files/docs/2025/12/16/ERCOT-Monthly-Operational-Overview-November-2025.pdf,"ERCOT Monthly Operational Overview (November 2025), p.9 (dated by publication; no as-of date given)","Table image, 2030 column: Total 230,799 MW, Observed Energized 5,315 MW, Approved to Energize but Not Operational 2,396 MW (approved = 5,315 + 2,396). The slide text still says 7502 MW approved."
2026-01-15,ERCO,ba,"Electric Reliability Council of Texas, Inc.",observed_peak,large_loads_all,5724.0,,,,,ERCOT,https://www.ercot.com/files/docs/2026/01/15/ERCOT-Monthly-Operational-Overview-December-2025.pdf,"ERCOT Monthly Operational Overview (December 2025), p.9 (dated by publication; no as-of date given)","Table image, 2030 column: Total 233,639 MW, Observed Energized 5,724 MW, Approved to Energize but Not Operational 3,061 MW (approved = 5,724 + 3,061; the slide text says 8787 MW)"
2026-05-13,ERCO,ba,"Electric Reliability Council of Texas, Inc.",observed_peak,large_loads_all,5900.0,,,,,ERCOT,https://www.ercot.com/files/docs/2026/05/13/ERCOT-Monthly-April-2026-FINAL.pdf,"ERCOT Monthly, April 2026 (dated by publication; no as-of date given)","'applications of large loads now totaling 445.8 gigawatts (GW) by 2033' ; 'ERCOT has 5.9 GW of Observed Energized Large Loads, with another 3.2 GW of loads that have Approval to Energize but are not Operational' (approved = 5.9 + 3.2)"
2023-12-11,ERCO,ba,"Electric Reliability Council of Texas, Inc.",requested,large_loads_all,39238.0,,,,,ERCOT,https://www.ercot.com/files/docs/2023/12/08/LLI%20Queue%20Status%20Update%20-%202023-12-11.pdf,"Large Load Interconnection Status Update, December 11, 2023","Chart 'Tracked Large Load Projects (MW)', Dec-23 snapshot: 30,731 MW standalone + 8,507 MW co-located = 39,238 MW; 'Of the 3,188 MW that have received Approval to Energize, ERCOT has observed a non-simultaneous peak consumption of 2,432 MW'"
2024-01-25,ERCO,ba,"Electric Reliability Council of Texas, Inc.",requested,large_loads_all,39271.0,,,,,ERCOT,https://www.ercot.com/files/docs/2024/02/06/LLI-Queue-Status-Update-2024-1-25.pdf,"Large Load Interconnection Status Update, January 25, 2024","Chart, Jan-24 snapshot: 30,764 MW standalone + 8,507 MW co-located = 39,271 MW; 'Of the 4,479 MW that have received Approval to Energize, ERCOT has observed a non-simultaneous peak consumption of 2,587 MW.'"
2024-04-01,ERCO,ba,"Electric Reliability Council of Texas, Inc.",requested,large_loads_all,40808.0,,,,,ERCOT,https://www.ercot.com/files/docs/2024/03/26/LLI%20Queue%20Status%20Update%20-%202024-4-1.pdf,"Large Load Interconnection Status Update & Analytics Update, April 1, 2024","Chart, Mar-24 snapshot: 32,301 MW standalone + 8,507 MW co-located = 40,808 MW; 'Of the 4,479 MW that have received Approval to Energize, ERCOT has observed a non-simultaneous peak consumption of 2,844 MW.'"
2024-05-06,ERCO,ba,"Electric Reliability Council of Texas, Inc.",requested,large_loads_all,41492.0,,,,,ERCOT,https://www.ercot.com/files/docs/2024/05/05/LLI%20Queue%20Status%20Update%20-%202024_5_2.pdf,"Large Load Interconnection Status Update & Analytics Update, May 6, 2024","Chart, May-24 snapshot: 32,805 MW standalone + 8,687 MW co-located = 41,492 MW; 'Of the 4,479 MW that have received Approval to Energize, ERCOT has observed a non-simultaneous peak consumption of 2,902 MW.'"
2024-06-03,ERCO,ba,"Electric Reliability Council of Texas, Inc.",requested,large_loads_all,43683.0,,,,,ERCOT,https://www.ercot.com/files/docs/2024/06/02/LLI%20Queue%20Status%20Update%20-%202024-6-3.pdf,"Large Load Interconnection Status Update, June 3, 2024","Tracked large load projects 33,706 MW standalone + 9,977 MW co-located = 43,683 MW; 'Of the 5,479 MW that have received Approval to Energize, ERCOT has observed a non-simultaneous peak consumption of 2,991 MW.'"
2024-07-08,ERCO,ba,"Electric Reliability Council of Texas, Inc.",requested,large_loads_all,47879.0,,,,,ERCOT,https://www.ercot.com/files/docs/2024/07/05/LLI%20Queue%20Status%20Update%20-%202024-7-8.pdf,"Large Load Interconnection Status Update, July 8, 2024","Tracked 38,581 MW standalone + 9,298 MW co-located = 47,879 MW (report: queue increased by 4,196 MW); 'Of the 5,479 MW that have received Approval to Energize, ERCOT has observed a non-simultaneous peak consumption of 3,065 MW.'"
2024-08-05,ERCO,ba,"Electric Reliability Council of Texas, Inc.",requested,large_loads_all,52515.0,,,,,ERCOT,https://www.ercot.com/files/docs/2024/08/07/04-lli-queue-status-update-2024-8-5.pdf,"Large Load Interconnection Status Update, August 5, 2024","Chart image (total label), Aug-24 snapshot: 42,647 MW standalone + 9,868 MW co-located = 52,515 MW; 'Of the 5,481 MW that have received Approval to Energize, ERCOT has observed a non-simultaneous peak consumption of 3,173 MW.' (slide 5 says 5,479 MW; slide 6 value used)"
2024-09-06,ERCO,ba,"Electric Reliability Council of Texas, Inc.",requested,large_loads_all,56954.0,,,,,ERCOT,https://www.ercot.com/files/docs/2024/09/05/LLI%20Queue%20Status%20Update%20-%202024-9-6.pdf,"Large Load Interconnection Status Update, Sep 6, 2024","Chart image (total label), Sep-24 snapshot: 47,069 MW standalone + 9,885 MW co-located = 56,954 MW; 'Of the 5,496 MW that have received Approval to Energize, ERCOT has observed a non-simultaneous peak consumption of 3,282 MW.'"
2024-12-31,ERCO,ba,"Electric Reliability Council of Texas, Inc.",requested,large_loads_all,63000.0,,,,,ERCOT,https://www.ercot.com/files/docs/2025/01/27/9-1-system-planning-and-weatherization-update.pdf,"ERCOT Board Item 9.1, System Planning and Weatherization Update (February 2025 meeting)","'ERCOT is tracking approximately 80k MW of Large Loads seeking interconnection compared to 63k MW in December.' (approximate; the document gives no day in December, so the row is placed on Dec 31)"
2025-01-17,ERCO,ba,"Electric Reliability Council of Texas, Inc.",requested,large_loads_all,80000.0,,,,,ERCOT,https://www.ercot.com/files/docs/2025/01/27/9-1-system-planning-and-weatherization-update.pdf,"ERCOT Board Item 9.1, System Planning and Weatherization Update (February 2025 meeting)","'Current Large Load Interconnection Queue (as of January 17, 2025)' - 'ERCOT is tracking approximately 80k MW of Large Loads seeking interconnection' (approximate); 'Of the 6,306 MW that have received Approval to Energize...'"
2025-03-13,ERCO,ba,"Electric Reliability Council of Texas, Inc.",requested,large_loads_all,99000.0,,,,,ERCOT,https://www.ercot.com/files/docs/2025/04/01/14.2-System-Planning-and-Weatherization-Update.pdf,"ERCOT Board Item 14.2, System Planning and Weatherization Update (April 2025 meeting)","'Current Large Load Interconnection Queue (as of March 13, 2025)' - 'ERCOT is tracking approximately 99k MW of Large Loads seeking interconnection' (approximate); 'Of the 6,306 MW that have received Approval to Energize...'"
2025-04-07,ERCO,ba,"Electric Reliability Council of Texas, Inc.",requested,large_loads_all,108000.0,,,,,ERCOT,https://www.ercot.com/files/docs/2025/04/04/14.2-System-Planning-and-Weatherization-Update-REVISED.pdf,"ERCOT Board Item 14.2, System Planning and Weatherization Update, revised (April 2025 meeting)","'Current Large Load Interconnection Queue (as of April 7, 2025)' - 'ERCOT is tracking approximately 108k MW of Large Loads seeking interconnection' (approximate); 'Of the 6,306 MW that have received Approval to Energize...'"
2025-04-28,ERCO,ba,"Electric Reliability Council of Texas, Inc.",requested,large_loads_all,136625.0,,,,,ERCOT,https://www.ercot.com/files/docs/2025/05/15/ERCOT-Monthly-Operational-Overview-April-2025.pdf,"ERCOT Monthly Operational Overview (April 2025), p.9","'Current Large Load Interconnection Queue (as of April 28, 2025)'; table image, 2030 column: Total 136,625 MW, Observed Energized 4,616 MW, Approved to Energize but Not Operational 2,163 MW (approved = 4,616 + 2,163 = 6,779, matching 'Of the 6,779 MW that have received Approval to Energize'). From 2025 ERCOT reports the queue cumulatively through 2030; the 2023-24 updates covered in-service dates through 2027/2028."
2025-06-02,ERCO,ba,"Electric Reliability Council of Texas, Inc.",requested,large_loads_all,156062.0,,,,,ERCOT,https://www.ercot.com/files/docs/2025/06/17/ERCOT-Monthly-Operational-Overview-May-2025.pdf,"ERCOT Monthly Operational Overview (May 2025), p.9","'Current Large Load Interconnection Queue (as of June 2, 2025) ... ERCOT is tracking approximately 156k MW of Large Loads seeking interconnection' (approximate) ; table image, 2030 column: Total 156,062 MW, Observed Energized 4,616 MW, Approved to Energize but Not Operational 2,258 MW (approved = 6,874, matching 'Of the 6,874 MW that have received Approval to Energize')"
2025-07-17,ERCO,ba,"Electric Reliability Council of Texas, Inc.",requested,large_loads_all,172828.0,,,,,ERCOT,https://www.ercot.com/files/docs/2025/07/17/ERCOT-Monthly-Operational-Overview-June-2025.pdf,"ERCOT Monthly Operational Overview (June 2025), p.9 (dated by publication; no as-of date given)","Table image, 2030 column: Total 172,828 MW, Observed Energized 4,616 MW, Approved to Energize but Not Operational 2,380 MW (approved = 4,616 + 2,380). The slide text still says 6,874 MW approved."
2025-08-15,ERCO,ba,"Electric Reliability Council of Texas, Inc.",requested,large_loads_all,188233.0,,,,,ERCOT,https://www.ercot.com/files/docs/2025/08/15/ERCOT-Monthly-Operational-Overview-July-2025.pdf,"ERCOT Monthly Operational Overview (July 2025), p.9 (dated by publication; no as-of date given)","Table image, 2030 column: Total 188,233 MW, Observed Energized 4,616 MW, Approved to Energize but Not Operational 2,534 MW (approved = 7,150, matching 'Of the 7150 MW that have received Approval to Energize')"
2025-09-22,ERCO,ba,"Electric Reliability Council of Texas, Inc.",requested,large_loads_all,189328.0,,,,,ERCOT,https://www.ercot.com/files/docs/2025/09/22/ERCOT-Monthly-Operational-Overview-August-2025.pdf,"ERCOT Monthly Operational Overview (August 2025), p.9 (dated by publication; no as-of date given)","Table image, 2030 column: Total 189,328 MW, Observed Energized 4,616 MW, Approved to Energize but Not Operational 2,886 MW (approved = 7,502, matching 'Of the 7502 MW that have received Approval to Energize')"
2025-10-17,ERCO,ba,"Electric Reliability Council of Texas, Inc.",requested,large_loads_all,205400.0,,,,,ERCOT,https://www.ercot.com/files/docs/2025/10/17/ERCOT-Monthly-Operational-Overview-September-2025.pdf,"ERCOT Monthly Operational Overview (September 2025), p.9 (dated by publication; no as-of date given)","Table image, 2030 column: Total 205,400 MW, Observed Energized 5,234 MW, Approved to Energize but Not Operational 2,267 MW (approved = 5,234 + 2,267)"
2025-11-17,ERCO,ba,"Electric Reliability Council of Texas, Inc.",requested,large_loads_all,223486.0,,,,,ERCOT,https://www.ercot.com/files/docs/2025/11/17/ERCOT-Monthly-Operational-Overview-October-2025.pdf,"ERCOT Monthly Operational Overview (October 2025), p.9 (dated by publication; no as-of date given)","Table image, 2030 column: Total 223,486 MW, Observed Energized 5,300 MW, Approved to Energize but Not Operational 2,201 MW (approved = 5,300 + 2,201)"
2025-12-16,ERCO,ba,"Electric Reliability Council of Texas, Inc.",requested,large_loads_all,230799.0,,,,,ERCOT,https://www.ercot.com/files/docs/2025/12/16/ERCOT-Monthly-Operational-Overview-November-2025.pdf,"ERCOT Monthly Operational Overview (November 2025), p.9 (dated by publication; no as-of date given)","Table image, 2030 column: Total 230,799 MW, Observed Energized 5,315 MW, Approved to Energize but Not Operational 2,396 MW (approved = 5,315 + 2,396). The slide text still says 7502 MW approved."
2026-01-15,ERCO,ba,"Electric Reliability Council of Texas, Inc.",requested,large_loads_all,233639.0,,,,,ERCOT,https://www.ercot.com/files/docs/2026/01/15/ERCOT-Monthly-Operational-Overview-December-2025.pdf,"ERCOT Monthly Operational Overview (December 2025), p.9 (dated by publication; no as-of date given)","Table image, 2030 column: Total 233,639 MW, Observed Energized 5,724 MW, Approved to Energize but Not Operational 3,061 MW (approved = 5,724 + 3,061; the slide text says 8787 MW)"
2026-01-21,ERCO,ba,"Electric Reliability Council of Texas, Inc.",requested,large_loads_all,232500.0,,,,,ERCOT,https://www.ercot.com/files/docs/2026/02/13/ERCOT-Monthly-January-2026-FINAL.pdf,"ERCOT Monthly, January 2026","'As of January 21, 2026 ... proposed large load projects tracked by ERCOT total approximately 232,500 megawatts' (approximate); 'To date, 8,786 MW of large load demand has received approval to energize.'"
2026-03-26,ERCO,ba,"Electric Reliability Council of Texas, Inc.",requested,large_loads_all,410000.0,,,87,of which ~87% are data centers,ERCOT,https://www.ercot.com/files/docs/2026/04/01/ERCOT_LargeLoad_Update_April2026_B-C_-Hearing.pdf,"ERCOT Update to Senate Committee on Business & Commerce, April 1, 2026","'Large Load Interconnection Requests (as of March 26, 2026)' - 'ERCOT is tracking approximately 410 GW of Large Loads seeking interconnection of which ~87% are data centers' (approximate)"
2026-05-13,ERCO,ba,"Electric Reliability Council of Texas, Inc.",requested,large_loads_all,445800.0,,,,,ERCOT,https://www.ercot.com/files/docs/2026/05/13/ERCOT-Monthly-April-2026-FINAL.pdf,"ERCOT Monthly, April 2026 (dated by publication; no as-of date given)","'applications of large loads now totaling 445.8 gigawatts (GW) by 2033' ; 'ERCOT has 5.9 GW of Observed Energized Large Loads, with another 3.2 GW of loads that have Approval to Energize but are not Operational' (approved = 5.9 + 3.2)"
2026-06-18,ERCO,ba,"Electric Reliability Council of Texas, Inc.",requested,large_loads_all,438000.0,,,,,ERCOT,https://www.ercot.com/files/docs/2026/06/18/ERCOT-Trending-Topic-New-Batch-Connection-Process-for-Large-Electricity-Users.pdf,"ERCOT Trending Topic, June 18, 2026","'As of mid-2026, large users totaling more than 438,000 MW of proposed demand had entered ERCOT's connection queue' (lower bound)"
2026-06-30,ERCO,ba,"Electric Reliability Council of Texas, Inc.",requested,large_loads_all,474000.0,,,90,of which ~90% are data centers,ERCOT,https://www.ercot.com/files/docs/2026/07/29/ERCOT-Senate-July-29-Panel-1-Assessing-The-Grid.pdf,"ERCOT, Senate hearing July 29, 2026, Panel 1 'Assessing the Grid', p.5","'Large Load Interconnection Requests (as of June 2026)' - 'ERCOT is tracking approximately 474 GW of Large Loads seeking interconnection, of which ~90% are data centers' (approximate; chart covers 2022-2033; the document gives no day in June, so the row is placed on Jun 30)"
2024-06-30,GPC,utility,Georgia Power Company,committed,data_centers,6598.0,,Contract for Electric Service + Request for Service,,,GA_PSC,https://psc.ga.gov/search/facts-document/?documentId=219697,Georgia Power Large Load Economic Development Report 2024 Q2 - Attachment (Main sheet),Sum of 'Announced Load*' over the 18 projects with Segment 'Data Center' (Contract for Electric Service + Request for Service) as of 2024-06-30
2024-09-30,GPC,utility,Georgia Power Company,committed,data_centers,7439.0,,Contract for Electric Service + Request for Service,,,GA_PSC,https://psc.ga.gov/search/facts-document/?documentId=220461,Georgia Power Large Load Economic Development Report 2024 Q3 - Attachment (Main sheet),Sum of 'Announced Load*' over the 20 projects with Segment 'Data Center' (Contract for Electric Service + Request for Service) as of 2024-09-30
2024-12-31,GPC,utility,Georgia Power Company,committed,data_centers,7667.0,,Contract for Electric Service + Request for Service,,,GA_PSC,https://psc.ga.gov/search/facts-document/?documentId=221545,Georgia Power Large Load Economic Development Report 2024 Q4 - Attachment (Main sheet),Sum of 'Announced Load*' over the 21 projects with Segment 'Data Center' (Contract for Electric Service + Request for Service) as of 2024-12-31
2025-03-31,GPC,utility,Georgia Power Company,committed,data_centers,7667.0,,Contract for Electric Service + Request for Service,,,GA_PSC,https://psc.ga.gov/search/facts-document/?documentId=222764,Georgia Power Large Load Economic Development Report 2025 Q1 - Attachment (Main sheet),Sum of 'Announced Load*' over the 21 projects with Segment 'Data Center' (Contract for Electric Service + Request for Service) as of 2025-03-31
2025-06-30,GPC,utility,Georgia Power Company,committed,data_centers,8192.0,,Contract for Electric Service + Request for Service,,,GA_PSC,https://psc.ga.gov/search/facts-document/?documentId=223705,Georgia Power Large Load Economic Development Report 2025 Q2 - Attachment (Main sheet),Sum of 'Announced Load*' over the 21 projects with Segment 'Data Centers' (Contract for Electric Service + Request for Service) as of 2025-06-30
2025-09-30,GPC,utility,Georgia Power Company,committed,data_centers,10392.0,,Contract for Electric Service + Request for Service,,,GA_PSC,https://psc.ga.gov/search/facts-document/?documentId=225690,Georgia Power Large Load Economic Development Report 2025 Q3 - Attachment (Main sheet); revised filing (original 224615 filed 2025-11-21; Main sheet unchanged),Sum of 'Announced Load*' over the 23 projects with Segment 'Data Centers' (Contract for Electric Service + Request for Service) as of 2025-09-30
2025-12-31,GPC,utility,Georgia Power Company,committed,data_centers,11222.0,,Contract for Electric Service + Request for Service,,,GA_PSC,https://psc.ga.gov/search/facts-document/?documentId=225690,Georgia Power Large Load Economic Development Report 2025 Q4 - Attachment (Main sheet); revised filing (original 225384 filed 2026-02-11; Main sheet unchanged),Sum of 'Announced Load*' over the 24 projects with Segment 'Data Center' (Contract for Electric Service + Request for Service) as of 2025-12-31
2026-03-31,GPC,utility,Georgia Power Company,committed,data_centers_and_crypto,11750.0,,Contract for Electric Service + Request for Service,,,GA_PSC,https://psc.ga.gov/search/facts-document/?documentId=226607,Georgia Power Large Load Economic Development Report 2026 Q1 - Attachment (Main sheet),Sum of 'Announced Load*' over the 26 projects with Segment 'Data Center/Crypto' (Contract for Electric Service + Request for Service) as of 2026-03-31
2024-06-30,GPC,utility,Georgia Power Company,contracted,data_centers,3066.0,,Contract for Electric Service,,,GA_PSC,https://psc.ga.gov/search/facts-document/?documentId=219697,Georgia Power Large Load Economic Development Report 2024 Q2 - Attachment (Main sheet),Sum of 'Announced Load*' over the 9 projects with Segment 'Data Center' (Contract for Electric Service) as of 2024-06-30
2024-09-30,GPC,utility,Georgia Power Company,contracted,data_centers,3238.0,,Contract for Electric Service,,,GA_PSC,https://psc.ga.gov/search/facts-document/?documentId=220461,Georgia Power Large Load Economic Development Report 2024 Q3 - Attachment (Main sheet),Sum of 'Announced Load*' over the 10 projects with Segment 'Data Center' (Contract for Electric Service) as of 2024-09-30
2024-12-31,GPC,utility,Georgia Power Company,contracted,data_centers,3910.0,,Contract for Electric Service,,,GA_PSC,https://psc.ga.gov/search/facts-document/?documentId=221545,Georgia Power Large Load Economic Development Report 2024 Q4 - Attachment (Main sheet),Sum of 'Announced Load*' over the 12 projects with Segment 'Data Center' (Contract for Electric Service) as of 2024-12-31
2025-03-31,GPC,utility,Georgia Power Company,contracted,data_centers,4221.0,,Contract for Electric Service,,,GA_PSC,https://psc.ga.gov/search/facts-document/?documentId=222764,Georgia Power Large Load Economic Development Report 2025 Q1 - Attachment (Main sheet),Sum of 'Announced Load*' over the 13 projects with Segment 'Data Center' (Contract for Electric Service) as of 2025-03-31
2025-06-30,GPC,utility,Georgia Power Company,contracted,data_centers,4221.0,,Contract for Electric Service,,,GA_PSC,https://psc.ga.gov/search/facts-document/?documentId=223705,Georgia Power Large Load Economic Development Report 2025 Q2 - Attachment (Main sheet),Sum of 'Announced Load*' over the 13 projects with Segment 'Data Centers' (Contract for Electric Service) as of 2025-06-30
2025-09-30,GPC,utility,Georgia Power Company,contracted,data_centers,6102.0,,Contract for Electric Service,,,GA_PSC,https://psc.ga.gov/search/facts-document/?documentId=225690,Georgia Power Large Load Economic Development Report 2025 Q3 - Attachment (Main sheet); revised filing (original 224615 filed 2025-11-21; Main sheet unchanged),Sum of 'Announced Load*' over the 16 projects with Segment 'Data Centers' (Contract for Electric Service) as of 2025-09-30
2025-12-31,GPC,utility,Georgia Power Company,contracted,data_centers,7442.0,,Contract for Electric Service,,,GA_PSC,https://psc.ga.gov/search/facts-document/?documentId=225690,Georgia Power Large Load Economic Development Report 2025 Q4 - Attachment (Main sheet); revised filing (original 225384 filed 2026-02-11; Main sheet unchanged),Sum of 'Announced Load*' over the 17 projects with Segment 'Data Center' (Contract for Electric Service) as of 2025-12-31
2026-03-31,GPC,utility,Georgia Power Company,contracted,data_centers_and_crypto,9149.0,,Contract for Electric Service,,,GA_PSC,https://psc.ga.gov/search/facts-document/?documentId=226607,Georgia Power Large Load Economic Development Report 2026 Q1 - Attachment (Main sheet),Sum of 'Announced Load*' over the 19 projects with Segment 'Data Center/Crypto' (Contract for Electric Service) as of 2026-03-31
2024-06-30,GPC,utility,Georgia Power Company,requested,data_centers,18875.0,,all stages,,,GA_PSC,https://psc.ga.gov/search/facts-document/?documentId=219697,Georgia Power Large Load Economic Development Report 2024 Q2 - Attachment (Main sheet),Sum of 'Announced Load*' over the 52 projects with Segment 'Data Center' (all stages) as of 2024-06-30
2024-09-30,GPC,utility,Georgia Power Company,requested,data_centers,30925.0,,all stages,,,GA_PSC,https://psc.ga.gov/search/facts-document/?documentId=220461,Georgia Power Large Load Economic Development Report 2024 Q3 - Attachment (Main sheet),Sum of 'Announced Load*' over the 69 projects with Segment 'Data Center' (all stages) as of 2024-09-30
2024-12-31,GPC,utility,Georgia Power Company,requested,data_centers,40225.0,,all stages,,,GA_PSC,https://psc.ga.gov/search/facts-document/?documentId=221545,Georgia Power Large Load Economic Development Report 2024 Q4 - Attachment (Main sheet),Sum of 'Announced Load*' over the 83 projects with Segment 'Data Center' (all stages) as of 2024-12-31
2025-03-31,GPC,utility,Georgia Power Company,requested,data_centers,48171.0,,all stages,,,GA_PSC,https://psc.ga.gov/search/facts-document/?documentId=222764,Georgia Power Large Load Economic Development Report 2025 Q1 - Attachment (Main sheet),Sum of 'Announced Load*' over the 94 projects with Segment 'Data Center' (all stages) as of 2025-03-31
2025-06-30,GPC,utility,Georgia Power Company,requested,data_centers,52725.0,,all stages,,,GA_PSC,https://psc.ga.gov/search/facts-document/?documentId=223705,Georgia Power Large Load Economic Development Report 2025 Q2 - Attachment (Main sheet),Sum of 'Announced Load*' over the 97 projects with Segment 'Data Centers' (all stages) as of 2025-06-30
2025-09-30,GPC,utility,Georgia Power Company,requested,data_centers,47021.0,,all stages,,,GA_PSC,https://psc.ga.gov/search/facts-document/?documentId=225690,Georgia Power Large Load Economic Development Report 2025 Q3 - Attachment (Main sheet); revised filing (original 224615 filed 2025-11-21; Main sheet unchanged),Sum of 'Announced Load*' over the 86 projects with Segment 'Data Centers' (all stages) as of 2025-09-30
2025-12-31,GPC,utility,Georgia Power Company,requested,data_centers,62559.8,,all stages,,,GA_PSC,https://psc.ga.gov/search/facts-document/?documentId=225690,Georgia Power Large Load Economic Development Report 2025 Q4 - Attachment (Main sheet); revised filing (original 225384 filed 2026-02-11; Main sheet unchanged),Sum of 'Announced Load*' over the 93 projects with Segment 'Data Center' (all stages) as of 2025-12-31
2026-03-31,GPC,utility,Georgia Power Company,requested,data_centers_and_crypto,70167.8,,all stages,,,GA_PSC,https://psc.ga.gov/search/facts-document/?documentId=226607,Georgia Power Large Load Economic Development Report 2026 Q1 - Attachment (Main sheet),Sum of 'Announced Load*' over the 101 projects with Segment 'Data Center/Crypto' (all stages) as of 2026-03-31
2026-01-14,PJM-AEP,zone,PJM AEP zone (American Electric Power),forecast_adjustment,data_centers,1913.0,2026,summer peak adjustment above embedded,,,PJM,https://www.pjm.com/-/media/DotCom/planning/res-adeq/load-forecast/2026-load-report-tables.xlsx,"2026 PJM Load Forecast Report, Table B-9","Load Report p.5, Load Adjustments: 'Zones Adjusted to account for: AEP, ATSI, APS, BGE, COMED, DAYTON, DLCO, JCPL, METED, PECO, PEPCO, PL - Growth in data center load'; value from Table B-9 (updated 2/6/2026)"
2026-01-14,PJM-AEP,zone,PJM AEP zone (American Electric Power),forecast_adjustment,data_centers,3432.0,2027,summer peak adjustment above embedded,,,PJM,https://www.pjm.com/-/media/DotCom/planning/res-adeq/load-forecast/2026-load-report-tables.xlsx,"2026 PJM Load Forecast Report, Table B-9","Load Report p.5, Load Adjustments: 'Zones Adjusted to account for: AEP, ATSI, APS, BGE, COMED, DAYTON, DLCO, JCPL, METED, PECO, PEPCO, PL - Growth in data center load'; value from Table B-9 (updated 2/6/2026)"
2026-01-14,PJM-AEP,zone,PJM AEP zone (American Electric Power),forecast_adjustment,data_centers,4748.0,2028,summer peak adjustment above embedded,,,PJM,https://www.pjm.com/-/media/DotCom/planning/res-adeq/load-forecast/2026-load-report-tables.xlsx,"2026 PJM Load Forecast Report, Table B-9","Load Report p.5, Load Adjustments: 'Zones Adjusted to account for: AEP, ATSI, APS, BGE, COMED, DAYTON, DLCO, JCPL, METED, PECO, PEPCO, PL - Growth in data center load'; value from Table B-9 (updated 2/6/2026)"
2026-01-14,PJM-AEP,zone,PJM AEP zone (American Electric Power),forecast_adjustment,data_centers,6311.0,2029,summer peak adjustment above embedded,,,PJM,https://www.pjm.com/-/media/DotCom/planning/res-adeq/load-forecast/2026-load-report-tables.xlsx,"2026 PJM Load Forecast Report, Table B-9","Load Report p.5, Load Adjustments: 'Zones Adjusted to account for: AEP, ATSI, APS, BGE, COMED, DAYTON, DLCO, JCPL, METED, PECO, PEPCO, PL - Growth in data center load'; value from Table B-9 (updated 2/6/2026)"
2026-01-14,PJM-AEP,zone,PJM AEP zone (American Electric Power),forecast_adjustment,data_centers,7918.0,2030,summer peak adjustment above embedded,,,PJM,https://www.pjm.com/-/media/DotCom/planning/res-adeq/load-forecast/2026-load-report-tables.xlsx,"2026 PJM Load Forecast Report, Table B-9","Load Report p.5, Load Adjustments: 'Zones Adjusted to account for: AEP, ATSI, APS, BGE, COMED, DAYTON, DLCO, JCPL, METED, PECO, PEPCO, PL - Growth in data center load'; value from Table B-9 (updated 2/6/2026)"
2026-01-14,PJM-AEP,zone,PJM AEP zone (American Electric Power),forecast_adjustment,data_centers,9273.0,2031,summer peak adjustment above embedded,,,PJM,https://www.pjm.com/-/media/DotCom/planning/res-adeq/load-forecast/2026-load-report-tables.xlsx,"2026 PJM Load Forecast Report, Table B-9","Load Report p.5, Load Adjustments: 'Zones Adjusted to account for: AEP, ATSI, APS, BGE, COMED, DAYTON, DLCO, JCPL, METED, PECO, PEPCO, PL - Growth in data center load'; value from Table B-9 (updated 2/6/2026)"
2026-01-14,PJM-AEP,zone,PJM AEP zone (American Electric Power),forecast_adjustment,data_centers,10636.0,2032,summer peak adjustment above embedded,,,PJM,https://www.pjm.com/-/media/DotCom/planning/res-adeq/load-forecast/2026-load-report-tables.xlsx,"2026 PJM Load Forecast Report, Table B-9","Load Report p.5, Load Adjustments: 'Zones Adjusted to account for: AEP, ATSI, APS, BGE, COMED, DAYTON, DLCO, JCPL, METED, PECO, PEPCO, PL - Growth in data center load'; value from Table B-9 (updated 2/6/2026)"
2026-01-14,PJM-AEP,zone,PJM AEP zone (American Electric Power),forecast_adjustment,data_centers,12254.0,2033,summer peak adjustment above embedded,,,PJM,https://www.pjm.com/-/media/DotCom/planning/res-adeq/load-forecast/2026-load-report-tables.xlsx,"2026 PJM Load Forecast Report, Table B-9","Load Report p.5, Load Adjustments: 'Zones Adjusted to account for: AEP, ATSI, APS, BGE, COMED, DAYTON, DLCO, JCPL, METED, PECO, PEPCO, PL - Growth in data center load'; value from Table B-9 (updated 2/6/2026)"
2026-01-14,PJM-AEP,zone,PJM AEP zone (American Electric Power),forecast_adjustment,data_centers,13892.0,2034,summer peak adjustment above embedded,,,PJM,https://www.pjm.com/-/media/DotCom/planning/res-adeq/load-forecast/2026-load-report-tables.xlsx,"2026 PJM Load Forecast Report, Table B-9","Load Report p.5, Load Adjustments: 'Zones Adjusted to account for: AEP, ATSI, APS, BGE, COMED, DAYTON, DLCO, JCPL, METED, PECO, PEPCO, PL - Growth in data center load'; value from Table B-9 (updated 2/6/2026)"
2026-01-14,PJM-AEP,zone,PJM AEP zone (American Electric Power),forecast_adjustment,data_centers,15524.0,2035,summer peak adjustment above embedded,,,PJM,https://www.pjm.com/-/media/DotCom/planning/res-adeq/load-forecast/2026-load-report-tables.xlsx,"2026 PJM Load Forecast Report, Table B-9","Load Report p.5, Load Adjustments: 'Zones Adjusted to account for: AEP, ATSI, APS, BGE, COMED, DAYTON, DLCO, JCPL, METED, PECO, PEPCO, PL - Growth in data center load'; value from Table B-9 (updated 2/6/2026)"
2026-01-14,PJM-AEP,zone,PJM AEP zone (American Electric Power),forecast_adjustment,data_centers,17115.0,2036,summer peak adjustment above embedded,,,PJM,https://www.pjm.com/-/media/DotCom/planning/res-adeq/load-forecast/2026-load-report-tables.xlsx,"2026 PJM Load Forecast Report, Table B-9","Load Report p.5, Load Adjustments: 'Zones Adjusted to account for: AEP, ATSI, APS, BGE, COMED, DAYTON, DLCO, JCPL, METED, PECO, PEPCO, PL - Growth in data center load'; value from Table B-9 (updated 2/6/2026)"
2026-01-14,PJM-AEP,zone,PJM AEP zone (American Electric Power),forecast_adjustment,data_centers,19135.0,2037,summer peak adjustment above embedded,,,PJM,https://www.pjm.com/-/media/DotCom/planning/res-adeq/load-forecast/2026-load-report-tables.xlsx,"2026 PJM Load Forecast Report, Table B-9","Load Report p.5, Load Adjustments: 'Zones Adjusted to account for: AEP, ATSI, APS, BGE, COMED, DAYTON, DLCO, JCPL, METED, PECO, PEPCO, PL - Growth in data center load'; value from Table B-9 (updated 2/6/2026)"
2026-01-14,PJM-AEP,zone,PJM AEP zone (American Electric Power),forecast_adjustment,data_centers,20019.0,2038,summer peak adjustment above embedded,,,PJM,https://www.pjm.com/-/media/DotCom/planning/res-adeq/load-forecast/2026-load-report-tables.xlsx,"2026 PJM Load Forecast Report, Table B-9","Load Report p.5, Load Adjustments: 'Zones Adjusted to account for: AEP, ATSI, APS, BGE, COMED, DAYTON, DLCO, JCPL, METED, PECO, PEPCO, PL - Growth in data center load'; value from Table B-9 (updated 2/6/2026)"
2026-01-14,PJM-AEP,zone,PJM AEP zone (American Electric Power),forecast_adjustment,data_centers,19997.0,2039,summer peak adjustment above embedded,,,PJM,https://www.pjm.com/-/media/DotCom/planning/res-adeq/load-forecast/2026-load-report-tables.xlsx,"2026 PJM Load Forecast Report, Table B-9","Load Report p.5, Load Adjustments: 'Zones Adjusted to account for: AEP, ATSI, APS, BGE, COMED, DAYTON, DLCO, JCPL, METED, PECO, PEPCO, PL - Growth in data center load'; value from Table B-9 (updated 2/6/2026)"
2026-01-14,PJM-AEP,zone,PJM AEP zone (American Electric Power),forecast_adjustment,data_centers,20008.0,2040,summer peak adjustment above embedded,,,PJM,https://www.pjm.com/-/media/DotCom/planning/res-adeq/load-forecast/2026-load-report-tables.xlsx,"2026 PJM Load Forecast Report, Table B-9","Load Report p.5, Load Adjustments: 'Zones Adjusted to account for: AEP, ATSI, APS, BGE, COMED, DAYTON, DLCO, JCPL, METED, PECO, PEPCO, PL - Growth in data center load'; value from Table B-9 (updated 2/6/2026)"
2026-01-14,PJM-AEP,zone,PJM AEP zone (American Electric Power),forecast_adjustment,data_centers,19988.0,2041,summer peak adjustment above embedded,,,PJM,https://www.pjm.com/-/media/DotCom/planning/res-adeq/load-forecast/2026-load-report-tables.xlsx,"2026 PJM Load Forecast Report, Table B-9","Load Report p.5, Load Adjustments: 'Zones Adjusted to account for: AEP, ATSI, APS, BGE, COMED, DAYTON, DLCO, JCPL, METED, PECO, PEPCO, PL - Growth in data center load'; value from Table B-9 (updated 2/6/2026)"
2026-01-14,PJM-AEP,zone,PJM AEP zone (American Electric Power),forecast_adjustment,data_centers,20005.0,2042,summer peak adjustment above embedded,,,PJM,https://www.pjm.com/-/media/DotCom/planning/res-adeq/load-forecast/2026-load-report-tables.xlsx,"2026 PJM Load Forecast Report, Table B-9","Load Report p.5, Load Adjustments: 'Zones Adjusted to account for: AEP, ATSI, APS, BGE, COMED, DAYTON, DLCO, JCPL, METED, PECO, PEPCO, PL - Growth in data center load'; value from Table B-9 (updated 2/6/2026)"
2026-01-14,PJM-AEP,zone,PJM AEP zone (American Electric Power),forecast_adjustment,data_centers,19987.0,2043,summer peak adjustment above embedded,,,PJM,https://www.pjm.com/-/media/DotCom/planning/res-adeq/load-forecast/2026-load-report-tables.xlsx,"2026 PJM Load Forecast Report, Table B-9","Load Report p.5, Load Adjustments: 'Zones Adjusted to account for: AEP, ATSI, APS, BGE, COMED, DAYTON, DLCO, JCPL, METED, PECO, PEPCO, PL - Growth in data center load'; value from Table B-9 (updated 2/6/2026)"
2026-01-14,PJM-AEP,zone,PJM AEP zone (American Electric Power),forecast_adjustment,data_centers,19995.0,2044,summer peak adjustment above embedded,,,PJM,https://www.pjm.com/-/media/DotCom/planning/res-adeq/load-forecast/2026-load-report-tables.xlsx,"2026 PJM Load Forecast Report, Table B-9","Load Report p.5, Load Adjustments: 'Zones Adjusted to account for: AEP, ATSI, APS, BGE, COMED, DAYTON, DLCO, JCPL, METED, PECO, PEPCO, PL - Growth in data center load'; value from Table B-9 (updated 2/6/2026)"
2026-01-14,PJM-AEP,zone,PJM AEP zone (American Electric Power),forecast_adjustment,data_centers,19996.0,2045,summer peak adjustment above embedded,,,PJM,https://www.pjm.com/-/media/DotCom/planning/res-adeq/load-forecast/2026-load-report-tables.xlsx,"2026 PJM Load Forecast Report, Table B-9","Load Report p.5, Load Adjustments: 'Zones Adjusted to account for: AEP, ATSI, APS, BGE, COMED, DAYTON, DLCO, JCPL, METED, PECO, PEPCO, PL - Growth in data center load'; value from Table B-9 (updated 2/6/2026)"
2026-01-14,PJM-AEP,zone,PJM AEP zone (American Electric Power),forecast_adjustment,data_centers,20019.0,2046,summer peak adjustment above embedded,,,PJM,https://www.pjm.com/-/media/DotCom/planning/res-adeq/load-forecast/2026-load-report-tables.xlsx,"2026 PJM Load Forecast Report, Table B-9","Load Report p.5, Load Adjustments: 'Zones Adjusted to account for: AEP, ATSI, APS, BGE, COMED, DAYTON, DLCO, JCPL, METED, PECO, PEPCO, PL - Growth in data center load'; value from Table B-9 (updated 2/6/2026)"
2026-01-14,PJM-APS,zone,PJM APS zone (Allegheny Power Systems),forecast_adjustment,data_centers,165.0,2026,summer peak adjustment above embedded,,,PJM,https://www.pjm.com/-/media/DotCom/planning/res-adeq/load-forecast/2026-load-report-tables.xlsx,"2026 PJM Load Forecast Report, Table B-9","Load Report p.5, Load Adjustments: 'Zones Adjusted to account for: AEP, ATSI, APS, BGE, COMED, DAYTON, DLCO, JCPL, METED, PECO, PEPCO, PL - Growth in data center load'; value from Table B-9 (updated 2/6/2026)"
2026-01-14,PJM-APS,zone,PJM APS zone (Allegheny Power Systems),forecast_adjustment,data_centers,276.0,2027,summer peak adjustment above embedded,,,PJM,https://www.pjm.com/-/media/DotCom/planning/res-adeq/load-forecast/2026-load-report-tables.xlsx,"2026 PJM Load Forecast Report, Table B-9","Load Report p.5, Load Adjustments: 'Zones Adjusted to account for: AEP, ATSI, APS, BGE, COMED, DAYTON, DLCO, JCPL, METED, PECO, PEPCO, PL - Growth in data center load'; value from Table B-9 (updated 2/6/2026)"
2026-01-14,PJM-APS,zone,PJM APS zone (Allegheny Power Systems),forecast_adjustment,data_centers,319.0,2028,summer peak adjustment above embedded,,,PJM,https://www.pjm.com/-/media/DotCom/planning/res-adeq/load-forecast/2026-load-report-tables.xlsx,"2026 PJM Load Forecast Report, Table B-9","Load Report p.5, Load Adjustments: 'Zones Adjusted to account for: AEP, ATSI, APS, BGE, COMED, DAYTON, DLCO, JCPL, METED, PECO, PEPCO, PL - Growth in data center load'; value from Table B-9 (updated 2/6/2026)"
2026-01-14,PJM-APS,zone,PJM APS zone (Allegheny Power Systems),forecast_adjustment,data_centers,590.0,2029,summer peak adjustment above embedded,,,PJM,https://www.pjm.com/-/media/DotCom/planning/res-adeq/load-forecast/2026-load-report-tables.xlsx,"2026 PJM Load Forecast Report, Table B-9","Load Report p.5, Load Adjustments: 'Zones Adjusted to account for: AEP, ATSI, APS, BGE, COMED, DAYTON, DLCO, JCPL, METED, PECO, PEPCO, PL - Growth in data center load'; value from Table B-9 (updated 2/6/2026)"
2026-01-14,PJM-APS,zone,PJM APS zone (Allegheny Power Systems),forecast_adjustment,data_centers,1213.0,2030,summer peak adjustment above embedded,,,PJM,https://www.pjm.com/-/media/DotCom/planning/res-adeq/load-forecast/2026-load-report-tables.xlsx,"2026 PJM Load Forecast Report, Table B-9","Load Report p.5, Load Adjustments: 'Zones Adjusted to account for: AEP, ATSI, APS, BGE, COMED, DAYTON, DLCO, JCPL, METED, PECO, PEPCO, PL - Growth in data center load'; value from Table B-9 (updated 2/6/2026)"
2026-01-14,PJM-APS,zone,PJM APS zone (Allegheny Power Systems),forecast_adjustment,data_centers,1557.0,2031,summer peak adjustment above embedded,,,PJM,https://www.pjm.com/-/media/DotCom/planning/res-adeq/load-forecast/2026-load-report-tables.xlsx,"2026 PJM Load Forecast Report, Table B-9","Load Report p.5, Load Adjustments: 'Zones Adjusted to account for: AEP, ATSI, APS, BGE, COMED, DAYTON, DLCO, JCPL, METED, PECO, PEPCO, PL - Growth in data center load'; value from Table B-9 (updated 2/6/2026)"
2026-01-14,PJM-APS,zone,PJM APS zone (Allegheny Power Systems),forecast_adjustment,data_centers,1929.0,2032,summer peak adjustment above embedded,,,PJM,https://www.pjm.com/-/media/DotCom/planning/res-adeq/load-forecast/2026-load-report-tables.xlsx,"2026 PJM Load Forecast Report, Table B-9","Load Report p.5, Load Adjustments: 'Zones Adjusted to account for: AEP, ATSI, APS, BGE, COMED, DAYTON, DLCO, JCPL, METED, PECO, PEPCO, PL - Growth in data center load'; value from Table B-9 (updated 2/6/2026)"
2026-01-14,PJM-APS,zone,PJM APS zone (Allegheny Power Systems),forecast_adjustment,data_centers,2197.0,2033,summer peak adjustment above embedded,,,PJM,https://www.pjm.com/-/media/DotCom/planning/res-adeq/load-forecast/2026-load-report-tables.xlsx,"2026 PJM Load Forecast Report, Table B-9","Load Report p.5, Load Adjustments: 'Zones Adjusted to account for: AEP, ATSI, APS, BGE, COMED, DAYTON, DLCO, JCPL, METED, PECO, PEPCO, PL - Growth in data center load'; value from Table B-9 (updated 2/6/2026)"
2026-01-14,PJM-APS,zone,PJM APS zone (Allegheny Power Systems),forecast_adjustment,data_centers,2610.0,2034,summer peak adjustment above embedded,,,PJM,https://www.pjm.com/-/media/DotCom/planning/res-adeq/load-forecast/2026-load-report-tables.xlsx,"2026 PJM Load Forecast Report, Table B-9","Load Report p.5, Load Adjustments: 'Zones Adjusted to account for: AEP, ATSI, APS, BGE, COMED, DAYTON, DLCO, JCPL, METED, PECO, PEPCO, PL - Growth in data center load'; value from Table B-9 (updated 2/6/2026)"
2026-01-14,PJM-APS,zone,PJM APS zone (Allegheny Power Systems),forecast_adjustment,data_centers,2626.0,2035,summer peak adjustment above embedded,,,PJM,https://www.pjm.com/-/media/DotCom/planning/res-adeq/load-forecast/2026-load-report-tables.xlsx,"2026 PJM Load Forecast Report, Table B-9","Load Report p.5, Load Adjustments: 'Zones Adjusted to account for: AEP, ATSI, APS, BGE, COMED, DAYTON, DLCO, JCPL, METED, PECO, PEPCO, PL - Growth in data center load'; value from Table B-9 (updated 2/6/2026)"
2026-01-14,PJM-APS,zone,PJM APS zone (Allegheny Power Systems),forecast_adjustment,data_centers,2624.0,2036,summer peak adjustment above embedded,,,PJM,https://www.pjm.com/-/media/DotCom/planning/res-adeq/load-forecast/2026-load-report-tables.xlsx,"2026 PJM Load Forecast Report, Table B-9","Load Report p.5, Load Adjustments: 'Zones Adjusted to account for: AEP, ATSI, APS, BGE, COMED, DAYTON, DLCO, JCPL, METED, PECO, PEPCO, PL - Growth in data center load'; value from Table B-9 (updated 2/6/2026)"
2026-01-14,PJM-APS,zone,PJM APS zone (Allegheny Power Systems),forecast_adjustment,data_centers,2625.0,2037,summer peak adjustment above embedded,,,PJM,https://www.pjm.com/-/media/DotCom/planning/res-adeq/load-forecast/2026-load-report-tables.xlsx,"2026 PJM Load Forecast Report, Table B-9","Load Report p.5, Load Adjustments: 'Zones Adjusted to account for: AEP, ATSI, APS, BGE, COMED, DAYTON, DLCO, JCPL, METED, PECO, PEPCO, PL - Growth in data center load'; value from Table B-9 (updated 2/6/2026)"
2026-01-14,PJM-APS,zone,PJM APS zone (Allegheny Power Systems),forecast_adjustment,data_centers,2624.0,2038,summer peak adjustment above embedded,,,PJM,https://www.pjm.com/-/media/DotCom/planning/res-adeq/load-forecast/2026-load-report-tables.xlsx,"2026 PJM Load Forecast Report, Table B-9","Load Report p.5, Load Adjustments: 'Zones Adjusted to account for: AEP, ATSI, APS, BGE, COMED, DAYTON, DLCO, JCPL, METED, PECO, PEPCO, PL - Growth in data center load'; value from Table B-9 (updated 2/6/2026)"
2026-01-14,PJM-APS,zone,PJM APS zone (Allegheny Power Systems),forecast_adjustment,data_centers,2624.0,2039,summer peak adjustment above embedded,,,PJM,https://www.pjm.com/-/media/DotCom/planning/res-adeq/load-forecast/2026-load-report-tables.xlsx,"2026 PJM Load Forecast Report, Table B-9","Load Report p.5, Load Adjustments: 'Zones Adjusted to account for: AEP, ATSI, APS, BGE, COMED, DAYTON, DLCO, JCPL, METED, PECO, PEPCO, PL - Growth in data center load'; value from Table B-9 (updated 2/6/2026)"
2026-01-14,PJM-APS,zone,PJM APS zone (Allegheny Power Systems),forecast_adjustment,data_centers,2624.0,2040,summer peak adjustment above embedded,,,PJM,https://www.pjm.com/-/media/DotCom/planning/res-adeq/load-forecast/2026-load-report-tables.xlsx,"2026 PJM Load Forecast Report, Table B-9","Load Report p.5, Load Adjustments: 'Zones Adjusted to account for: AEP, ATSI, APS, BGE, COMED, DAYTON, DLCO, JCPL, METED, PECO, PEPCO, PL - Growth in data center load'; value from Table B-9 (updated 2/6/2026)"
2026-01-14,PJM-APS,zone,PJM APS zone (Allegheny Power Systems),forecast_adjustment,data_centers,2775.0,2041,summer peak adjustment above embedded,,,PJM,https://www.pjm.com/-/media/DotCom/planning/res-adeq/load-forecast/2026-load-report-tables.xlsx,"2026 PJM Load Forecast Report, Table B-9","Load Report p.5, Load Adjustments: 'Zones Adjusted to account for: AEP, ATSI, APS, BGE, COMED, DAYTON, DLCO, JCPL, METED, PECO, PEPCO, PL - Growth in data center load'; value from Table B-9 (updated 2/6/2026)"
2026-01-14,PJM-APS,zone,PJM APS zone (Allegheny Power Systems),forecast_adjustment,data_centers,2775.0,2042,summer peak adjustment above embedded,,,PJM,https://www.pjm.com/-/media/DotCom/planning/res-adeq/load-forecast/2026-load-report-tables.xlsx,"2026 PJM Load Forecast Report, Table B-9","Load Report p.5, Load Adjustments: 'Zones Adjusted to account for: AEP, ATSI, APS, BGE, COMED, DAYTON, DLCO, JCPL, METED, PECO, PEPCO, PL - Growth in data center load'; value from Table B-9 (updated 2/6/2026)"
2026-01-14,PJM-APS,zone,PJM APS zone (Allegheny Power Systems),forecast_adjustment,data_centers,2775.0,2043,summer peak adjustment above embedded,,,PJM,https://www.pjm.com/-/media/DotCom/planning/res-adeq/load-forecast/2026-load-report-tables.xlsx,"2026 PJM Load Forecast Report, Table B-9","Load Report p.5, Load Adjustments: 'Zones Adjusted to account for: AEP, ATSI, APS, BGE, COMED, DAYTON, DLCO, JCPL, METED, PECO, PEPCO, PL - Growth in data center load'; value from Table B-9 (updated 2/6/2026)"
2026-01-14,PJM-APS,zone,PJM APS zone (Allegheny Power Systems),forecast_adjustment,data_centers,2776.0,2044,summer peak adjustment above embedded,,,PJM,https://www.pjm.com/-/media/DotCom/planning/res-adeq/load-forecast/2026-load-report-tables.xlsx,"2026 PJM Load Forecast Report, Table B-9","Load Report p.5, Load Adjustments: 'Zones Adjusted to account for: AEP, ATSI, APS, BGE, COMED, DAYTON, DLCO, JCPL, METED, PECO, PEPCO, PL - Growth in data center load'; value from Table B-9 (updated 2/6/2026)"
2026-01-14,PJM-APS,zone,PJM APS zone (Allegheny Power Systems),forecast_adjustment,data_centers,2776.0,2045,summer peak adjustment above embedded,,,PJM,https://www.pjm.com/-/media/DotCom/planning/res-adeq/load-forecast/2026-load-report-tables.xlsx,"2026 PJM Load Forecast Report, Table B-9","Load Report p.5, Load Adjustments: 'Zones Adjusted to account for: AEP, ATSI, APS, BGE, COMED, DAYTON, DLCO, JCPL, METED, PECO, PEPCO, PL - Growth in data center load'; value from Table B-9 (updated 2/6/2026)"
2026-01-14,PJM-APS,zone,PJM APS zone (Allegheny Power Systems),forecast_adjustment,data_centers,2776.0,2046,summer peak adjustment above embedded,,,PJM,https://www.pjm.com/-/media/DotCom/planning/res-adeq/load-forecast/2026-load-report-tables.xlsx,"2026 PJM Load Forecast Report, Table B-9","Load Report p.5, Load Adjustments: 'Zones Adjusted to account for: AEP, ATSI, APS, BGE, COMED, DAYTON, DLCO, JCPL, METED, PECO, PEPCO, PL - Growth in data center load'; value from Table B-9 (updated 2/6/2026)"
2026-01-14,PJM-ATSI,zone,"PJM ATSI zone (American Transmission Systems, Inc.)",forecast_adjustment,data_centers,132.0,2026,summer peak adjustment above embedded,,,PJM,https://www.pjm.com/-/media/DotCom/planning/res-adeq/load-forecast/2026-load-report-tables.xlsx,"2026 PJM Load Forecast Report, Table B-9","Load Report p.5, Load Adjustments: 'Zones Adjusted to account for: AEP, ATSI, APS, BGE, COMED, DAYTON, DLCO, JCPL, METED, PECO, PEPCO, PL - Growth in data center load'; value from Table B-9 (updated 2/6/2026)"
2026-01-14,PJM-ATSI,zone,"PJM ATSI zone (American Transmission Systems, Inc.)",forecast_adjustment,data_centers,165.0,2027,summer peak adjustment above embedded,,,PJM,https://www.pjm.com/-/media/DotCom/planning/res-adeq/load-forecast/2026-load-report-tables.xlsx,"2026 PJM Load Forecast Report, Table B-9","Load Report p.5, Load Adjustments: 'Zones Adjusted to account for: AEP, ATSI, APS, BGE, COMED, DAYTON, DLCO, JCPL, METED, PECO, PEPCO, PL - Growth in data center load'; value from Table B-9 (updated 2/6/2026)"
2026-01-14,PJM-ATSI,zone,"PJM ATSI zone (American Transmission Systems, Inc.)",forecast_adjustment,data_centers,299.0,2028,summer peak adjustment above embedded,,,PJM,https://www.pjm.com/-/media/DotCom/planning/res-adeq/load-forecast/2026-load-report-tables.xlsx,"2026 PJM Load Forecast Report, Table B-9","Load Report p.5, Load Adjustments: 'Zones Adjusted to account for: AEP, ATSI, APS, BGE, COMED, DAYTON, DLCO, JCPL, METED, PECO, PEPCO, PL - Growth in data center load'; value from Table B-9 (updated 2/6/2026)"
2026-01-14,PJM-ATSI,zone,"PJM ATSI zone (American Transmission Systems, Inc.)",forecast_adjustment,data_centers,431.0,2029,summer peak adjustment above embedded,,,PJM,https://www.pjm.com/-/media/DotCom/planning/res-adeq/load-forecast/2026-load-report-tables.xlsx,"2026 PJM Load Forecast Report, Table B-9","Load Report p.5, Load Adjustments: 'Zones Adjusted to account for: AEP, ATSI, APS, BGE, COMED, DAYTON, DLCO, JCPL, METED, PECO, PEPCO, PL - Growth in data center load'; value from Table B-9 (updated 2/6/2026)"
2026-01-14,PJM-ATSI,zone,"PJM ATSI zone (American Transmission Systems, Inc.)",forecast_adjustment,data_centers,1129.0,2030,summer peak adjustment above embedded,,,PJM,https://www.pjm.com/-/media/DotCom/planning/res-adeq/load-forecast/2026-load-report-tables.xlsx,"2026 PJM Load Forecast Report, Table B-9","Load Report p.5, Load Adjustments: 'Zones Adjusted to account for: AEP, ATSI, APS, BGE, COMED, DAYTON, DLCO, JCPL, METED, PECO, PEPCO, PL - Growth in data center load'; value from Table B-9 (updated 2/6/2026)"
2026-01-14,PJM-ATSI,zone,"PJM ATSI zone (American Transmission Systems, Inc.)",forecast_adjustment,data_centers,1302.0,2031,summer peak adjustment above embedded,,,PJM,https://www.pjm.com/-/media/DotCom/planning/res-adeq/load-forecast/2026-load-report-tables.xlsx,"2026 PJM Load Forecast Report, Table B-9","Load Report p.5, Load Adjustments: 'Zones Adjusted to account for: AEP, ATSI, APS, BGE, COMED, DAYTON, DLCO, JCPL, METED, PECO, PEPCO, PL - Growth in data center load'; value from Table B-9 (updated 2/6/2026)"
2026-01-14,PJM-ATSI,zone,"PJM ATSI zone (American Transmission Systems, Inc.)",forecast_adjustment,data_centers,1538.0,2032,summer peak adjustment above embedded,,,PJM,https://www.pjm.com/-/media/DotCom/planning/res-adeq/load-forecast/2026-load-report-tables.xlsx,"2026 PJM Load Forecast Report, Table B-9","Load Report p.5, Load Adjustments: 'Zones Adjusted to account for: AEP, ATSI, APS, BGE, COMED, DAYTON, DLCO, JCPL, METED, PECO, PEPCO, PL - Growth in data center load'; value from Table B-9 (updated 2/6/2026)"
2026-01-14,PJM-ATSI,zone,"PJM ATSI zone (American Transmission Systems, Inc.)",forecast_adjustment,data_centers,1823.0,2033,summer peak adjustment above embedded,,,PJM,https://www.pjm.com/-/media/DotCom/planning/res-adeq/load-forecast/2026-load-report-tables.xlsx,"2026 PJM Load Forecast Report, Table B-9","Load Report p.5, Load Adjustments: 'Zones Adjusted to account for: AEP, ATSI, APS, BGE, COMED, DAYTON, DLCO, JCPL, METED, PECO, PEPCO, PL - Growth in data center load'; value from Table B-9 (updated 2/6/2026)"
2026-01-14,PJM-ATSI,zone,"PJM ATSI zone (American Transmission Systems, Inc.)",forecast_adjustment,data_centers,2020.0,2034,summer peak adjustment above embedded,,,PJM,https://www.pjm.com/-/media/DotCom/planning/res-adeq/load-forecast/2026-load-report-tables.xlsx,"2026 PJM Load Forecast Report, Table B-9","Load Report p.5, Load Adjustments: 'Zones Adjusted to account for: AEP, ATSI, APS, BGE, COMED, DAYTON, DLCO, JCPL, METED, PECO, PEPCO, PL - Growth in data center load'; value from Table B-9 (updated 2/6/2026)"
2026-01-14,PJM-ATSI,zone,"PJM ATSI zone (American Transmission Systems, Inc.)",forecast_adjustment,data_centers,2169.0,2035,summer peak adjustment above embedded,,,PJM,https://www.pjm.com/-/media/DotCom/planning/res-adeq/load-forecast/2026-load-report-tables.xlsx,"2026 PJM Load Forecast Report, Table B-9","Load Report p.5, Load Adjustments: 'Zones Adjusted to account for: AEP, ATSI, APS, BGE, COMED, DAYTON, DLCO, JCPL, METED, PECO, PEPCO, PL - Growth in data center load'; value from Table B-9 (updated 2/6/2026)"
2026-01-14,PJM-ATSI,zone,"PJM ATSI zone (American Transmission Systems, Inc.)",forecast_adjustment,data_centers,2211.0,2036,summer peak adjustment above embedded,,,PJM,https://www.pjm.com/-/media/DotCom/planning/res-adeq/load-forecast/2026-load-report-tables.xlsx,"2026 PJM Load Forecast Report, Table B-9","Load Report p.5, Load Adjustments: 'Zones Adjusted to account for: AEP, ATSI, APS, BGE, COMED, DAYTON, DLCO, JCPL, METED, PECO, PEPCO, PL - Growth in data center load'; value from Table B-9 (updated 2/6/2026)"
2026-01-14,PJM-ATSI,zone,"PJM ATSI zone (American Transmission Systems, Inc.)",forecast_adjustment,data_centers,2210.0,2037,summer peak adjustment above embedded,,,PJM,https://www.pjm.com/-/media/DotCom/planning/res-adeq/load-forecast/2026-load-report-tables.xlsx,"2026 PJM Load Forecast Report, Table B-9","Load Report p.5, Load Adjustments: 'Zones Adjusted to account for: AEP, ATSI, APS, BGE, COMED, DAYTON, DLCO, JCPL, METED, PECO, PEPCO, PL - Growth in data center load'; value from Table B-9 (updated 2/6/2026)"
2026-01-14,PJM-ATSI,zone,"PJM ATSI zone (American Transmission Systems, Inc.)",forecast_adjustment,data_centers,2210.0,2038,summer peak adjustment above embedded,,,PJM,https://www.pjm.com/-/media/DotCom/planning/res-adeq/load-forecast/2026-load-report-tables.xlsx,"2026 PJM Load Forecast Report, Table B-9","Load Report p.5, Load Adjustments: 'Zones Adjusted to account for: AEP, ATSI, APS, BGE, COMED, DAYTON, DLCO, JCPL, METED, PECO, PEPCO, PL - Growth in data center load'; value from Table B-9 (updated 2/6/2026)"
2026-01-14,PJM-ATSI,zone,"PJM ATSI zone (American Transmission Systems, Inc.)",forecast_adjustment,data_centers,2209.0,2039,summer peak adjustment above embedded,,,PJM,https://www.pjm.com/-/media/DotCom/planning/res-adeq/load-forecast/2026-load-report-tables.xlsx,"2026 PJM Load Forecast Report, Table B-9","Load Report p.5, Load Adjustments: 'Zones Adjusted to account for: AEP, ATSI, APS, BGE, COMED, DAYTON, DLCO, JCPL, METED, PECO, PEPCO, PL - Growth in data center load'; value from Table B-9 (updated 2/6/2026)"
2026-01-14,PJM-ATSI,zone,"PJM ATSI zone (American Transmission Systems, Inc.)",forecast_adjustment,data_centers,2210.0,2040,summer peak adjustment above embedded,,,PJM,https://www.pjm.com/-/media/DotCom/planning/res-adeq/load-forecast/2026-load-report-tables.xlsx,"2026 PJM Load Forecast Report, Table B-9","Load Report p.5, Load Adjustments: 'Zones Adjusted to account for: AEP, ATSI, APS, BGE, COMED, DAYTON, DLCO, JCPL, METED, PECO, PEPCO, PL - Growth in data center load'; value from Table B-9 (updated 2/6/2026)"
2026-01-14,PJM-ATSI,zone,"PJM ATSI zone (American Transmission Systems, Inc.)",forecast_adjustment,data_centers,2209.0,2041,summer peak adjustment above embedded,,,PJM,https://www.pjm.com/-/media/DotCom/planning/res-adeq/load-forecast/2026-load-report-tables.xlsx,"2026 PJM Load Forecast Report, Table B-9","Load Report p.5, Load Adjustments: 'Zones Adjusted to account for: AEP, ATSI, APS, BGE, COMED, DAYTON, DLCO, JCPL, METED, PECO, PEPCO, PL - Growth in data center load'; value from Table B-9 (updated 2/6/2026)"
2026-01-14,PJM-ATSI,zone,"PJM ATSI zone (American Transmission Systems, Inc.)",forecast_adjustment,data_centers,2209.0,2042,summer peak adjustment above embedded,,,PJM,https://www.pjm.com/-/media/DotCom/planning/res-adeq/load-forecast/2026-load-report-tables.xlsx,"2026 PJM Load Forecast Report, Table B-9","Load Report p.5, Load Adjustments: 'Zones Adjusted to account for: AEP, ATSI, APS, BGE, COMED, DAYTON, DLCO, JCPL, METED, PECO, PEPCO, PL - Growth in data center load'; value from Table B-9 (updated 2/6/2026)"
2026-01-14,PJM-ATSI,zone,"PJM ATSI zone (American Transmission Systems, Inc.)",forecast_adjustment,data_centers,2209.0,2043,summer peak adjustment above embedded,,,PJM,https://www.pjm.com/-/media/DotCom/planning/res-adeq/load-forecast/2026-load-report-tables.xlsx,"2026 PJM Load Forecast Report, Table B-9","Load Report p.5, Load Adjustments: 'Zones Adjusted to account for: AEP, ATSI, APS, BGE, COMED, DAYTON, DLCO, JCPL, METED, PECO, PEPCO, PL - Growth in data center load'; value from Table B-9 (updated 2/6/2026)"
2026-01-14,PJM-ATSI,zone,"PJM ATSI zone (American Transmission Systems, Inc.)",forecast_adjustment,data_centers,2209.0,2044,summer peak adjustment above embedded,,,PJM,https://www.pjm.com/-/media/DotCom/planning/res-adeq/load-forecast/2026-load-report-tables.xlsx,"2026 PJM Load Forecast Report, Table B-9","Load Report p.5, Load Adjustments: 'Zones Adjusted to account for: AEP, ATSI, APS, BGE, COMED, DAYTON, DLCO, JCPL, METED, PECO, PEPCO, PL - Growth in data center load'; value from Table B-9 (updated 2/6/2026)"
2026-01-14,PJM-ATSI,zone,"PJM ATSI zone (American Transmission Systems, Inc.)",forecast_adjustment,data_centers,2210.0,2045,summer peak adjustment above embedded,,,PJM,https://www.pjm.com/-/media/DotCom/planning/res-adeq/load-forecast/2026-load-report-tables.xlsx,"2026 PJM Load Forecast Report, Table B-9","Load Report p.5, Load Adjustments: 'Zones Adjusted to account for: AEP, ATSI, APS, BGE, COMED, DAYTON, DLCO, JCPL, METED, PECO, PEPCO, PL - Growth in data center load'; value from Table B-9 (updated 2/6/2026)"
2026-01-14,PJM-ATSI,zone,"PJM ATSI zone (American Transmission Systems, Inc.)",forecast_adjustment,data_centers,2211.0,2046,summer peak adjustment above embedded,,,PJM,https://www.pjm.com/-/media/DotCom/planning/res-adeq/load-forecast/2026-load-report-tables.xlsx,"2026 PJM Load Forecast Report, Table B-9","Load Report p.5, Load Adjustments: 'Zones Adjusted to account for: AEP, ATSI, APS, BGE, COMED, DAYTON, DLCO, JCPL, METED, PECO, PEPCO, PL - Growth in data center load'; value from Table B-9 (updated 2/6/2026)"
2026-01-14,PJM-BGE,zone,PJM BGE zone (Baltimore Gas and Electric),forecast_adjustment,data_centers,18.0,2026,summer peak adjustment above embedded,,,PJM,https://www.pjm.com/-/media/DotCom/planning/res-adeq/load-forecast/2026-load-report-tables.xlsx,"2026 PJM Load Forecast Report, Table B-9","Load Report p.5, Load Adjustments: 'Zones Adjusted to account for: AEP, ATSI, APS, BGE, COMED, DAYTON, DLCO, JCPL, METED, PECO, PEPCO, PL - Growth in data center load'; value from Table B-9 (updated 2/6/2026)"
2026-01-14,PJM-BGE,zone,PJM BGE zone (Baltimore Gas and Electric),forecast_adjustment,data_centers,25.0,2027,summer peak adjustment above embedded,,,PJM,https://www.pjm.com/-/media/DotCom/planning/res-adeq/load-forecast/2026-load-report-tables.xlsx,"2026 PJM Load Forecast Report, Table B-9","Load Report p.5, Load Adjustments: 'Zones Adjusted to account for: AEP, ATSI, APS, BGE, COMED, DAYTON, DLCO, JCPL, METED, PECO, PEPCO, PL - Growth in data center load'; value from Table B-9 (updated 2/6/2026)"
2026-01-14,PJM-BGE,zone,PJM BGE zone (Baltimore Gas and Electric),forecast_adjustment,data_centers,43.0,2028,summer peak adjustment above embedded,,,PJM,https://www.pjm.com/-/media/DotCom/planning/res-adeq/load-forecast/2026-load-report-tables.xlsx,"2026 PJM Load Forecast Report, Table B-9","Load Report p.5, Load Adjustments: 'Zones Adjusted to account for: AEP, ATSI, APS, BGE, COMED, DAYTON, DLCO, JCPL, METED, PECO, PEPCO, PL - Growth in data center load'; value from Table B-9 (updated 2/6/2026)"
2026-01-14,PJM-BGE,zone,PJM BGE zone (Baltimore Gas and Electric),forecast_adjustment,data_centers,110.0,2029,summer peak adjustment above embedded,,,PJM,https://www.pjm.com/-/media/DotCom/planning/res-adeq/load-forecast/2026-load-report-tables.xlsx,"2026 PJM Load Forecast Report, Table B-9","Load Report p.5, Load Adjustments: 'Zones Adjusted to account for: AEP, ATSI, APS, BGE, COMED, DAYTON, DLCO, JCPL, METED, PECO, PEPCO, PL - Growth in data center load'; value from Table B-9 (updated 2/6/2026)"
2026-01-14,PJM-BGE,zone,PJM BGE zone (Baltimore Gas and Electric),forecast_adjustment,data_centers,176.0,2030,summer peak adjustment above embedded,,,PJM,https://www.pjm.com/-/media/DotCom/planning/res-adeq/load-forecast/2026-load-report-tables.xlsx,"2026 PJM Load Forecast Report, Table B-9","Load Report p.5, Load Adjustments: 'Zones Adjusted to account for: AEP, ATSI, APS, BGE, COMED, DAYTON, DLCO, JCPL, METED, PECO, PEPCO, PL - Growth in data center load'; value from Table B-9 (updated 2/6/2026)"
2026-01-14,PJM-BGE,zone,PJM BGE zone (Baltimore Gas and Electric),forecast_adjustment,data_centers,243.0,2031,summer peak adjustment above embedded,,,PJM,https://www.pjm.com/-/media/DotCom/planning/res-adeq/load-forecast/2026-load-report-tables.xlsx,"2026 PJM Load Forecast Report, Table B-9","Load Report p.5, Load Adjustments: 'Zones Adjusted to account for: AEP, ATSI, APS, BGE, COMED, DAYTON, DLCO, JCPL, METED, PECO, PEPCO, PL - Growth in data center load'; value from Table B-9 (updated 2/6/2026)"
2026-01-14,PJM-BGE,zone,PJM BGE zone (Baltimore Gas and Electric),forecast_adjustment,data_centers,307.0,2032,summer peak adjustment above embedded,,,PJM,https://www.pjm.com/-/media/DotCom/planning/res-adeq/load-forecast/2026-load-report-tables.xlsx,"2026 PJM Load Forecast Report, Table B-9","Load Report p.5, Load Adjustments: 'Zones Adjusted to account for: AEP, ATSI, APS, BGE, COMED, DAYTON, DLCO, JCPL, METED, PECO, PEPCO, PL - Growth in data center load'; value from Table B-9 (updated 2/6/2026)"
2026-01-14,PJM-BGE,zone,PJM BGE zone (Baltimore Gas and Electric),forecast_adjustment,data_centers,355.0,2033,summer peak adjustment above embedded,,,PJM,https://www.pjm.com/-/media/DotCom/planning/res-adeq/load-forecast/2026-load-report-tables.xlsx,"2026 PJM Load Forecast Report, Table B-9","Load Report p.5, Load Adjustments: 'Zones Adjusted to account for: AEP, ATSI, APS, BGE, COMED, DAYTON, DLCO, JCPL, METED, PECO, PEPCO, PL - Growth in data center load'; value from Table B-9 (updated 2/6/2026)"
2026-01-14,PJM-BGE,zone,PJM BGE zone (Baltimore Gas and Electric),forecast_adjustment,data_centers,355.0,2034,summer peak adjustment above embedded,,,PJM,https://www.pjm.com/-/media/DotCom/planning/res-adeq/load-forecast/2026-load-report-tables.xlsx,"2026 PJM Load Forecast Report, Table B-9","Load Report p.5, Load Adjustments: 'Zones Adjusted to account for: AEP, ATSI, APS, BGE, COMED, DAYTON, DLCO, JCPL, METED, PECO, PEPCO, PL - Growth in data center load'; value from Table B-9 (updated 2/6/2026)"
2026-01-14,PJM-BGE,zone,PJM BGE zone (Baltimore Gas and Electric),forecast_adjustment,data_centers,355.0,2035,summer peak adjustment above embedded,,,PJM,https://www.pjm.com/-/media/DotCom/planning/res-adeq/load-forecast/2026-load-report-tables.xlsx,"2026 PJM Load Forecast Report, Table B-9","Load Report p.5, Load Adjustments: 'Zones Adjusted to account for: AEP, ATSI, APS, BGE, COMED, DAYTON, DLCO, JCPL, METED, PECO, PEPCO, PL - Growth in data center load'; value from Table B-9 (updated 2/6/2026)"
2026-01-14,PJM-BGE,zone,PJM BGE zone (Baltimore Gas and Electric),forecast_adjustment,data_centers,355.0,2036,summer peak adjustment above embedded,,,PJM,https://www.pjm.com/-/media/DotCom/planning/res-adeq/load-forecast/2026-load-report-tables.xlsx,"2026 PJM Load Forecast Report, Table B-9","Load Report p.5, Load Adjustments: 'Zones Adjusted to account for: AEP, ATSI, APS, BGE, COMED, DAYTON, DLCO, JCPL, METED, PECO, PEPCO, PL - Growth in data center load'; value from Table B-9 (updated 2/6/2026)"
2026-01-14,PJM-BGE,zone,PJM BGE zone (Baltimore Gas and Electric),forecast_adjustment,data_centers,354.0,2037,summer peak adjustment above embedded,,,PJM,https://www.pjm.com/-/media/DotCom/planning/res-adeq/load-forecast/2026-load-report-tables.xlsx,"2026 PJM Load Forecast Report, Table B-9","Load Report p.5, Load Adjustments: 'Zones Adjusted to account for: AEP, ATSI, APS, BGE, COMED, DAYTON, DLCO, JCPL, METED, PECO, PEPCO, PL - Growth in data center load'; value from Table B-9 (updated 2/6/2026)"
2026-01-14,PJM-BGE,zone,PJM BGE zone (Baltimore Gas and Electric),forecast_adjustment,data_centers,354.0,2038,summer peak adjustment above embedded,,,PJM,https://www.pjm.com/-/media/DotCom/planning/res-adeq/load-forecast/2026-load-report-tables.xlsx,"2026 PJM Load Forecast Report, Table B-9","Load Report p.5, Load Adjustments: 'Zones Adjusted to account for: AEP, ATSI, APS, BGE, COMED, DAYTON, DLCO, JCPL, METED, PECO, PEPCO, PL - Growth in data center load'; value from Table B-9 (updated 2/6/2026)"
2026-01-14,PJM-BGE,zone,PJM BGE zone (Baltimore Gas and Electric),forecast_adjustment,data_centers,354.0,2039,summer peak adjustment above embedded,,,PJM,https://www.pjm.com/-/media/DotCom/planning/res-adeq/load-forecast/2026-load-report-tables.xlsx,"2026 PJM Load Forecast Report, Table B-9","Load Report p.5, Load Adjustments: 'Zones Adjusted to account for: AEP, ATSI, APS, BGE, COMED, DAYTON, DLCO, JCPL, METED, PECO, PEPCO, PL - Growth in data center load'; value from Table B-9 (updated 2/6/2026)"
2026-01-14,PJM-BGE,zone,PJM BGE zone (Baltimore Gas and Electric),forecast_adjustment,data_centers,354.0,2040,summer peak adjustment above embedded,,,PJM,https://www.pjm.com/-/media/DotCom/planning/res-adeq/load-forecast/2026-load-report-tables.xlsx,"2026 PJM Load Forecast Report, Table B-9","Load Report p.5, Load Adjustments: 'Zones Adjusted to account for: AEP, ATSI, APS, BGE, COMED, DAYTON, DLCO, JCPL, METED, PECO, PEPCO, PL - Growth in data center load'; value from Table B-9 (updated 2/6/2026)"
2026-01-14,PJM-BGE,zone,PJM BGE zone (Baltimore Gas and Electric),forecast_adjustment,data_centers,354.0,2041,summer peak adjustment above embedded,,,PJM,https://www.pjm.com/-/media/DotCom/planning/res-adeq/load-forecast/2026-load-report-tables.xlsx,"2026 PJM Load Forecast Report, Table B-9","Load Report p.5, Load Adjustments: 'Zones Adjusted to account for: AEP, ATSI, APS, BGE, COMED, DAYTON, DLCO, JCPL, METED, PECO, PEPCO, PL - Growth in data center load'; value from Table B-9 (updated 2/6/2026)"
2026-01-14,PJM-BGE,zone,PJM BGE zone (Baltimore Gas and Electric),forecast_adjustment,data_centers,354.0,2042,summer peak adjustment above embedded,,,PJM,https://www.pjm.com/-/media/DotCom/planning/res-adeq/load-forecast/2026-load-report-tables.xlsx,"2026 PJM Load Forecast Report, Table B-9","Load Report p.5, Load Adjustments: 'Zones Adjusted to account for: AEP, ATSI, APS, BGE, COMED, DAYTON, DLCO, JCPL, METED, PECO, PEPCO, PL - Growth in data center load'; value from Table B-9 (updated 2/6/2026)"
2026-01-14,PJM-BGE,zone,PJM BGE zone (Baltimore Gas and Electric),forecast_adjustment,data_centers,354.0,2043,summer peak adjustment above embedded,,,PJM,https://www.pjm.com/-/media/DotCom/planning/res-adeq/load-forecast/2026-load-report-tables.xlsx,"2026 PJM Load Forecast Report, Table B-9","Load Report p.5, Load Adjustments: 'Zones Adjusted to account for: AEP, ATSI, APS, BGE, COMED, DAYTON, DLCO, JCPL, METED, PECO, PEPCO, PL - Growth in data center load'; value from Table B-9 (updated 2/6/2026)"
2026-01-14,PJM-BGE,zone,PJM BGE zone (Baltimore Gas and Electric),forecast_adjustment,data_centers,354.0,2044,summer peak adjustment above embedded,,,PJM,https://www.pjm.com/-/media/DotCom/planning/res-adeq/load-forecast/2026-load-report-tables.xlsx,"2026 PJM Load Forecast Report, Table B-9","Load Report p.5, Load Adjustments: 'Zones Adjusted to account for: AEP, ATSI, APS, BGE, COMED, DAYTON, DLCO, JCPL, METED, PECO, PEPCO, PL - Growth in data center load'; value from Table B-9 (updated 2/6/2026)"
2026-01-14,PJM-BGE,zone,PJM BGE zone (Baltimore Gas and Electric),forecast_adjustment,data_centers,354.0,2045,summer peak adjustment above embedded,,,PJM,https://www.pjm.com/-/media/DotCom/planning/res-adeq/load-forecast/2026-load-report-tables.xlsx,"2026 PJM Load Forecast Report, Table B-9","Load Report p.5, Load Adjustments: 'Zones Adjusted to account for: AEP, ATSI, APS, BGE, COMED, DAYTON, DLCO, JCPL, METED, PECO, PEPCO, PL - Growth in data center load'; value from Table B-9 (updated 2/6/2026)"
2026-01-14,PJM-BGE,zone,PJM BGE zone (Baltimore Gas and Electric),forecast_adjustment,data_centers,355.0,2046,summer peak adjustment above embedded,,,PJM,https://www.pjm.com/-/media/DotCom/planning/res-adeq/load-forecast/2026-load-report-tables.xlsx,"2026 PJM Load Forecast Report, Table B-9","Load Report p.5, Load Adjustments: 'Zones Adjusted to account for: AEP, ATSI, APS, BGE, COMED, DAYTON, DLCO, JCPL, METED, PECO, PEPCO, PL - Growth in data center load'; value from Table B-9 (updated 2/6/2026)"
2026-01-14,PJM-COMED,zone,PJM COMED zone (Commonwealth Edison),forecast_adjustment,data_centers,478.0,2026,summer peak adjustment above embedded,,,PJM,https://www.pjm.com/-/media/DotCom/planning/res-adeq/load-forecast/2026-load-report-tables.xlsx,"2026 PJM Load Forecast Report, Table B-9","Load Report p.5, Load Adjustments: 'Zones Adjusted to account for: AEP, ATSI, APS, BGE, COMED, DAYTON, DLCO, JCPL, METED, PECO, PEPCO, PL - Growth in data center load'; value from Table B-9 (updated 2/6/2026)"
2026-01-14,PJM-COMED,zone,PJM COMED zone (Commonwealth Edison),forecast_adjustment,data_centers,861.0,2027,summer peak adjustment above embedded,,,PJM,https://www.pjm.com/-/media/DotCom/planning/res-adeq/load-forecast/2026-load-report-tables.xlsx,"2026 PJM Load Forecast Report, Table B-9","Load Report p.5, Load Adjustments: 'Zones Adjusted to account for: AEP, ATSI, APS, BGE, COMED, DAYTON, DLCO, JCPL, METED, PECO, PEPCO, PL - Growth in data center load'; value from Table B-9 (updated 2/6/2026)"
2026-01-14,PJM-COMED,zone,PJM COMED zone (Commonwealth Edison),forecast_adjustment,data_centers,1663.0,2028,summer peak adjustment above embedded,,,PJM,https://www.pjm.com/-/media/DotCom/planning/res-adeq/load-forecast/2026-load-report-tables.xlsx,"2026 PJM Load Forecast Report, Table B-9","Load Report p.5, Load Adjustments: 'Zones Adjusted to account for: AEP, ATSI, APS, BGE, COMED, DAYTON, DLCO, JCPL, METED, PECO, PEPCO, PL - Growth in data center load'; value from Table B-9 (updated 2/6/2026)"
2026-01-14,PJM-COMED,zone,PJM COMED zone (Commonwealth Edison),forecast_adjustment,data_centers,3128.0,2029,summer peak adjustment above embedded,,,PJM,https://www.pjm.com/-/media/DotCom/planning/res-adeq/load-forecast/2026-load-report-tables.xlsx,"2026 PJM Load Forecast Report, Table B-9","Load Report p.5, Load Adjustments: 'Zones Adjusted to account for: AEP, ATSI, APS, BGE, COMED, DAYTON, DLCO, JCPL, METED, PECO, PEPCO, PL - Growth in data center load'; value from Table B-9 (updated 2/6/2026)"
2026-01-14,PJM-COMED,zone,PJM COMED zone (Commonwealth Edison),forecast_adjustment,data_centers,4838.0,2030,summer peak adjustment above embedded,,,PJM,https://www.pjm.com/-/media/DotCom/planning/res-adeq/load-forecast/2026-load-report-tables.xlsx,"2026 PJM Load Forecast Report, Table B-9","Load Report p.5, Load Adjustments: 'Zones Adjusted to account for: AEP, ATSI, APS, BGE, COMED, DAYTON, DLCO, JCPL, METED, PECO, PEPCO, PL - Growth in data center load'; value from Table B-9 (updated 2/6/2026)"
2026-01-14,PJM-COMED,zone,PJM COMED zone (Commonwealth Edison),forecast_adjustment,data_centers,6479.0,2031,summer peak adjustment above embedded,,,PJM,https://www.pjm.com/-/media/DotCom/planning/res-adeq/load-forecast/2026-load-report-tables.xlsx,"2026 PJM Load Forecast Report, Table B-9","Load Report p.5, Load Adjustments: 'Zones Adjusted to account for: AEP, ATSI, APS, BGE, COMED, DAYTON, DLCO, JCPL, METED, PECO, PEPCO, PL - Growth in data center load'; value from Table B-9 (updated 2/6/2026)"
2026-01-14,PJM-COMED,zone,PJM COMED zone (Commonwealth Edison),forecast_adjustment,data_centers,8144.0,2032,summer peak adjustment above embedded,,,PJM,https://www.pjm.com/-/media/DotCom/planning/res-adeq/load-forecast/2026-load-report-tables.xlsx,"2026 PJM Load Forecast Report, Table B-9","Load Report p.5, Load Adjustments: 'Zones Adjusted to account for: AEP, ATSI, APS, BGE, COMED, DAYTON, DLCO, JCPL, METED, PECO, PEPCO, PL - Growth in data center load'; value from Table B-9 (updated 2/6/2026)"
2026-01-14,PJM-COMED,zone,PJM COMED zone (Commonwealth Edison),forecast_adjustment,data_centers,9520.0,2033,summer peak adjustment above embedded,,,PJM,https://www.pjm.com/-/media/DotCom/planning/res-adeq/load-forecast/2026-load-report-tables.xlsx,"2026 PJM Load Forecast Report, Table B-9","Load Report p.5, Load Adjustments: 'Zones Adjusted to account for: AEP, ATSI, APS, BGE, COMED, DAYTON, DLCO, JCPL, METED, PECO, PEPCO, PL - Growth in data center load'; value from Table B-9 (updated 2/6/2026)"
2026-01-14,PJM-COMED,zone,PJM COMED zone (Commonwealth Edison),forecast_adjustment,data_centers,10146.0,2034,summer peak adjustment above embedded,,,PJM,https://www.pjm.com/-/media/DotCom/planning/res-adeq/load-forecast/2026-load-report-tables.xlsx,"2026 PJM Load Forecast Report, Table B-9","Load Report p.5, Load Adjustments: 'Zones Adjusted to account for: AEP, ATSI, APS, BGE, COMED, DAYTON, DLCO, JCPL, METED, PECO, PEPCO, PL - Growth in data center load'; value from Table B-9 (updated 2/6/2026)"
2026-01-14,PJM-COMED,zone,PJM COMED zone (Commonwealth Edison),forecast_adjustment,data_centers,10383.0,2035,summer peak adjustment above embedded,,,PJM,https://www.pjm.com/-/media/DotCom/planning/res-adeq/load-forecast/2026-load-report-tables.xlsx,"2026 PJM Load Forecast Report, Table B-9","Load Report p.5, Load Adjustments: 'Zones Adjusted to account for: AEP, ATSI, APS, BGE, COMED, DAYTON, DLCO, JCPL, METED, PECO, PEPCO, PL - Growth in data center load'; value from Table B-9 (updated 2/6/2026)"
2026-01-14,PJM-COMED,zone,PJM COMED zone (Commonwealth Edison),forecast_adjustment,data_centers,10405.0,2036,summer peak adjustment above embedded,,,PJM,https://www.pjm.com/-/media/DotCom/planning/res-adeq/load-forecast/2026-load-report-tables.xlsx,"2026 PJM Load Forecast Report, Table B-9","Load Report p.5, Load Adjustments: 'Zones Adjusted to account for: AEP, ATSI, APS, BGE, COMED, DAYTON, DLCO, JCPL, METED, PECO, PEPCO, PL - Growth in data center load'; value from Table B-9 (updated 2/6/2026)"
2026-01-14,PJM-COMED,zone,PJM COMED zone (Commonwealth Edison),forecast_adjustment,data_centers,10459.0,2037,summer peak adjustment above embedded,,,PJM,https://www.pjm.com/-/media/DotCom/planning/res-adeq/load-forecast/2026-load-report-tables.xlsx,"2026 PJM Load Forecast Report, Table B-9","Load Report p.5, Load Adjustments: 'Zones Adjusted to account for: AEP, ATSI, APS, BGE, COMED, DAYTON, DLCO, JCPL, METED, PECO, PEPCO, PL - Growth in data center load'; value from Table B-9 (updated 2/6/2026)"
2026-01-14,PJM-COMED,zone,PJM COMED zone (Commonwealth Edison),forecast_adjustment,data_centers,10479.0,2038,summer peak adjustment above embedded,,,PJM,https://www.pjm.com/-/media/DotCom/planning/res-adeq/load-forecast/2026-load-report-tables.xlsx,"2026 PJM Load Forecast Report, Table B-9","Load Report p.5, Load Adjustments: 'Zones Adjusted to account for: AEP, ATSI, APS, BGE, COMED, DAYTON, DLCO, JCPL, METED, PECO, PEPCO, PL - Growth in data center load'; value from Table B-9 (updated 2/6/2026)"
2026-01-14,PJM-COMED,zone,PJM COMED zone (Commonwealth Edison),forecast_adjustment,data_centers,10497.0,2039,summer peak adjustment above embedded,,,PJM,https://www.pjm.com/-/media/DotCom/planning/res-adeq/load-forecast/2026-load-report-tables.xlsx,"2026 PJM Load Forecast Report, Table B-9","Load Report p.5, Load Adjustments: 'Zones Adjusted to account for: AEP, ATSI, APS, BGE, COMED, DAYTON, DLCO, JCPL, METED, PECO, PEPCO, PL - Growth in data center load'; value from Table B-9 (updated 2/6/2026)"
2026-01-14,PJM-COMED,zone,PJM COMED zone (Commonwealth Edison),forecast_adjustment,data_centers,10512.0,2040,summer peak adjustment above embedded,,,PJM,https://www.pjm.com/-/media/DotCom/planning/res-adeq/load-forecast/2026-load-report-tables.xlsx,"2026 PJM Load Forecast Report, Table B-9","Load Report p.5, Load Adjustments: 'Zones Adjusted to account for: AEP, ATSI, APS, BGE, COMED, DAYTON, DLCO, JCPL, METED, PECO, PEPCO, PL - Growth in data center load'; value from Table B-9 (updated 2/6/2026)"
2026-01-14,PJM-COMED,zone,PJM COMED zone (Commonwealth Edison),forecast_adjustment,data_centers,10483.0,2041,summer peak adjustment above embedded,,,PJM,https://www.pjm.com/-/media/DotCom/planning/res-adeq/load-forecast/2026-load-report-tables.xlsx,"2026 PJM Load Forecast Report, Table B-9","Load Report p.5, Load Adjustments: 'Zones Adjusted to account for: AEP, ATSI, APS, BGE, COMED, DAYTON, DLCO, JCPL, METED, PECO, PEPCO, PL - Growth in data center load'; value from Table B-9 (updated 2/6/2026)"
2026-01-14,PJM-COMED,zone,PJM COMED zone (Commonwealth Edison),forecast_adjustment,data_centers,10479.0,2042,summer peak adjustment above embedded,,,PJM,https://www.pjm.com/-/media/DotCom/planning/res-adeq/load-forecast/2026-load-report-tables.xlsx,"2026 PJM Load Forecast Report, Table B-9","Load Report p.5, Load Adjustments: 'Zones Adjusted to account for: AEP, ATSI, APS, BGE, COMED, DAYTON, DLCO, JCPL, METED, PECO, PEPCO, PL - Growth in data center load'; value from Table B-9 (updated 2/6/2026)"
2026-01-14,PJM-COMED,zone,PJM COMED zone (Commonwealth Edison),forecast_adjustment,data_centers,10474.0,2043,summer peak adjustment above embedded,,,PJM,https://www.pjm.com/-/media/DotCom/planning/res-adeq/load-forecast/2026-load-report-tables.xlsx,"2026 PJM Load Forecast Report, Table B-9","Load Report p.5, Load Adjustments: 'Zones Adjusted to account for: AEP, ATSI, APS, BGE, COMED, DAYTON, DLCO, JCPL, METED, PECO, PEPCO, PL - Growth in data center load'; value from Table B-9 (updated 2/6/2026)"
2026-01-14,PJM-COMED,zone,PJM COMED zone (Commonwealth Edison),forecast_adjustment,data_centers,10483.0,2044,summer peak adjustment above embedded,,,PJM,https://www.pjm.com/-/media/DotCom/planning/res-adeq/load-forecast/2026-load-report-tables.xlsx,"2026 PJM Load Forecast Report, Table B-9","Load Report p.5, Load Adjustments: 'Zones Adjusted to account for: AEP, ATSI, APS, BGE, COMED, DAYTON, DLCO, JCPL, METED, PECO, PEPCO, PL - Growth in data center load'; value from Table B-9 (updated 2/6/2026)"
2026-01-14,PJM-COMED,zone,PJM COMED zone (Commonwealth Edison),forecast_adjustment,data_centers,10511.0,2045,summer peak adjustment above embedded,,,PJM,https://www.pjm.com/-/media/DotCom/planning/res-adeq/load-forecast/2026-load-report-tables.xlsx,"2026 PJM Load Forecast Report, Table B-9","Load Report p.5, Load Adjustments: 'Zones Adjusted to account for: AEP, ATSI, APS, BGE, COMED, DAYTON, DLCO, JCPL, METED, PECO, PEPCO, PL - Growth in data center load'; value from Table B-9 (updated 2/6/2026)"
2026-01-14,PJM-COMED,zone,PJM COMED zone (Commonwealth Edison),forecast_adjustment,data_centers,10486.0,2046,summer peak adjustment above embedded,,,PJM,https://www.pjm.com/-/media/DotCom/planning/res-adeq/load-forecast/2026-load-report-tables.xlsx,"2026 PJM Load Forecast Report, Table B-9","Load Report p.5, Load Adjustments: 'Zones Adjusted to account for: AEP, ATSI, APS, BGE, COMED, DAYTON, DLCO, JCPL, METED, PECO, PEPCO, PL - Growth in data center load'; value from Table B-9 (updated 2/6/2026)"
2026-01-14,PJM-DAYTON,zone,PJM DAYTON zone (Dayton Power and Light),forecast_adjustment,data_centers,0.0,2026,summer peak adjustment above embedded,,,PJM,https://www.pjm.com/-/media/DotCom/planning/res-adeq/load-forecast/2026-load-report-tables.xlsx,"2026 PJM Load Forecast Report, Table B-9","Load Report p.5, Load Adjustments: 'Zones Adjusted to account for: AEP, ATSI, APS, BGE, COMED, DAYTON, DLCO, JCPL, METED, PECO, PEPCO, PL - Growth in data center load'; value from Table B-9 (updated 2/6/2026)"
2026-01-14,PJM-DAYTON,zone,PJM DAYTON zone (Dayton Power and Light),forecast_adjustment,data_centers,144.0,2027,summer peak adjustment above embedded,,,PJM,https://www.pjm.com/-/media/DotCom/planning/res-adeq/load-forecast/2026-load-report-tables.xlsx,"2026 PJM Load Forecast Report, Table B-9","Load Report p.5, Load Adjustments: 'Zones Adjusted to account for: AEP, ATSI, APS, BGE, COMED, DAYTON, DLCO, JCPL, METED, PECO, PEPCO, PL - Growth in data center load'; value from Table B-9 (updated 2/6/2026)"
2026-01-14,PJM-DAYTON,zone,PJM DAYTON zone (Dayton Power and Light),forecast_adjustment,data_centers,277.0,2028,summer peak adjustment above embedded,,,PJM,https://www.pjm.com/-/media/DotCom/planning/res-adeq/load-forecast/2026-load-report-tables.xlsx,"2026 PJM Load Forecast Report, Table B-9","Load Report p.5, Load Adjustments: 'Zones Adjusted to account for: AEP, ATSI, APS, BGE, COMED, DAYTON, DLCO, JCPL, METED, PECO, PEPCO, PL - Growth in data center load'; value from Table B-9 (updated 2/6/2026)"
2026-01-14,PJM-DAYTON,zone,PJM DAYTON zone (Dayton Power and Light),forecast_adjustment,data_centers,411.0,2029,summer peak adjustment above embedded,,,PJM,https://www.pjm.com/-/media/DotCom/planning/res-adeq/load-forecast/2026-load-report-tables.xlsx,"2026 PJM Load Forecast Report, Table B-9","Load Report p.5, Load Adjustments: 'Zones Adjusted to account for: AEP, ATSI, APS, BGE, COMED, DAYTON, DLCO, JCPL, METED, PECO, PEPCO, PL - Growth in data center load'; value from Table B-9 (updated 2/6/2026)"
2026-01-14,PJM-DAYTON,zone,PJM DAYTON zone (Dayton Power and Light),forecast_adjustment,data_centers,954.0,2030,summer peak adjustment above embedded,,,PJM,https://www.pjm.com/-/media/DotCom/planning/res-adeq/load-forecast/2026-load-report-tables.xlsx,"2026 PJM Load Forecast Report, Table B-9","Load Report p.5, Load Adjustments: 'Zones Adjusted to account for: AEP, ATSI, APS, BGE, COMED, DAYTON, DLCO, JCPL, METED, PECO, PEPCO, PL - Growth in data center load'; value from Table B-9 (updated 2/6/2026)"
2026-01-14,PJM-DAYTON,zone,PJM DAYTON zone (Dayton Power and Light),forecast_adjustment,data_centers,1392.0,2031,summer peak adjustment above embedded,,,PJM,https://www.pjm.com/-/media/DotCom/planning/res-adeq/load-forecast/2026-load-report-tables.xlsx,"2026 PJM Load Forecast Report, Table B-9","Load Report p.5, Load Adjustments: 'Zones Adjusted to account for: AEP, ATSI, APS, BGE, COMED, DAYTON, DLCO, JCPL, METED, PECO, PEPCO, PL - Growth in data center load'; value from Table B-9 (updated 2/6/2026)"
2026-01-14,PJM-DAYTON,zone,PJM DAYTON zone (Dayton Power and Light),forecast_adjustment,data_centers,1821.0,2032,summer peak adjustment above embedded,,,PJM,https://www.pjm.com/-/media/DotCom/planning/res-adeq/load-forecast/2026-load-report-tables.xlsx,"2026 PJM Load Forecast Report, Table B-9","Load Report p.5, Load Adjustments: 'Zones Adjusted to account for: AEP, ATSI, APS, BGE, COMED, DAYTON, DLCO, JCPL, METED, PECO, PEPCO, PL - Growth in data center load'; value from Table B-9 (updated 2/6/2026)"
2026-01-14,PJM-DAYTON,zone,PJM DAYTON zone (Dayton Power and Light),forecast_adjustment,data_centers,2144.0,2033,summer peak adjustment above embedded,,,PJM,https://www.pjm.com/-/media/DotCom/planning/res-adeq/load-forecast/2026-load-report-tables.xlsx,"2026 PJM Load Forecast Report, Table B-9","Load Report p.5, Load Adjustments: 'Zones Adjusted to account for: AEP, ATSI, APS, BGE, COMED, DAYTON, DLCO, JCPL, METED, PECO, PEPCO, PL - Growth in data center load'; value from Table B-9 (updated 2/6/2026)"
2026-01-14,PJM-DAYTON,zone,PJM DAYTON zone (Dayton Power and Light),forecast_adjustment,data_centers,2242.0,2034,summer peak adjustment above embedded,,,PJM,https://www.pjm.com/-/media/DotCom/planning/res-adeq/load-forecast/2026-load-report-tables.xlsx,"2026 PJM Load Forecast Report, Table B-9","Load Report p.5, Load Adjustments: 'Zones Adjusted to account for: AEP, ATSI, APS, BGE, COMED, DAYTON, DLCO, JCPL, METED, PECO, PEPCO, PL - Growth in data center load'; value from Table B-9 (updated 2/6/2026)"
2026-01-14,PJM-DAYTON,zone,PJM DAYTON zone (Dayton Power and Light),forecast_adjustment,data_centers,2242.0,2035,summer peak adjustment above embedded,,,PJM,https://www.pjm.com/-/media/DotCom/planning/res-adeq/load-forecast/2026-load-report-tables.xlsx,"2026 PJM Load Forecast Report, Table B-9","Load Report p.5, Load Adjustments: 'Zones Adjusted to account for: AEP, ATSI, APS, BGE, COMED, DAYTON, DLCO, JCPL, METED, PECO, PEPCO, PL - Growth in data center load'; value from Table B-9 (updated 2/6/2026)"
2026-01-14,PJM-DAYTON,zone,PJM DAYTON zone (Dayton Power and Light),forecast_adjustment,data_centers,2241.0,2036,summer peak adjustment above embedded,,,PJM,https://www.pjm.com/-/media/DotCom/planning/res-adeq/load-forecast/2026-load-report-tables.xlsx,"2026 PJM Load Forecast Report, Table B-9","Load Report p.5, Load Adjustments: 'Zones Adjusted to account for: AEP, ATSI, APS, BGE, COMED, DAYTON, DLCO, JCPL, METED, PECO, PEPCO, PL - Growth in data center load'; value from Table B-9 (updated 2/6/2026)"
2026-01-14,PJM-DAYTON,zone,PJM DAYTON zone (Dayton Power and Light),forecast_adjustment,data_centers,2241.0,2037,summer peak adjustment above embedded,,,PJM,https://www.pjm.com/-/media/DotCom/planning/res-adeq/load-forecast/2026-load-report-tables.xlsx,"2026 PJM Load Forecast Report, Table B-9","Load Report p.5, Load Adjustments: 'Zones Adjusted to account for: AEP, ATSI, APS, BGE, COMED, DAYTON, DLCO, JCPL, METED, PECO, PEPCO, PL - Growth in data center load'; value from Table B-9 (updated 2/6/2026)"
2026-01-14,PJM-DAYTON,zone,PJM DAYTON zone (Dayton Power and Light),forecast_adjustment,data_centers,2241.0,2038,summer peak adjustment above embedded,,,PJM,https://www.pjm.com/-/media/DotCom/planning/res-adeq/load-forecast/2026-load-report-tables.xlsx,"2026 PJM Load Forecast Report, Table B-9","Load Report p.5, Load Adjustments: 'Zones Adjusted to account for: AEP, ATSI, APS, BGE, COMED, DAYTON, DLCO, JCPL, METED, PECO, PEPCO, PL - Growth in data center load'; value from Table B-9 (updated 2/6/2026)"
2026-01-14,PJM-DAYTON,zone,PJM DAYTON zone (Dayton Power and Light),forecast_adjustment,data_centers,2241.0,2039,summer peak adjustment above embedded,,,PJM,https://www.pjm.com/-/media/DotCom/planning/res-adeq/load-forecast/2026-load-report-tables.xlsx,"2026 PJM Load Forecast Report, Table B-9","Load Report p.5, Load Adjustments: 'Zones Adjusted to account for: AEP, ATSI, APS, BGE, COMED, DAYTON, DLCO, JCPL, METED, PECO, PEPCO, PL - Growth in data center load'; value from Table B-9 (updated 2/6/2026)"
2026-01-14,PJM-DAYTON,zone,PJM DAYTON zone (Dayton Power and Light),forecast_adjustment,data_centers,2241.0,2040,summer peak adjustment above embedded,,,PJM,https://www.pjm.com/-/media/DotCom/planning/res-adeq/load-forecast/2026-load-report-tables.xlsx,"2026 PJM Load Forecast Report, Table B-9","Load Report p.5, Load Adjustments: 'Zones Adjusted to account for: AEP, ATSI, APS, BGE, COMED, DAYTON, DLCO, JCPL, METED, PECO, PEPCO, PL - Growth in data center load'; value from Table B-9 (updated 2/6/2026)"
2026-01-14,PJM-DAYTON,zone,PJM DAYTON zone (Dayton Power and Light),forecast_adjustment,data_centers,2241.0,2041,summer peak adjustment above embedded,,,PJM,https://www.pjm.com/-/media/DotCom/planning/res-adeq/load-forecast/2026-load-report-tables.xlsx,"2026 PJM Load Forecast Report, Table B-9","Load Report p.5, Load Adjustments: 'Zones Adjusted to account for: AEP, ATSI, APS, BGE, COMED, DAYTON, DLCO, JCPL, METED, PECO, PEPCO, PL - Growth in data center load'; value from Table B-9 (updated 2/6/2026)"
2026-01-14,PJM-DAYTON,zone,PJM DAYTON zone (Dayton Power and Light),forecast_adjustment,data_centers,2241.0,2042,summer peak adjustment above embedded,,,PJM,https://www.pjm.com/-/media/DotCom/planning/res-adeq/load-forecast/2026-load-report-tables.xlsx,"2026 PJM Load Forecast Report, Table B-9","Load Report p.5, Load Adjustments: 'Zones Adjusted to account for: AEP, ATSI, APS, BGE, COMED, DAYTON, DLCO, JCPL, METED, PECO, PEPCO, PL - Growth in data center load'; value from Table B-9 (updated 2/6/2026)"
2026-01-14,PJM-DAYTON,zone,PJM DAYTON zone (Dayton Power and Light),forecast_adjustment,data_centers,2241.0,2043,summer peak adjustment above embedded,,,PJM,https://www.pjm.com/-/media/DotCom/planning/res-adeq/load-forecast/2026-load-report-tables.xlsx,"2026 PJM Load Forecast Report, Table B-9","Load Report p.5, Load Adjustments: 'Zones Adjusted to account for: AEP, ATSI, APS, BGE, COMED, DAYTON, DLCO, JCPL, METED, PECO, PEPCO, PL - Growth in data center load'; value from Table B-9 (updated 2/6/2026)"
2026-01-14,PJM-DAYTON,zone,PJM DAYTON zone (Dayton Power and Light),forecast_adjustment,data_centers,2242.0,2044,summer peak adjustment above embedded,,,PJM,https://www.pjm.com/-/media/DotCom/planning/res-adeq/load-forecast/2026-load-report-tables.xlsx,"2026 PJM Load Forecast Report, Table B-9","Load Report p.5, Load Adjustments: 'Zones Adjusted to account for: AEP, ATSI, APS, BGE, COMED, DAYTON, DLCO, JCPL, METED, PECO, PEPCO, PL - Growth in data center load'; value from Table B-9 (updated 2/6/2026)"
2026-01-14,PJM-DAYTON,zone,PJM DAYTON zone (Dayton Power and Light),forecast_adjustment,data_centers,2243.0,2045,summer peak adjustment above embedded,,,PJM,https://www.pjm.com/-/media/DotCom/planning/res-adeq/load-forecast/2026-load-report-tables.xlsx,"2026 PJM Load Forecast Report, Table B-9","Load Report p.5, Load Adjustments: 'Zones Adjusted to account for: AEP, ATSI, APS, BGE, COMED, DAYTON, DLCO, JCPL, METED, PECO, PEPCO, PL - Growth in data center load'; value from Table B-9 (updated 2/6/2026)"
2026-01-14,PJM-DAYTON,zone,PJM DAYTON zone (Dayton Power and Light),forecast_adjustment,data_centers,2244.0,2046,summer peak adjustment above embedded,,,PJM,https://www.pjm.com/-/media/DotCom/planning/res-adeq/load-forecast/2026-load-report-tables.xlsx,"2026 PJM Load Forecast Report, Table B-9","Load Report p.5, Load Adjustments: 'Zones Adjusted to account for: AEP, ATSI, APS, BGE, COMED, DAYTON, DLCO, JCPL, METED, PECO, PEPCO, PL - Growth in data center load'; value from Table B-9 (updated 2/6/2026)"
2026-01-14,PJM-DLCO,zone,PJM DLCO zone (Duquesne Light),forecast_adjustment,data_centers,0.0,2026,summer peak adjustment above embedded,,,PJM,https://www.pjm.com/-/media/DotCom/planning/res-adeq/load-forecast/2026-load-report-tables.xlsx,"2026 PJM Load Forecast Report, Table B-9","Load Report p.5, Load Adjustments: 'Zones Adjusted to account for: AEP, ATSI, APS, BGE, COMED, DAYTON, DLCO, JCPL, METED, PECO, PEPCO, PL - Growth in data center load'; value from Table B-9 (updated 2/6/2026)"
2026-01-14,PJM-DLCO,zone,PJM DLCO zone (Duquesne Light),forecast_adjustment,data_centers,0.0,2027,summer peak adjustment above embedded,,,PJM,https://www.pjm.com/-/media/DotCom/planning/res-adeq/load-forecast/2026-load-report-tables.xlsx,"2026 PJM Load Forecast Report, Table B-9","Load Report p.5, Load Adjustments: 'Zones Adjusted to account for: AEP, ATSI, APS, BGE, COMED, DAYTON, DLCO, JCPL, METED, PECO, PEPCO, PL - Growth in data center load'; value from Table B-9 (updated 2/6/2026)"
2026-01-14,PJM-DLCO,zone,PJM DLCO zone (Duquesne Light),forecast_adjustment,data_centers,0.0,2028,summer peak adjustment above embedded,,,PJM,https://www.pjm.com/-/media/DotCom/planning/res-adeq/load-forecast/2026-load-report-tables.xlsx,"2026 PJM Load Forecast Report, Table B-9","Load Report p.5, Load Adjustments: 'Zones Adjusted to account for: AEP, ATSI, APS, BGE, COMED, DAYTON, DLCO, JCPL, METED, PECO, PEPCO, PL - Growth in data center load'; value from Table B-9 (updated 2/6/2026)"
2026-01-14,PJM-DLCO,zone,PJM DLCO zone (Duquesne Light),forecast_adjustment,data_centers,0.0,2029,summer peak adjustment above embedded,,,PJM,https://www.pjm.com/-/media/DotCom/planning/res-adeq/load-forecast/2026-load-report-tables.xlsx,"2026 PJM Load Forecast Report, Table B-9","Load Report p.5, Load Adjustments: 'Zones Adjusted to account for: AEP, ATSI, APS, BGE, COMED, DAYTON, DLCO, JCPL, METED, PECO, PEPCO, PL - Growth in data center load'; value from Table B-9 (updated 2/6/2026)"
2026-01-14,PJM-DLCO,zone,PJM DLCO zone (Duquesne Light),forecast_adjustment,data_centers,46.0,2030,summer peak adjustment above embedded,,,PJM,https://www.pjm.com/-/media/DotCom/planning/res-adeq/load-forecast/2026-load-report-tables.xlsx,"2026 PJM Load Forecast Report, Table B-9","Load Report p.5, Load Adjustments: 'Zones Adjusted to account for: AEP, ATSI, APS, BGE, COMED, DAYTON, DLCO, JCPL, METED, PECO, PEPCO, PL - Growth in data center load'; value from Table B-9 (updated 2/6/2026)"
2026-01-14,PJM-DLCO,zone,PJM DLCO zone (Duquesne Light),forecast_adjustment,data_centers,75.0,2031,summer peak adjustment above embedded,,,PJM,https://www.pjm.com/-/media/DotCom/planning/res-adeq/load-forecast/2026-load-report-tables.xlsx,"2026 PJM Load Forecast Report, Table B-9","Load Report p.5, Load Adjustments: 'Zones Adjusted to account for: AEP, ATSI, APS, BGE, COMED, DAYTON, DLCO, JCPL, METED, PECO, PEPCO, PL - Growth in data center load'; value from Table B-9 (updated 2/6/2026)"
2026-01-14,PJM-DLCO,zone,PJM DLCO zone (Duquesne Light),forecast_adjustment,data_centers,87.0,2032,summer peak adjustment above embedded,,,PJM,https://www.pjm.com/-/media/DotCom/planning/res-adeq/load-forecast/2026-load-report-tables.xlsx,"2026 PJM Load Forecast Report, Table B-9","Load Report p.5, Load Adjustments: 'Zones Adjusted to account for: AEP, ATSI, APS, BGE, COMED, DAYTON, DLCO, JCPL, METED, PECO, PEPCO, PL - Growth in data center load'; value from Table B-9 (updated 2/6/2026)"
2026-01-14,PJM-DLCO,zone,PJM DLCO zone (Duquesne Light),forecast_adjustment,data_centers,87.0,2033,summer peak adjustment above embedded,,,PJM,https://www.pjm.com/-/media/DotCom/planning/res-adeq/load-forecast/2026-load-report-tables.xlsx,"2026 PJM Load Forecast Report, Table B-9","Load Report p.5, Load Adjustments: 'Zones Adjusted to account for: AEP, ATSI, APS, BGE, COMED, DAYTON, DLCO, JCPL, METED, PECO, PEPCO, PL - Growth in data center load'; value from Table B-9 (updated 2/6/2026)"
2026-01-14,PJM-DLCO,zone,PJM DLCO zone (Duquesne Light),forecast_adjustment,data_centers,87.0,2034,summer peak adjustment above embedded,,,PJM,https://www.pjm.com/-/media/DotCom/planning/res-adeq/load-forecast/2026-load-report-tables.xlsx,"2026 PJM Load Forecast Report, Table B-9","Load Report p.5, Load Adjustments: 'Zones Adjusted to account for: AEP, ATSI, APS, BGE, COMED, DAYTON, DLCO, JCPL, METED, PECO, PEPCO, PL - Growth in data center load'; value from Table B-9 (updated 2/6/2026)"
2026-01-14,PJM-DLCO,zone,PJM DLCO zone (Duquesne Light),forecast_adjustment,data_centers,87.0,2035,summer peak adjustment above embedded,,,PJM,https://www.pjm.com/-/media/DotCom/planning/res-adeq/load-forecast/2026-load-report-tables.xlsx,"2026 PJM Load Forecast Report, Table B-9","Load Report p.5, Load Adjustments: 'Zones Adjusted to account for: AEP, ATSI, APS, BGE, COMED, DAYTON, DLCO, JCPL, METED, PECO, PEPCO, PL - Growth in data center load'; value from Table B-9 (updated 2/6/2026)"
2026-01-14,PJM-DLCO,zone,PJM DLCO zone (Duquesne Light),forecast_adjustment,data_centers,87.0,2036,summer peak adjustment above embedded,,,PJM,https://www.pjm.com/-/media/DotCom/planning/res-adeq/load-forecast/2026-load-report-tables.xlsx,"2026 PJM Load Forecast Report, Table B-9","Load Report p.5, Load Adjustments: 'Zones Adjusted to account for: AEP, ATSI, APS, BGE, COMED, DAYTON, DLCO, JCPL, METED, PECO, PEPCO, PL - Growth in data center load'; value from Table B-9 (updated 2/6/2026)"
2026-01-14,PJM-DLCO,zone,PJM DLCO zone (Duquesne Light),forecast_adjustment,data_centers,87.0,2037,summer peak adjustment above embedded,,,PJM,https://www.pjm.com/-/media/DotCom/planning/res-adeq/load-forecast/2026-load-report-tables.xlsx,"2026 PJM Load Forecast Report, Table B-9","Load Report p.5, Load Adjustments: 'Zones Adjusted to account for: AEP, ATSI, APS, BGE, COMED, DAYTON, DLCO, JCPL, METED, PECO, PEPCO, PL - Growth in data center load'; value from Table B-9 (updated 2/6/2026)"
2026-01-14,PJM-DLCO,zone,PJM DLCO zone (Duquesne Light),forecast_adjustment,data_centers,87.0,2038,summer peak adjustment above embedded,,,PJM,https://www.pjm.com/-/media/DotCom/planning/res-adeq/load-forecast/2026-load-report-tables.xlsx,"2026 PJM Load Forecast Report, Table B-9","Load Report p.5, Load Adjustments: 'Zones Adjusted to account for: AEP, ATSI, APS, BGE, COMED, DAYTON, DLCO, JCPL, METED, PECO, PEPCO, PL - Growth in data center load'; value from Table B-9 (updated 2/6/2026)"
2026-01-14,PJM-DLCO,zone,PJM DLCO zone (Duquesne Light),forecast_adjustment,data_centers,87.0,2039,summer peak adjustment above embedded,,,PJM,https://www.pjm.com/-/media/DotCom/planning/res-adeq/load-forecast/2026-load-report-tables.xlsx,"2026 PJM Load Forecast Report, Table B-9","Load Report p.5, Load Adjustments: 'Zones Adjusted to account for: AEP, ATSI, APS, BGE, COMED, DAYTON, DLCO, JCPL, METED, PECO, PEPCO, PL - Growth in data center load'; value from Table B-9 (updated 2/6/2026)"
2026-01-14,PJM-DLCO,zone,PJM DLCO zone (Duquesne Light),forecast_adjustment,data_centers,87.0,2040,summer peak adjustment above embedded,,,PJM,https://www.pjm.com/-/media/DotCom/planning/res-adeq/load-forecast/2026-load-report-tables.xlsx,"2026 PJM Load Forecast Report, Table B-9","Load Report p.5, Load Adjustments: 'Zones Adjusted to account for: AEP, ATSI, APS, BGE, COMED, DAYTON, DLCO, JCPL, METED, PECO, PEPCO, PL - Growth in data center load'; value from Table B-9 (updated 2/6/2026)"
2026-01-14,PJM-DLCO,zone,PJM DLCO zone (Duquesne Light),forecast_adjustment,data_centers,87.0,2041,summer peak adjustment above embedded,,,PJM,https://www.pjm.com/-/media/DotCom/planning/res-adeq/load-forecast/2026-load-report-tables.xlsx,"2026 PJM Load Forecast Report, Table B-9","Load Report p.5, Load Adjustments: 'Zones Adjusted to account for: AEP, ATSI, APS, BGE, COMED, DAYTON, DLCO, JCPL, METED, PECO, PEPCO, PL - Growth in data center load'; value from Table B-9 (updated 2/6/2026)"
2026-01-14,PJM-DLCO,zone,PJM DLCO zone (Duquesne Light),forecast_adjustment,data_centers,87.0,2042,summer peak adjustment above embedded,,,PJM,https://www.pjm.com/-/media/DotCom/planning/res-adeq/load-forecast/2026-load-report-tables.xlsx,"2026 PJM Load Forecast Report, Table B-9","Load Report p.5, Load Adjustments: 'Zones Adjusted to account for: AEP, ATSI, APS, BGE, COMED, DAYTON, DLCO, JCPL, METED, PECO, PEPCO, PL - Growth in data center load'; value from Table B-9 (updated 2/6/2026)"
2026-01-14,PJM-DLCO,zone,PJM DLCO zone (Duquesne Light),forecast_adjustment,data_centers,87.0,2043,summer peak adjustment above embedded,,,PJM,https://www.pjm.com/-/media/DotCom/planning/res-adeq/load-forecast/2026-load-report-tables.xlsx,"2026 PJM Load Forecast Report, Table B-9","Load Report p.5, Load Adjustments: 'Zones Adjusted to account for: AEP, ATSI, APS, BGE, COMED, DAYTON, DLCO, JCPL, METED, PECO, PEPCO, PL - Growth in data center load'; value from Table B-9 (updated 2/6/2026)"
2026-01-14,PJM-DLCO,zone,PJM DLCO zone (Duquesne Light),forecast_adjustment,data_centers,87.0,2044,summer peak adjustment above embedded,,,PJM,https://www.pjm.com/-/media/DotCom/planning/res-adeq/load-forecast/2026-load-report-tables.xlsx,"2026 PJM Load Forecast Report, Table B-9","Load Report p.5, Load Adjustments: 'Zones Adjusted to account for: AEP, ATSI, APS, BGE, COMED, DAYTON, DLCO, JCPL, METED, PECO, PEPCO, PL - Growth in data center load'; value from Table B-9 (updated 2/6/2026)"
2026-01-14,PJM-DLCO,zone,PJM DLCO zone (Duquesne Light),forecast_adjustment,data_centers,87.0,2045,summer peak adjustment above embedded,,,PJM,https://www.pjm.com/-/media/DotCom/planning/res-adeq/load-forecast/2026-load-report-tables.xlsx,"2026 PJM Load Forecast Report, Table B-9","Load Report p.5, Load Adjustments: 'Zones Adjusted to account for: AEP, ATSI, APS, BGE, COMED, DAYTON, DLCO, JCPL, METED, PECO, PEPCO, PL - Growth in data center load'; value from Table B-9 (updated 2/6/2026)"
2026-01-14,PJM-DLCO,zone,PJM DLCO zone (Duquesne Light),forecast_adjustment,data_centers,87.0,2046,summer peak adjustment above embedded,,,PJM,https://www.pjm.com/-/media/DotCom/planning/res-adeq/load-forecast/2026-load-report-tables.xlsx,"2026 PJM Load Forecast Report, Table B-9","Load Report p.5, Load Adjustments: 'Zones Adjusted to account for: AEP, ATSI, APS, BGE, COMED, DAYTON, DLCO, JCPL, METED, PECO, PEPCO, PL - Growth in data center load'; value from Table B-9 (updated 2/6/2026)"
2025-07-31,PJM-DOM,zone,PJM DOM zone (Dominion Virginia Power),contracted,data_centers,7100,,CLOA (under construction),,,PJM,https://www.pjm.com/-/media/DotCom/planning/res-adeq/load-forecast/dominion-documentation.pdf,"Dominion Energy letter to PJM Load Analysis Team, January 6, 2026","p.3: 'as of July 2025, the capacity value of these contracts is 47 GW (9.8 ESA + 7.1 CLOA + 30.1 ELOA)'"
2025-07-31,PJM-DOM,zone,PJM DOM zone (Dominion Virginia Power),contracted,data_centers,30100,,ELOA (engineering study),,,PJM,https://www.pjm.com/-/media/DotCom/planning/res-adeq/load-forecast/dominion-documentation.pdf,"Dominion Energy letter to PJM Load Analysis Team, January 6, 2026","p.3: 'as of July 2025, the capacity value of these contracts is 47 GW (9.8 ESA + 7.1 CLOA + 30.1 ELOA)'"
2025-07-31,PJM-DOM,zone,PJM DOM zone (Dominion Virginia Power),contracted,data_centers,9800,,ESA (connected),,,PJM,https://www.pjm.com/-/media/DotCom/planning/res-adeq/load-forecast/dominion-documentation.pdf,"Dominion Energy letter to PJM Load Analysis Team, January 6, 2026","p.3: 'as of July 2025, the capacity value of these contracts is 47 GW (9.8 ESA + 7.1 CLOA + 30.1 ELOA)'"
2026-01-14,PJM-DOM,zone,PJM DOM zone (Dominion Virginia Power),forecast,data_centers,4433,2026,requested data-center coincident peak,,,PJM,https://www.pjm.com/-/media/DotCom/planning/res-adeq/load-forecast/dominion-documentation.pdf,"Dominion Energy letter to PJM Load Analysis Team, January 6, 2026",p.1 table image (read from the rendered page): 'The Company requested the coincident peak values shown in the table to the left for its data center industry'
2026-01-14,PJM-DOM,zone,PJM DOM zone (Dominion Virginia Power),forecast,data_centers,4933,2027,requested data-center coincident peak,,,PJM,https://www.pjm.com/-/media/DotCom/planning/res-adeq/load-forecast/dominion-documentation.pdf,"Dominion Energy letter to PJM Load Analysis Team, January 6, 2026",p.1 table image (read from the rendered page): 'The Company requested the coincident peak values shown in the table to the left for its data center industry'
2026-01-14,PJM-DOM,zone,PJM DOM zone (Dominion Virginia Power),forecast,data_centers,5448,2028,requested data-center coincident peak,,,PJM,https://www.pjm.com/-/media/DotCom/planning/res-adeq/load-forecast/dominion-documentation.pdf,"Dominion Energy letter to PJM Load Analysis Team, January 6, 2026",p.1 table image (read from the rendered page): 'The Company requested the coincident peak values shown in the table to the left for its data center industry'
2026-01-14,PJM-DOM,zone,PJM DOM zone (Dominion Virginia Power),forecast,data_centers,5980,2029,requested data-center coincident peak,,,PJM,https://www.pjm.com/-/media/DotCom/planning/res-adeq/load-forecast/dominion-documentation.pdf,"Dominion Energy letter to PJM Load Analysis Team, January 6, 2026",p.1 table image (read from the rendered page): 'The Company requested the coincident peak values shown in the table to the left for its data center industry'
2026-01-14,PJM-DOM,zone,PJM DOM zone (Dominion Virginia Power),forecast,data_centers,6526,2030,requested data-center coincident peak,,,PJM,https://www.pjm.com/-/media/DotCom/planning/res-adeq/load-forecast/dominion-documentation.pdf,"Dominion Energy letter to PJM Load Analysis Team, January 6, 2026",p.1 table image (read from the rendered page): 'The Company requested the coincident peak values shown in the table to the left for its data center industry'
2026-01-14,PJM-DOM,zone,PJM DOM zone (Dominion Virginia Power),forecast,data_centers,7086,2031,requested data-center coincident peak,,,PJM,https://www.pjm.com/-/media/DotCom/planning/res-adeq/load-forecast/dominion-documentation.pdf,"Dominion Energy letter to PJM Load Analysis Team, January 6, 2026",p.1 table image (read from the rendered page): 'The Company requested the coincident peak values shown in the table to the left for its data center industry'
2026-01-14,PJM-DOM,zone,PJM DOM zone (Dominion Virginia Power),forecast,data_centers,7661,2032,requested data-center coincident peak,,,PJM,https://www.pjm.com/-/media/DotCom/planning/res-adeq/load-forecast/dominion-documentation.pdf,"Dominion Energy letter to PJM Load Analysis Team, January 6, 2026",p.1 table image (read from the rendered page): 'The Company requested the coincident peak values shown in the table to the left for its data center industry'
2026-01-14,PJM-DOM,zone,PJM DOM zone (Dominion Virginia Power),forecast,data_centers,8247,2033,requested data-center coincident peak,,,PJM,https://www.pjm.com/-/media/DotCom/planning/res-adeq/load-forecast/dominion-documentation.pdf,"Dominion Energy letter to PJM Load Analysis Team, January 6, 2026",p.1 table image (read from the rendered page): 'The Company requested the coincident peak values shown in the table to the left for its data center industry'
2026-01-14,PJM-DOM,zone,PJM DOM zone (Dominion Virginia Power),forecast,data_centers,8846,2034,requested data-center coincident peak,,,PJM,https://www.pjm.com/-/media/DotCom/planning/res-adeq/load-forecast/dominion-documentation.pdf,"Dominion Energy letter to PJM Load Analysis Team, January 6, 2026",p.1 table image (read from the rendered page): 'The Company requested the coincident peak values shown in the table to the left for its data center industry'
2026-01-14,PJM-DOM,zone,PJM DOM zone (Dominion Virginia Power),forecast,data_centers,9456,2035,requested data-center coincident peak,,,PJM,https://www.pjm.com/-/media/DotCom/planning/res-adeq/load-forecast/dominion-documentation.pdf,"Dominion Energy letter to PJM Load Analysis Team, January 6, 2026",p.1 table image (read from the rendered page): 'The Company requested the coincident peak values shown in the table to the left for its data center industry'
2026-01-14,PJM-DOM,zone,PJM DOM zone (Dominion Virginia Power),forecast,data_centers,10076,2036,requested data-center coincident peak,,,PJM,https://www.pjm.com/-/media/DotCom/planning/res-adeq/load-forecast/dominion-documentation.pdf,"Dominion Energy letter to PJM Load Analysis Team, January 6, 2026",p.1 table image (read from the rendered page): 'The Company requested the coincident peak values shown in the table to the left for its data center industry'
2026-01-14,PJM-DOM,zone,PJM DOM zone (Dominion Virginia Power),forecast,data_centers,10705,2037,requested data-center coincident peak,,,PJM,https://www.pjm.com/-/media/DotCom/planning/res-adeq/load-forecast/dominion-documentation.pdf,"Dominion Energy letter to PJM Load Analysis Team, January 6, 2026",p.1 table image (read from the rendered page): 'The Company requested the coincident peak values shown in the table to the left for its data center industry'
2026-01-14,PJM-DOM,zone,PJM DOM zone (Dominion Virginia Power),forecast,data_centers,11342,2038,requested data-center coincident peak,,,PJM,https://www.pjm.com/-/media/DotCom/planning/res-adeq/load-forecast/dominion-documentation.pdf,"Dominion Energy letter to PJM Load Analysis Team, January 6, 2026",p.1 table image (read from the rendered page): 'The Company requested the coincident peak values shown in the table to the left for its data center industry'
2026-01-14,PJM-DOM,zone,PJM DOM zone (Dominion Virginia Power),forecast,data_centers,11987,2039,requested data-center coincident peak,,,PJM,https://www.pjm.com/-/media/DotCom/planning/res-adeq/load-forecast/dominion-documentation.pdf,"Dominion Energy letter to PJM Load Analysis Team, January 6, 2026",p.1 table image (read from the rendered page): 'The Company requested the coincident peak values shown in the table to the left for its data center industry'
2026-01-14,PJM-DOM,zone,PJM DOM zone (Dominion Virginia Power),forecast,data_centers,12639,2040,requested data-center coincident peak,,,PJM,https://www.pjm.com/-/media/DotCom/planning/res-adeq/load-forecast/dominion-documentation.pdf,"Dominion Energy letter to PJM Load Analysis Team, January 6, 2026",p.1 table image (read from the rendered page): 'The Company requested the coincident peak values shown in the table to the left for its data center industry'
2026-01-14,PJM-DOM,zone,PJM DOM zone (Dominion Virginia Power),forecast,data_centers,13297,2041,requested data-center coincident peak,,,PJM,https://www.pjm.com/-/media/DotCom/planning/res-adeq/load-forecast/dominion-documentation.pdf,"Dominion Energy letter to PJM Load Analysis Team, January 6, 2026",p.1 table image (read from the rendered page): 'The Company requested the coincident peak values shown in the table to the left for its data center industry'
2026-01-14,PJM-DOM,zone,PJM DOM zone (Dominion Virginia Power),forecast,data_centers,13959,2042,requested data-center coincident peak,,,PJM,https://www.pjm.com/-/media/DotCom/planning/res-adeq/load-forecast/dominion-documentation.pdf,"Dominion Energy letter to PJM Load Analysis Team, January 6, 2026",p.1 table image (read from the rendered page): 'The Company requested the coincident peak values shown in the table to the left for its data center industry'
2026-01-14,PJM-DOM,zone,PJM DOM zone (Dominion Virginia Power),forecast,data_centers,14625,2043,requested data-center coincident peak,,,PJM,https://www.pjm.com/-/media/DotCom/planning/res-adeq/load-forecast/dominion-documentation.pdf,"Dominion Energy letter to PJM Load Analysis Team, January 6, 2026",p.1 table image (read from the rendered page): 'The Company requested the coincident peak values shown in the table to the left for its data center industry'
2026-01-14,PJM-DOM,zone,PJM DOM zone (Dominion Virginia Power),forecast,data_centers,15294,2044,requested data-center coincident peak,,,PJM,https://www.pjm.com/-/media/DotCom/planning/res-adeq/load-forecast/dominion-documentation.pdf,"Dominion Energy letter to PJM Load Analysis Team, January 6, 2026",p.1 table image (read from the rendered page): 'The Company requested the coincident peak values shown in the table to the left for its data center industry'
2026-01-14,PJM-DOM,zone,PJM DOM zone (Dominion Virginia Power),forecast,data_centers,15965,2045,requested data-center coincident peak,,,PJM,https://www.pjm.com/-/media/DotCom/planning/res-adeq/load-forecast/dominion-documentation.pdf,"Dominion Energy letter to PJM Load Analysis Team, January 6, 2026",p.1 table image (read from the rendered page): 'The Company requested the coincident peak values shown in the table to the left for its data center industry'
2026-01-14,PJM-DOM,zone,PJM DOM zone (Dominion Virginia Power),forecast,data_centers,16636,2046,requested data-center coincident peak,,,PJM,https://www.pjm.com/-/media/DotCom/planning/res-adeq/load-forecast/dominion-documentation.pdf,"Dominion Energy letter to PJM Load Analysis Team, January 6, 2026",p.1 table image (read from the rendered page): 'The Company requested the coincident peak values shown in the table to the left for its data center industry'
2025-12-31,PJM-DOM,zone,PJM DOM zone (Dominion Virginia Power),observed_peak,data_centers,4000,,2025 data-center coincident peak,,,PJM,https://www.pjm.com/-/media/DotCom/planning/res-adeq/load-forecast/dominion-documentation.pdf,"Dominion Energy letter to PJM Load Analysis Team, January 6, 2026",'the Company currently serves the largest data center market in the world with a 2025 coincident peak of 4 GW'
2026-01-14,PJM-JCPL,zone,PJM JCPL zone (Jersey Central Power and Light),forecast_adjustment,data_centers,0.0,2026,summer peak adjustment above embedded,,,PJM,https://www.pjm.com/-/media/DotCom/planning/res-adeq/load-forecast/2026-load-report-tables.xlsx,"2026 PJM Load Forecast Report, Table B-9","Load Report p.5, Load Adjustments: 'Zones Adjusted to account for: AEP, ATSI, APS, BGE, COMED, DAYTON, DLCO, JCPL, METED, PECO, PEPCO, PL - Growth in data center load'; value from Table B-9 (updated 2/6/2026)"
2026-01-14,PJM-JCPL,zone,PJM JCPL zone (Jersey Central Power and Light),forecast_adjustment,data_centers,0.0,2027,summer peak adjustment above embedded,,,PJM,https://www.pjm.com/-/media/DotCom/planning/res-adeq/load-forecast/2026-load-report-tables.xlsx,"2026 PJM Load Forecast Report, Table B-9","Load Report p.5, Load Adjustments: 'Zones Adjusted to account for: AEP, ATSI, APS, BGE, COMED, DAYTON, DLCO, JCPL, METED, PECO, PEPCO, PL - Growth in data center load'; value from Table B-9 (updated 2/6/2026)"
2026-01-14,PJM-JCPL,zone,PJM JCPL zone (Jersey Central Power and Light),forecast_adjustment,data_centers,0.0,2028,summer peak adjustment above embedded,,,PJM,https://www.pjm.com/-/media/DotCom/planning/res-adeq/load-forecast/2026-load-report-tables.xlsx,"2026 PJM Load Forecast Report, Table B-9","Load Report p.5, Load Adjustments: 'Zones Adjusted to account for: AEP, ATSI, APS, BGE, COMED, DAYTON, DLCO, JCPL, METED, PECO, PEPCO, PL - Growth in data center load'; value from Table B-9 (updated 2/6/2026)"
2026-01-14,PJM-JCPL,zone,PJM JCPL zone (Jersey Central Power and Light),forecast_adjustment,data_centers,1.0,2029,summer peak adjustment above embedded,,,PJM,https://www.pjm.com/-/media/DotCom/planning/res-adeq/load-forecast/2026-load-report-tables.xlsx,"2026 PJM Load Forecast Report, Table B-9","Load Report p.5, Load Adjustments: 'Zones Adjusted to account for: AEP, ATSI, APS, BGE, COMED, DAYTON, DLCO, JCPL, METED, PECO, PEPCO, PL - Growth in data center load'; value from Table B-9 (updated 2/6/2026)"
2026-01-14,PJM-JCPL,zone,PJM JCPL zone (Jersey Central Power and Light),forecast_adjustment,data_centers,77.0,2030,summer peak adjustment above embedded,,,PJM,https://www.pjm.com/-/media/DotCom/planning/res-adeq/load-forecast/2026-load-report-tables.xlsx,"2026 PJM Load Forecast Report, Table B-9","Load Report p.5, Load Adjustments: 'Zones Adjusted to account for: AEP, ATSI, APS, BGE, COMED, DAYTON, DLCO, JCPL, METED, PECO, PEPCO, PL - Growth in data center load'; value from Table B-9 (updated 2/6/2026)"
2026-01-14,PJM-JCPL,zone,PJM JCPL zone (Jersey Central Power and Light),forecast_adjustment,data_centers,80.0,2031,summer peak adjustment above embedded,,,PJM,https://www.pjm.com/-/media/DotCom/planning/res-adeq/load-forecast/2026-load-report-tables.xlsx,"2026 PJM Load Forecast Report, Table B-9","Load Report p.5, Load Adjustments: 'Zones Adjusted to account for: AEP, ATSI, APS, BGE, COMED, DAYTON, DLCO, JCPL, METED, PECO, PEPCO, PL - Growth in data center load'; value from Table B-9 (updated 2/6/2026)"
2026-01-14,PJM-JCPL,zone,PJM JCPL zone (Jersey Central Power and Light),forecast_adjustment,data_centers,112.0,2032,summer peak adjustment above embedded,,,PJM,https://www.pjm.com/-/media/DotCom/planning/res-adeq/load-forecast/2026-load-report-tables.xlsx,"2026 PJM Load Forecast Report, Table B-9","Load Report p.5, Load Adjustments: 'Zones Adjusted to account for: AEP, ATSI, APS, BGE, COMED, DAYTON, DLCO, JCPL, METED, PECO, PEPCO, PL - Growth in data center load'; value from Table B-9 (updated 2/6/2026)"
2026-01-14,PJM-JCPL,zone,PJM JCPL zone (Jersey Central Power and Light),forecast_adjustment,data_centers,193.0,2033,summer peak adjustment above embedded,,,PJM,https://www.pjm.com/-/media/DotCom/planning/res-adeq/load-forecast/2026-load-report-tables.xlsx,"2026 PJM Load Forecast Report, Table B-9","Load Report p.5, Load Adjustments: 'Zones Adjusted to account for: AEP, ATSI, APS, BGE, COMED, DAYTON, DLCO, JCPL, METED, PECO, PEPCO, PL - Growth in data center load'; value from Table B-9 (updated 2/6/2026)"
2026-01-14,PJM-JCPL,zone,PJM JCPL zone (Jersey Central Power and Light),forecast_adjustment,data_centers,245.0,2034,summer peak adjustment above embedded,,,PJM,https://www.pjm.com/-/media/DotCom/planning/res-adeq/load-forecast/2026-load-report-tables.xlsx,"2026 PJM Load Forecast Report, Table B-9","Load Report p.5, Load Adjustments: 'Zones Adjusted to account for: AEP, ATSI, APS, BGE, COMED, DAYTON, DLCO, JCPL, METED, PECO, PEPCO, PL - Growth in data center load'; value from Table B-9 (updated 2/6/2026)"
2026-01-14,PJM-JCPL,zone,PJM JCPL zone (Jersey Central Power and Light),forecast_adjustment,data_centers,245.0,2035,summer peak adjustment above embedded,,,PJM,https://www.pjm.com/-/media/DotCom/planning/res-adeq/load-forecast/2026-load-report-tables.xlsx,"2026 PJM Load Forecast Report, Table B-9","Load Report p.5, Load Adjustments: 'Zones Adjusted to account for: AEP, ATSI, APS, BGE, COMED, DAYTON, DLCO, JCPL, METED, PECO, PEPCO, PL - Growth in data center load'; value from Table B-9 (updated 2/6/2026)"
2026-01-14,PJM-JCPL,zone,PJM JCPL zone (Jersey Central Power and Light),forecast_adjustment,data_centers,245.0,2036,summer peak adjustment above embedded,,,PJM,https://www.pjm.com/-/media/DotCom/planning/res-adeq/load-forecast/2026-load-report-tables.xlsx,"2026 PJM Load Forecast Report, Table B-9","Load Report p.5, Load Adjustments: 'Zones Adjusted to account for: AEP, ATSI, APS, BGE, COMED, DAYTON, DLCO, JCPL, METED, PECO, PEPCO, PL - Growth in data center load'; value from Table B-9 (updated 2/6/2026)"
2026-01-14,PJM-JCPL,zone,PJM JCPL zone (Jersey Central Power and Light),forecast_adjustment,data_centers,245.0,2037,summer peak adjustment above embedded,,,PJM,https://www.pjm.com/-/media/DotCom/planning/res-adeq/load-forecast/2026-load-report-tables.xlsx,"2026 PJM Load Forecast Report, Table B-9","Load Report p.5, Load Adjustments: 'Zones Adjusted to account for: AEP, ATSI, APS, BGE, COMED, DAYTON, DLCO, JCPL, METED, PECO, PEPCO, PL - Growth in data center load'; value from Table B-9 (updated 2/6/2026)"
2026-01-14,PJM-JCPL,zone,PJM JCPL zone (Jersey Central Power and Light),forecast_adjustment,data_centers,245.0,2038,summer peak adjustment above embedded,,,PJM,https://www.pjm.com/-/media/DotCom/planning/res-adeq/load-forecast/2026-load-report-tables.xlsx,"2026 PJM Load Forecast Report, Table B-9","Load Report p.5, Load Adjustments: 'Zones Adjusted to account for: AEP, ATSI, APS, BGE, COMED, DAYTON, DLCO, JCPL, METED, PECO, PEPCO, PL - Growth in data center load'; value from Table B-9 (updated 2/6/2026)"
2026-01-14,PJM-JCPL,zone,PJM JCPL zone (Jersey Central Power and Light),forecast_adjustment,data_centers,245.0,2039,summer peak adjustment above embedded,,,PJM,https://www.pjm.com/-/media/DotCom/planning/res-adeq/load-forecast/2026-load-report-tables.xlsx,"2026 PJM Load Forecast Report, Table B-9","Load Report p.5, Load Adjustments: 'Zones Adjusted to account for: AEP, ATSI, APS, BGE, COMED, DAYTON, DLCO, JCPL, METED, PECO, PEPCO, PL - Growth in data center load'; value from Table B-9 (updated 2/6/2026)"
2026-01-14,PJM-JCPL,zone,PJM JCPL zone (Jersey Central Power and Light),forecast_adjustment,data_centers,245.0,2040,summer peak adjustment above embedded,,,PJM,https://www.pjm.com/-/media/DotCom/planning/res-adeq/load-forecast/2026-load-report-tables.xlsx,"2026 PJM Load Forecast Report, Table B-9","Load Report p.5, Load Adjustments: 'Zones Adjusted to account for: AEP, ATSI, APS, BGE, COMED, DAYTON, DLCO, JCPL, METED, PECO, PEPCO, PL - Growth in data center load'; value from Table B-9 (updated 2/6/2026)"
2026-01-14,PJM-JCPL,zone,PJM JCPL zone (Jersey Central Power and Light),forecast_adjustment,data_centers,245.0,2041,summer peak adjustment above embedded,,,PJM,https://www.pjm.com/-/media/DotCom/planning/res-adeq/load-forecast/2026-load-report-tables.xlsx,"2026 PJM Load Forecast Report, Table B-9","Load Report p.5, Load Adjustments: 'Zones Adjusted to account for: AEP, ATSI, APS, BGE, COMED, DAYTON, DLCO, JCPL, METED, PECO, PEPCO, PL - Growth in data center load'; value from Table B-9 (updated 2/6/2026)"
2026-01-14,PJM-JCPL,zone,PJM JCPL zone (Jersey Central Power and Light),forecast_adjustment,data_centers,245.0,2042,summer peak adjustment above embedded,,,PJM,https://www.pjm.com/-/media/DotCom/planning/res-adeq/load-forecast/2026-load-report-tables.xlsx,"2026 PJM Load Forecast Report, Table B-9","Load Report p.5, Load Adjustments: 'Zones Adjusted to account for: AEP, ATSI, APS, BGE, COMED, DAYTON, DLCO, JCPL, METED, PECO, PEPCO, PL - Growth in data center load'; value from Table B-9 (updated 2/6/2026)"
2026-01-14,PJM-JCPL,zone,PJM JCPL zone (Jersey Central Power and Light),forecast_adjustment,data_centers,245.0,2043,summer peak adjustment above embedded,,,PJM,https://www.pjm.com/-/media/DotCom/planning/res-adeq/load-forecast/2026-load-report-tables.xlsx,"2026 PJM Load Forecast Report, Table B-9","Load Report p.5, Load Adjustments: 'Zones Adjusted to account for: AEP, ATSI, APS, BGE, COMED, DAYTON, DLCO, JCPL, METED, PECO, PEPCO, PL - Growth in data center load'; value from Table B-9 (updated 2/6/2026)"
2026-01-14,PJM-JCPL,zone,PJM JCPL zone (Jersey Central Power and Light),forecast_adjustment,data_centers,245.0,2044,summer peak adjustment above embedded,,,PJM,https://www.pjm.com/-/media/DotCom/planning/res-adeq/load-forecast/2026-load-report-tables.xlsx,"2026 PJM Load Forecast Report, Table B-9","Load Report p.5, Load Adjustments: 'Zones Adjusted to account for: AEP, ATSI, APS, BGE, COMED, DAYTON, DLCO, JCPL, METED, PECO, PEPCO, PL - Growth in data center load'; value from Table B-9 (updated 2/6/2026)"
2026-01-14,PJM-JCPL,zone,PJM JCPL zone (Jersey Central Power and Light),forecast_adjustment,data_centers,245.0,2045,summer peak adjustment above embedded,,,PJM,https://www.pjm.com/-/media/DotCom/planning/res-adeq/load-forecast/2026-load-report-tables.xlsx,"2026 PJM Load Forecast Report, Table B-9","Load Report p.5, Load Adjustments: 'Zones Adjusted to account for: AEP, ATSI, APS, BGE, COMED, DAYTON, DLCO, JCPL, METED, PECO, PEPCO, PL - Growth in data center load'; value from Table B-9 (updated 2/6/2026)"
2026-01-14,PJM-JCPL,zone,PJM JCPL zone (Jersey Central Power and Light),forecast_adjustment,data_centers,245.0,2046,summer peak adjustment above embedded,,,PJM,https://www.pjm.com/-/media/DotCom/planning/res-adeq/load-forecast/2026-load-report-tables.xlsx,"2026 PJM Load Forecast Report, Table B-9","Load Report p.5, Load Adjustments: 'Zones Adjusted to account for: AEP, ATSI, APS, BGE, COMED, DAYTON, DLCO, JCPL, METED, PECO, PEPCO, PL - Growth in data center load'; value from Table B-9 (updated 2/6/2026)"
2026-01-14,PJM-METED,zone,PJM METED zone (Metropolitan Edison),forecast_adjustment,data_centers,0.0,2026,summer peak adjustment above embedded,,,PJM,https://www.pjm.com/-/media/DotCom/planning/res-adeq/load-forecast/2026-load-report-tables.xlsx,"2026 PJM Load Forecast Report, Table B-9","Load Report p.5, Load Adjustments: 'Zones Adjusted to account for: AEP, ATSI, APS, BGE, COMED, DAYTON, DLCO, JCPL, METED, PECO, PEPCO, PL - Growth in data center load'; value from Table B-9 (updated 2/6/2026)"
2026-01-14,PJM-METED,zone,PJM METED zone (Metropolitan Edison),forecast_adjustment,data_centers,0.0,2027,summer peak adjustment above embedded,,,PJM,https://www.pjm.com/-/media/DotCom/planning/res-adeq/load-forecast/2026-load-report-tables.xlsx,"2026 PJM Load Forecast Report, Table B-9","Load Report p.5, Load Adjustments: 'Zones Adjusted to account for: AEP, ATSI, APS, BGE, COMED, DAYTON, DLCO, JCPL, METED, PECO, PEPCO, PL - Growth in data center load'; value from Table B-9 (updated 2/6/2026)"
2026-01-14,PJM-METED,zone,PJM METED zone (Metropolitan Edison),forecast_adjustment,data_centers,0.0,2028,summer peak adjustment above embedded,,,PJM,https://www.pjm.com/-/media/DotCom/planning/res-adeq/load-forecast/2026-load-report-tables.xlsx,"2026 PJM Load Forecast Report, Table B-9","Load Report p.5, Load Adjustments: 'Zones Adjusted to account for: AEP, ATSI, APS, BGE, COMED, DAYTON, DLCO, JCPL, METED, PECO, PEPCO, PL - Growth in data center load'; value from Table B-9 (updated 2/6/2026)"
2026-01-14,PJM-METED,zone,PJM METED zone (Metropolitan Edison),forecast_adjustment,data_centers,10.0,2029,summer peak adjustment above embedded,,,PJM,https://www.pjm.com/-/media/DotCom/planning/res-adeq/load-forecast/2026-load-report-tables.xlsx,"2026 PJM Load Forecast Report, Table B-9","Load Report p.5, Load Adjustments: 'Zones Adjusted to account for: AEP, ATSI, APS, BGE, COMED, DAYTON, DLCO, JCPL, METED, PECO, PEPCO, PL - Growth in data center load'; value from Table B-9 (updated 2/6/2026)"
2026-01-14,PJM-METED,zone,PJM METED zone (Metropolitan Edison),forecast_adjustment,data_centers,75.0,2030,summer peak adjustment above embedded,,,PJM,https://www.pjm.com/-/media/DotCom/planning/res-adeq/load-forecast/2026-load-report-tables.xlsx,"2026 PJM Load Forecast Report, Table B-9","Load Report p.5, Load Adjustments: 'Zones Adjusted to account for: AEP, ATSI, APS, BGE, COMED, DAYTON, DLCO, JCPL, METED, PECO, PEPCO, PL - Growth in data center load'; value from Table B-9 (updated 2/6/2026)"
2026-01-14,PJM-METED,zone,PJM METED zone (Metropolitan Edison),forecast_adjustment,data_centers,75.0,2031,summer peak adjustment above embedded,,,PJM,https://www.pjm.com/-/media/DotCom/planning/res-adeq/load-forecast/2026-load-report-tables.xlsx,"2026 PJM Load Forecast Report, Table B-9","Load Report p.5, Load Adjustments: 'Zones Adjusted to account for: AEP, ATSI, APS, BGE, COMED, DAYTON, DLCO, JCPL, METED, PECO, PEPCO, PL - Growth in data center load'; value from Table B-9 (updated 2/6/2026)"
2026-01-14,PJM-METED,zone,PJM METED zone (Metropolitan Edison),forecast_adjustment,data_centers,126.0,2032,summer peak adjustment above embedded,,,PJM,https://www.pjm.com/-/media/DotCom/planning/res-adeq/load-forecast/2026-load-report-tables.xlsx,"2026 PJM Load Forecast Report, Table B-9","Load Report p.5, Load Adjustments: 'Zones Adjusted to account for: AEP, ATSI, APS, BGE, COMED, DAYTON, DLCO, JCPL, METED, PECO, PEPCO, PL - Growth in data center load'; value from Table B-9 (updated 2/6/2026)"
2026-01-14,PJM-METED,zone,PJM METED zone (Metropolitan Edison),forecast_adjustment,data_centers,187.0,2033,summer peak adjustment above embedded,,,PJM,https://www.pjm.com/-/media/DotCom/planning/res-adeq/load-forecast/2026-load-report-tables.xlsx,"2026 PJM Load Forecast Report, Table B-9","Load Report p.5, Load Adjustments: 'Zones Adjusted to account for: AEP, ATSI, APS, BGE, COMED, DAYTON, DLCO, JCPL, METED, PECO, PEPCO, PL - Growth in data center load'; value from Table B-9 (updated 2/6/2026)"
2026-01-14,PJM-METED,zone,PJM METED zone (Metropolitan Edison),forecast_adjustment,data_centers,234.0,2034,summer peak adjustment above embedded,,,PJM,https://www.pjm.com/-/media/DotCom/planning/res-adeq/load-forecast/2026-load-report-tables.xlsx,"2026 PJM Load Forecast Report, Table B-9","Load Report p.5, Load Adjustments: 'Zones Adjusted to account for: AEP, ATSI, APS, BGE, COMED, DAYTON, DLCO, JCPL, METED, PECO, PEPCO, PL - Growth in data center load'; value from Table B-9 (updated 2/6/2026)"
2026-01-14,PJM-METED,zone,PJM METED zone (Metropolitan Edison),forecast_adjustment,data_centers,234.0,2035,summer peak adjustment above embedded,,,PJM,https://www.pjm.com/-/media/DotCom/planning/res-adeq/load-forecast/2026-load-report-tables.xlsx,"2026 PJM Load Forecast Report, Table B-9","Load Report p.5, Load Adjustments: 'Zones Adjusted to account for: AEP, ATSI, APS, BGE, COMED, DAYTON, DLCO, JCPL, METED, PECO, PEPCO, PL - Growth in data center load'; value from Table B-9 (updated 2/6/2026)"
2026-01-14,PJM-METED,zone,PJM METED zone (Metropolitan Edison),forecast_adjustment,data_centers,233.0,2036,summer peak adjustment above embedded,,,PJM,https://www.pjm.com/-/media/DotCom/planning/res-adeq/load-forecast/2026-load-report-tables.xlsx,"2026 PJM Load Forecast Report, Table B-9","Load Report p.5, Load Adjustments: 'Zones Adjusted to account for: AEP, ATSI, APS, BGE, COMED, DAYTON, DLCO, JCPL, METED, PECO, PEPCO, PL - Growth in data center load'; value from Table B-9 (updated 2/6/2026)"
2026-01-14,PJM-METED,zone,PJM METED zone (Metropolitan Edison),forecast_adjustment,data_centers,233.0,2037,summer peak adjustment above embedded,,,PJM,https://www.pjm.com/-/media/DotCom/planning/res-adeq/load-forecast/2026-load-report-tables.xlsx,"2026 PJM Load Forecast Report, Table B-9","Load Report p.5, Load Adjustments: 'Zones Adjusted to account for: AEP, ATSI, APS, BGE, COMED, DAYTON, DLCO, JCPL, METED, PECO, PEPCO, PL - Growth in data center load'; value from Table B-9 (updated 2/6/2026)"
2026-01-14,PJM-METED,zone,PJM METED zone (Metropolitan Edison),forecast_adjustment,data_centers,233.0,2038,summer peak adjustment above embedded,,,PJM,https://www.pjm.com/-/media/DotCom/planning/res-adeq/load-forecast/2026-load-report-tables.xlsx,"2026 PJM Load Forecast Report, Table B-9","Load Report p.5, Load Adjustments: 'Zones Adjusted to account for: AEP, ATSI, APS, BGE, COMED, DAYTON, DLCO, JCPL, METED, PECO, PEPCO, PL - Growth in data center load'; value from Table B-9 (updated 2/6/2026)"
2026-01-14,PJM-METED,zone,PJM METED zone (Metropolitan Edison),forecast_adjustment,data_centers,233.0,2039,summer peak adjustment above embedded,,,PJM,https://www.pjm.com/-/media/DotCom/planning/res-adeq/load-forecast/2026-load-report-tables.xlsx,"2026 PJM Load Forecast Report, Table B-9","Load Report p.5, Load Adjustments: 'Zones Adjusted to account for: AEP, ATSI, APS, BGE, COMED, DAYTON, DLCO, JCPL, METED, PECO, PEPCO, PL - Growth in data center load'; value from Table B-9 (updated 2/6/2026)"
2026-01-14,PJM-METED,zone,PJM METED zone (Metropolitan Edison),forecast_adjustment,data_centers,234.0,2040,summer peak adjustment above embedded,,,PJM,https://www.pjm.com/-/media/DotCom/planning/res-adeq/load-forecast/2026-load-report-tables.xlsx,"2026 PJM Load Forecast Report, Table B-9","Load Report p.5, Load Adjustments: 'Zones Adjusted to account for: AEP, ATSI, APS, BGE, COMED, DAYTON, DLCO, JCPL, METED, PECO, PEPCO, PL - Growth in data center load'; value from Table B-9 (updated 2/6/2026)"
2026-01-14,PJM-METED,zone,PJM METED zone (Metropolitan Edison),forecast_adjustment,data_centers,233.0,2041,summer peak adjustment above embedded,,,PJM,https://www.pjm.com/-/media/DotCom/planning/res-adeq/load-forecast/2026-load-report-tables.xlsx,"2026 PJM Load Forecast Report, Table B-9","Load Report p.5, Load Adjustments: 'Zones Adjusted to account for: AEP, ATSI, APS, BGE, COMED, DAYTON, DLCO, JCPL, METED, PECO, PEPCO, PL - Growth in data center load'; value from Table B-9 (updated 2/6/2026)"
2026-01-14,PJM-METED,zone,PJM METED zone (Metropolitan Edison),forecast_adjustment,data_centers,233.0,2042,summer peak adjustment above embedded,,,PJM,https://www.pjm.com/-/media/DotCom/planning/res-adeq/load-forecast/2026-load-report-tables.xlsx,"2026 PJM Load Forecast Report, Table B-9","Load Report p.5, Load Adjustments: 'Zones Adjusted to account for: AEP, ATSI, APS, BGE, COMED, DAYTON, DLCO, JCPL, METED, PECO, PEPCO, PL - Growth in data center load'; value from Table B-9 (updated 2/6/2026)"
2026-01-14,PJM-METED,zone,PJM METED zone (Metropolitan Edison),forecast_adjustment,data_centers,234.0,2043,summer peak adjustment above embedded,,,PJM,https://www.pjm.com/-/media/DotCom/planning/res-adeq/load-forecast/2026-load-report-tables.xlsx,"2026 PJM Load Forecast Report, Table B-9","Load Report p.5, Load Adjustments: 'Zones Adjusted to account for: AEP, ATSI, APS, BGE, COMED, DAYTON, DLCO, JCPL, METED, PECO, PEPCO, PL - Growth in data center load'; value from Table B-9 (updated 2/6/2026)"
2026-01-14,PJM-METED,zone,PJM METED zone (Metropolitan Edison),forecast_adjustment,data_centers,234.0,2044,summer peak adjustment above embedded,,,PJM,https://www.pjm.com/-/media/DotCom/planning/res-adeq/load-forecast/2026-load-report-tables.xlsx,"2026 PJM Load Forecast Report, Table B-9","Load Report p.5, Load Adjustments: 'Zones Adjusted to account for: AEP, ATSI, APS, BGE, COMED, DAYTON, DLCO, JCPL, METED, PECO, PEPCO, PL - Growth in data center load'; value from Table B-9 (updated 2/6/2026)"
2026-01-14,PJM-METED,zone,PJM METED zone (Metropolitan Edison),forecast_adjustment,data_centers,234.0,2045,summer peak adjustment above embedded,,,PJM,https://www.pjm.com/-/media/DotCom/planning/res-adeq/load-forecast/2026-load-report-tables.xlsx,"2026 PJM Load Forecast Report, Table B-9","Load Report p.5, Load Adjustments: 'Zones Adjusted to account for: AEP, ATSI, APS, BGE, COMED, DAYTON, DLCO, JCPL, METED, PECO, PEPCO, PL - Growth in data center load'; value from Table B-9 (updated 2/6/2026)"
2026-01-14,PJM-METED,zone,PJM METED zone (Metropolitan Edison),forecast_adjustment,data_centers,234.0,2046,summer peak adjustment above embedded,,,PJM,https://www.pjm.com/-/media/DotCom/planning/res-adeq/load-forecast/2026-load-report-tables.xlsx,"2026 PJM Load Forecast Report, Table B-9","Load Report p.5, Load Adjustments: 'Zones Adjusted to account for: AEP, ATSI, APS, BGE, COMED, DAYTON, DLCO, JCPL, METED, PECO, PEPCO, PL - Growth in data center load'; value from Table B-9 (updated 2/6/2026)"
2026-01-14,PJM-PECO,zone,PJM PECO zone (PECO Energy),forecast_adjustment,data_centers,17.0,2026,summer peak adjustment above embedded,,,PJM,https://www.pjm.com/-/media/DotCom/planning/res-adeq/load-forecast/2026-load-report-tables.xlsx,"2026 PJM Load Forecast Report, Table B-9","Load Report p.5, Load Adjustments: 'Zones Adjusted to account for: AEP, ATSI, APS, BGE, COMED, DAYTON, DLCO, JCPL, METED, PECO, PEPCO, PL - Growth in data center load'; value from Table B-9 (updated 2/6/2026)"
2026-01-14,PJM-PECO,zone,PJM PECO zone (PECO Energy),forecast_adjustment,data_centers,88.0,2027,summer peak adjustment above embedded,,,PJM,https://www.pjm.com/-/media/DotCom/planning/res-adeq/load-forecast/2026-load-report-tables.xlsx,"2026 PJM Load Forecast Report, Table B-9","Load Report p.5, Load Adjustments: 'Zones Adjusted to account for: AEP, ATSI, APS, BGE, COMED, DAYTON, DLCO, JCPL, METED, PECO, PEPCO, PL - Growth in data center load'; value from Table B-9 (updated 2/6/2026)"
2026-01-14,PJM-PECO,zone,PJM PECO zone (PECO Energy),forecast_adjustment,data_centers,281.0,2028,summer peak adjustment above embedded,,,PJM,https://www.pjm.com/-/media/DotCom/planning/res-adeq/load-forecast/2026-load-report-tables.xlsx,"2026 PJM Load Forecast Report, Table B-9","Load Report p.5, Load Adjustments: 'Zones Adjusted to account for: AEP, ATSI, APS, BGE, COMED, DAYTON, DLCO, JCPL, METED, PECO, PEPCO, PL - Growth in data center load'; value from Table B-9 (updated 2/6/2026)"
2026-01-14,PJM-PECO,zone,PJM PECO zone (PECO Energy),forecast_adjustment,data_centers,517.0,2029,summer peak adjustment above embedded,,,PJM,https://www.pjm.com/-/media/DotCom/planning/res-adeq/load-forecast/2026-load-report-tables.xlsx,"2026 PJM Load Forecast Report, Table B-9","Load Report p.5, Load Adjustments: 'Zones Adjusted to account for: AEP, ATSI, APS, BGE, COMED, DAYTON, DLCO, JCPL, METED, PECO, PEPCO, PL - Growth in data center load'; value from Table B-9 (updated 2/6/2026)"
2026-01-14,PJM-PECO,zone,PJM PECO zone (PECO Energy),forecast_adjustment,data_centers,824.0,2030,summer peak adjustment above embedded,,,PJM,https://www.pjm.com/-/media/DotCom/planning/res-adeq/load-forecast/2026-load-report-tables.xlsx,"2026 PJM Load Forecast Report, Table B-9","Load Report p.5, Load Adjustments: 'Zones Adjusted to account for: AEP, ATSI, APS, BGE, COMED, DAYTON, DLCO, JCPL, METED, PECO, PEPCO, PL - Growth in data center load'; value from Table B-9 (updated 2/6/2026)"
2026-01-14,PJM-PECO,zone,PJM PECO zone (PECO Energy),forecast_adjustment,data_centers,1146.0,2031,summer peak adjustment above embedded,,,PJM,https://www.pjm.com/-/media/DotCom/planning/res-adeq/load-forecast/2026-load-report-tables.xlsx,"2026 PJM Load Forecast Report, Table B-9","Load Report p.5, Load Adjustments: 'Zones Adjusted to account for: AEP, ATSI, APS, BGE, COMED, DAYTON, DLCO, JCPL, METED, PECO, PEPCO, PL - Growth in data center load'; value from Table B-9 (updated 2/6/2026)"
2026-01-14,PJM-PECO,zone,PJM PECO zone (PECO Energy),forecast_adjustment,data_centers,1414.0,2032,summer peak adjustment above embedded,,,PJM,https://www.pjm.com/-/media/DotCom/planning/res-adeq/load-forecast/2026-load-report-tables.xlsx,"2026 PJM Load Forecast Report, Table B-9","Load Report p.5, Load Adjustments: 'Zones Adjusted to account for: AEP, ATSI, APS, BGE, COMED, DAYTON, DLCO, JCPL, METED, PECO, PEPCO, PL - Growth in data center load'; value from Table B-9 (updated 2/6/2026)"
2026-01-14,PJM-PECO,zone,PJM PECO zone (PECO Energy),forecast_adjustment,data_centers,1560.0,2033,summer peak adjustment above embedded,,,PJM,https://www.pjm.com/-/media/DotCom/planning/res-adeq/load-forecast/2026-load-report-tables.xlsx,"2026 PJM Load Forecast Report, Table B-9","Load Report p.5, Load Adjustments: 'Zones Adjusted to account for: AEP, ATSI, APS, BGE, COMED, DAYTON, DLCO, JCPL, METED, PECO, PEPCO, PL - Growth in data center load'; value from Table B-9 (updated 2/6/2026)"
2026-01-14,PJM-PECO,zone,PJM PECO zone (PECO Energy),forecast_adjustment,data_centers,1664.0,2034,summer peak adjustment above embedded,,,PJM,https://www.pjm.com/-/media/DotCom/planning/res-adeq/load-forecast/2026-load-report-tables.xlsx,"2026 PJM Load Forecast Report, Table B-9","Load Report p.5, Load Adjustments: 'Zones Adjusted to account for: AEP, ATSI, APS, BGE, COMED, DAYTON, DLCO, JCPL, METED, PECO, PEPCO, PL - Growth in data center load'; value from Table B-9 (updated 2/6/2026)"
2026-01-14,PJM-PECO,zone,PJM PECO zone (PECO Energy),forecast_adjustment,data_centers,1698.0,2035,summer peak adjustment above embedded,,,PJM,https://www.pjm.com/-/media/DotCom/planning/res-adeq/load-forecast/2026-load-report-tables.xlsx,"2026 PJM Load Forecast Report, Table B-9","Load Report p.5, Load Adjustments: 'Zones Adjusted to account for: AEP, ATSI, APS, BGE, COMED, DAYTON, DLCO, JCPL, METED, PECO, PEPCO, PL - Growth in data center load'; value from Table B-9 (updated 2/6/2026)"
2026-01-14,PJM-PECO,zone,PJM PECO zone (PECO Energy),forecast_adjustment,data_centers,1697.0,2036,summer peak adjustment above embedded,,,PJM,https://www.pjm.com/-/media/DotCom/planning/res-adeq/load-forecast/2026-load-report-tables.xlsx,"2026 PJM Load Forecast Report, Table B-9","Load Report p.5, Load Adjustments: 'Zones Adjusted to account for: AEP, ATSI, APS, BGE, COMED, DAYTON, DLCO, JCPL, METED, PECO, PEPCO, PL - Growth in data center load'; value from Table B-9 (updated 2/6/2026)"
2026-01-14,PJM-PECO,zone,PJM PECO zone (PECO Energy),forecast_adjustment,data_centers,1698.0,2037,summer peak adjustment above embedded,,,PJM,https://www.pjm.com/-/media/DotCom/planning/res-adeq/load-forecast/2026-load-report-tables.xlsx,"2026 PJM Load Forecast Report, Table B-9","Load Report p.5, Load Adjustments: 'Zones Adjusted to account for: AEP, ATSI, APS, BGE, COMED, DAYTON, DLCO, JCPL, METED, PECO, PEPCO, PL - Growth in data center load'; value from Table B-9 (updated 2/6/2026)"
2026-01-14,PJM-PECO,zone,PJM PECO zone (PECO Energy),forecast_adjustment,data_centers,1698.0,2038,summer peak adjustment above embedded,,,PJM,https://www.pjm.com/-/media/DotCom/planning/res-adeq/load-forecast/2026-load-report-tables.xlsx,"2026 PJM Load Forecast Report, Table B-9","Load Report p.5, Load Adjustments: 'Zones Adjusted to account for: AEP, ATSI, APS, BGE, COMED, DAYTON, DLCO, JCPL, METED, PECO, PEPCO, PL - Growth in data center load'; value from Table B-9 (updated 2/6/2026)"
2026-01-14,PJM-PECO,zone,PJM PECO zone (PECO Energy),forecast_adjustment,data_centers,1698.0,2039,summer peak adjustment above embedded,,,PJM,https://www.pjm.com/-/media/DotCom/planning/res-adeq/load-forecast/2026-load-report-tables.xlsx,"2026 PJM Load Forecast Report, Table B-9","Load Report p.5, Load Adjustments: 'Zones Adjusted to account for: AEP, ATSI, APS, BGE, COMED, DAYTON, DLCO, JCPL, METED, PECO, PEPCO, PL - Growth in data center load'; value from Table B-9 (updated 2/6/2026)"
2026-01-14,PJM-PECO,zone,PJM PECO zone (PECO Energy),forecast_adjustment,data_centers,1698.0,2040,summer peak adjustment above embedded,,,PJM,https://www.pjm.com/-/media/DotCom/planning/res-adeq/load-forecast/2026-load-report-tables.xlsx,"2026 PJM Load Forecast Report, Table B-9","Load Report p.5, Load Adjustments: 'Zones Adjusted to account for: AEP, ATSI, APS, BGE, COMED, DAYTON, DLCO, JCPL, METED, PECO, PEPCO, PL - Growth in data center load'; value from Table B-9 (updated 2/6/2026)"
2026-01-14,PJM-PECO,zone,PJM PECO zone (PECO Energy),forecast_adjustment,data_centers,1698.0,2041,summer peak adjustment above embedded,,,PJM,https://www.pjm.com/-/media/DotCom/planning/res-adeq/load-forecast/2026-load-report-tables.xlsx,"2026 PJM Load Forecast Report, Table B-9","Load Report p.5, Load Adjustments: 'Zones Adjusted to account for: AEP, ATSI, APS, BGE, COMED, DAYTON, DLCO, JCPL, METED, PECO, PEPCO, PL - Growth in data center load'; value from Table B-9 (updated 2/6/2026)"
2026-01-14,PJM-PECO,zone,PJM PECO zone (PECO Energy),forecast_adjustment,data_centers,1699.0,2042,summer peak adjustment above embedded,,,PJM,https://www.pjm.com/-/media/DotCom/planning/res-adeq/load-forecast/2026-load-report-tables.xlsx,"2026 PJM Load Forecast Report, Table B-9","Load Report p.5, Load Adjustments: 'Zones Adjusted to account for: AEP, ATSI, APS, BGE, COMED, DAYTON, DLCO, JCPL, METED, PECO, PEPCO, PL - Growth in data center load'; value from Table B-9 (updated 2/6/2026)"
2026-01-14,PJM-PECO,zone,PJM PECO zone (PECO Energy),forecast_adjustment,data_centers,1699.0,2043,summer peak adjustment above embedded,,,PJM,https://www.pjm.com/-/media/DotCom/planning/res-adeq/load-forecast/2026-load-report-tables.xlsx,"2026 PJM Load Forecast Report, Table B-9","Load Report p.5, Load Adjustments: 'Zones Adjusted to account for: AEP, ATSI, APS, BGE, COMED, DAYTON, DLCO, JCPL, METED, PECO, PEPCO, PL - Growth in data center load'; value from Table B-9 (updated 2/6/2026)"
2026-01-14,PJM-PECO,zone,PJM PECO zone (PECO Energy),forecast_adjustment,data_centers,1700.0,2044,summer peak adjustment above embedded,,,PJM,https://www.pjm.com/-/media/DotCom/planning/res-adeq/load-forecast/2026-load-report-tables.xlsx,"2026 PJM Load Forecast Report, Table B-9","Load Report p.5, Load Adjustments: 'Zones Adjusted to account for: AEP, ATSI, APS, BGE, COMED, DAYTON, DLCO, JCPL, METED, PECO, PEPCO, PL - Growth in data center load'; value from Table B-9 (updated 2/6/2026)"
2026-01-14,PJM-PECO,zone,PJM PECO zone (PECO Energy),forecast_adjustment,data_centers,1701.0,2045,summer peak adjustment above embedded,,,PJM,https://www.pjm.com/-/media/DotCom/planning/res-adeq/load-forecast/2026-load-report-tables.xlsx,"2026 PJM Load Forecast Report, Table B-9","Load Report p.5, Load Adjustments: 'Zones Adjusted to account for: AEP, ATSI, APS, BGE, COMED, DAYTON, DLCO, JCPL, METED, PECO, PEPCO, PL - Growth in data center load'; value from Table B-9 (updated 2/6/2026)"
2026-01-14,PJM-PECO,zone,PJM PECO zone (PECO Energy),forecast_adjustment,data_centers,1702.0,2046,summer peak adjustment above embedded,,,PJM,https://www.pjm.com/-/media/DotCom/planning/res-adeq/load-forecast/2026-load-report-tables.xlsx,"2026 PJM Load Forecast Report, Table B-9","Load Report p.5, Load Adjustments: 'Zones Adjusted to account for: AEP, ATSI, APS, BGE, COMED, DAYTON, DLCO, JCPL, METED, PECO, PEPCO, PL - Growth in data center load'; value from Table B-9 (updated 2/6/2026)"
2026-01-14,PJM-PEPCO,zone,PJM PEPCO zone (Potomac Electric Power),forecast_adjustment,data_centers,0.0,2026,summer peak adjustment above embedded,,,PJM,https://www.pjm.com/-/media/DotCom/planning/res-adeq/load-forecast/2026-load-report-tables.xlsx,"2026 PJM Load Forecast Report, Table B-9","Load Report p.5, Load Adjustments: 'Zones Adjusted to account for: AEP, ATSI, APS, BGE, COMED, DAYTON, DLCO, JCPL, METED, PECO, PEPCO, PL - Growth in data center load'; value from Table B-9 (updated 2/6/2026)"
2026-01-14,PJM-PEPCO,zone,PJM PEPCO zone (Potomac Electric Power),forecast_adjustment,data_centers,0.0,2027,summer peak adjustment above embedded,,,PJM,https://www.pjm.com/-/media/DotCom/planning/res-adeq/load-forecast/2026-load-report-tables.xlsx,"2026 PJM Load Forecast Report, Table B-9","Load Report p.5, Load Adjustments: 'Zones Adjusted to account for: AEP, ATSI, APS, BGE, COMED, DAYTON, DLCO, JCPL, METED, PECO, PEPCO, PL - Growth in data center load'; value from Table B-9 (updated 2/6/2026)"
2026-01-14,PJM-PEPCO,zone,PJM PEPCO zone (Potomac Electric Power),forecast_adjustment,data_centers,0.0,2028,summer peak adjustment above embedded,,,PJM,https://www.pjm.com/-/media/DotCom/planning/res-adeq/load-forecast/2026-load-report-tables.xlsx,"2026 PJM Load Forecast Report, Table B-9","Load Report p.5, Load Adjustments: 'Zones Adjusted to account for: AEP, ATSI, APS, BGE, COMED, DAYTON, DLCO, JCPL, METED, PECO, PEPCO, PL - Growth in data center load'; value from Table B-9 (updated 2/6/2026)"
2026-01-14,PJM-PEPCO,zone,PJM PEPCO zone (Potomac Electric Power),forecast_adjustment,data_centers,0.0,2029,summer peak adjustment above embedded,,,PJM,https://www.pjm.com/-/media/DotCom/planning/res-adeq/load-forecast/2026-load-report-tables.xlsx,"2026 PJM Load Forecast Report, Table B-9","Load Report p.5, Load Adjustments: 'Zones Adjusted to account for: AEP, ATSI, APS, BGE, COMED, DAYTON, DLCO, JCPL, METED, PECO, PEPCO, PL - Growth in data center load'; value from Table B-9 (updated 2/6/2026)"
2026-01-14,PJM-PEPCO,zone,PJM PEPCO zone (Potomac Electric Power),forecast_adjustment,data_centers,142.0,2030,summer peak adjustment above embedded,,,PJM,https://www.pjm.com/-/media/DotCom/planning/res-adeq/load-forecast/2026-load-report-tables.xlsx,"2026 PJM Load Forecast Report, Table B-9","Load Report p.5, Load Adjustments: 'Zones Adjusted to account for: AEP, ATSI, APS, BGE, COMED, DAYTON, DLCO, JCPL, METED, PECO, PEPCO, PL - Growth in data center load'; value from Table B-9 (updated 2/6/2026)"
2026-01-14,PJM-PEPCO,zone,PJM PEPCO zone (Potomac Electric Power),forecast_adjustment,data_centers,229.0,2031,summer peak adjustment above embedded,,,PJM,https://www.pjm.com/-/media/DotCom/planning/res-adeq/load-forecast/2026-load-report-tables.xlsx,"2026 PJM Load Forecast Report, Table B-9","Load Report p.5, Load Adjustments: 'Zones Adjusted to account for: AEP, ATSI, APS, BGE, COMED, DAYTON, DLCO, JCPL, METED, PECO, PEPCO, PL - Growth in data center load'; value from Table B-9 (updated 2/6/2026)"
2026-01-14,PJM-PEPCO,zone,PJM PEPCO zone (Potomac Electric Power),forecast_adjustment,data_centers,437.0,2032,summer peak adjustment above embedded,,,PJM,https://www.pjm.com/-/media/DotCom/planning/res-adeq/load-forecast/2026-load-report-tables.xlsx,"2026 PJM Load Forecast Report, Table B-9","Load Report p.5, Load Adjustments: 'Zones Adjusted to account for: AEP, ATSI, APS, BGE, COMED, DAYTON, DLCO, JCPL, METED, PECO, PEPCO, PL - Growth in data center load'; value from Table B-9 (updated 2/6/2026)"
2026-01-14,PJM-PEPCO,zone,PJM PEPCO zone (Potomac Electric Power),forecast_adjustment,data_centers,642.0,2033,summer peak adjustment above embedded,,,PJM,https://www.pjm.com/-/media/DotCom/planning/res-adeq/load-forecast/2026-load-report-tables.xlsx,"2026 PJM Load Forecast Report, Table B-9","Load Report p.5, Load Adjustments: 'Zones Adjusted to account for: AEP, ATSI, APS, BGE, COMED, DAYTON, DLCO, JCPL, METED, PECO, PEPCO, PL - Growth in data center load'; value from Table B-9 (updated 2/6/2026)"
2026-01-14,PJM-PEPCO,zone,PJM PEPCO zone (Potomac Electric Power),forecast_adjustment,data_centers,799.0,2034,summer peak adjustment above embedded,,,PJM,https://www.pjm.com/-/media/DotCom/planning/res-adeq/load-forecast/2026-load-report-tables.xlsx,"2026 PJM Load Forecast Report, Table B-9","Load Report p.5, Load Adjustments: 'Zones Adjusted to account for: AEP, ATSI, APS, BGE, COMED, DAYTON, DLCO, JCPL, METED, PECO, PEPCO, PL - Growth in data center load'; value from Table B-9 (updated 2/6/2026)"
2026-01-14,PJM-PEPCO,zone,PJM PEPCO zone (Potomac Electric Power),forecast_adjustment,data_centers,946.0,2035,summer peak adjustment above embedded,,,PJM,https://www.pjm.com/-/media/DotCom/planning/res-adeq/load-forecast/2026-load-report-tables.xlsx,"2026 PJM Load Forecast Report, Table B-9","Load Report p.5, Load Adjustments: 'Zones Adjusted to account for: AEP, ATSI, APS, BGE, COMED, DAYTON, DLCO, JCPL, METED, PECO, PEPCO, PL - Growth in data center load'; value from Table B-9 (updated 2/6/2026)"
2026-01-14,PJM-PEPCO,zone,PJM PEPCO zone (Potomac Electric Power),forecast_adjustment,data_centers,1064.0,2036,summer peak adjustment above embedded,,,PJM,https://www.pjm.com/-/media/DotCom/planning/res-adeq/load-forecast/2026-load-report-tables.xlsx,"2026 PJM Load Forecast Report, Table B-9","Load Report p.5, Load Adjustments: 'Zones Adjusted to account for: AEP, ATSI, APS, BGE, COMED, DAYTON, DLCO, JCPL, METED, PECO, PEPCO, PL - Growth in data center load'; value from Table B-9 (updated 2/6/2026)"
2026-01-14,PJM-PEPCO,zone,PJM PEPCO zone (Potomac Electric Power),forecast_adjustment,data_centers,1064.0,2037,summer peak adjustment above embedded,,,PJM,https://www.pjm.com/-/media/DotCom/planning/res-adeq/load-forecast/2026-load-report-tables.xlsx,"2026 PJM Load Forecast Report, Table B-9","Load Report p.5, Load Adjustments: 'Zones Adjusted to account for: AEP, ATSI, APS, BGE, COMED, DAYTON, DLCO, JCPL, METED, PECO, PEPCO, PL - Growth in data center load'; value from Table B-9 (updated 2/6/2026)"
2026-01-14,PJM-PEPCO,zone,PJM PEPCO zone (Potomac Electric Power),forecast_adjustment,data_centers,1064.0,2038,summer peak adjustment above embedded,,,PJM,https://www.pjm.com/-/media/DotCom/planning/res-adeq/load-forecast/2026-load-report-tables.xlsx,"2026 PJM Load Forecast Report, Table B-9","Load Report p.5, Load Adjustments: 'Zones Adjusted to account for: AEP, ATSI, APS, BGE, COMED, DAYTON, DLCO, JCPL, METED, PECO, PEPCO, PL - Growth in data center load'; value from Table B-9 (updated 2/6/2026)"
2026-01-14,PJM-PEPCO,zone,PJM PEPCO zone (Potomac Electric Power),forecast_adjustment,data_centers,1064.0,2039,summer peak adjustment above embedded,,,PJM,https://www.pjm.com/-/media/DotCom/planning/res-adeq/load-forecast/2026-load-report-tables.xlsx,"2026 PJM Load Forecast Report, Table B-9","Load Report p.5, Load Adjustments: 'Zones Adjusted to account for: AEP, ATSI, APS, BGE, COMED, DAYTON, DLCO, JCPL, METED, PECO, PEPCO, PL - Growth in data center load'; value from Table B-9 (updated 2/6/2026)"
2026-01-14,PJM-PEPCO,zone,PJM PEPCO zone (Potomac Electric Power),forecast_adjustment,data_centers,1064.0,2040,summer peak adjustment above embedded,,,PJM,https://www.pjm.com/-/media/DotCom/planning/res-adeq/load-forecast/2026-load-report-tables.xlsx,"2026 PJM Load Forecast Report, Table B-9","Load Report p.5, Load Adjustments: 'Zones Adjusted to account for: AEP, ATSI, APS, BGE, COMED, DAYTON, DLCO, JCPL, METED, PECO, PEPCO, PL - Growth in data center load'; value from Table B-9 (updated 2/6/2026)"
2026-01-14,PJM-PEPCO,zone,PJM PEPCO zone (Potomac Electric Power),forecast_adjustment,data_centers,1064.0,2041,summer peak adjustment above embedded,,,PJM,https://www.pjm.com/-/media/DotCom/planning/res-adeq/load-forecast/2026-load-report-tables.xlsx,"2026 PJM Load Forecast Report, Table B-9","Load Report p.5, Load Adjustments: 'Zones Adjusted to account for: AEP, ATSI, APS, BGE, COMED, DAYTON, DLCO, JCPL, METED, PECO, PEPCO, PL - Growth in data center load'; value from Table B-9 (updated 2/6/2026)"
2026-01-14,PJM-PEPCO,zone,PJM PEPCO zone (Potomac Electric Power),forecast_adjustment,data_centers,1064.0,2042,summer peak adjustment above embedded,,,PJM,https://www.pjm.com/-/media/DotCom/planning/res-adeq/load-forecast/2026-load-report-tables.xlsx,"2026 PJM Load Forecast Report, Table B-9","Load Report p.5, Load Adjustments: 'Zones Adjusted to account for: AEP, ATSI, APS, BGE, COMED, DAYTON, DLCO, JCPL, METED, PECO, PEPCO, PL - Growth in data center load'; value from Table B-9 (updated 2/6/2026)"
2026-01-14,PJM-PEPCO,zone,PJM PEPCO zone (Potomac Electric Power),forecast_adjustment,data_centers,1064.0,2043,summer peak adjustment above embedded,,,PJM,https://www.pjm.com/-/media/DotCom/planning/res-adeq/load-forecast/2026-load-report-tables.xlsx,"2026 PJM Load Forecast Report, Table B-9","Load Report p.5, Load Adjustments: 'Zones Adjusted to account for: AEP, ATSI, APS, BGE, COMED, DAYTON, DLCO, JCPL, METED, PECO, PEPCO, PL - Growth in data center load'; value from Table B-9 (updated 2/6/2026)"
2026-01-14,PJM-PEPCO,zone,PJM PEPCO zone (Potomac Electric Power),forecast_adjustment,data_centers,1064.0,2044,summer peak adjustment above embedded,,,PJM,https://www.pjm.com/-/media/DotCom/planning/res-adeq/load-forecast/2026-load-report-tables.xlsx,"2026 PJM Load Forecast Report, Table B-9","Load Report p.5, Load Adjustments: 'Zones Adjusted to account for: AEP, ATSI, APS, BGE, COMED, DAYTON, DLCO, JCPL, METED, PECO, PEPCO, PL - Growth in data center load'; value from Table B-9 (updated 2/6/2026)"
2026-01-14,PJM-PEPCO,zone,PJM PEPCO zone (Potomac Electric Power),forecast_adjustment,data_centers,1064.0,2045,summer peak adjustment above embedded,,,PJM,https://www.pjm.com/-/media/DotCom/planning/res-adeq/load-forecast/2026-load-report-tables.xlsx,"2026 PJM Load Forecast Report, Table B-9","Load Report p.5, Load Adjustments: 'Zones Adjusted to account for: AEP, ATSI, APS, BGE, COMED, DAYTON, DLCO, JCPL, METED, PECO, PEPCO, PL - Growth in data center load'; value from Table B-9 (updated 2/6/2026)"
2026-01-14,PJM-PEPCO,zone,PJM PEPCO zone (Potomac Electric Power),forecast_adjustment,data_centers,1064.0,2046,summer peak adjustment above embedded,,,PJM,https://www.pjm.com/-/media/DotCom/planning/res-adeq/load-forecast/2026-load-report-tables.xlsx,"2026 PJM Load Forecast Report, Table B-9","Load Report p.5, Load Adjustments: 'Zones Adjusted to account for: AEP, ATSI, APS, BGE, COMED, DAYTON, DLCO, JCPL, METED, PECO, PEPCO, PL - Growth in data center load'; value from Table B-9 (updated 2/6/2026)"
2026-01-14,PJM-PL,zone,PJM PL zone (PPL Electric Utilities),forecast_adjustment,data_centers,189.0,2026,summer peak adjustment above embedded,,,PJM,https://www.pjm.com/-/media/DotCom/planning/res-adeq/load-forecast/2026-load-report-tables.xlsx,"2026 PJM Load Forecast Report, Table B-9","Load Report p.5, Load Adjustments: 'Zones Adjusted to account for: AEP, ATSI, APS, BGE, COMED, DAYTON, DLCO, JCPL, METED, PECO, PEPCO, PL - Growth in data center load'; value from Table B-9 (updated 2/6/2026)"
2026-01-14,PJM-PL,zone,PJM PL zone (PPL Electric Utilities),forecast_adjustment,data_centers,394.0,2027,summer peak adjustment above embedded,,,PJM,https://www.pjm.com/-/media/DotCom/planning/res-adeq/load-forecast/2026-load-report-tables.xlsx,"2026 PJM Load Forecast Report, Table B-9","Load Report p.5, Load Adjustments: 'Zones Adjusted to account for: AEP, ATSI, APS, BGE, COMED, DAYTON, DLCO, JCPL, METED, PECO, PEPCO, PL - Growth in data center load'; value from Table B-9 (updated 2/6/2026)"
2026-01-14,PJM-PL,zone,PJM PL zone (PPL Electric Utilities),forecast_adjustment,data_centers,1274.0,2028,summer peak adjustment above embedded,,,PJM,https://www.pjm.com/-/media/DotCom/planning/res-adeq/load-forecast/2026-load-report-tables.xlsx,"2026 PJM Load Forecast Report, Table B-9","Load Report p.5, Load Adjustments: 'Zones Adjusted to account for: AEP, ATSI, APS, BGE, COMED, DAYTON, DLCO, JCPL, METED, PECO, PEPCO, PL - Growth in data center load'; value from Table B-9 (updated 2/6/2026)"
2026-01-14,PJM-PL,zone,PJM PL zone (PPL Electric Utilities),forecast_adjustment,data_centers,1876.0,2029,summer peak adjustment above embedded,,,PJM,https://www.pjm.com/-/media/DotCom/planning/res-adeq/load-forecast/2026-load-report-tables.xlsx,"2026 PJM Load Forecast Report, Table B-9","Load Report p.5, Load Adjustments: 'Zones Adjusted to account for: AEP, ATSI, APS, BGE, COMED, DAYTON, DLCO, JCPL, METED, PECO, PEPCO, PL - Growth in data center load'; value from Table B-9 (updated 2/6/2026)"
2026-01-14,PJM-PL,zone,PJM PL zone (PPL Electric Utilities),forecast_adjustment,data_centers,4996.0,2030,summer peak adjustment above embedded,,,PJM,https://www.pjm.com/-/media/DotCom/planning/res-adeq/load-forecast/2026-load-report-tables.xlsx,"2026 PJM Load Forecast Report, Table B-9","Load Report p.5, Load Adjustments: 'Zones Adjusted to account for: AEP, ATSI, APS, BGE, COMED, DAYTON, DLCO, JCPL, METED, PECO, PEPCO, PL - Growth in data center load'; value from Table B-9 (updated 2/6/2026)"
2026-01-14,PJM-PL,zone,PJM PL zone (PPL Electric Utilities),forecast_adjustment,data_centers,5906.0,2031,summer peak adjustment above embedded,,,PJM,https://www.pjm.com/-/media/DotCom/planning/res-adeq/load-forecast/2026-load-report-tables.xlsx,"2026 PJM Load Forecast Report, Table B-9","Load Report p.5, Load Adjustments: 'Zones Adjusted to account for: AEP, ATSI, APS, BGE, COMED, DAYTON, DLCO, JCPL, METED, PECO, PEPCO, PL - Growth in data center load'; value from Table B-9 (updated 2/6/2026)"
2026-01-14,PJM-PL,zone,PJM PL zone (PPL Electric Utilities),forecast_adjustment,data_centers,6241.0,2032,summer peak adjustment above embedded,,,PJM,https://www.pjm.com/-/media/DotCom/planning/res-adeq/load-forecast/2026-load-report-tables.xlsx,"2026 PJM Load Forecast Report, Table B-9","Load Report p.5, Load Adjustments: 'Zones Adjusted to account for: AEP, ATSI, APS, BGE, COMED, DAYTON, DLCO, JCPL, METED, PECO, PEPCO, PL - Growth in data center load'; value from Table B-9 (updated 2/6/2026)"
2026-01-14,PJM-PL,zone,PJM PL zone (PPL Electric Utilities),forecast_adjustment,data_centers,6285.0,2033,summer peak adjustment above embedded,,,PJM,https://www.pjm.com/-/media/DotCom/planning/res-adeq/load-forecast/2026-load-report-tables.xlsx,"2026 PJM Load Forecast Report, Table B-9","Load Report p.5, Load Adjustments: 'Zones Adjusted to account for: AEP, ATSI, APS, BGE, COMED, DAYTON, DLCO, JCPL, METED, PECO, PEPCO, PL - Growth in data center load'; value from Table B-9 (updated 2/6/2026)"
2026-01-14,PJM-PL,zone,PJM PL zone (PPL Electric Utilities),forecast_adjustment,data_centers,6284.0,2034,summer peak adjustment above embedded,,,PJM,https://www.pjm.com/-/media/DotCom/planning/res-adeq/load-forecast/2026-load-report-tables.xlsx,"2026 PJM Load Forecast Report, Table B-9","Load Report p.5, Load Adjustments: 'Zones Adjusted to account for: AEP, ATSI, APS, BGE, COMED, DAYTON, DLCO, JCPL, METED, PECO, PEPCO, PL - Growth in data center load'; value from Table B-9 (updated 2/6/2026)"
2026-01-14,PJM-PL,zone,PJM PL zone (PPL Electric Utilities),forecast_adjustment,data_centers,6282.0,2035,summer peak adjustment above embedded,,,PJM,https://www.pjm.com/-/media/DotCom/planning/res-adeq/load-forecast/2026-load-report-tables.xlsx,"2026 PJM Load Forecast Report, Table B-9","Load Report p.5, Load Adjustments: 'Zones Adjusted to account for: AEP, ATSI, APS, BGE, COMED, DAYTON, DLCO, JCPL, METED, PECO, PEPCO, PL - Growth in data center load'; value from Table B-9 (updated 2/6/2026)"
2026-01-14,PJM-PL,zone,PJM PL zone (PPL Electric Utilities),forecast_adjustment,data_centers,6279.0,2036,summer peak adjustment above embedded,,,PJM,https://www.pjm.com/-/media/DotCom/planning/res-adeq/load-forecast/2026-load-report-tables.xlsx,"2026 PJM Load Forecast Report, Table B-9","Load Report p.5, Load Adjustments: 'Zones Adjusted to account for: AEP, ATSI, APS, BGE, COMED, DAYTON, DLCO, JCPL, METED, PECO, PEPCO, PL - Growth in data center load'; value from Table B-9 (updated 2/6/2026)"
2026-01-14,PJM-PL,zone,PJM PL zone (PPL Electric Utilities),forecast_adjustment,data_centers,6278.0,2037,summer peak adjustment above embedded,,,PJM,https://www.pjm.com/-/media/DotCom/planning/res-adeq/load-forecast/2026-load-report-tables.xlsx,"2026 PJM Load Forecast Report, Table B-9","Load Report p.5, Load Adjustments: 'Zones Adjusted to account for: AEP, ATSI, APS, BGE, COMED, DAYTON, DLCO, JCPL, METED, PECO, PEPCO, PL - Growth in data center load'; value from Table B-9 (updated 2/6/2026)"
2026-01-14,PJM-PL,zone,PJM PL zone (PPL Electric Utilities),forecast_adjustment,data_centers,6279.0,2038,summer peak adjustment above embedded,,,PJM,https://www.pjm.com/-/media/DotCom/planning/res-adeq/load-forecast/2026-load-report-tables.xlsx,"2026 PJM Load Forecast Report, Table B-9","Load Report p.5, Load Adjustments: 'Zones Adjusted to account for: AEP, ATSI, APS, BGE, COMED, DAYTON, DLCO, JCPL, METED, PECO, PEPCO, PL - Growth in data center load'; value from Table B-9 (updated 2/6/2026)"
2026-01-14,PJM-PL,zone,PJM PL zone (PPL Electric Utilities),forecast_adjustment,data_centers,6280.0,2039,summer peak adjustment above embedded,,,PJM,https://www.pjm.com/-/media/DotCom/planning/res-adeq/load-forecast/2026-load-report-tables.xlsx,"2026 PJM Load Forecast Report, Table B-9","Load Report p.5, Load Adjustments: 'Zones Adjusted to account for: AEP, ATSI, APS, BGE, COMED, DAYTON, DLCO, JCPL, METED, PECO, PEPCO, PL - Growth in data center load'; value from Table B-9 (updated 2/6/2026)"
2026-01-14,PJM-PL,zone,PJM PL zone (PPL Electric Utilities),forecast_adjustment,data_centers,6281.0,2040,summer peak adjustment above embedded,,,PJM,https://www.pjm.com/-/media/DotCom/planning/res-adeq/load-forecast/2026-load-report-tables.xlsx,"2026 PJM Load Forecast Report, Table B-9","Load Report p.5, Load Adjustments: 'Zones Adjusted to account for: AEP, ATSI, APS, BGE, COMED, DAYTON, DLCO, JCPL, METED, PECO, PEPCO, PL - Growth in data center load'; value from Table B-9 (updated 2/6/2026)"
2026-01-14,PJM-PL,zone,PJM PL zone (PPL Electric Utilities),forecast_adjustment,data_centers,6279.0,2041,summer peak adjustment above embedded,,,PJM,https://www.pjm.com/-/media/DotCom/planning/res-adeq/load-forecast/2026-load-report-tables.xlsx,"2026 PJM Load Forecast Report, Table B-9","Load Report p.5, Load Adjustments: 'Zones Adjusted to account for: AEP, ATSI, APS, BGE, COMED, DAYTON, DLCO, JCPL, METED, PECO, PEPCO, PL - Growth in data center load'; value from Table B-9 (updated 2/6/2026)"
2026-01-14,PJM-PL,zone,PJM PL zone (PPL Electric Utilities),forecast_adjustment,data_centers,6279.0,2042,summer peak adjustment above embedded,,,PJM,https://www.pjm.com/-/media/DotCom/planning/res-adeq/load-forecast/2026-load-report-tables.xlsx,"2026 PJM Load Forecast Report, Table B-9","Load Report p.5, Load Adjustments: 'Zones Adjusted to account for: AEP, ATSI, APS, BGE, COMED, DAYTON, DLCO, JCPL, METED, PECO, PEPCO, PL - Growth in data center load'; value from Table B-9 (updated 2/6/2026)"
2026-01-14,PJM-PL,zone,PJM PL zone (PPL Electric Utilities),forecast_adjustment,data_centers,6278.0,2043,summer peak adjustment above embedded,,,PJM,https://www.pjm.com/-/media/DotCom/planning/res-adeq/load-forecast/2026-load-report-tables.xlsx,"2026 PJM Load Forecast Report, Table B-9","Load Report p.5, Load Adjustments: 'Zones Adjusted to account for: AEP, ATSI, APS, BGE, COMED, DAYTON, DLCO, JCPL, METED, PECO, PEPCO, PL - Growth in data center load'; value from Table B-9 (updated 2/6/2026)"
2026-01-14,PJM-PL,zone,PJM PL zone (PPL Electric Utilities),forecast_adjustment,data_centers,6281.0,2044,summer peak adjustment above embedded,,,PJM,https://www.pjm.com/-/media/DotCom/planning/res-adeq/load-forecast/2026-load-report-tables.xlsx,"2026 PJM Load Forecast Report, Table B-9","Load Report p.5, Load Adjustments: 'Zones Adjusted to account for: AEP, ATSI, APS, BGE, COMED, DAYTON, DLCO, JCPL, METED, PECO, PEPCO, PL - Growth in data center load'; value from Table B-9 (updated 2/6/2026)"
2026-01-14,PJM-PL,zone,PJM PL zone (PPL Electric Utilities),forecast_adjustment,data_centers,6283.0,2045,summer peak adjustment above embedded,,,PJM,https://www.pjm.com/-/media/DotCom/planning/res-adeq/load-forecast/2026-load-report-tables.xlsx,"2026 PJM Load Forecast Report, Table B-9","Load Report p.5, Load Adjustments: 'Zones Adjusted to account for: AEP, ATSI, APS, BGE, COMED, DAYTON, DLCO, JCPL, METED, PECO, PEPCO, PL - Growth in data center load'; value from Table B-9 (updated 2/6/2026)"
2026-01-14,PJM-PL,zone,PJM PL zone (PPL Electric Utilities),forecast_adjustment,data_centers,6284.0,2046,summer peak adjustment above embedded,,,PJM,https://www.pjm.com/-/media/DotCom/planning/res-adeq/load-forecast/2026-load-report-tables.xlsx,"2026 PJM Load Forecast Report, Table B-9","Load Report p.5, Load Adjustments: 'Zones Adjusted to account for: AEP, ATSI, APS, BGE, COMED, DAYTON, DLCO, JCPL, METED, PECO, PEPCO, PL - Growth in data center load'; value from Table B-9 (updated 2/6/2026)"
2026-01-14,PJM-PS,zone,PJM PS zone (Public Service Electric and Gas),forecast,data_centers,785,2026,data-center summer peak demand,,,PJM,https://www.pjm.com/-/media/DotCom/planning/res-adeq/load-forecast/pseg-documentation.pdf,"PSE&G 2026 Load Forecast Adjustments (January 2026), p.5","Table 1: PSE&G Data Center Peak Demand (MW) by Summer Year, Total (values consider the completion rate)"
2026-01-14,PJM-PS,zone,PJM PS zone (Public Service Electric and Gas),forecast,data_centers,1300,2027,data-center summer peak demand,,,PJM,https://www.pjm.com/-/media/DotCom/planning/res-adeq/load-forecast/pseg-documentation.pdf,"PSE&G 2026 Load Forecast Adjustments (January 2026), p.5","Table 1: PSE&G Data Center Peak Demand (MW) by Summer Year, Total (values consider the completion rate)"
2026-01-14,PJM-PS,zone,PJM PS zone (Public Service Electric and Gas),forecast,data_centers,2135,2028,data-center summer peak demand,,,PJM,https://www.pjm.com/-/media/DotCom/planning/res-adeq/load-forecast/pseg-documentation.pdf,"PSE&G 2026 Load Forecast Adjustments (January 2026), p.5","Table 1: PSE&G Data Center Peak Demand (MW) by Summer Year, Total (values consider the completion rate)"
2026-01-14,PJM-PS,zone,PJM PS zone (Public Service Electric and Gas),forecast,data_centers,2569,2029,data-center summer peak demand,,,PJM,https://www.pjm.com/-/media/DotCom/planning/res-adeq/load-forecast/pseg-documentation.pdf,"PSE&G 2026 Load Forecast Adjustments (January 2026), p.5","Table 1: PSE&G Data Center Peak Demand (MW) by Summer Year, Total (values consider the completion rate)"
2026-01-14,PJM-PS,zone,PJM PS zone (Public Service Electric and Gas),forecast,data_centers,2910,2030,data-center summer peak demand,,,PJM,https://www.pjm.com/-/media/DotCom/planning/res-adeq/load-forecast/pseg-documentation.pdf,"PSE&G 2026 Load Forecast Adjustments (January 2026), p.5","Table 1: PSE&G Data Center Peak Demand (MW) by Summer Year, Total (values consider the completion rate)"
2026-01-14,PJM-PS,zone,PJM PS zone (Public Service Electric and Gas),forecast,data_centers,3084,2031,data-center summer peak demand,,,PJM,https://www.pjm.com/-/media/DotCom/planning/res-adeq/load-forecast/pseg-documentation.pdf,"PSE&G 2026 Load Forecast Adjustments (January 2026), p.5","Table 1: PSE&G Data Center Peak Demand (MW) by Summer Year, Total (values consider the completion rate)"
2026-01-14,PJM-PS,zone,PJM PS zone (Public Service Electric and Gas),forecast,data_centers,3331,2032,data-center summer peak demand,,,PJM,https://www.pjm.com/-/media/DotCom/planning/res-adeq/load-forecast/pseg-documentation.pdf,"PSE&G 2026 Load Forecast Adjustments (January 2026), p.5","Table 1: PSE&G Data Center Peak Demand (MW) by Summer Year, Total (values consider the completion rate)"
2026-01-14,PJM-PS,zone,PJM PS zone (Public Service Electric and Gas),forecast,data_centers,3399,2033,data-center summer peak demand,,,PJM,https://www.pjm.com/-/media/DotCom/planning/res-adeq/load-forecast/pseg-documentation.pdf,"PSE&G 2026 Load Forecast Adjustments (January 2026), p.5","Table 1: PSE&G Data Center Peak Demand (MW) by Summer Year, Total (values consider the completion rate)"
2026-01-14,PJM-PS,zone,PJM PS zone (Public Service Electric and Gas),forecast,data_centers,3410,2034,data-center summer peak demand,,,PJM,https://www.pjm.com/-/media/DotCom/planning/res-adeq/load-forecast/pseg-documentation.pdf,"PSE&G 2026 Load Forecast Adjustments (January 2026), p.5","Table 1: PSE&G Data Center Peak Demand (MW) by Summer Year, Total (values consider the completion rate)"
2026-01-14,PJM-PS,zone,PJM PS zone (Public Service Electric and Gas),forecast,data_centers,3420,2035,data-center summer peak demand,,,PJM,https://www.pjm.com/-/media/DotCom/planning/res-adeq/load-forecast/pseg-documentation.pdf,"PSE&G 2026 Load Forecast Adjustments (January 2026), p.5","Table 1: PSE&G Data Center Peak Demand (MW) by Summer Year, Total (values consider the completion rate)"
2026-01-14,PJM-PS,zone,PJM PS zone (Public Service Electric and Gas),forecast,data_centers,3423,2036,data-center summer peak demand,,,PJM,https://www.pjm.com/-/media/DotCom/planning/res-adeq/load-forecast/pseg-documentation.pdf,"PSE&G 2026 Load Forecast Adjustments (January 2026), p.5","Table 1: PSE&G Data Center Peak Demand (MW) by Summer Year, Total (values consider the completion rate)"
2026-01-14,PJM-PS,zone,PJM PS zone (Public Service Electric and Gas),forecast,data_centers,3443,2037,data-center summer peak demand,,,PJM,https://www.pjm.com/-/media/DotCom/planning/res-adeq/load-forecast/pseg-documentation.pdf,"PSE&G 2026 Load Forecast Adjustments (January 2026), p.5","Table 1: PSE&G Data Center Peak Demand (MW) by Summer Year, Total (values consider the completion rate)"
2026-01-14,PJM-PS,zone,PJM PS zone (Public Service Electric and Gas),forecast,data_centers,3447,2038,data-center summer peak demand,,,PJM,https://www.pjm.com/-/media/DotCom/planning/res-adeq/load-forecast/pseg-documentation.pdf,"PSE&G 2026 Load Forecast Adjustments (January 2026), p.5","Table 1: PSE&G Data Center Peak Demand (MW) by Summer Year, Total (values consider the completion rate)"
2026-01-14,PJM-PS,zone,PJM PS zone (Public Service Electric and Gas),forecast,data_centers,3450,2039,data-center summer peak demand,,,PJM,https://www.pjm.com/-/media/DotCom/planning/res-adeq/load-forecast/pseg-documentation.pdf,"PSE&G 2026 Load Forecast Adjustments (January 2026), p.5","Table 1: PSE&G Data Center Peak Demand (MW) by Summer Year, Total (values consider the completion rate)"
2026-01-14,PJM-PS,zone,PJM PS zone (Public Service Electric and Gas),forecast,data_centers,3453,2040,data-center summer peak demand,,,PJM,https://www.pjm.com/-/media/DotCom/planning/res-adeq/load-forecast/pseg-documentation.pdf,"PSE&G 2026 Load Forecast Adjustments (January 2026), p.5","Table 1: PSE&G Data Center Peak Demand (MW) by Summer Year, Total (values consider the completion rate)"
2026-01-14,PJM-PS,zone,PJM PS zone (Public Service Electric and Gas),forecast,data_centers,3457,2041,data-center summer peak demand,,,PJM,https://www.pjm.com/-/media/DotCom/planning/res-adeq/load-forecast/pseg-documentation.pdf,"PSE&G 2026 Load Forecast Adjustments (January 2026), p.5","Table 1: PSE&G Data Center Peak Demand (MW) by Summer Year, Total (values consider the completion rate)"
2026-01-14,PJM-PS,zone,PJM PS zone (Public Service Electric and Gas),forecast,data_centers,3460,2042,data-center summer peak demand,,,PJM,https://www.pjm.com/-/media/DotCom/planning/res-adeq/load-forecast/pseg-documentation.pdf,"PSE&G 2026 Load Forecast Adjustments (January 2026), p.5","Table 1: PSE&G Data Center Peak Demand (MW) by Summer Year, Total (values consider the completion rate)"
2026-01-14,PJM-PS,zone,PJM PS zone (Public Service Electric and Gas),forecast,data_centers,3461,2043,data-center summer peak demand,,,PJM,https://www.pjm.com/-/media/DotCom/planning/res-adeq/load-forecast/pseg-documentation.pdf,"PSE&G 2026 Load Forecast Adjustments (January 2026), p.5","Table 1: PSE&G Data Center Peak Demand (MW) by Summer Year, Total (values consider the completion rate)"
2026-01-14,PJM-PS,zone,PJM PS zone (Public Service Electric and Gas),forecast,data_centers,3461,2044,data-center summer peak demand,,,PJM,https://www.pjm.com/-/media/DotCom/planning/res-adeq/load-forecast/pseg-documentation.pdf,"PSE&G 2026 Load Forecast Adjustments (January 2026), p.5","Table 1: PSE&G Data Center Peak Demand (MW) by Summer Year, Total (values consider the completion rate)"
2026-01-14,PJM-PS,zone,PJM PS zone (Public Service Electric and Gas),forecast,data_centers,3461,2045,data-center summer peak demand,,,PJM,https://www.pjm.com/-/media/DotCom/planning/res-adeq/load-forecast/pseg-documentation.pdf,"PSE&G 2026 Load Forecast Adjustments (January 2026), p.5","Table 1: PSE&G Data Center Peak Demand (MW) by Summer Year, Total (values consider the completion rate)"
2026-01-14,PJM-PS,zone,PJM PS zone (Public Service Electric and Gas),forecast,data_centers,3461,2046,data-center summer peak demand,,,PJM,https://www.pjm.com/-/media/DotCom/planning/res-adeq/load-forecast/pseg-documentation.pdf,"PSE&G 2026 Load Forecast Adjustments (January 2026), p.5","Table 1: PSE&G Data Center Peak Demand (MW) by Summer Year, Total (values consider the completion rate)"
