county_fips,state,eia861_county,census_county,ba_id_eia,ba_code,ba_name
01001,AL,Autauga,Autauga County,18195,SOCO,"Southern Company Services, Inc. - Trans"
01003,AL,Baldwin,Baldwin County,18195,SOCO,"Southern Company Services, Inc. - Trans"
01005,AL,Barbour,Barbour County,18195,SOCO,"Southern Company Services, Inc. - Trans"
01007,AL,Bibb,Bibb County,18195,SOCO,"Southern Company Services, Inc. - Trans"
01009,AL,Blount,Blount County,18195,SOCO,"Southern Company Services, Inc. - Trans"
01011,AL,Bullock,Bullock County,18195,SOCO,"Southern Company Services, Inc. - Trans"
01013,AL,Butler,Butler County,18195,SOCO,"Southern Company Services, Inc. - Trans"
01015,AL,Calhoun,Calhoun County,18195,SOCO,"Southern Company Services, Inc. - Trans"
01015,AL,Calhoun,Calhoun County,18642,TVA,Tennessee Valley Authority
01017,AL,Chambers,Chambers County,18195,SOCO,"Southern Company Services, Inc. - Trans"
01019,AL,Cherokee,Cherokee County,18195,SOCO,"Southern Company Services, Inc. - Trans"
01019,AL,Cherokee,Cherokee County,18642,TVA,Tennessee Valley Authority
01021,AL,Chilton,Chilton County,18195,SOCO,"Southern Company Services, Inc. - Trans"
01023,AL,Choctaw,Choctaw County,18195,SOCO,"Southern Company Services, Inc. - Trans"
01025,AL,Clarke,Clarke County,18195,SOCO,"Southern Company Services, Inc. - Trans"
01027,AL,Clay,Clay County,18195,SOCO,"Southern Company Services, Inc. - Trans"
01029,AL,Cleburne,Cleburne County,18195,SOCO,"Southern Company Services, Inc. - Trans"
01031,AL,Coffee,Coffee County,18195,SOCO,"Southern Company Services, Inc. - Trans"
01033,AL,Colbert,Colbert County,18642,TVA,Tennessee Valley Authority
01035,AL,Conecuh,Conecuh County,18195,SOCO,"Southern Company Services, Inc. - Trans"
01037,AL,Coosa,Coosa County,18195,SOCO,"Southern Company Services, Inc. - Trans"
01039,AL,Covington,Covington County,18195,SOCO,"Southern Company Services, Inc. - Trans"
01041,AL,Crenshaw,Crenshaw County,18195,SOCO,"Southern Company Services, Inc. - Trans"
01043,AL,Cullman,Cullman County,18195,SOCO,"Southern Company Services, Inc. - Trans"
01043,AL,Cullman,Cullman County,18642,TVA,Tennessee Valley Authority
01045,AL,Dale,Dale County,18195,SOCO,"Southern Company Services, Inc. - Trans"
01047,AL,Dallas,Dallas County,18195,SOCO,"Southern Company Services, Inc. - Trans"
01049,AL,DeKalb,DeKalb County,18642,TVA,Tennessee Valley Authority
01051,AL,Elmore,Elmore County,18195,SOCO,"Southern Company Services, Inc. - Trans"
01053,AL,Escambia,Escambia County,18195,SOCO,"Southern Company Services, Inc. - Trans"
01055,AL,Etowah,Etowah County,18195,SOCO,"Southern Company Services, Inc. - Trans"
01055,AL,Etowah,Etowah County,18642,TVA,Tennessee Valley Authority
01057,AL,Fayette,Fayette County,18195,SOCO,"Southern Company Services, Inc. - Trans"
01059,AL,Franklin,Franklin County,18195,SOCO,"Southern Company Services, Inc. - Trans"
01059,AL,Franklin,Franklin County,18642,TVA,Tennessee Valley Authority
01061,AL,Geneva,Geneva County,18195,SOCO,"Southern Company Services, Inc. - Trans"
01063,AL,Greene,Greene County,18195,SOCO,"Southern Company Services, Inc. - Trans"
01065,AL,Hale,Hale County,18195,SOCO,"Southern Company Services, Inc. - Trans"
01067,AL,Henry,Henry County,18195,SOCO,"Southern Company Services, Inc. - Trans"
01069,AL,Houston,Houston County,18195,SOCO,"Southern Company Services, Inc. - Trans"
01071,AL,Jackson,Jackson County,18642,TVA,Tennessee Valley Authority
01073,AL,Jefferson,Jefferson County,18195,SOCO,"Southern Company Services, Inc. - Trans"
01073,AL,Jefferson,Jefferson County,18642,TVA,Tennessee Valley Authority
01075,AL,Lamar,Lamar County,18195,SOCO,"Southern Company Services, Inc. - Trans"
01077,AL,Lauderdale,Lauderdale County,18642,TVA,Tennessee Valley Authority
01079,AL,Lawrence,Lawrence County,18195,SOCO,"Southern Company Services, Inc. - Trans"
01079,AL,Lawrence,Lawrence County,18642,TVA,Tennessee Valley Authority
01081,AL,Lee,Lee County,18195,SOCO,"Southern Company Services, Inc. - Trans"
01083,AL,Limestone,Limestone County,18642,TVA,Tennessee Valley Authority
01085,AL,Lowndes,Lowndes County,18195,SOCO,"Southern Company Services, Inc. - Trans"
01087,AL,Macon,Macon County,18195,SOCO,"Southern Company Services, Inc. - Trans"
01089,AL,Madison,Madison County,18642,TVA,Tennessee Valley Authority
01091,AL,Marengo,Marengo County,18195,SOCO,"Southern Company Services, Inc. - Trans"
01093,AL,Marion,Marion County,18195,SOCO,"Southern Company Services, Inc. - Trans"
01095,AL,Marshall,Marshall County,18195,SOCO,"Southern Company Services, Inc. - Trans"
01095,AL,Marshall,Marshall County,18642,TVA,Tennessee Valley Authority
01097,AL,Mobile,Mobile County,18195,SOCO,"Southern Company Services, Inc. - Trans"
01099,AL,Monroe,Monroe County,18195,SOCO,"Southern Company Services, Inc. - Trans"
01101,AL,Montgomery,Montgomery County,18195,SOCO,"Southern Company Services, Inc. - Trans"
01103,AL,Morgan,Morgan County,18642,TVA,Tennessee Valley Authority
01105,AL,Perry,Perry County,18195,SOCO,"Southern Company Services, Inc. - Trans"
01107,AL,Pickens,Pickens County,18195,SOCO,"Southern Company Services, Inc. - Trans"
01109,AL,Pike,Pike County,18195,SOCO,"Southern Company Services, Inc. - Trans"
01111,AL,Randolph,Randolph County,18195,SOCO,"Southern Company Services, Inc. - Trans"
01113,AL,Russell,Russell County,18195,SOCO,"Southern Company Services, Inc. - Trans"
01115,AL,St. Clair,St. Clair County,18195,SOCO,"Southern Company Services, Inc. - Trans"
01117,AL,Shelby,Shelby County,18195,SOCO,"Southern Company Services, Inc. - Trans"
01119,AL,Sumter,Sumter County,18195,SOCO,"Southern Company Services, Inc. - Trans"
01121,AL,Talladega,Talladega County,18195,SOCO,"Southern Company Services, Inc. - Trans"
01123,AL,Tallapoosa,Tallapoosa County,18195,SOCO,"Southern Company Services, Inc. - Trans"
01125,AL,Tuscaloosa,Tuscaloosa County,18195,SOCO,"Southern Company Services, Inc. - Trans"
01127,AL,Walker,Walker County,18195,SOCO,"Southern Company Services, Inc. - Trans"
01129,AL,Washington,Washington County,18195,SOCO,"Southern Company Services, Inc. - Trans"
01131,AL,Wilcox,Wilcox County,18195,SOCO,"Southern Company Services, Inc. - Trans"
01133,AL,Winston,Winston County,18195,SOCO,"Southern Company Services, Inc. - Trans"
01133,AL,Winston,Winston County,18642,TVA,Tennessee Valley Authority
02020,AK,Anchorage,Anchorage Municipality,3522,CEA,Chugach Electric Assn Inc
02122,AK,Kenai Peninsula,Kenai Peninsula Borough,3522,CEA,Chugach Electric Assn Inc
02150,AK,Kodiak Island,Kodiak Island Borough,599,AMPL,Anchorage Municipal Light & Power
04001,AZ,Apache,Apache County,803,AZPS,Arizona Public Service Company
04001,AZ,Apache,Apache County,14379,PACE,PacifiCorp - East
04001,AZ,Apache,Apache County,24211,TEPC,Tucson Electric Power Company
04001,AZ,Apache,Apache County,25471,WALC,Western Area Power Administration - Desert Southwest Region
04003,AZ,Cochise,Cochise County,803,AZPS,Arizona Public Service Company
04003,AZ,Cochise,Cochise County,15473,PNM,Public Service Company of New Mexico
04003,AZ,Cochise,Cochise County,24211,TEPC,Tucson Electric Power Company
04003,AZ,Cochise,Cochise County,25471,WALC,Western Area Power Administration - Desert Southwest Region
04005,AZ,Coconino,Coconino County,803,AZPS,Arizona Public Service Company
04005,AZ,Coconino,Coconino County,14379,PACE,PacifiCorp - East
04005,AZ,Coconino,Coconino County,25471,WALC,Western Area Power Administration - Desert Southwest Region
04007,AZ,Gila,Gila County,803,AZPS,Arizona Public Service Company
04007,AZ,Gila,Gila County,16572,SRP,Salt River Project
04007,AZ,Gila,Gila County,24211,TEPC,Tucson Electric Power Company
04007,AZ,Gila,Gila County,25471,WALC,Western Area Power Administration - Desert Southwest Region
04009,AZ,Graham,Graham County,803,AZPS,Arizona Public Service Company
04009,AZ,Graham,Graham County,25471,WALC,Western Area Power Administration - Desert Southwest Region
04011,AZ,Greenlee,Greenlee County,803,AZPS,Arizona Public Service Company
04011,AZ,Greenlee,Greenlee County,24211,TEPC,Tucson Electric Power Company
04011,AZ,Greenlee,Greenlee County,25471,WALC,Western Area Power Administration - Desert Southwest Region
04012,AZ,La Paz,La Paz County,803,AZPS,Arizona Public Service Company
04012,AZ,La Paz,La Paz County,25471,WALC,Western Area Power Administration - Desert Southwest Region
04013,AZ,Maricopa,Maricopa County,803,AZPS,Arizona Public Service Company
04013,AZ,Maricopa,Maricopa County,16572,SRP,Salt River Project
04013,AZ,Maricopa,Maricopa County,25471,WALC,Western Area Power Administration - Desert Southwest Region
04015,AZ,Mohave,Mohave County,803,AZPS,Arizona Public Service Company
04015,AZ,Mohave,Mohave County,14379,PACE,PacifiCorp - East
04015,AZ,Mohave,Mohave County,24211,TEPC,Tucson Electric Power Company
04015,AZ,Mohave,Mohave County,25471,WALC,Western Area Power Administration - Desert Southwest Region
04017,AZ,Navajo,Navajo County,803,AZPS,Arizona Public Service Company
04017,AZ,Navajo,Navajo County,14379,PACE,PacifiCorp - East
04017,AZ,Navajo,Navajo County,24211,TEPC,Tucson Electric Power Company
04017,AZ,Navajo,Navajo County,25471,WALC,Western Area Power Administration - Desert Southwest Region
04019,AZ,Pima,Pima County,803,AZPS,Arizona Public Service Company
04019,AZ,Pima,Pima County,24211,TEPC,Tucson Electric Power Company
04019,AZ,Pima,Pima County,25471,WALC,Western Area Power Administration - Desert Southwest Region
04021,AZ,Pinal,Pinal County,803,AZPS,Arizona Public Service Company
04021,AZ,Pinal,Pinal County,16572,SRP,Salt River Project
04021,AZ,Pinal,Pinal County,25471,WALC,Western Area Power Administration - Desert Southwest Region
04023,AZ,Santa Cruz,Santa Cruz County,803,AZPS,Arizona Public Service Company
04023,AZ,Santa Cruz,Santa Cruz County,24211,TEPC,Tucson Electric Power Company
04023,AZ,Santa Cruz,Santa Cruz County,25471,WALC,Western Area Power Administration - Desert Southwest Region
04025,AZ,Yavapai,Yavapai County,803,AZPS,Arizona Public Service Company
04025,AZ,Yavapai,Yavapai County,25471,WALC,Western Area Power Administration - Desert Southwest Region
04027,AZ,Yuma,Yuma County,803,AZPS,Arizona Public Service Company
04027,AZ,Yuma,Yuma County,25471,WALC,Western Area Power Administration - Desert Southwest Region
05001,AR,Arkansas,Arkansas County,56669,MISO,"Midcontinent Independent Transmission System Operator, Inc.."
05003,AR,Ashley,Ashley County,56669,MISO,"Midcontinent Independent Transmission System Operator, Inc.."
05005,AR,Baxter,Baxter County,56669,MISO,"Midcontinent Independent Transmission System Operator, Inc.."
05007,AR,Benton,Benton County,59504,SWPP,Southwest Power Pool
05009,AR,Boone,Boone County,56669,MISO,"Midcontinent Independent Transmission System Operator, Inc.."
05009,AR,Boone,Boone County,59504,SWPP,Southwest Power Pool
05011,AR,Bradley,Bradley County,56669,MISO,"Midcontinent Independent Transmission System Operator, Inc.."
05013,AR,Calhoun,Calhoun County,56669,MISO,"Midcontinent Independent Transmission System Operator, Inc.."
05015,AR,Carroll,Carroll County,56669,MISO,"Midcontinent Independent Transmission System Operator, Inc.."
05015,AR,Carroll,Carroll County,59504,SWPP,Southwest Power Pool
05017,AR,Chicot,Chicot County,56669,MISO,"Midcontinent Independent Transmission System Operator, Inc.."
05019,AR,Clark,Clark County,56669,MISO,"Midcontinent Independent Transmission System Operator, Inc.."
05021,AR,Clay,Clay County,17716,SPA,Southwestern Power Administration
05021,AR,Clay,Clay County,56669,MISO,"Midcontinent Independent Transmission System Operator, Inc.."
05023,AR,Cleburne,Cleburne County,56669,MISO,"Midcontinent Independent Transmission System Operator, Inc.."
05025,AR,Cleveland,Cleveland County,56669,MISO,"Midcontinent Independent Transmission System Operator, Inc.."
05027,AR,Columbia,Columbia County,56669,MISO,"Midcontinent Independent Transmission System Operator, Inc.."
05029,AR,Conway,Conway County,56669,MISO,"Midcontinent Independent Transmission System Operator, Inc.."
05031,AR,Craighead,Craighead County,56669,MISO,"Midcontinent Independent Transmission System Operator, Inc.."
05033,AR,Crawford,Crawford County,59504,SWPP,Southwest Power Pool
05035,AR,Crittenden,Crittenden County,924,AECI,"Associated Electric Cooperative, Inc."
05035,AR,Crittenden,Crittenden County,56669,MISO,"Midcontinent Independent Transmission System Operator, Inc.."
05037,AR,Cross,Cross County,56669,MISO,"Midcontinent Independent Transmission System Operator, Inc.."
05039,AR,Dallas,Dallas County,56669,MISO,"Midcontinent Independent Transmission System Operator, Inc.."
05041,AR,Desha,Desha County,56669,MISO,"Midcontinent Independent Transmission System Operator, Inc.."
05043,AR,Drew,Drew County,56669,MISO,"Midcontinent Independent Transmission System Operator, Inc.."
05045,AR,Faulkner,Faulkner County,56669,MISO,"Midcontinent Independent Transmission System Operator, Inc.."
05047,AR,Franklin,Franklin County,59504,SWPP,Southwest Power Pool
05049,AR,Fulton,Fulton County,56669,MISO,"Midcontinent Independent Transmission System Operator, Inc.."
05051,AR,Garland,Garland County,56669,MISO,"Midcontinent Independent Transmission System Operator, Inc.."
05053,AR,Grant,Grant County,56669,MISO,"Midcontinent Independent Transmission System Operator, Inc.."
05055,AR,Greene,Greene County,17716,SPA,Southwestern Power Administration
05055,AR,Greene,Greene County,56669,MISO,"Midcontinent Independent Transmission System Operator, Inc.."
05057,AR,Hempstead,Hempstead County,56669,MISO,"Midcontinent Independent Transmission System Operator, Inc.."
05057,AR,Hempstead,Hempstead County,59504,SWPP,Southwest Power Pool
05059,AR,Hot Spring,Hot Spring County,56669,MISO,"Midcontinent Independent Transmission System Operator, Inc.."
05061,AR,Howard,Howard County,56669,MISO,"Midcontinent Independent Transmission System Operator, Inc.."
05061,AR,Howard,Howard County,59504,SWPP,Southwest Power Pool
05063,AR,Independence,Independence County,56669,MISO,"Midcontinent Independent Transmission System Operator, Inc.."
05065,AR,Izard,Izard County,56669,MISO,"Midcontinent Independent Transmission System Operator, Inc.."
05067,AR,Jackson,Jackson County,56669,MISO,"Midcontinent Independent Transmission System Operator, Inc.."
05069,AR,Jefferson,Jefferson County,56669,MISO,"Midcontinent Independent Transmission System Operator, Inc.."
05071,AR,Johnson,Johnson County,56669,MISO,"Midcontinent Independent Transmission System Operator, Inc.."
05071,AR,Johnson,Johnson County,59504,SWPP,Southwest Power Pool
05073,AR,Lafayette,Lafayette County,56669,MISO,"Midcontinent Independent Transmission System Operator, Inc.."
05073,AR,Lafayette,Lafayette County,59504,SWPP,Southwest Power Pool
05075,AR,Lawrence,Lawrence County,56669,MISO,"Midcontinent Independent Transmission System Operator, Inc.."
05077,AR,Lee,Lee County,56669,MISO,"Midcontinent Independent Transmission System Operator, Inc.."
05079,AR,Lincoln,Lincoln County,56669,MISO,"Midcontinent Independent Transmission System Operator, Inc.."
05081,AR,Little River,Little River County,56669,MISO,"Midcontinent Independent Transmission System Operator, Inc.."
05081,AR,Little River,Little River County,59504,SWPP,Southwest Power Pool
05083,AR,Logan,Logan County,56669,MISO,"Midcontinent Independent Transmission System Operator, Inc.."
05083,AR,Logan,Logan County,59504,SWPP,Southwest Power Pool
05085,AR,Lonoke,Lonoke County,56669,MISO,"Midcontinent Independent Transmission System Operator, Inc.."
05087,AR,Madison,Madison County,59504,SWPP,Southwest Power Pool
05089,AR,Marion,Marion County,56669,MISO,"Midcontinent Independent Transmission System Operator, Inc.."
05091,AR,Miller,Miller County,56669,MISO,"Midcontinent Independent Transmission System Operator, Inc.."
05091,AR,Miller,Miller County,59504,SWPP,Southwest Power Pool
05093,AR,Mississippi,Mississippi County,56669,MISO,"Midcontinent Independent Transmission System Operator, Inc.."
05095,AR,Monroe,Monroe County,56669,MISO,"Midcontinent Independent Transmission System Operator, Inc.."
05097,AR,Montgomery,Montgomery County,56669,MISO,"Midcontinent Independent Transmission System Operator, Inc.."
05099,AR,Nevada,Nevada County,56669,MISO,"Midcontinent Independent Transmission System Operator, Inc.."
05101,AR,Newton,Newton County,56669,MISO,"Midcontinent Independent Transmission System Operator, Inc.."
05101,AR,Newton,Newton County,59504,SWPP,Southwest Power Pool
05103,AR,Ouachita,Ouachita County,56669,MISO,"Midcontinent Independent Transmission System Operator, Inc.."
05105,AR,Perry,Perry County,56669,MISO,"Midcontinent Independent Transmission System Operator, Inc.."
05107,AR,Phillips,Phillips County,56669,MISO,"Midcontinent Independent Transmission System Operator, Inc.."
05109,AR,Pike,Pike County,56669,MISO,"Midcontinent Independent Transmission System Operator, Inc.."
05109,AR,Pike,Pike County,59504,SWPP,Southwest Power Pool
05111,AR,Poinsett,Poinsett County,56669,MISO,"Midcontinent Independent Transmission System Operator, Inc.."
05113,AR,Polk,Polk County,56669,MISO,"Midcontinent Independent Transmission System Operator, Inc.."
05113,AR,Polk,Polk County,59504,SWPP,Southwest Power Pool
05115,AR,Pope,Pope County,56669,MISO,"Midcontinent Independent Transmission System Operator, Inc.."
05115,AR,Pope,Pope County,59504,SWPP,Southwest Power Pool
05117,AR,Prairie,Prairie County,56669,MISO,"Midcontinent Independent Transmission System Operator, Inc.."
05119,AR,Pulaski,Pulaski County,56669,MISO,"Midcontinent Independent Transmission System Operator, Inc.."
05121,AR,Randolph,Randolph County,56669,MISO,"Midcontinent Independent Transmission System Operator, Inc.."
05123,AR,St. Francis,St. Francis County,56669,MISO,"Midcontinent Independent Transmission System Operator, Inc.."
05125,AR,Saline,Saline County,56669,MISO,"Midcontinent Independent Transmission System Operator, Inc.."
05127,AR,Scott,Scott County,56669,MISO,"Midcontinent Independent Transmission System Operator, Inc.."
05127,AR,Scott,Scott County,59504,SWPP,Southwest Power Pool
05129,AR,Searcy,Searcy County,56669,MISO,"Midcontinent Independent Transmission System Operator, Inc.."
05131,AR,Sebastian,Sebastian County,59504,SWPP,Southwest Power Pool
05133,AR,Sevier,Sevier County,56669,MISO,"Midcontinent Independent Transmission System Operator, Inc.."
05133,AR,Sevier,Sevier County,59504,SWPP,Southwest Power Pool
05135,AR,Sharp,Sharp County,56669,MISO,"Midcontinent Independent Transmission System Operator, Inc.."
05137,AR,Stone,Stone County,56669,MISO,"Midcontinent Independent Transmission System Operator, Inc.."
05139,AR,Union,Union County,56669,MISO,"Midcontinent Independent Transmission System Operator, Inc.."
05141,AR,Van Buren,Van Buren County,56669,MISO,"Midcontinent Independent Transmission System Operator, Inc.."
05143,AR,Washington,Washington County,59504,SWPP,Southwest Power Pool
05145,AR,White,White County,56669,MISO,"Midcontinent Independent Transmission System Operator, Inc.."
05147,AR,Woodruff,Woodruff County,56669,MISO,"Midcontinent Independent Transmission System Operator, Inc.."
05149,AR,Yell,Yell County,56669,MISO,"Midcontinent Independent Transmission System Operator, Inc.."
05149,AR,Yell,Yell County,59504,SWPP,Southwest Power Pool
06001,CA,Alameda,Alameda County,2775,CISO,California Independent System Operator
06001,CA,Alameda,Alameda County,25471,WALC,Western Area Power Administration - Desert Southwest Region
06003,CA,Alpine,Alpine County,2775,CISO,California Independent System Operator
06005,CA,Amador,Amador County,2775,CISO,California Independent System Operator
06007,CA,Butte,Butte County,2775,CISO,California Independent System Operator
06007,CA,Butte,Butte County,25471,WALC,Western Area Power Administration - Desert Southwest Region
06009,CA,Calaveras,Calaveras County,2775,CISO,California Independent System Operator
06009,CA,Calaveras,Calaveras County,25471,WALC,Western Area Power Administration - Desert Southwest Region
06011,CA,Colusa,Colusa County,2775,CISO,California Independent System Operator
06011,CA,Colusa,Colusa County,25471,WALC,Western Area Power Administration - Desert Southwest Region
06013,CA,Contra Costa,Contra Costa County,2775,CISO,California Independent System Operator
06013,CA,Contra Costa,Contra Costa County,25471,WALC,Western Area Power Administration - Desert Southwest Region
06015,CA,Del Norte,Del Norte County,14378,PACW,PacifiCorp - West
06017,CA,El Dorado,El Dorado County,2775,CISO,California Independent System Operator
06019,CA,Fresno,Fresno County,2775,CISO,California Independent System Operator
06019,CA,Fresno,Fresno County,25471,WALC,Western Area Power Administration - Desert Southwest Region
06021,CA,Glenn,Glenn County,2775,CISO,California Independent System Operator
06021,CA,Glenn,Glenn County,25471,WALC,Western Area Power Administration - Desert Southwest Region
06023,CA,Humboldt,Humboldt County,2775,CISO,California Independent System Operator
06025,CA,Imperial,Imperial County,2775,CISO,California Independent System Operator
06025,CA,Imperial,Imperial County,9216,IID,Imperial Irrigation District
06025,CA,Imperial,Imperial County,25471,WALC,Western Area Power Administration - Desert Southwest Region
06027,CA,Inyo,Inyo County,2775,CISO,California Independent System Operator
06027,CA,Inyo,Inyo County,11208,LDWP,Los Angeles Department of Water and Power
06027,CA,Inyo,Inyo County,13407,NEVP,Nevada Power Company
06029,CA,Kern,Kern County,2775,CISO,California Independent System Operator
06031,CA,Kings,Kings County,2775,CISO,California Independent System Operator
06033,CA,Lake,Lake County,2775,CISO,California Independent System Operator
06035,CA,Lassen,Lassen County,2775,CISO,California Independent System Operator
06035,CA,Lassen,Lassen County,14378,PACW,PacifiCorp - West
06035,CA,Lassen,Lassen County,25471,WALC,Western Area Power Administration - Desert Southwest Region
06037,CA,Los Angeles,Los Angeles County,2775,CISO,California Independent System Operator
06037,CA,Los Angeles,Los Angeles County,11208,LDWP,Los Angeles Department of Water and Power
06039,CA,Madera,Madera County,2775,CISO,California Independent System Operator
06039,CA,Madera,Madera County,25471,WALC,Western Area Power Administration - Desert Southwest Region
06041,CA,Marin,Marin County,2775,CISO,California Independent System Operator
06043,CA,Mariposa,Mariposa County,2775,CISO,California Independent System Operator
06045,CA,Mendocino,Mendocino County,2775,CISO,California Independent System Operator
06047,CA,Merced,Merced County,2775,CISO,California Independent System Operator
06047,CA,Merced,Merced County,19281,TIDC,Turlock Irrigation District
06047,CA,Merced,Merced County,25471,WALC,Western Area Power Administration - Desert Southwest Region
06049,CA,Modoc,Modoc County,2775,CISO,California Independent System Operator
06049,CA,Modoc,Modoc County,14378,PACW,PacifiCorp - West
06049,CA,Modoc,Modoc County,25471,WALC,Western Area Power Administration - Desert Southwest Region
06051,CA,Mono,Mono County,2775,CISO,California Independent System Operator
06051,CA,Mono,Mono County,13407,NEVP,Nevada Power Company
06053,CA,Monterey,Monterey County,2775,CISO,California Independent System Operator
06055,CA,Napa,Napa County,2775,CISO,California Independent System Operator
06057,CA,Nevada,Nevada County,2775,CISO,California Independent System Operator
06057,CA,Nevada,Nevada County,13407,NEVP,Nevada Power Company
06059,CA,Orange,Orange County,2775,CISO,California Independent System Operator
06061,CA,Placer,Placer County,2775,CISO,California Independent System Operator
06061,CA,Placer,Placer County,13407,NEVP,Nevada Power Company
06061,CA,Placer,Placer County,25471,WALC,Western Area Power Administration - Desert Southwest Region
06061,CA,Placer,Placer County,65289,BANC,Balancing Authority of Northern California
06063,CA,Plumas,Plumas County,2775,CISO,California Independent System Operator
06065,CA,Riverside,Riverside County,2775,CISO,California Independent System Operator
06065,CA,Riverside,Riverside County,9216,IID,Imperial Irrigation District
06065,CA,Riverside,Riverside County,25471,WALC,Western Area Power Administration - Desert Southwest Region
06067,CA,Sacramento,Sacramento County,2775,CISO,California Independent System Operator
06067,CA,Sacramento,Sacramento County,25471,WALC,Western Area Power Administration - Desert Southwest Region
06067,CA,Sacramento,Sacramento County,65289,BANC,Balancing Authority of Northern California
06069,CA,San Benito,San Benito County,2775,CISO,California Independent System Operator
06071,CA,San Bernardino,San Bernardino County,2775,CISO,California Independent System Operator
06071,CA,San Bernardino,San Bernardino County,25471,WALC,Western Area Power Administration - Desert Southwest Region
06073,CA,San Diego,San Diego County,2775,CISO,California Independent System Operator
06073,CA,San Diego,San Diego County,9216,IID,Imperial Irrigation District
06075,CA,San Francisco,San Francisco County,2775,CISO,California Independent System Operator
06077,CA,San Joaquin,San Joaquin County,2775,CISO,California Independent System Operator
06077,CA,San Joaquin,San Joaquin County,25471,WALC,Western Area Power Administration - Desert Southwest Region
06077,CA,San Joaquin,San Joaquin County,65289,BANC,Balancing Authority of Northern California
06079,CA,San Luis Obispo,San Luis Obispo County,2775,CISO,California Independent System Operator
06081,CA,San Mateo,San Mateo County,2775,CISO,California Independent System Operator
06083,CA,Santa Barbara,Santa Barbara County,2775,CISO,California Independent System Operator
06085,CA,Santa Clara,Santa Clara County,2775,CISO,California Independent System Operator
06085,CA,Santa Clara,Santa Clara County,25471,WALC,Western Area Power Administration - Desert Southwest Region
06087,CA,Santa Cruz,Santa Cruz County,2775,CISO,California Independent System Operator
06089,CA,Shasta,Shasta County,2775,CISO,California Independent System Operator
06089,CA,Shasta,Shasta County,14378,PACW,PacifiCorp - West
06089,CA,Shasta,Shasta County,25471,WALC,Western Area Power Administration - Desert Southwest Region
06089,CA,Shasta,Shasta County,65289,BANC,Balancing Authority of Northern California
06091,CA,Sierra,Sierra County,2775,CISO,California Independent System Operator
06093,CA,Siskiyou,Siskiyou County,2775,CISO,California Independent System Operator
06093,CA,Siskiyou,Siskiyou County,14378,PACW,PacifiCorp - West
06093,CA,Siskiyou,Siskiyou County,25471,WALC,Western Area Power Administration - Desert Southwest Region
06095,CA,Solano,Solano County,2775,CISO,California Independent System Operator
06095,CA,Solano,Solano County,25471,WALC,Western Area Power Administration - Desert Southwest Region
06097,CA,Sonoma,Sonoma County,2775,CISO,California Independent System Operator
06099,CA,Stanislaus,Stanislaus County,2775,CISO,California Independent System Operator
06099,CA,Stanislaus,Stanislaus County,19281,TIDC,Turlock Irrigation District
06099,CA,Stanislaus,Stanislaus County,65289,BANC,Balancing Authority of Northern California
06101,CA,Sutter,Sutter County,2775,CISO,California Independent System Operator
06101,CA,Sutter,Sutter County,25471,WALC,Western Area Power Administration - Desert Southwest Region
06103,CA,Tehama,Tehama County,2775,CISO,California Independent System Operator
06103,CA,Tehama,Tehama County,25471,WALC,Western Area Power Administration - Desert Southwest Region
06105,CA,Trinity,Trinity County,2775,CISO,California Independent System Operator
06105,CA,Trinity,Trinity County,25471,WALC,Western Area Power Administration - Desert Southwest Region
06105,CA,Trinity,Trinity County,65289,BANC,Balancing Authority of Northern California
06107,CA,Tulare,Tulare County,2775,CISO,California Independent System Operator
06109,CA,Tuolumne,Tuolumne County,2775,CISO,California Independent System Operator
06109,CA,Tuolumne,Tuolumne County,19281,TIDC,Turlock Irrigation District
06109,CA,Tuolumne,Tuolumne County,25471,WALC,Western Area Power Administration - Desert Southwest Region
06111,CA,Ventura,Ventura County,2775,CISO,California Independent System Operator
06113,CA,Yolo,Yolo County,2775,CISO,California Independent System Operator
06113,CA,Yolo,Yolo County,25471,WALC,Western Area Power Administration - Desert Southwest Region
06115,CA,Yuba,Yuba County,2775,CISO,California Independent System Operator
06115,CA,Yuba,Yuba County,25471,WALC,Western Area Power Administration - Desert Southwest Region
08001,CO,Adams,Adams County,15466,PSCO,Public Service Company of Colorado
08001,CO,Adams,Adams County,28503,WACM,Western Area Power Administration - Rocky Mountain Region
08003,CO,Alamosa,Alamosa County,15466,PSCO,Public Service Company of Colorado
08003,CO,Alamosa,Alamosa County,28503,WACM,Western Area Power Administration - Rocky Mountain Region
08005,CO,Arapahoe,Arapahoe County,15466,PSCO,Public Service Company of Colorado
08005,CO,Arapahoe,Arapahoe County,28503,WACM,Western Area Power Administration - Rocky Mountain Region
08007,CO,Archuleta,Archuleta County,15466,PSCO,Public Service Company of Colorado
08007,CO,Archuleta,Archuleta County,28503,WACM,Western Area Power Administration - Rocky Mountain Region
08009,CO,Baca,Baca County,15466,PSCO,Public Service Company of Colorado
08009,CO,Baca,Baca County,28503,WACM,Western Area Power Administration - Rocky Mountain Region
08009,CO,Baca,Baca County,59504,SWPP,Southwest Power Pool
08011,CO,Bent,Bent County,15466,PSCO,Public Service Company of Colorado
08011,CO,Bent,Bent County,28503,WACM,Western Area Power Administration - Rocky Mountain Region
08013,CO,Boulder,Boulder County,15466,PSCO,Public Service Company of Colorado
08013,CO,Boulder,Boulder County,28503,WACM,Western Area Power Administration - Rocky Mountain Region
08014,CO,Broomfield,Broomfield County,28503,WACM,Western Area Power Administration - Rocky Mountain Region
08015,CO,Chaffee,Chaffee County,15466,PSCO,Public Service Company of Colorado
08015,CO,Chaffee,Chaffee County,28503,WACM,Western Area Power Administration - Rocky Mountain Region
08017,CO,Cheyenne,Cheyenne County,28503,WACM,Western Area Power Administration - Rocky Mountain Region
08017,CO,Cheyenne,Cheyenne County,59504,SWPP,Southwest Power Pool
08019,CO,Clear Creek,Clear Creek County,15466,PSCO,Public Service Company of Colorado
08019,CO,Clear Creek,Clear Creek County,28503,WACM,Western Area Power Administration - Rocky Mountain Region
08021,CO,Conejos,Conejos County,15466,PSCO,Public Service Company of Colorado
08021,CO,Conejos,Conejos County,28503,WACM,Western Area Power Administration - Rocky Mountain Region
08023,CO,Costilla,Costilla County,15466,PSCO,Public Service Company of Colorado
08023,CO,Costilla,Costilla County,28503,WACM,Western Area Power Administration - Rocky Mountain Region
08025,CO,Crowley,Crowley County,15466,PSCO,Public Service Company of Colorado
08025,CO,Crowley,Crowley County,28503,WACM,Western Area Power Administration - Rocky Mountain Region
08027,CO,Custer,Custer County,15466,PSCO,Public Service Company of Colorado
08027,CO,Custer,Custer County,28503,WACM,Western Area Power Administration - Rocky Mountain Region
08029,CO,Delta,Delta County,15466,PSCO,Public Service Company of Colorado
08029,CO,Delta,Delta County,28503,WACM,Western Area Power Administration - Rocky Mountain Region
08031,CO,Denver,Denver County,15466,PSCO,Public Service Company of Colorado
08033,CO,Dolores,Dolores County,15466,PSCO,Public Service Company of Colorado
08033,CO,Dolores,Dolores County,28503,WACM,Western Area Power Administration - Rocky Mountain Region
08035,CO,Douglas,Douglas County,15466,PSCO,Public Service Company of Colorado
08035,CO,Douglas,Douglas County,28503,WACM,Western Area Power Administration - Rocky Mountain Region
08037,CO,Eagle,Eagle County,15466,PSCO,Public Service Company of Colorado
08039,CO,Elbert,Elbert County,15466,PSCO,Public Service Company of Colorado
08039,CO,Elbert,Elbert County,28503,WACM,Western Area Power Administration - Rocky Mountain Region
08041,CO,El Paso,El Paso County,15466,PSCO,Public Service Company of Colorado
08041,CO,El Paso,El Paso County,28503,WACM,Western Area Power Administration - Rocky Mountain Region
08043,CO,Fremont,Fremont County,15466,PSCO,Public Service Company of Colorado
08043,CO,Fremont,Fremont County,28503,WACM,Western Area Power Administration - Rocky Mountain Region
08045,CO,Garfield,Garfield County,15466,PSCO,Public Service Company of Colorado
08045,CO,Garfield,Garfield County,28503,WACM,Western Area Power Administration - Rocky Mountain Region
08047,CO,Gilpin,Gilpin County,15466,PSCO,Public Service Company of Colorado
08047,CO,Gilpin,Gilpin County,28503,WACM,Western Area Power Administration - Rocky Mountain Region
08049,CO,Grand,Grand County,15466,PSCO,Public Service Company of Colorado
08049,CO,Grand,Grand County,28503,WACM,Western Area Power Administration - Rocky Mountain Region
08051,CO,Gunnison,Gunnison County,15466,PSCO,Public Service Company of Colorado
08051,CO,Gunnison,Gunnison County,28503,WACM,Western Area Power Administration - Rocky Mountain Region
08053,CO,Hinsdale,Hinsdale County,15466,PSCO,Public Service Company of Colorado
08053,CO,Hinsdale,Hinsdale County,28503,WACM,Western Area Power Administration - Rocky Mountain Region
08055,CO,Huerfano,Huerfano County,15466,PSCO,Public Service Company of Colorado
08055,CO,Huerfano,Huerfano County,28503,WACM,Western Area Power Administration - Rocky Mountain Region
08057,CO,Jackson,Jackson County,28503,WACM,Western Area Power Administration - Rocky Mountain Region
08059,CO,Jefferson,Jefferson County,15466,PSCO,Public Service Company of Colorado
08059,CO,Jefferson,Jefferson County,28503,WACM,Western Area Power Administration - Rocky Mountain Region
08061,CO,Kiowa,Kiowa County,15466,PSCO,Public Service Company of Colorado
08061,CO,Kiowa,Kiowa County,28503,WACM,Western Area Power Administration - Rocky Mountain Region
08061,CO,Kiowa,Kiowa County,59504,SWPP,Southwest Power Pool
08063,CO,Kit Carson,Kit Carson County,28503,WACM,Western Area Power Administration - Rocky Mountain Region
08065,CO,Lake,Lake County,15466,PSCO,Public Service Company of Colorado
08065,CO,Lake,Lake County,28503,WACM,Western Area Power Administration - Rocky Mountain Region
08067,CO,La Plata,La Plata County,15466,PSCO,Public Service Company of Colorado
08067,CO,La Plata,La Plata County,28503,WACM,Western Area Power Administration - Rocky Mountain Region
08069,CO,Larimer,Larimer County,15466,PSCO,Public Service Company of Colorado
08069,CO,Larimer,Larimer County,28503,WACM,Western Area Power Administration - Rocky Mountain Region
08071,CO,Las Animas,Las Animas County,15466,PSCO,Public Service Company of Colorado
08071,CO,Las Animas,Las Animas County,15473,PNM,Public Service Company of New Mexico
08071,CO,Las Animas,Las Animas County,28503,WACM,Western Area Power Administration - Rocky Mountain Region
08073,CO,Lincoln,Lincoln County,28503,WACM,Western Area Power Administration - Rocky Mountain Region
08075,CO,Logan,Logan County,15466,PSCO,Public Service Company of Colorado
08075,CO,Logan,Logan County,28503,WACM,Western Area Power Administration - Rocky Mountain Region
08077,CO,Mesa,Mesa County,15466,PSCO,Public Service Company of Colorado
08077,CO,Mesa,Mesa County,28503,WACM,Western Area Power Administration - Rocky Mountain Region
08079,CO,Mineral,Mineral County,15466,PSCO,Public Service Company of Colorado
08079,CO,Mineral,Mineral County,28503,WACM,Western Area Power Administration - Rocky Mountain Region
08081,CO,Moffat,Moffat County,15466,PSCO,Public Service Company of Colorado
08081,CO,Moffat,Moffat County,28503,WACM,Western Area Power Administration - Rocky Mountain Region
08083,CO,Montezuma,Montezuma County,15466,PSCO,Public Service Company of Colorado
08083,CO,Montezuma,Montezuma County,28503,WACM,Western Area Power Administration - Rocky Mountain Region
08085,CO,Montrose,Montrose County,15466,PSCO,Public Service Company of Colorado
08085,CO,Montrose,Montrose County,28503,WACM,Western Area Power Administration - Rocky Mountain Region
08087,CO,Morgan,Morgan County,15466,PSCO,Public Service Company of Colorado
08087,CO,Morgan,Morgan County,28503,WACM,Western Area Power Administration - Rocky Mountain Region
08089,CO,Otero,Otero County,15466,PSCO,Public Service Company of Colorado
08089,CO,Otero,Otero County,28503,WACM,Western Area Power Administration - Rocky Mountain Region
08091,CO,Ouray,Ouray County,15466,PSCO,Public Service Company of Colorado
08091,CO,Ouray,Ouray County,28503,WACM,Western Area Power Administration - Rocky Mountain Region
08093,CO,Park,Park County,15466,PSCO,Public Service Company of Colorado
08095,CO,Phillips,Phillips County,28503,WACM,Western Area Power Administration - Rocky Mountain Region
08097,CO,Pitkin,Pitkin County,15466,PSCO,Public Service Company of Colorado
08099,CO,Prowers,Prowers County,15466,PSCO,Public Service Company of Colorado
08099,CO,Prowers,Prowers County,28503,WACM,Western Area Power Administration - Rocky Mountain Region
08099,CO,Prowers,Prowers County,59504,SWPP,Southwest Power Pool
08101,CO,Pueblo,Pueblo County,15466,PSCO,Public Service Company of Colorado
08101,CO,Pueblo,Pueblo County,28503,WACM,Western Area Power Administration - Rocky Mountain Region
08103,CO,Rio Blanco,Rio Blanco County,14379,PACE,PacifiCorp - East
08103,CO,Rio Blanco,Rio Blanco County,15466,PSCO,Public Service Company of Colorado
08103,CO,Rio Blanco,Rio Blanco County,28503,WACM,Western Area Power Administration - Rocky Mountain Region
08105,CO,Rio Grande,Rio Grande County,15466,PSCO,Public Service Company of Colorado
08105,CO,Rio Grande,Rio Grande County,28503,WACM,Western Area Power Administration - Rocky Mountain Region
08107,CO,Routt,Routt County,15466,PSCO,Public Service Company of Colorado
08107,CO,Routt,Routt County,28503,WACM,Western Area Power Administration - Rocky Mountain Region
08109,CO,Saguache,Saguache County,15466,PSCO,Public Service Company of Colorado
08109,CO,Saguache,Saguache County,28503,WACM,Western Area Power Administration - Rocky Mountain Region
08111,CO,San Juan,San Juan County,28503,WACM,Western Area Power Administration - Rocky Mountain Region
08113,CO,San Miguel,San Miguel County,15466,PSCO,Public Service Company of Colorado
08113,CO,San Miguel,San Miguel County,28503,WACM,Western Area Power Administration - Rocky Mountain Region
08115,CO,Sedgwick,Sedgwick County,28503,WACM,Western Area Power Administration - Rocky Mountain Region
08117,CO,Summit,Summit County,15466,PSCO,Public Service Company of Colorado
08117,CO,Summit,Summit County,28503,WACM,Western Area Power Administration - Rocky Mountain Region
08119,CO,Teller,Teller County,15466,PSCO,Public Service Company of Colorado
08119,CO,Teller,Teller County,28503,WACM,Western Area Power Administration - Rocky Mountain Region
08121,CO,Washington,Washington County,15466,PSCO,Public Service Company of Colorado
08121,CO,Washington,Washington County,28503,WACM,Western Area Power Administration - Rocky Mountain Region
08123,CO,Weld,Weld County,15466,PSCO,Public Service Company of Colorado
08123,CO,Weld,Weld County,28503,WACM,Western Area Power Administration - Rocky Mountain Region
08125,CO,Yuma,Yuma County,15466,PSCO,Public Service Company of Colorado
08125,CO,Yuma,Yuma County,28503,WACM,Western Area Power Administration - Rocky Mountain Region
09001,CT,Fairfield,Fairfield County,13434,ISNE,ISO New England Inc.
09003,CT,Hartford,Hartford County,13434,ISNE,ISO New England Inc.
09005,CT,Litchfield,Litchfield County,13434,ISNE,ISO New England Inc.
09007,CT,Middlesex,Middlesex County,13434,ISNE,ISO New England Inc.
09009,CT,New Haven,New Haven County,13434,ISNE,ISO New England Inc.
09011,CT,New London,New London County,13434,ISNE,ISO New England Inc.
09013,CT,Tolland,Tolland County,13434,ISNE,ISO New England Inc.
09015,CT,Windham,Windham County,13434,ISNE,ISO New England Inc.
10001,DE,Kent,Kent County,14725,PJM,"PJM Interconnection, LLC"
10003,DE,New Castle,New Castle County,14725,PJM,"PJM Interconnection, LLC"
10005,DE,Sussex,Sussex County,14725,PJM,"PJM Interconnection, LLC"
11001,DC,District of Columbia,District of Columbia,14725,PJM,"PJM Interconnection, LLC"
12001,FL,Alachua,Alachua County,6452,FPL,Florida Power & Light Company
12001,FL,Alachua,Alachua County,6455,FPC,Duke Energy Florida Inc
12001,FL,Alachua,Alachua County,6909,GVL,Gainesville Regional Utilities
12001,FL,Alachua,Alachua County,21554,SEC,Seminole Electric Cooperative
12003,FL,Baker,Baker County,6452,FPL,Florida Power & Light Company
12003,FL,Baker,Baker County,18195,SOCO,"Southern Company Services, Inc. - Trans"
12003,FL,Baker,Baker County,21554,SEC,Seminole Electric Cooperative
12005,FL,Bay,Bay County,6452,FPL,Florida Power & Light Company
12005,FL,Bay,Bay County,6455,FPC,Duke Energy Florida Inc
12005,FL,Bay,Bay County,18195,SOCO,"Southern Company Services, Inc. - Trans"
12007,FL,Bradford,Bradford County,6452,FPL,Florida Power & Light Company
12007,FL,Bradford,Bradford County,21554,SEC,Seminole Electric Cooperative
12009,FL,Brevard,Brevard County,6452,FPL,Florida Power & Light Company
12009,FL,Brevard,Brevard County,6455,FPC,Duke Energy Florida Inc
12009,FL,Brevard,Brevard County,21554,SEC,Seminole Electric Cooperative
12011,FL,Broward,Broward County,6452,FPL,Florida Power & Light Company
12013,FL,Calhoun,Calhoun County,9617,JEA,JEA
12013,FL,Calhoun,Calhoun County,18195,SOCO,"Southern Company Services, Inc. - Trans"
12015,FL,Charlotte,Charlotte County,6452,FPL,Florida Power & Light Company
12017,FL,Citrus,Citrus County,6455,FPC,Duke Energy Florida Inc
12017,FL,Citrus,Citrus County,21554,SEC,Seminole Electric Cooperative
12019,FL,Clay,Clay County,6452,FPL,Florida Power & Light Company
12019,FL,Clay,Clay County,9617,JEA,JEA
12019,FL,Clay,Clay County,21554,SEC,Seminole Electric Cooperative
12019,FL,Clay,Clay County,65277,FMPP,Florida Municipal Power Pool
12021,FL,Collier,Collier County,6452,FPL,Florida Power & Light Company
12023,FL,Columbia,Columbia County,6452,FPL,Florida Power & Light Company
12023,FL,Columbia,Columbia County,6455,FPC,Duke Energy Florida Inc
12023,FL,Columbia,Columbia County,21554,SEC,Seminole Electric Cooperative
12027,FL,DeSoto,DeSoto County,6452,FPL,Florida Power & Light Company
12027,FL,DeSoto,DeSoto County,21554,SEC,Seminole Electric Cooperative
12029,FL,Dixie,Dixie County,6455,FPC,Duke Energy Florida Inc
12029,FL,Dixie,Dixie County,21554,SEC,Seminole Electric Cooperative
12031,FL,Duval,Duval County,6452,FPL,Florida Power & Light Company
12031,FL,Duval,Duval County,9617,JEA,JEA
12031,FL,Duval,Duval County,21554,SEC,Seminole Electric Cooperative
12033,FL,Escambia,Escambia County,6452,FPL,Florida Power & Light Company
12033,FL,Escambia,Escambia County,18195,SOCO,"Southern Company Services, Inc. - Trans"
12035,FL,Flagler,Flagler County,6452,FPL,Florida Power & Light Company
12035,FL,Flagler,Flagler County,6455,FPC,Duke Energy Florida Inc
12035,FL,Flagler,Flagler County,21554,SEC,Seminole Electric Cooperative
12037,FL,Franklin,Franklin County,6455,FPC,Duke Energy Florida Inc
12039,FL,Gadsden,Gadsden County,6455,FPC,Duke Energy Florida Inc
12039,FL,Gadsden,Gadsden County,21554,SEC,Seminole Electric Cooperative
12041,FL,Gilchrist,Gilchrist County,6455,FPC,Duke Energy Florida Inc
12041,FL,Gilchrist,Gilchrist County,21554,SEC,Seminole Electric Cooperative
12043,FL,Glades,Glades County,6452,FPL,Florida Power & Light Company
12043,FL,Glades,Glades County,21554,SEC,Seminole Electric Cooperative
12045,FL,Gulf,Gulf County,6455,FPC,Duke Energy Florida Inc
12045,FL,Gulf,Gulf County,18195,SOCO,"Southern Company Services, Inc. - Trans"
12047,FL,Hamilton,Hamilton County,6455,FPC,Duke Energy Florida Inc
12047,FL,Hamilton,Hamilton County,21554,SEC,Seminole Electric Cooperative
12049,FL,Hardee,Hardee County,6452,FPL,Florida Power & Light Company
12049,FL,Hardee,Hardee County,6455,FPC,Duke Energy Florida Inc
12049,FL,Hardee,Hardee County,18454,TEC,Tampa Electric Company
12049,FL,Hardee,Hardee County,21554,SEC,Seminole Electric Cooperative
12051,FL,Hendry,Hendry County,6452,FPL,Florida Power & Light Company
12051,FL,Hendry,Hendry County,6455,FPC,Duke Energy Florida Inc
12051,FL,Hendry,Hendry County,21554,SEC,Seminole Electric Cooperative
12053,FL,Hernando,Hernando County,6455,FPC,Duke Energy Florida Inc
12053,FL,Hernando,Hernando County,21554,SEC,Seminole Electric Cooperative
12055,FL,Highlands,Highlands County,6452,FPL,Florida Power & Light Company
12055,FL,Highlands,Highlands County,6455,FPC,Duke Energy Florida Inc
12055,FL,Highlands,Highlands County,21554,SEC,Seminole Electric Cooperative
12057,FL,Hillsborough,Hillsborough County,6455,FPC,Duke Energy Florida Inc
12057,FL,Hillsborough,Hillsborough County,18454,TEC,Tampa Electric Company
12057,FL,Hillsborough,Hillsborough County,21554,SEC,Seminole Electric Cooperative
12059,FL,Holmes,Holmes County,6452,FPL,Florida Power & Light Company
12059,FL,Holmes,Holmes County,18195,SOCO,"Southern Company Services, Inc. - Trans"
12061,FL,Indian River,Indian River County,6452,FPL,Florida Power & Light Company
12061,FL,Indian River,Indian River County,21554,SEC,Seminole Electric Cooperative
12063,FL,Jackson,Jackson County,6452,FPL,Florida Power & Light Company
12063,FL,Jackson,Jackson County,9617,JEA,JEA
12063,FL,Jackson,Jackson County,18195,SOCO,"Southern Company Services, Inc. - Trans"
12065,FL,Jefferson,Jefferson County,6455,FPC,Duke Energy Florida Inc
12065,FL,Jefferson,Jefferson County,21554,SEC,Seminole Electric Cooperative
12067,FL,Lafayette,Lafayette County,6455,FPC,Duke Energy Florida Inc
12067,FL,Lafayette,Lafayette County,21554,SEC,Seminole Electric Cooperative
12069,FL,Lake,Lake County,6455,FPC,Duke Energy Florida Inc
12069,FL,Lake,Lake County,21554,SEC,Seminole Electric Cooperative
12071,FL,Lee,Lee County,6452,FPL,Florida Power & Light Company
12073,FL,Leon,Leon County,6455,FPC,Duke Energy Florida Inc
12073,FL,Leon,Leon County,18445,TAL,City of Tallahassee
12073,FL,Leon,Leon County,21554,SEC,Seminole Electric Cooperative
12075,FL,Levy,Levy County,6455,FPC,Duke Energy Florida Inc
12075,FL,Levy,Levy County,21554,SEC,Seminole Electric Cooperative
12077,FL,Liberty,Liberty County,9617,JEA,JEA
12077,FL,Liberty,Liberty County,21554,SEC,Seminole Electric Cooperative
12079,FL,Madison,Madison County,6455,FPC,Duke Energy Florida Inc
12079,FL,Madison,Madison County,21554,SEC,Seminole Electric Cooperative
12081,FL,Manatee,Manatee County,6452,FPL,Florida Power & Light Company
12081,FL,Manatee,Manatee County,21554,SEC,Seminole Electric Cooperative
12083,FL,Marion,Marion County,6455,FPC,Duke Energy Florida Inc
12083,FL,Marion,Marion County,21554,SEC,Seminole Electric Cooperative
12083,FL,Marion,Marion County,65277,FMPP,Florida Municipal Power Pool
12085,FL,Martin,Martin County,6452,FPL,Florida Power & Light Company
12086,FL,Miami-Dade,Miami-Dade County,6452,FPL,Florida Power & Light Company
12086,FL,Miami-Dade,Miami-Dade County,8795,HST,City of Homestead
12087,FL,Monroe,Monroe County,6452,FPL,Florida Power & Light Company
12087,FL,Monroe,Monroe County,65277,FMPP,Florida Municipal Power Pool
12089,FL,Nassau,Nassau County,6452,FPL,Florida Power & Light Company
12089,FL,Nassau,Nassau County,9617,JEA,JEA
12089,FL,Nassau,Nassau County,18195,SOCO,"Southern Company Services, Inc. - Trans"
12091,FL,Okaloosa,Okaloosa County,6452,FPL,Florida Power & Light Company
12091,FL,Okaloosa,Okaloosa County,18195,SOCO,"Southern Company Services, Inc. - Trans"
12093,FL,Okeechobee,Okeechobee County,6452,FPL,Florida Power & Light Company
12093,FL,Okeechobee,Okeechobee County,21554,SEC,Seminole Electric Cooperative
12095,FL,Orange,Orange County,6452,FPL,Florida Power & Light Company
12095,FL,Orange,Orange County,6455,FPC,Duke Energy Florida Inc
12095,FL,Orange,Orange County,65277,FMPP,Florida Municipal Power Pool
12097,FL,Osceola,Osceola County,6452,FPL,Florida Power & Light Company
12097,FL,Osceola,Osceola County,6455,FPC,Duke Energy Florida Inc
12097,FL,Osceola,Osceola County,21554,SEC,Seminole Electric Cooperative
12097,FL,Osceola,Osceola County,65277,FMPP,Florida Municipal Power Pool
12099,FL,Palm Beach,Palm Beach County,6452,FPL,Florida Power & Light Company
12099,FL,Palm Beach,Palm Beach County,65277,FMPP,Florida Municipal Power Pool
12101,FL,Pasco,Pasco County,6455,FPC,Duke Energy Florida Inc
12101,FL,Pasco,Pasco County,18454,TEC,Tampa Electric Company
12101,FL,Pasco,Pasco County,21554,SEC,Seminole Electric Cooperative
12103,FL,Pinellas,Pinellas County,6455,FPC,Duke Energy Florida Inc
12103,FL,Pinellas,Pinellas County,18454,TEC,Tampa Electric Company
12105,FL,Polk,Polk County,6455,FPC,Duke Energy Florida Inc
12105,FL,Polk,Polk County,18454,TEC,Tampa Electric Company
12105,FL,Polk,Polk County,21554,SEC,Seminole Electric Cooperative
12105,FL,Polk,Polk County,65277,FMPP,Florida Municipal Power Pool
12107,FL,Putnam,Putnam County,6452,FPL,Florida Power & Light Company
12107,FL,Putnam,Putnam County,21554,SEC,Seminole Electric Cooperative
12109,FL,St. Johns,St. Johns County,6452,FPL,Florida Power & Light Company
12109,FL,St. Johns,St. Johns County,9617,JEA,JEA
12111,FL,St. Lucie,St. Lucie County,6452,FPL,Florida Power & Light Company
12111,FL,St. Lucie,St. Lucie County,65277,FMPP,Florida Municipal Power Pool
12113,FL,Santa Rosa,Santa Rosa County,6452,FPL,Florida Power & Light Company
12113,FL,Santa Rosa,Santa Rosa County,18195,SOCO,"Southern Company Services, Inc. - Trans"
12115,FL,Sarasota,Sarasota County,6452,FPL,Florida Power & Light Company
12115,FL,Sarasota,Sarasota County,21554,SEC,Seminole Electric Cooperative
12117,FL,Seminole,Seminole County,6452,FPL,Florida Power & Light Company
12117,FL,Seminole,Seminole County,6455,FPC,Duke Energy Florida Inc
12119,FL,Sumter,Sumter County,6455,FPC,Duke Energy Florida Inc
12119,FL,Sumter,Sumter County,21554,SEC,Seminole Electric Cooperative
12121,FL,Suwannee,Suwannee County,6452,FPL,Florida Power & Light Company
12121,FL,Suwannee,Suwannee County,6455,FPC,Duke Energy Florida Inc
12121,FL,Suwannee,Suwannee County,21554,SEC,Seminole Electric Cooperative
12123,FL,Taylor,Taylor County,6455,FPC,Duke Energy Florida Inc
12123,FL,Taylor,Taylor County,21554,SEC,Seminole Electric Cooperative
12125,FL,Union,Union County,6452,FPL,Florida Power & Light Company
12125,FL,Union,Union County,21554,SEC,Seminole Electric Cooperative
12127,FL,Volusia,Volusia County,6452,FPL,Florida Power & Light Company
12127,FL,Volusia,Volusia County,6455,FPC,Duke Energy Florida Inc
12127,FL,Volusia,Volusia County,21554,SEC,Seminole Electric Cooperative
12129,FL,Wakulla,Wakulla County,6455,FPC,Duke Energy Florida Inc
12129,FL,Wakulla,Wakulla County,21554,SEC,Seminole Electric Cooperative
12131,FL,Walton,Walton County,6452,FPL,Florida Power & Light Company
12131,FL,Walton,Walton County,18195,SOCO,"Southern Company Services, Inc. - Trans"
12133,FL,Washington,Washington County,6452,FPL,Florida Power & Light Company
12133,FL,Washington,Washington County,18195,SOCO,"Southern Company Services, Inc. - Trans"
13001,GA,Appling,Appling County,18195,SOCO,"Southern Company Services, Inc. - Trans"
13003,GA,Atkinson,Atkinson County,18195,SOCO,"Southern Company Services, Inc. - Trans"
13005,GA,Bacon,Bacon County,18195,SOCO,"Southern Company Services, Inc. - Trans"
13007,GA,Baker,Baker County,18195,SOCO,"Southern Company Services, Inc. - Trans"
13007,GA,Baker,Baker County,29304,SEPA,Southeastern Power Administration
13009,GA,Baldwin,Baldwin County,18195,SOCO,"Southern Company Services, Inc. - Trans"
13011,GA,Banks,Banks County,18195,SOCO,"Southern Company Services, Inc. - Trans"
13013,GA,Barrow,Barrow County,18195,SOCO,"Southern Company Services, Inc. - Trans"
13015,GA,Bartow,Bartow County,18195,SOCO,"Southern Company Services, Inc. - Trans"
13017,GA,Ben Hill,Ben Hill County,18195,SOCO,"Southern Company Services, Inc. - Trans"
13019,GA,Berrien,Berrien County,18195,SOCO,"Southern Company Services, Inc. - Trans"
13021,GA,Bibb,Bibb County,18195,SOCO,"Southern Company Services, Inc. - Trans"
13023,GA,Bleckley,Bleckley County,18195,SOCO,"Southern Company Services, Inc. - Trans"
13025,GA,Brantley,Brantley County,18195,SOCO,"Southern Company Services, Inc. - Trans"
13027,GA,Brooks,Brooks County,18195,SOCO,"Southern Company Services, Inc. - Trans"
13029,GA,Bryan,Bryan County,18195,SOCO,"Southern Company Services, Inc. - Trans"
13031,GA,Bulloch,Bulloch County,18195,SOCO,"Southern Company Services, Inc. - Trans"
13033,GA,Burke,Burke County,18195,SOCO,"Southern Company Services, Inc. - Trans"
13035,GA,Butts,Butts County,18195,SOCO,"Southern Company Services, Inc. - Trans"
13037,GA,Calhoun,Calhoun County,18195,SOCO,"Southern Company Services, Inc. - Trans"
13039,GA,Camden,Camden County,18195,SOCO,"Southern Company Services, Inc. - Trans"
13043,GA,Candler,Candler County,18195,SOCO,"Southern Company Services, Inc. - Trans"
13045,GA,Carroll,Carroll County,18195,SOCO,"Southern Company Services, Inc. - Trans"
13047,GA,Catoosa,Catoosa County,18195,SOCO,"Southern Company Services, Inc. - Trans"
13047,GA,Catoosa,Catoosa County,18642,TVA,Tennessee Valley Authority
13049,GA,Charlton,Charlton County,18195,SOCO,"Southern Company Services, Inc. - Trans"
13051,GA,Chatham,Chatham County,18195,SOCO,"Southern Company Services, Inc. - Trans"
13053,GA,Chattahoochee,Chattahoochee County,18195,SOCO,"Southern Company Services, Inc. - Trans"
13055,GA,Chattooga,Chattooga County,18195,SOCO,"Southern Company Services, Inc. - Trans"
13055,GA,Chattooga,Chattooga County,18642,TVA,Tennessee Valley Authority
13057,GA,Cherokee,Cherokee County,18195,SOCO,"Southern Company Services, Inc. - Trans"
13059,GA,Clarke,Clarke County,18195,SOCO,"Southern Company Services, Inc. - Trans"
13061,GA,Clay,Clay County,18195,SOCO,"Southern Company Services, Inc. - Trans"
13061,GA,Clay,Clay County,29304,SEPA,Southeastern Power Administration
13063,GA,Clayton,Clayton County,18195,SOCO,"Southern Company Services, Inc. - Trans"
13065,GA,Clinch,Clinch County,18195,SOCO,"Southern Company Services, Inc. - Trans"
13067,GA,Cobb,Cobb County,18195,SOCO,"Southern Company Services, Inc. - Trans"
13069,GA,Coffee,Coffee County,18195,SOCO,"Southern Company Services, Inc. - Trans"
13071,GA,Colquitt,Colquitt County,18195,SOCO,"Southern Company Services, Inc. - Trans"
13073,GA,Columbia,Columbia County,18195,SOCO,"Southern Company Services, Inc. - Trans"
13075,GA,Cook,Cook County,18195,SOCO,"Southern Company Services, Inc. - Trans"
13077,GA,Coweta,Coweta County,18195,SOCO,"Southern Company Services, Inc. - Trans"
13079,GA,Crawford,Crawford County,18195,SOCO,"Southern Company Services, Inc. - Trans"
13079,GA,Crawford,Crawford County,29304,SEPA,Southeastern Power Administration
13081,GA,Crisp,Crisp County,18195,SOCO,"Southern Company Services, Inc. - Trans"
13083,GA,Dade,Dade County,18195,SOCO,"Southern Company Services, Inc. - Trans"
13083,GA,Dade,Dade County,18642,TVA,Tennessee Valley Authority
13085,GA,Dawson,Dawson County,18195,SOCO,"Southern Company Services, Inc. - Trans"
13087,GA,Decatur,Decatur County,18195,SOCO,"Southern Company Services, Inc. - Trans"
13087,GA,Decatur,Decatur County,29304,SEPA,Southeastern Power Administration
13089,GA,DeKalb,DeKalb County,18195,SOCO,"Southern Company Services, Inc. - Trans"
13091,GA,Dodge,Dodge County,18195,SOCO,"Southern Company Services, Inc. - Trans"
13093,GA,Dooly,Dooly County,18195,SOCO,"Southern Company Services, Inc. - Trans"
13095,GA,Dougherty,Dougherty County,18195,SOCO,"Southern Company Services, Inc. - Trans"
13097,GA,Douglas,Douglas County,18195,SOCO,"Southern Company Services, Inc. - Trans"
13099,GA,Early,Early County,18195,SOCO,"Southern Company Services, Inc. - Trans"
13099,GA,Early,Early County,29304,SEPA,Southeastern Power Administration
13101,GA,Echols,Echols County,18195,SOCO,"Southern Company Services, Inc. - Trans"
13103,GA,Effingham,Effingham County,18195,SOCO,"Southern Company Services, Inc. - Trans"
13105,GA,Elbert,Elbert County,18195,SOCO,"Southern Company Services, Inc. - Trans"
13107,GA,Emanuel,Emanuel County,18195,SOCO,"Southern Company Services, Inc. - Trans"
13109,GA,Evans,Evans County,18195,SOCO,"Southern Company Services, Inc. - Trans"
13111,GA,Fannin,Fannin County,18195,SOCO,"Southern Company Services, Inc. - Trans"
13111,GA,Fannin,Fannin County,18642,TVA,Tennessee Valley Authority
13113,GA,Fayette,Fayette County,18195,SOCO,"Southern Company Services, Inc. - Trans"
13115,GA,Floyd,Floyd County,18195,SOCO,"Southern Company Services, Inc. - Trans"
13115,GA,Floyd,Floyd County,18642,TVA,Tennessee Valley Authority
13117,GA,Forsyth,Forsyth County,18195,SOCO,"Southern Company Services, Inc. - Trans"
13119,GA,Franklin,Franklin County,18195,SOCO,"Southern Company Services, Inc. - Trans"
13121,GA,Fulton,Fulton County,18195,SOCO,"Southern Company Services, Inc. - Trans"
13123,GA,Gilmer,Gilmer County,18195,SOCO,"Southern Company Services, Inc. - Trans"
13123,GA,Gilmer,Gilmer County,18642,TVA,Tennessee Valley Authority
13125,GA,Glascock,Glascock County,18195,SOCO,"Southern Company Services, Inc. - Trans"
13127,GA,Glynn,Glynn County,18195,SOCO,"Southern Company Services, Inc. - Trans"
13129,GA,Gordon,Gordon County,18195,SOCO,"Southern Company Services, Inc. - Trans"
13129,GA,Gordon,Gordon County,18642,TVA,Tennessee Valley Authority
13131,GA,Grady,Grady County,18195,SOCO,"Southern Company Services, Inc. - Trans"
13133,GA,Greene,Greene County,18195,SOCO,"Southern Company Services, Inc. - Trans"
13135,GA,Gwinnett,Gwinnett County,18195,SOCO,"Southern Company Services, Inc. - Trans"
13137,GA,Habersham,Habersham County,18195,SOCO,"Southern Company Services, Inc. - Trans"
13139,GA,Hall,Hall County,18195,SOCO,"Southern Company Services, Inc. - Trans"
13141,GA,Hancock,Hancock County,18195,SOCO,"Southern Company Services, Inc. - Trans"
13143,GA,Haralson,Haralson County,18195,SOCO,"Southern Company Services, Inc. - Trans"
13145,GA,Harris,Harris County,18195,SOCO,"Southern Company Services, Inc. - Trans"
13147,GA,Hart,Hart County,18195,SOCO,"Southern Company Services, Inc. - Trans"
13149,GA,Heard,Heard County,18195,SOCO,"Southern Company Services, Inc. - Trans"
13151,GA,Henry,Henry County,18195,SOCO,"Southern Company Services, Inc. - Trans"
13153,GA,Houston,Houston County,18195,SOCO,"Southern Company Services, Inc. - Trans"
13155,GA,Irwin,Irwin County,18195,SOCO,"Southern Company Services, Inc. - Trans"
13157,GA,Jackson,Jackson County,18195,SOCO,"Southern Company Services, Inc. - Trans"
13159,GA,Jasper,Jasper County,18195,SOCO,"Southern Company Services, Inc. - Trans"
13161,GA,Jeff Davis,Jeff Davis County,18195,SOCO,"Southern Company Services, Inc. - Trans"
13163,GA,Jefferson,Jefferson County,18195,SOCO,"Southern Company Services, Inc. - Trans"
13165,GA,Jenkins,Jenkins County,18195,SOCO,"Southern Company Services, Inc. - Trans"
13167,GA,Johnson,Johnson County,18195,SOCO,"Southern Company Services, Inc. - Trans"
13169,GA,Jones,Jones County,18195,SOCO,"Southern Company Services, Inc. - Trans"
13171,GA,Lamar,Lamar County,18195,SOCO,"Southern Company Services, Inc. - Trans"
13173,GA,Lanier,Lanier County,18195,SOCO,"Southern Company Services, Inc. - Trans"
13175,GA,Laurens,Laurens County,18195,SOCO,"Southern Company Services, Inc. - Trans"
13177,GA,Lee,Lee County,18195,SOCO,"Southern Company Services, Inc. - Trans"
13179,GA,Liberty,Liberty County,18195,SOCO,"Southern Company Services, Inc. - Trans"
13181,GA,Lincoln,Lincoln County,18195,SOCO,"Southern Company Services, Inc. - Trans"
13183,GA,Long,Long County,18195,SOCO,"Southern Company Services, Inc. - Trans"
13185,GA,Lowndes,Lowndes County,18195,SOCO,"Southern Company Services, Inc. - Trans"
13187,GA,Lumpkin,Lumpkin County,18195,SOCO,"Southern Company Services, Inc. - Trans"
13189,GA,McDuffie,McDuffie County,18195,SOCO,"Southern Company Services, Inc. - Trans"
13191,GA,McIntosh,McIntosh County,18195,SOCO,"Southern Company Services, Inc. - Trans"
13193,GA,Macon,Macon County,18195,SOCO,"Southern Company Services, Inc. - Trans"
13195,GA,Madison,Madison County,18195,SOCO,"Southern Company Services, Inc. - Trans"
13197,GA,Marion,Marion County,18195,SOCO,"Southern Company Services, Inc. - Trans"
13199,GA,Meriwether,Meriwether County,18195,SOCO,"Southern Company Services, Inc. - Trans"
13201,GA,Miller,Miller County,18195,SOCO,"Southern Company Services, Inc. - Trans"
13201,GA,Miller,Miller County,29304,SEPA,Southeastern Power Administration
13205,GA,Mitchell,Mitchell County,18195,SOCO,"Southern Company Services, Inc. - Trans"
13207,GA,Monroe,Monroe County,18195,SOCO,"Southern Company Services, Inc. - Trans"
13209,GA,Montgomery,Montgomery County,18195,SOCO,"Southern Company Services, Inc. - Trans"
13211,GA,Morgan,Morgan County,18195,SOCO,"Southern Company Services, Inc. - Trans"
13213,GA,Murray,Murray County,18195,SOCO,"Southern Company Services, Inc. - Trans"
13213,GA,Murray,Murray County,18642,TVA,Tennessee Valley Authority
13215,GA,Muscogee,Muscogee County,18195,SOCO,"Southern Company Services, Inc. - Trans"
13217,GA,Newton,Newton County,18195,SOCO,"Southern Company Services, Inc. - Trans"
13219,GA,Oconee,Oconee County,18195,SOCO,"Southern Company Services, Inc. - Trans"
13221,GA,Oglethorpe,Oglethorpe County,18195,SOCO,"Southern Company Services, Inc. - Trans"
13223,GA,Paulding,Paulding County,18195,SOCO,"Southern Company Services, Inc. - Trans"
13225,GA,Peach,Peach County,18195,SOCO,"Southern Company Services, Inc. - Trans"
13225,GA,Peach,Peach County,29304,SEPA,Southeastern Power Administration
13227,GA,Pickens,Pickens County,18195,SOCO,"Southern Company Services, Inc. - Trans"
13229,GA,Pierce,Pierce County,18195,SOCO,"Southern Company Services, Inc. - Trans"
13231,GA,Pike,Pike County,18195,SOCO,"Southern Company Services, Inc. - Trans"
13233,GA,Polk,Polk County,18195,SOCO,"Southern Company Services, Inc. - Trans"
13235,GA,Pulaski,Pulaski County,18195,SOCO,"Southern Company Services, Inc. - Trans"
13237,GA,Putnam,Putnam County,18195,SOCO,"Southern Company Services, Inc. - Trans"
13239,GA,Quitman,Quitman County,18195,SOCO,"Southern Company Services, Inc. - Trans"
13241,GA,Rabun,Rabun County,5416,DUK,Duke Energy Carolinas
13241,GA,Rabun,Rabun County,18195,SOCO,"Southern Company Services, Inc. - Trans"
13243,GA,Randolph,Randolph County,18195,SOCO,"Southern Company Services, Inc. - Trans"
13245,GA,Richmond,Richmond County,18195,SOCO,"Southern Company Services, Inc. - Trans"
13247,GA,Rockdale,Rockdale County,18195,SOCO,"Southern Company Services, Inc. - Trans"
13249,GA,Schley,Schley County,18195,SOCO,"Southern Company Services, Inc. - Trans"
13251,GA,Screven,Screven County,18195,SOCO,"Southern Company Services, Inc. - Trans"
13253,GA,Seminole,Seminole County,18195,SOCO,"Southern Company Services, Inc. - Trans"
13253,GA,Seminole,Seminole County,29304,SEPA,Southeastern Power Administration
13255,GA,Spalding,Spalding County,18195,SOCO,"Southern Company Services, Inc. - Trans"
13257,GA,Stephens,Stephens County,18195,SOCO,"Southern Company Services, Inc. - Trans"
13259,GA,Stewart,Stewart County,18195,SOCO,"Southern Company Services, Inc. - Trans"
13261,GA,Sumter,Sumter County,18195,SOCO,"Southern Company Services, Inc. - Trans"
13263,GA,Talbot,Talbot County,18195,SOCO,"Southern Company Services, Inc. - Trans"
13265,GA,Taliaferro,Taliaferro County,18195,SOCO,"Southern Company Services, Inc. - Trans"
13267,GA,Tattnall,Tattnall County,18195,SOCO,"Southern Company Services, Inc. - Trans"
13269,GA,Taylor,Taylor County,18195,SOCO,"Southern Company Services, Inc. - Trans"
13271,GA,Telfair,Telfair County,18195,SOCO,"Southern Company Services, Inc. - Trans"
13273,GA,Terrell,Terrell County,18195,SOCO,"Southern Company Services, Inc. - Trans"
13275,GA,Thomas,Thomas County,18195,SOCO,"Southern Company Services, Inc. - Trans"
13277,GA,Tift,Tift County,18195,SOCO,"Southern Company Services, Inc. - Trans"
13279,GA,Toombs,Toombs County,18195,SOCO,"Southern Company Services, Inc. - Trans"
13281,GA,Towns,Towns County,18642,TVA,Tennessee Valley Authority
13283,GA,Treutlen,Treutlen County,18195,SOCO,"Southern Company Services, Inc. - Trans"
13285,GA,Troup,Troup County,18195,SOCO,"Southern Company Services, Inc. - Trans"
13287,GA,Turner,Turner County,18195,SOCO,"Southern Company Services, Inc. - Trans"
13289,GA,Twiggs,Twiggs County,18195,SOCO,"Southern Company Services, Inc. - Trans"
13291,GA,Union,Union County,18642,TVA,Tennessee Valley Authority
13293,GA,Upson,Upson County,18195,SOCO,"Southern Company Services, Inc. - Trans"
13295,GA,Walker,Walker County,18195,SOCO,"Southern Company Services, Inc. - Trans"
13295,GA,Walker,Walker County,18642,TVA,Tennessee Valley Authority
13297,GA,Walton,Walton County,18195,SOCO,"Southern Company Services, Inc. - Trans"
13299,GA,Ware,Ware County,18195,SOCO,"Southern Company Services, Inc. - Trans"
13301,GA,Warren,Warren County,18195,SOCO,"Southern Company Services, Inc. - Trans"
13303,GA,Washington,Washington County,18195,SOCO,"Southern Company Services, Inc. - Trans"
13305,GA,Wayne,Wayne County,18195,SOCO,"Southern Company Services, Inc. - Trans"
13307,GA,Webster,Webster County,18195,SOCO,"Southern Company Services, Inc. - Trans"
13309,GA,Wheeler,Wheeler County,18195,SOCO,"Southern Company Services, Inc. - Trans"
13311,GA,White,White County,18195,SOCO,"Southern Company Services, Inc. - Trans"
13313,GA,Whitfield,Whitfield County,18195,SOCO,"Southern Company Services, Inc. - Trans"
13313,GA,Whitfield,Whitfield County,18642,TVA,Tennessee Valley Authority
13315,GA,Wilcox,Wilcox County,18195,SOCO,"Southern Company Services, Inc. - Trans"
13317,GA,Wilkes,Wilkes County,18195,SOCO,"Southern Company Services, Inc. - Trans"
13319,GA,Wilkinson,Wilkinson County,18195,SOCO,"Southern Company Services, Inc. - Trans"
13321,GA,Worth,Worth County,18195,SOCO,"Southern Company Services, Inc. - Trans"
15003,HI,Honolulu,Honolulu County,19547,HECO,Hawaiian Electric Co Inc
16001,ID,Ada,Ada County,9191,IPCO,Idaho Power Company
16003,ID,Adams,Adams County,9191,IPCO,Idaho Power Company
16005,ID,Bannock,Bannock County,9191,IPCO,Idaho Power Company
16005,ID,Bannock,Bannock County,14379,PACE,PacifiCorp - East
16007,ID,Bear Lake,Bear Lake County,14379,PACE,PacifiCorp - East
16009,ID,Benewah,Benewah County,1738,BPAT,Bonneville Power Administration
16009,ID,Benewah,Benewah County,20169,AVA,Avista Corporation
16011,ID,Bingham,Bingham County,9191,IPCO,Idaho Power Company
16011,ID,Bingham,Bingham County,14379,PACE,PacifiCorp - East
16013,ID,Blaine,Blaine County,9191,IPCO,Idaho Power Company
16013,ID,Blaine,Blaine County,14379,PACE,PacifiCorp - East
16015,ID,Boise,Boise County,9191,IPCO,Idaho Power Company
16017,ID,Bonner,Bonner County,1738,BPAT,Bonneville Power Administration
16017,ID,Bonner,Bonner County,20169,AVA,Avista Corporation
16019,ID,Bonneville,Bonneville County,1738,BPAT,Bonneville Power Administration
16019,ID,Bonneville,Bonneville County,14379,PACE,PacifiCorp - East
16021,ID,Boundary,Boundary County,1738,BPAT,Bonneville Power Administration
16023,ID,Butte,Butte County,14379,PACE,PacifiCorp - East
16025,ID,Camas,Camas County,9191,IPCO,Idaho Power Company
16027,ID,Canyon,Canyon County,9191,IPCO,Idaho Power Company
16029,ID,Caribou,Caribou County,1738,BPAT,Bonneville Power Administration
16029,ID,Caribou,Caribou County,14379,PACE,PacifiCorp - East
16031,ID,Cassia,Cassia County,1738,BPAT,Bonneville Power Administration
16031,ID,Cassia,Cassia County,9191,IPCO,Idaho Power Company
16033,ID,Clark,Clark County,1738,BPAT,Bonneville Power Administration
16033,ID,Clark,Clark County,12825,NWMT,NorthWestern Energy (NWMT)
16033,ID,Clark,Clark County,14379,PACE,PacifiCorp - East
16035,ID,Clearwater,Clearwater County,20169,AVA,Avista Corporation
16037,ID,Custer,Custer County,9191,IPCO,Idaho Power Company
16037,ID,Custer,Custer County,14379,PACE,PacifiCorp - East
16039,ID,Elmore,Elmore County,9191,IPCO,Idaho Power Company
16041,ID,Franklin,Franklin County,14379,PACE,PacifiCorp - East
16043,ID,Fremont,Fremont County,1738,BPAT,Bonneville Power Administration
16043,ID,Fremont,Fremont County,14379,PACE,PacifiCorp - East
16045,ID,Gem,Gem County,9191,IPCO,Idaho Power Company
16047,ID,Gooding,Gooding County,9191,IPCO,Idaho Power Company
16049,ID,Idaho,Idaho County,1738,BPAT,Bonneville Power Administration
16049,ID,Idaho,Idaho County,9191,IPCO,Idaho Power Company
16049,ID,Idaho,Idaho County,20169,AVA,Avista Corporation
16051,ID,Jefferson,Jefferson County,1738,BPAT,Bonneville Power Administration
16051,ID,Jefferson,Jefferson County,14379,PACE,PacifiCorp - East
16053,ID,Jerome,Jerome County,9191,IPCO,Idaho Power Company
16055,ID,Kootenai,Kootenai County,1738,BPAT,Bonneville Power Administration
16055,ID,Kootenai,Kootenai County,20169,AVA,Avista Corporation
16057,ID,Latah,Latah County,20169,AVA,Avista Corporation
16059,ID,Lemhi,Lemhi County,9191,IPCO,Idaho Power Company
16061,ID,Lewis,Lewis County,20169,AVA,Avista Corporation
16063,ID,Lincoln,Lincoln County,9191,IPCO,Idaho Power Company
16065,ID,Madison,Madison County,1738,BPAT,Bonneville Power Administration
16065,ID,Madison,Madison County,14379,PACE,PacifiCorp - East
16067,ID,Minidoka,Minidoka County,1738,BPAT,Bonneville Power Administration
16067,ID,Minidoka,Minidoka County,9191,IPCO,Idaho Power Company
16069,ID,Nez Perce,Nez Perce County,20169,AVA,Avista Corporation
16071,ID,Oneida,Oneida County,1738,BPAT,Bonneville Power Administration
16071,ID,Oneida,Oneida County,9191,IPCO,Idaho Power Company
16071,ID,Oneida,Oneida County,14379,PACE,PacifiCorp - East
16073,ID,Owyhee,Owyhee County,1738,BPAT,Bonneville Power Administration
16073,ID,Owyhee,Owyhee County,9191,IPCO,Idaho Power Company
16075,ID,Payette,Payette County,9191,IPCO,Idaho Power Company
16077,ID,Power,Power County,1738,BPAT,Bonneville Power Administration
16077,ID,Power,Power County,9191,IPCO,Idaho Power Company
16077,ID,Power,Power County,14379,PACE,PacifiCorp - East
16079,ID,Shoshone,Shoshone County,20169,AVA,Avista Corporation
16081,ID,Teton,Teton County,1738,BPAT,Bonneville Power Administration
16081,ID,Teton,Teton County,14379,PACE,PacifiCorp - East
16083,ID,Twin Falls,Twin Falls County,9191,IPCO,Idaho Power Company
16085,ID,Valley,Valley County,9191,IPCO,Idaho Power Company
16087,ID,Washington,Washington County,1738,BPAT,Bonneville Power Administration
16087,ID,Washington,Washington County,9191,IPCO,Idaho Power Company
17001,IL,Adams,Adams County,14725,PJM,"PJM Interconnection, LLC"
17001,IL,Adams,Adams County,56669,MISO,"Midcontinent Independent Transmission System Operator, Inc.."
17003,IL,Alexander,Alexander County,56669,MISO,"Midcontinent Independent Transmission System Operator, Inc.."
17005,IL,Bond,Bond County,56669,MISO,"Midcontinent Independent Transmission System Operator, Inc.."
17007,IL,Boone,Boone County,14725,PJM,"PJM Interconnection, LLC"
17007,IL,Boone,Boone County,56669,MISO,"Midcontinent Independent Transmission System Operator, Inc.."
17009,IL,Brown,Brown County,14725,PJM,"PJM Interconnection, LLC"
17009,IL,Brown,Brown County,56669,MISO,"Midcontinent Independent Transmission System Operator, Inc.."
17011,IL,Bureau,Bureau County,14725,PJM,"PJM Interconnection, LLC"
17011,IL,Bureau,Bureau County,56669,MISO,"Midcontinent Independent Transmission System Operator, Inc.."
17013,IL,Calhoun,Calhoun County,14725,PJM,"PJM Interconnection, LLC"
17013,IL,Calhoun,Calhoun County,56669,MISO,"Midcontinent Independent Transmission System Operator, Inc.."
17015,IL,Carroll,Carroll County,14725,PJM,"PJM Interconnection, LLC"
17015,IL,Carroll,Carroll County,56669,MISO,"Midcontinent Independent Transmission System Operator, Inc.."
17017,IL,Cass,Cass County,14725,PJM,"PJM Interconnection, LLC"
17017,IL,Cass,Cass County,56669,MISO,"Midcontinent Independent Transmission System Operator, Inc.."
17019,IL,Champaign,Champaign County,14725,PJM,"PJM Interconnection, LLC"
17019,IL,Champaign,Champaign County,56669,MISO,"Midcontinent Independent Transmission System Operator, Inc.."
17021,IL,Christian,Christian County,56669,MISO,"Midcontinent Independent Transmission System Operator, Inc.."
17023,IL,Clark,Clark County,56669,MISO,"Midcontinent Independent Transmission System Operator, Inc.."
17025,IL,Clay,Clay County,56669,MISO,"Midcontinent Independent Transmission System Operator, Inc.."
17027,IL,Clinton,Clinton County,56669,MISO,"Midcontinent Independent Transmission System Operator, Inc.."
17029,IL,Coles,Coles County,56669,MISO,"Midcontinent Independent Transmission System Operator, Inc.."
17031,IL,Cook,Cook County,14725,PJM,"PJM Interconnection, LLC"
17033,IL,Crawford,Crawford County,56669,MISO,"Midcontinent Independent Transmission System Operator, Inc.."
17035,IL,Cumberland,Cumberland County,56669,MISO,"Midcontinent Independent Transmission System Operator, Inc.."
17037,IL,DeKalb,DeKalb County,14725,PJM,"PJM Interconnection, LLC"
17039,IL,De Witt,De Witt County,56669,MISO,"Midcontinent Independent Transmission System Operator, Inc.."
17041,IL,Douglas,Douglas County,56669,MISO,"Midcontinent Independent Transmission System Operator, Inc.."
17043,IL,DuPage,DuPage County,14725,PJM,"PJM Interconnection, LLC"
17045,IL,Edgar,Edgar County,56669,MISO,"Midcontinent Independent Transmission System Operator, Inc.."
17047,IL,Edwards,Edwards County,56669,MISO,"Midcontinent Independent Transmission System Operator, Inc.."
17049,IL,Effingham,Effingham County,56669,MISO,"Midcontinent Independent Transmission System Operator, Inc.."
17051,IL,Fayette,Fayette County,56669,MISO,"Midcontinent Independent Transmission System Operator, Inc.."
17053,IL,Ford,Ford County,14725,PJM,"PJM Interconnection, LLC"
17053,IL,Ford,Ford County,56669,MISO,"Midcontinent Independent Transmission System Operator, Inc.."
17055,IL,Franklin,Franklin County,56669,MISO,"Midcontinent Independent Transmission System Operator, Inc.."
17057,IL,Fulton,Fulton County,56669,MISO,"Midcontinent Independent Transmission System Operator, Inc.."
17059,IL,Gallatin,Gallatin County,56669,MISO,"Midcontinent Independent Transmission System Operator, Inc.."
17061,IL,Greene,Greene County,14725,PJM,"PJM Interconnection, LLC"
17061,IL,Greene,Greene County,56669,MISO,"Midcontinent Independent Transmission System Operator, Inc.."
17063,IL,Grundy,Grundy County,14725,PJM,"PJM Interconnection, LLC"
17065,IL,Hamilton,Hamilton County,56669,MISO,"Midcontinent Independent Transmission System Operator, Inc.."
17067,IL,Hancock,Hancock County,56669,MISO,"Midcontinent Independent Transmission System Operator, Inc.."
17069,IL,Hardin,Hardin County,56669,MISO,"Midcontinent Independent Transmission System Operator, Inc.."
17071,IL,Henderson,Henderson County,56669,MISO,"Midcontinent Independent Transmission System Operator, Inc.."
17073,IL,Henry,Henry County,56669,MISO,"Midcontinent Independent Transmission System Operator, Inc.."
17075,IL,Iroquois,Iroquois County,56669,MISO,"Midcontinent Independent Transmission System Operator, Inc.."
17077,IL,Jackson,Jackson County,56669,MISO,"Midcontinent Independent Transmission System Operator, Inc.."
17079,IL,Jasper,Jasper County,56669,MISO,"Midcontinent Independent Transmission System Operator, Inc.."
17081,IL,Jefferson,Jefferson County,56669,MISO,"Midcontinent Independent Transmission System Operator, Inc.."
17083,IL,Jersey,Jersey County,14725,PJM,"PJM Interconnection, LLC"
17083,IL,Jersey,Jersey County,56669,MISO,"Midcontinent Independent Transmission System Operator, Inc.."
17085,IL,Jo Daviess,Jo Daviess County,14725,PJM,"PJM Interconnection, LLC"
17085,IL,Jo Daviess,Jo Daviess County,56669,MISO,"Midcontinent Independent Transmission System Operator, Inc.."
17087,IL,Johnson,Johnson County,56669,MISO,"Midcontinent Independent Transmission System Operator, Inc.."
17089,IL,Kane,Kane County,14725,PJM,"PJM Interconnection, LLC"
17091,IL,Kankakee,Kankakee County,14725,PJM,"PJM Interconnection, LLC"
17093,IL,Kendall,Kendall County,14725,PJM,"PJM Interconnection, LLC"
17093,IL,Kendall,Kendall County,56669,MISO,"Midcontinent Independent Transmission System Operator, Inc.."
17095,IL,Knox,Knox County,56669,MISO,"Midcontinent Independent Transmission System Operator, Inc.."
17097,IL,Lake,Lake County,14725,PJM,"PJM Interconnection, LLC"
17099,IL,LaSalle,LaSalle County,14725,PJM,"PJM Interconnection, LLC"
17099,IL,LaSalle,LaSalle County,56669,MISO,"Midcontinent Independent Transmission System Operator, Inc.."
17101,IL,Lawrence,Lawrence County,56669,MISO,"Midcontinent Independent Transmission System Operator, Inc.."
17103,IL,Lee,Lee County,14725,PJM,"PJM Interconnection, LLC"
17105,IL,Livingston,Livingston County,14725,PJM,"PJM Interconnection, LLC"
17105,IL,Livingston,Livingston County,56669,MISO,"Midcontinent Independent Transmission System Operator, Inc.."
17107,IL,Logan,Logan County,56669,MISO,"Midcontinent Independent Transmission System Operator, Inc.."
17109,IL,McDonough,McDonough County,56669,MISO,"Midcontinent Independent Transmission System Operator, Inc.."
17111,IL,McHenry,McHenry County,14725,PJM,"PJM Interconnection, LLC"
17111,IL,McHenry,McHenry County,56669,MISO,"Midcontinent Independent Transmission System Operator, Inc.."
17113,IL,McLean,McLean County,56669,MISO,"Midcontinent Independent Transmission System Operator, Inc.."
17115,IL,Macon,Macon County,56669,MISO,"Midcontinent Independent Transmission System Operator, Inc.."
17117,IL,Macoupin,Macoupin County,14725,PJM,"PJM Interconnection, LLC"
17117,IL,Macoupin,Macoupin County,56669,MISO,"Midcontinent Independent Transmission System Operator, Inc.."
17119,IL,Madison,Madison County,56669,MISO,"Midcontinent Independent Transmission System Operator, Inc.."
17121,IL,Marion,Marion County,56669,MISO,"Midcontinent Independent Transmission System Operator, Inc.."
17123,IL,Marshall,Marshall County,14725,PJM,"PJM Interconnection, LLC"
17123,IL,Marshall,Marshall County,56669,MISO,"Midcontinent Independent Transmission System Operator, Inc.."
17125,IL,Mason,Mason County,56669,MISO,"Midcontinent Independent Transmission System Operator, Inc.."
17127,IL,Massac,Massac County,56669,MISO,"Midcontinent Independent Transmission System Operator, Inc.."
17129,IL,Menard,Menard County,56669,MISO,"Midcontinent Independent Transmission System Operator, Inc.."
17131,IL,Mercer,Mercer County,56669,MISO,"Midcontinent Independent Transmission System Operator, Inc.."
17133,IL,Monroe,Monroe County,56669,MISO,"Midcontinent Independent Transmission System Operator, Inc.."
17135,IL,Montgomery,Montgomery County,56669,MISO,"Midcontinent Independent Transmission System Operator, Inc.."
17137,IL,Morgan,Morgan County,14725,PJM,"PJM Interconnection, LLC"
17137,IL,Morgan,Morgan County,56669,MISO,"Midcontinent Independent Transmission System Operator, Inc.."
17139,IL,Moultrie,Moultrie County,56669,MISO,"Midcontinent Independent Transmission System Operator, Inc.."
17141,IL,Ogle,Ogle County,14725,PJM,"PJM Interconnection, LLC"
17143,IL,Peoria,Peoria County,56669,MISO,"Midcontinent Independent Transmission System Operator, Inc.."
17145,IL,Perry,Perry County,56669,MISO,"Midcontinent Independent Transmission System Operator, Inc.."
17147,IL,Piatt,Piatt County,56669,MISO,"Midcontinent Independent Transmission System Operator, Inc.."
17149,IL,Pike,Pike County,14725,PJM,"PJM Interconnection, LLC"
17149,IL,Pike,Pike County,56669,MISO,"Midcontinent Independent Transmission System Operator, Inc.."
17151,IL,Pope,Pope County,56669,MISO,"Midcontinent Independent Transmission System Operator, Inc.."
17153,IL,Pulaski,Pulaski County,56669,MISO,"Midcontinent Independent Transmission System Operator, Inc.."
17155,IL,Putnam,Putnam County,56669,MISO,"Midcontinent Independent Transmission System Operator, Inc.."
17157,IL,Randolph,Randolph County,56669,MISO,"Midcontinent Independent Transmission System Operator, Inc.."
17159,IL,Richland,Richland County,56669,MISO,"Midcontinent Independent Transmission System Operator, Inc.."
17161,IL,Rock Island,Rock Island County,56669,MISO,"Midcontinent Independent Transmission System Operator, Inc.."
17163,IL,St. Clair,St. Clair County,56669,MISO,"Midcontinent Independent Transmission System Operator, Inc.."
17165,IL,Saline,Saline County,56669,MISO,"Midcontinent Independent Transmission System Operator, Inc.."
17167,IL,Sangamon,Sangamon County,56669,MISO,"Midcontinent Independent Transmission System Operator, Inc.."
17169,IL,Schuyler,Schuyler County,56669,MISO,"Midcontinent Independent Transmission System Operator, Inc.."
17171,IL,Scott,Scott County,14725,PJM,"PJM Interconnection, LLC"
17171,IL,Scott,Scott County,56669,MISO,"Midcontinent Independent Transmission System Operator, Inc.."
17173,IL,Shelby,Shelby County,56669,MISO,"Midcontinent Independent Transmission System Operator, Inc.."
17175,IL,Stark,Stark County,56669,MISO,"Midcontinent Independent Transmission System Operator, Inc.."
17177,IL,Stephenson,Stephenson County,14725,PJM,"PJM Interconnection, LLC"
17177,IL,Stephenson,Stephenson County,56669,MISO,"Midcontinent Independent Transmission System Operator, Inc.."
17179,IL,Tazewell,Tazewell County,56669,MISO,"Midcontinent Independent Transmission System Operator, Inc.."
17181,IL,Union,Union County,56669,MISO,"Midcontinent Independent Transmission System Operator, Inc.."
17183,IL,Vermilion,Vermilion County,56669,MISO,"Midcontinent Independent Transmission System Operator, Inc.."
17185,IL,Wabash,Wabash County,56669,MISO,"Midcontinent Independent Transmission System Operator, Inc.."
17187,IL,Warren,Warren County,56669,MISO,"Midcontinent Independent Transmission System Operator, Inc.."
17189,IL,Washington,Washington County,56669,MISO,"Midcontinent Independent Transmission System Operator, Inc.."
17191,IL,Wayne,Wayne County,56669,MISO,"Midcontinent Independent Transmission System Operator, Inc.."
17193,IL,White,White County,56669,MISO,"Midcontinent Independent Transmission System Operator, Inc.."
17195,IL,Whiteside,Whiteside County,14725,PJM,"PJM Interconnection, LLC"
17195,IL,Whiteside,Whiteside County,56669,MISO,"Midcontinent Independent Transmission System Operator, Inc.."
17197,IL,Will,Will County,14725,PJM,"PJM Interconnection, LLC"
17199,IL,Williamson,Williamson County,56669,MISO,"Midcontinent Independent Transmission System Operator, Inc.."
17201,IL,Winnebago,Winnebago County,14725,PJM,"PJM Interconnection, LLC"
17201,IL,Winnebago,Winnebago County,56669,MISO,"Midcontinent Independent Transmission System Operator, Inc.."
17203,IL,Woodford,Woodford County,14725,PJM,"PJM Interconnection, LLC"
17203,IL,Woodford,Woodford County,56669,MISO,"Midcontinent Independent Transmission System Operator, Inc.."
18001,IN,Adams,Adams County,14725,PJM,"PJM Interconnection, LLC"
18003,IN,Allen,Allen County,14725,PJM,"PJM Interconnection, LLC"
18005,IN,Bartholomew,Bartholomew County,56669,MISO,"Midcontinent Independent Transmission System Operator, Inc.."
18007,IN,Benton,Benton County,56669,MISO,"Midcontinent Independent Transmission System Operator, Inc.."
18009,IN,Blackford,Blackford County,14725,PJM,"PJM Interconnection, LLC"
18011,IN,Boone,Boone County,56669,MISO,"Midcontinent Independent Transmission System Operator, Inc.."
18013,IN,Brown,Brown County,56669,MISO,"Midcontinent Independent Transmission System Operator, Inc.."
18015,IN,Carroll,Carroll County,14725,PJM,"PJM Interconnection, LLC"
18015,IN,Carroll,Carroll County,56669,MISO,"Midcontinent Independent Transmission System Operator, Inc.."
18017,IN,Cass,Cass County,56669,MISO,"Midcontinent Independent Transmission System Operator, Inc.."
18019,IN,Clark,Clark County,56669,MISO,"Midcontinent Independent Transmission System Operator, Inc.."
18021,IN,Clay,Clay County,56669,MISO,"Midcontinent Independent Transmission System Operator, Inc.."
18023,IN,Clinton,Clinton County,56669,MISO,"Midcontinent Independent Transmission System Operator, Inc.."
18025,IN,Crawford,Crawford County,56669,MISO,"Midcontinent Independent Transmission System Operator, Inc.."
18027,IN,Daviess,Daviess County,14725,PJM,"PJM Interconnection, LLC"
18027,IN,Daviess,Daviess County,56669,MISO,"Midcontinent Independent Transmission System Operator, Inc.."
18029,IN,Dearborn,Dearborn County,56669,MISO,"Midcontinent Independent Transmission System Operator, Inc.."
18031,IN,Decatur,Decatur County,56669,MISO,"Midcontinent Independent Transmission System Operator, Inc.."
18033,IN,DeKalb,DeKalb County,14725,PJM,"PJM Interconnection, LLC"
18033,IN,DeKalb,DeKalb County,56669,MISO,"Midcontinent Independent Transmission System Operator, Inc.."
18035,IN,Delaware,Delaware County,14725,PJM,"PJM Interconnection, LLC"
18035,IN,Delaware,Delaware County,56669,MISO,"Midcontinent Independent Transmission System Operator, Inc.."
18037,IN,Dubois,Dubois County,56669,MISO,"Midcontinent Independent Transmission System Operator, Inc.."
18039,IN,Elkhart,Elkhart County,14725,PJM,"PJM Interconnection, LLC"
18039,IN,Elkhart,Elkhart County,56669,MISO,"Midcontinent Independent Transmission System Operator, Inc.."
18041,IN,Fayette,Fayette County,56669,MISO,"Midcontinent Independent Transmission System Operator, Inc.."
18043,IN,Floyd,Floyd County,56669,MISO,"Midcontinent Independent Transmission System Operator, Inc.."
18045,IN,Fountain,Fountain County,56669,MISO,"Midcontinent Independent Transmission System Operator, Inc.."
18047,IN,Franklin,Franklin County,56669,MISO,"Midcontinent Independent Transmission System Operator, Inc.."
18049,IN,Fulton,Fulton County,56669,MISO,"Midcontinent Independent Transmission System Operator, Inc.."
18051,IN,Gibson,Gibson County,56669,MISO,"Midcontinent Independent Transmission System Operator, Inc.."
18053,IN,Grant,Grant County,14725,PJM,"PJM Interconnection, LLC"
18053,IN,Grant,Grant County,56669,MISO,"Midcontinent Independent Transmission System Operator, Inc.."
18055,IN,Greene,Greene County,56669,MISO,"Midcontinent Independent Transmission System Operator, Inc.."
18057,IN,Hamilton,Hamilton County,14725,PJM,"PJM Interconnection, LLC"
18057,IN,Hamilton,Hamilton County,56669,MISO,"Midcontinent Independent Transmission System Operator, Inc.."
18059,IN,Hancock,Hancock County,56669,MISO,"Midcontinent Independent Transmission System Operator, Inc.."
18061,IN,Harrison,Harrison County,56669,MISO,"Midcontinent Independent Transmission System Operator, Inc.."
18063,IN,Hendricks,Hendricks County,14725,PJM,"PJM Interconnection, LLC"
18063,IN,Hendricks,Hendricks County,56669,MISO,"Midcontinent Independent Transmission System Operator, Inc.."
18065,IN,Henry,Henry County,14725,PJM,"PJM Interconnection, LLC"
18065,IN,Henry,Henry County,56669,MISO,"Midcontinent Independent Transmission System Operator, Inc.."
18067,IN,Howard,Howard County,14725,PJM,"PJM Interconnection, LLC"
18067,IN,Howard,Howard County,56669,MISO,"Midcontinent Independent Transmission System Operator, Inc.."
18069,IN,Huntington,Huntington County,14725,PJM,"PJM Interconnection, LLC"
18069,IN,Huntington,Huntington County,56669,MISO,"Midcontinent Independent Transmission System Operator, Inc.."
18071,IN,Jackson,Jackson County,56669,MISO,"Midcontinent Independent Transmission System Operator, Inc.."
18073,IN,Jasper,Jasper County,56669,MISO,"Midcontinent Independent Transmission System Operator, Inc.."
18075,IN,Jay,Jay County,14725,PJM,"PJM Interconnection, LLC"
18077,IN,Jefferson,Jefferson County,56669,MISO,"Midcontinent Independent Transmission System Operator, Inc.."
18079,IN,Jennings,Jennings County,56669,MISO,"Midcontinent Independent Transmission System Operator, Inc.."
18081,IN,Johnson,Johnson County,56669,MISO,"Midcontinent Independent Transmission System Operator, Inc.."
18083,IN,Knox,Knox County,56669,MISO,"Midcontinent Independent Transmission System Operator, Inc.."
18085,IN,Kosciusko,Kosciusko County,14725,PJM,"PJM Interconnection, LLC"
18085,IN,Kosciusko,Kosciusko County,56669,MISO,"Midcontinent Independent Transmission System Operator, Inc.."
18087,IN,Lagrange,LaGrange County,14725,PJM,"PJM Interconnection, LLC"
18087,IN,Lagrange,LaGrange County,56669,MISO,"Midcontinent Independent Transmission System Operator, Inc.."
18089,IN,Lake,Lake County,56669,MISO,"Midcontinent Independent Transmission System Operator, Inc.."
18091,IN,LaPorte,LaPorte County,14725,PJM,"PJM Interconnection, LLC"
18091,IN,LaPorte,LaPorte County,56669,MISO,"Midcontinent Independent Transmission System Operator, Inc.."
18093,IN,Lawrence,Lawrence County,56669,MISO,"Midcontinent Independent Transmission System Operator, Inc.."
18095,IN,Madison,Madison County,14725,PJM,"PJM Interconnection, LLC"
18095,IN,Madison,Madison County,56669,MISO,"Midcontinent Independent Transmission System Operator, Inc.."
18097,IN,Marion,Marion County,56669,MISO,"Midcontinent Independent Transmission System Operator, Inc.."
18099,IN,Marshall,Marshall County,14725,PJM,"PJM Interconnection, LLC"
18099,IN,Marshall,Marshall County,56669,MISO,"Midcontinent Independent Transmission System Operator, Inc.."
18101,IN,Martin,Martin County,56669,MISO,"Midcontinent Independent Transmission System Operator, Inc.."
18103,IN,Miami,Miami County,14725,PJM,"PJM Interconnection, LLC"
18103,IN,Miami,Miami County,56669,MISO,"Midcontinent Independent Transmission System Operator, Inc.."
18105,IN,Monroe,Monroe County,56669,MISO,"Midcontinent Independent Transmission System Operator, Inc.."
18107,IN,Montgomery,Montgomery County,14725,PJM,"PJM Interconnection, LLC"
18107,IN,Montgomery,Montgomery County,56669,MISO,"Midcontinent Independent Transmission System Operator, Inc.."
18109,IN,Morgan,Morgan County,56669,MISO,"Midcontinent Independent Transmission System Operator, Inc.."
18111,IN,Newton,Newton County,56669,MISO,"Midcontinent Independent Transmission System Operator, Inc.."
18113,IN,Noble,Noble County,14725,PJM,"PJM Interconnection, LLC"
18113,IN,Noble,Noble County,56669,MISO,"Midcontinent Independent Transmission System Operator, Inc.."
18115,IN,Ohio,Ohio County,56669,MISO,"Midcontinent Independent Transmission System Operator, Inc.."
18117,IN,Orange,Orange County,56669,MISO,"Midcontinent Independent Transmission System Operator, Inc.."
18119,IN,Owen,Owen County,56669,MISO,"Midcontinent Independent Transmission System Operator, Inc.."
18121,IN,Parke,Parke County,56669,MISO,"Midcontinent Independent Transmission System Operator, Inc.."
18123,IN,Perry,Perry County,56669,MISO,"Midcontinent Independent Transmission System Operator, Inc.."
18125,IN,Pike,Pike County,56669,MISO,"Midcontinent Independent Transmission System Operator, Inc.."
18127,IN,Porter,Porter County,56669,MISO,"Midcontinent Independent Transmission System Operator, Inc.."
18129,IN,Posey,Posey County,56669,MISO,"Midcontinent Independent Transmission System Operator, Inc.."
18131,IN,Pulaski,Pulaski County,56669,MISO,"Midcontinent Independent Transmission System Operator, Inc.."
18133,IN,Putnam,Putnam County,56669,MISO,"Midcontinent Independent Transmission System Operator, Inc.."
18135,IN,Randolph,Randolph County,14725,PJM,"PJM Interconnection, LLC"
18135,IN,Randolph,Randolph County,56669,MISO,"Midcontinent Independent Transmission System Operator, Inc.."
18137,IN,Ripley,Ripley County,56669,MISO,"Midcontinent Independent Transmission System Operator, Inc.."
18139,IN,Rush,Rush County,14725,PJM,"PJM Interconnection, LLC"
18139,IN,Rush,Rush County,56669,MISO,"Midcontinent Independent Transmission System Operator, Inc.."
18141,IN,St. Joseph,St. Joseph County,14725,PJM,"PJM Interconnection, LLC"
18141,IN,St. Joseph,St. Joseph County,56669,MISO,"Midcontinent Independent Transmission System Operator, Inc.."
18143,IN,Scott,Scott County,56669,MISO,"Midcontinent Independent Transmission System Operator, Inc.."
18145,IN,Shelby,Shelby County,56669,MISO,"Midcontinent Independent Transmission System Operator, Inc.."
18147,IN,Spencer,Spencer County,56669,MISO,"Midcontinent Independent Transmission System Operator, Inc.."
18149,IN,Starke,Starke County,56669,MISO,"Midcontinent Independent Transmission System Operator, Inc.."
18151,IN,Steuben,Steuben County,14725,PJM,"PJM Interconnection, LLC"
18151,IN,Steuben,Steuben County,56669,MISO,"Midcontinent Independent Transmission System Operator, Inc.."
18153,IN,Sullivan,Sullivan County,56669,MISO,"Midcontinent Independent Transmission System Operator, Inc.."
18155,IN,Switzerland,Switzerland County,56669,MISO,"Midcontinent Independent Transmission System Operator, Inc.."
18157,IN,Tippecanoe,Tippecanoe County,56669,MISO,"Midcontinent Independent Transmission System Operator, Inc.."
18159,IN,Tipton,Tipton County,14725,PJM,"PJM Interconnection, LLC"
18159,IN,Tipton,Tipton County,56669,MISO,"Midcontinent Independent Transmission System Operator, Inc.."
18161,IN,Union,Union County,56669,MISO,"Midcontinent Independent Transmission System Operator, Inc.."
18163,IN,Vanderburgh,Vanderburgh County,56669,MISO,"Midcontinent Independent Transmission System Operator, Inc.."
18165,IN,Vermillion,Vermillion County,56669,MISO,"Midcontinent Independent Transmission System Operator, Inc.."
18167,IN,Vigo,Vigo County,56669,MISO,"Midcontinent Independent Transmission System Operator, Inc.."
18169,IN,Wabash,Wabash County,14725,PJM,"PJM Interconnection, LLC"
18169,IN,Wabash,Wabash County,56669,MISO,"Midcontinent Independent Transmission System Operator, Inc.."
18171,IN,Warren,Warren County,56669,MISO,"Midcontinent Independent Transmission System Operator, Inc.."
18173,IN,Warrick,Warrick County,56669,MISO,"Midcontinent Independent Transmission System Operator, Inc.."
18175,IN,Washington,Washington County,56669,MISO,"Midcontinent Independent Transmission System Operator, Inc.."
18177,IN,Wayne,Wayne County,14725,PJM,"PJM Interconnection, LLC"
18177,IN,Wayne,Wayne County,56669,MISO,"Midcontinent Independent Transmission System Operator, Inc.."
18179,IN,Wells,Wells County,14725,PJM,"PJM Interconnection, LLC"
18179,IN,Wells,Wells County,56669,MISO,"Midcontinent Independent Transmission System Operator, Inc.."
18181,IN,White,White County,56669,MISO,"Midcontinent Independent Transmission System Operator, Inc.."
18183,IN,Whitley,Whitley County,14725,PJM,"PJM Interconnection, LLC"
18183,IN,Whitley,Whitley County,56669,MISO,"Midcontinent Independent Transmission System Operator, Inc.."
19001,IA,Adair,Adair County,56669,MISO,"Midcontinent Independent Transmission System Operator, Inc.."
19003,IA,Adams,Adams County,56669,MISO,"Midcontinent Independent Transmission System Operator, Inc.."
19005,IA,Allamakee,Allamakee County,56669,MISO,"Midcontinent Independent Transmission System Operator, Inc.."
19007,IA,Appanoose,Appanoose County,924,AECI,"Associated Electric Cooperative, Inc."
19007,IA,Appanoose,Appanoose County,56669,MISO,"Midcontinent Independent Transmission System Operator, Inc.."
19009,IA,Audubon,Audubon County,56669,MISO,"Midcontinent Independent Transmission System Operator, Inc.."
19009,IA,Audubon,Audubon County,59504,SWPP,Southwest Power Pool
19011,IA,Benton,Benton County,56669,MISO,"Midcontinent Independent Transmission System Operator, Inc.."
19013,IA,Black Hawk,Black Hawk County,56669,MISO,"Midcontinent Independent Transmission System Operator, Inc.."
19015,IA,Boone,Boone County,56669,MISO,"Midcontinent Independent Transmission System Operator, Inc.."
19017,IA,Bremer,Bremer County,56669,MISO,"Midcontinent Independent Transmission System Operator, Inc.."
19017,IA,Bremer,Bremer County,59504,SWPP,Southwest Power Pool
19019,IA,Buchanan,Buchanan County,56669,MISO,"Midcontinent Independent Transmission System Operator, Inc.."
19021,IA,Buena Vista,Buena Vista County,56669,MISO,"Midcontinent Independent Transmission System Operator, Inc.."
19021,IA,Buena Vista,Buena Vista County,59504,SWPP,Southwest Power Pool
19023,IA,Butler,Butler County,56669,MISO,"Midcontinent Independent Transmission System Operator, Inc.."
19023,IA,Butler,Butler County,59504,SWPP,Southwest Power Pool
19025,IA,Calhoun,Calhoun County,56669,MISO,"Midcontinent Independent Transmission System Operator, Inc.."
19027,IA,Carroll,Carroll County,56669,MISO,"Midcontinent Independent Transmission System Operator, Inc.."
19027,IA,Carroll,Carroll County,59504,SWPP,Southwest Power Pool
19029,IA,Cass,Cass County,56669,MISO,"Midcontinent Independent Transmission System Operator, Inc.."
19029,IA,Cass,Cass County,59504,SWPP,Southwest Power Pool
19031,IA,Cedar,Cedar County,56669,MISO,"Midcontinent Independent Transmission System Operator, Inc.."
19033,IA,Cerro Gordo,Cerro Gordo County,56669,MISO,"Midcontinent Independent Transmission System Operator, Inc.."
19033,IA,Cerro Gordo,Cerro Gordo County,59504,SWPP,Southwest Power Pool
19035,IA,Cherokee,Cherokee County,56669,MISO,"Midcontinent Independent Transmission System Operator, Inc.."
19035,IA,Cherokee,Cherokee County,59504,SWPP,Southwest Power Pool
19037,IA,Chickasaw,Chickasaw County,56669,MISO,"Midcontinent Independent Transmission System Operator, Inc.."
19037,IA,Chickasaw,Chickasaw County,59504,SWPP,Southwest Power Pool
19039,IA,Clarke,Clarke County,56669,MISO,"Midcontinent Independent Transmission System Operator, Inc.."
19041,IA,Clay,Clay County,56669,MISO,"Midcontinent Independent Transmission System Operator, Inc.."
19041,IA,Clay,Clay County,59504,SWPP,Southwest Power Pool
19043,IA,Clayton,Clayton County,56669,MISO,"Midcontinent Independent Transmission System Operator, Inc.."
19045,IA,Clinton,Clinton County,56669,MISO,"Midcontinent Independent Transmission System Operator, Inc.."
19047,IA,Crawford,Crawford County,56669,MISO,"Midcontinent Independent Transmission System Operator, Inc.."
19047,IA,Crawford,Crawford County,59504,SWPP,Southwest Power Pool
19049,IA,Dallas,Dallas County,56669,MISO,"Midcontinent Independent Transmission System Operator, Inc.."
19051,IA,Davis,Davis County,924,AECI,"Associated Electric Cooperative, Inc."
19051,IA,Davis,Davis County,56669,MISO,"Midcontinent Independent Transmission System Operator, Inc.."
19053,IA,Decatur,Decatur County,924,AECI,"Associated Electric Cooperative, Inc."
19053,IA,Decatur,Decatur County,56669,MISO,"Midcontinent Independent Transmission System Operator, Inc.."
19055,IA,Delaware,Delaware County,56669,MISO,"Midcontinent Independent Transmission System Operator, Inc.."
19057,IA,Des Moines,Des Moines County,924,AECI,"Associated Electric Cooperative, Inc."
19057,IA,Des Moines,Des Moines County,56669,MISO,"Midcontinent Independent Transmission System Operator, Inc.."
19059,IA,Dickinson,Dickinson County,56669,MISO,"Midcontinent Independent Transmission System Operator, Inc.."
19059,IA,Dickinson,Dickinson County,59504,SWPP,Southwest Power Pool
19061,IA,Dubuque,Dubuque County,56669,MISO,"Midcontinent Independent Transmission System Operator, Inc.."
19063,IA,Emmet,Emmet County,56669,MISO,"Midcontinent Independent Transmission System Operator, Inc.."
19063,IA,Emmet,Emmet County,59504,SWPP,Southwest Power Pool
19065,IA,Fayette,Fayette County,56669,MISO,"Midcontinent Independent Transmission System Operator, Inc.."
19065,IA,Fayette,Fayette County,59504,SWPP,Southwest Power Pool
19067,IA,Floyd,Floyd County,56669,MISO,"Midcontinent Independent Transmission System Operator, Inc.."
19067,IA,Floyd,Floyd County,59504,SWPP,Southwest Power Pool
19069,IA,Franklin,Franklin County,56669,MISO,"Midcontinent Independent Transmission System Operator, Inc.."
19069,IA,Franklin,Franklin County,59504,SWPP,Southwest Power Pool
19071,IA,Fremont,Fremont County,924,AECI,"Associated Electric Cooperative, Inc."
19071,IA,Fremont,Fremont County,56669,MISO,"Midcontinent Independent Transmission System Operator, Inc.."
19073,IA,Greene,Greene County,56669,MISO,"Midcontinent Independent Transmission System Operator, Inc.."
19075,IA,Grundy,Grundy County,56669,MISO,"Midcontinent Independent Transmission System Operator, Inc.."
19077,IA,Guthrie,Guthrie County,56669,MISO,"Midcontinent Independent Transmission System Operator, Inc.."
19077,IA,Guthrie,Guthrie County,59504,SWPP,Southwest Power Pool
19079,IA,Hamilton,Hamilton County,56669,MISO,"Midcontinent Independent Transmission System Operator, Inc.."
19079,IA,Hamilton,Hamilton County,59504,SWPP,Southwest Power Pool
19081,IA,Hancock,Hancock County,56669,MISO,"Midcontinent Independent Transmission System Operator, Inc.."
19081,IA,Hancock,Hancock County,59504,SWPP,Southwest Power Pool
19083,IA,Hardin,Hardin County,56669,MISO,"Midcontinent Independent Transmission System Operator, Inc.."
19083,IA,Hardin,Hardin County,59504,SWPP,Southwest Power Pool
19085,IA,Harrison,Harrison County,56669,MISO,"Midcontinent Independent Transmission System Operator, Inc.."
19085,IA,Harrison,Harrison County,59504,SWPP,Southwest Power Pool
19087,IA,Henry,Henry County,924,AECI,"Associated Electric Cooperative, Inc."
19087,IA,Henry,Henry County,56669,MISO,"Midcontinent Independent Transmission System Operator, Inc.."
19089,IA,Howard,Howard County,56669,MISO,"Midcontinent Independent Transmission System Operator, Inc.."
19091,IA,Humboldt,Humboldt County,56669,MISO,"Midcontinent Independent Transmission System Operator, Inc.."
19091,IA,Humboldt,Humboldt County,59504,SWPP,Southwest Power Pool
19093,IA,Ida,Ida County,56669,MISO,"Midcontinent Independent Transmission System Operator, Inc.."
19093,IA,Ida,Ida County,59504,SWPP,Southwest Power Pool
19095,IA,Iowa,Iowa County,56669,MISO,"Midcontinent Independent Transmission System Operator, Inc.."
19097,IA,Jackson,Jackson County,56669,MISO,"Midcontinent Independent Transmission System Operator, Inc.."
19099,IA,Jasper,Jasper County,56669,MISO,"Midcontinent Independent Transmission System Operator, Inc.."
19101,IA,Jefferson,Jefferson County,924,AECI,"Associated Electric Cooperative, Inc."
19101,IA,Jefferson,Jefferson County,56669,MISO,"Midcontinent Independent Transmission System Operator, Inc.."
19103,IA,Johnson,Johnson County,56669,MISO,"Midcontinent Independent Transmission System Operator, Inc.."
19105,IA,Jones,Jones County,56669,MISO,"Midcontinent Independent Transmission System Operator, Inc.."
19107,IA,Keokuk,Keokuk County,924,AECI,"Associated Electric Cooperative, Inc."
19107,IA,Keokuk,Keokuk County,56669,MISO,"Midcontinent Independent Transmission System Operator, Inc.."
19109,IA,Kossuth,Kossuth County,56669,MISO,"Midcontinent Independent Transmission System Operator, Inc.."
19109,IA,Kossuth,Kossuth County,59504,SWPP,Southwest Power Pool
19111,IA,Lee,Lee County,924,AECI,"Associated Electric Cooperative, Inc."
19111,IA,Lee,Lee County,56669,MISO,"Midcontinent Independent Transmission System Operator, Inc.."
19113,IA,Linn,Linn County,56669,MISO,"Midcontinent Independent Transmission System Operator, Inc.."
19115,IA,Louisa,Louisa County,924,AECI,"Associated Electric Cooperative, Inc."
19115,IA,Louisa,Louisa County,56669,MISO,"Midcontinent Independent Transmission System Operator, Inc.."
19117,IA,Lucas,Lucas County,924,AECI,"Associated Electric Cooperative, Inc."
19117,IA,Lucas,Lucas County,56669,MISO,"Midcontinent Independent Transmission System Operator, Inc.."
19119,IA,Lyon,Lyon County,56669,MISO,"Midcontinent Independent Transmission System Operator, Inc.."
19119,IA,Lyon,Lyon County,59504,SWPP,Southwest Power Pool
19121,IA,Madison,Madison County,56669,MISO,"Midcontinent Independent Transmission System Operator, Inc.."
19123,IA,Mahaska,Mahaska County,56669,MISO,"Midcontinent Independent Transmission System Operator, Inc.."
19125,IA,Marion,Marion County,924,AECI,"Associated Electric Cooperative, Inc."
19125,IA,Marion,Marion County,56669,MISO,"Midcontinent Independent Transmission System Operator, Inc.."
19127,IA,Marshall,Marshall County,56669,MISO,"Midcontinent Independent Transmission System Operator, Inc.."
19129,IA,Mills,Mills County,56669,MISO,"Midcontinent Independent Transmission System Operator, Inc.."
19131,IA,Mitchell,Mitchell County,56669,MISO,"Midcontinent Independent Transmission System Operator, Inc.."
19133,IA,Monona,Monona County,56669,MISO,"Midcontinent Independent Transmission System Operator, Inc.."
19133,IA,Monona,Monona County,59504,SWPP,Southwest Power Pool
19135,IA,Monroe,Monroe County,924,AECI,"Associated Electric Cooperative, Inc."
19135,IA,Monroe,Monroe County,56669,MISO,"Midcontinent Independent Transmission System Operator, Inc.."
19137,IA,Montgomery,Montgomery County,56669,MISO,"Midcontinent Independent Transmission System Operator, Inc.."
19139,IA,Muscatine,Muscatine County,56669,MISO,"Midcontinent Independent Transmission System Operator, Inc.."
19141,IA,O'Brien,O'Brien County,56669,MISO,"Midcontinent Independent Transmission System Operator, Inc.."
19141,IA,O'Brien,O'Brien County,59504,SWPP,Southwest Power Pool
19143,IA,Osceola,Osceola County,56669,MISO,"Midcontinent Independent Transmission System Operator, Inc.."
19143,IA,Osceola,Osceola County,59504,SWPP,Southwest Power Pool
19145,IA,Page,Page County,924,AECI,"Associated Electric Cooperative, Inc."
19145,IA,Page,Page County,56669,MISO,"Midcontinent Independent Transmission System Operator, Inc.."
19147,IA,Palo Alto,Palo Alto County,56669,MISO,"Midcontinent Independent Transmission System Operator, Inc.."
19147,IA,Palo Alto,Palo Alto County,59504,SWPP,Southwest Power Pool
19149,IA,Plymouth,Plymouth County,56669,MISO,"Midcontinent Independent Transmission System Operator, Inc.."
19149,IA,Plymouth,Plymouth County,59504,SWPP,Southwest Power Pool
19151,IA,Pocahontas,Pocahontas County,56669,MISO,"Midcontinent Independent Transmission System Operator, Inc.."
19151,IA,Pocahontas,Pocahontas County,59504,SWPP,Southwest Power Pool
19153,IA,Polk,Polk County,56669,MISO,"Midcontinent Independent Transmission System Operator, Inc.."
19155,IA,Pottawattamie,Pottawattamie County,56669,MISO,"Midcontinent Independent Transmission System Operator, Inc.."
19155,IA,Pottawattamie,Pottawattamie County,59504,SWPP,Southwest Power Pool
19157,IA,Poweshiek,Poweshiek County,56669,MISO,"Midcontinent Independent Transmission System Operator, Inc.."
19159,IA,Ringgold,Ringgold County,924,AECI,"Associated Electric Cooperative, Inc."
19159,IA,Ringgold,Ringgold County,56669,MISO,"Midcontinent Independent Transmission System Operator, Inc.."
19161,IA,Sac,Sac County,56669,MISO,"Midcontinent Independent Transmission System Operator, Inc.."
19161,IA,Sac,Sac County,59504,SWPP,Southwest Power Pool
19163,IA,Scott,Scott County,56669,MISO,"Midcontinent Independent Transmission System Operator, Inc.."
19165,IA,Shelby,Shelby County,56669,MISO,"Midcontinent Independent Transmission System Operator, Inc.."
19165,IA,Shelby,Shelby County,59504,SWPP,Southwest Power Pool
19167,IA,Sioux,Sioux County,56669,MISO,"Midcontinent Independent Transmission System Operator, Inc.."
19167,IA,Sioux,Sioux County,59504,SWPP,Southwest Power Pool
19169,IA,Story,Story County,56669,MISO,"Midcontinent Independent Transmission System Operator, Inc.."
19171,IA,Tama,Tama County,56669,MISO,"Midcontinent Independent Transmission System Operator, Inc.."
19173,IA,Taylor,Taylor County,924,AECI,"Associated Electric Cooperative, Inc."
19173,IA,Taylor,Taylor County,56669,MISO,"Midcontinent Independent Transmission System Operator, Inc.."
19175,IA,Union,Union County,56669,MISO,"Midcontinent Independent Transmission System Operator, Inc.."
19177,IA,Van Buren,Van Buren County,924,AECI,"Associated Electric Cooperative, Inc."
19177,IA,Van Buren,Van Buren County,56669,MISO,"Midcontinent Independent Transmission System Operator, Inc.."
19177,IA,Van Buren,Van Buren County,59504,SWPP,Southwest Power Pool
19179,IA,Wapello,Wapello County,924,AECI,"Associated Electric Cooperative, Inc."
19179,IA,Wapello,Wapello County,56669,MISO,"Midcontinent Independent Transmission System Operator, Inc.."
19181,IA,Warren,Warren County,56669,MISO,"Midcontinent Independent Transmission System Operator, Inc.."
19183,IA,Washington,Washington County,924,AECI,"Associated Electric Cooperative, Inc."
19183,IA,Washington,Washington County,56669,MISO,"Midcontinent Independent Transmission System Operator, Inc.."
19185,IA,Wayne,Wayne County,924,AECI,"Associated Electric Cooperative, Inc."
19185,IA,Wayne,Wayne County,56669,MISO,"Midcontinent Independent Transmission System Operator, Inc.."
19187,IA,Webster,Webster County,56669,MISO,"Midcontinent Independent Transmission System Operator, Inc.."
19187,IA,Webster,Webster County,59504,SWPP,Southwest Power Pool
19189,IA,Winnebago,Winnebago County,56669,MISO,"Midcontinent Independent Transmission System Operator, Inc.."
19189,IA,Winnebago,Winnebago County,59504,SWPP,Southwest Power Pool
19191,IA,Winneshiek,Winneshiek County,56669,MISO,"Midcontinent Independent Transmission System Operator, Inc.."
19193,IA,Woodbury,Woodbury County,56669,MISO,"Midcontinent Independent Transmission System Operator, Inc.."
19193,IA,Woodbury,Woodbury County,59504,SWPP,Southwest Power Pool
19195,IA,Worth,Worth County,56669,MISO,"Midcontinent Independent Transmission System Operator, Inc.."
19195,IA,Worth,Worth County,59504,SWPP,Southwest Power Pool
19197,IA,Wright,Wright County,56669,MISO,"Midcontinent Independent Transmission System Operator, Inc.."
19197,IA,Wright,Wright County,59504,SWPP,Southwest Power Pool
20001,KS,Allen,Allen County,59504,SWPP,Southwest Power Pool
20003,KS,Anderson,Anderson County,59504,SWPP,Southwest Power Pool
20005,KS,Atchison,Atchison County,59504,SWPP,Southwest Power Pool
20007,KS,Barber,Barber County,59504,SWPP,Southwest Power Pool
20009,KS,Barton,Barton County,59504,SWPP,Southwest Power Pool
20011,KS,Bourbon,Bourbon County,59504,SWPP,Southwest Power Pool
20013,KS,Brown,Brown County,59504,SWPP,Southwest Power Pool
20015,KS,Butler,Butler County,59504,SWPP,Southwest Power Pool
20017,KS,Chase,Chase County,59504,SWPP,Southwest Power Pool
20019,KS,Chautauqua,Chautauqua County,59504,SWPP,Southwest Power Pool
20021,KS,Cherokee,Cherokee County,59504,SWPP,Southwest Power Pool
20023,KS,Cheyenne,Cheyenne County,59504,SWPP,Southwest Power Pool
20025,KS,Clark,Clark County,59504,SWPP,Southwest Power Pool
20027,KS,Clay,Clay County,59504,SWPP,Southwest Power Pool
20029,KS,Cloud,Cloud County,59504,SWPP,Southwest Power Pool
20031,KS,Coffey,Coffey County,59504,SWPP,Southwest Power Pool
20033,KS,Comanche,Comanche County,59504,SWPP,Southwest Power Pool
20035,KS,Cowley,Cowley County,59504,SWPP,Southwest Power Pool
20037,KS,Crawford,Crawford County,59504,SWPP,Southwest Power Pool
20039,KS,Decatur,Decatur County,59504,SWPP,Southwest Power Pool
20041,KS,Dickinson,Dickinson County,59504,SWPP,Southwest Power Pool
20043,KS,Doniphan,Doniphan County,59504,SWPP,Southwest Power Pool
20045,KS,Douglas,Douglas County,59504,SWPP,Southwest Power Pool
20047,KS,Edwards,Edwards County,59504,SWPP,Southwest Power Pool
20049,KS,Elk,Elk County,59504,SWPP,Southwest Power Pool
20051,KS,Ellis,Ellis County,59504,SWPP,Southwest Power Pool
20053,KS,Ellsworth,Ellsworth County,59504,SWPP,Southwest Power Pool
20055,KS,Finney,Finney County,59504,SWPP,Southwest Power Pool
20057,KS,Ford,Ford County,59504,SWPP,Southwest Power Pool
20059,KS,Franklin,Franklin County,59504,SWPP,Southwest Power Pool
20061,KS,Geary,Geary County,59504,SWPP,Southwest Power Pool
20063,KS,Gove,Gove County,59504,SWPP,Southwest Power Pool
20065,KS,Graham,Graham County,59504,SWPP,Southwest Power Pool
20067,KS,Grant,Grant County,59504,SWPP,Southwest Power Pool
20069,KS,Gray,Gray County,59504,SWPP,Southwest Power Pool
20071,KS,Greeley,Greeley County,59504,SWPP,Southwest Power Pool
20073,KS,Greenwood,Greenwood County,59504,SWPP,Southwest Power Pool
20075,KS,Hamilton,Hamilton County,59504,SWPP,Southwest Power Pool
20077,KS,Harper,Harper County,59504,SWPP,Southwest Power Pool
20079,KS,Harvey,Harvey County,59504,SWPP,Southwest Power Pool
20081,KS,Haskell,Haskell County,59504,SWPP,Southwest Power Pool
20083,KS,Hodgeman,Hodgeman County,59504,SWPP,Southwest Power Pool
20085,KS,Jackson,Jackson County,59504,SWPP,Southwest Power Pool
20087,KS,Jefferson,Jefferson County,59504,SWPP,Southwest Power Pool
20089,KS,Jewell,Jewell County,28503,WACM,Western Area Power Administration - Rocky Mountain Region
20089,KS,Jewell,Jewell County,59504,SWPP,Southwest Power Pool
20091,KS,Johnson,Johnson County,59504,SWPP,Southwest Power Pool
20093,KS,Kearny,Kearny County,59504,SWPP,Southwest Power Pool
20095,KS,Kingman,Kingman County,59504,SWPP,Southwest Power Pool
20097,KS,Kiowa,Kiowa County,59504,SWPP,Southwest Power Pool
20099,KS,Labette,Labette County,59504,SWPP,Southwest Power Pool
20101,KS,Lane,Lane County,59504,SWPP,Southwest Power Pool
20103,KS,Leavenworth,Leavenworth County,59504,SWPP,Southwest Power Pool
20105,KS,Lincoln,Lincoln County,59504,SWPP,Southwest Power Pool
20107,KS,Linn,Linn County,59504,SWPP,Southwest Power Pool
20109,KS,Logan,Logan County,59504,SWPP,Southwest Power Pool
20111,KS,Lyon,Lyon County,59504,SWPP,Southwest Power Pool
20113,KS,McPherson,McPherson County,59504,SWPP,Southwest Power Pool
20115,KS,Marion,Marion County,59504,SWPP,Southwest Power Pool
20117,KS,Marshall,Marshall County,59504,SWPP,Southwest Power Pool
20119,KS,Meade,Meade County,59504,SWPP,Southwest Power Pool
20121,KS,Miami,Miami County,59504,SWPP,Southwest Power Pool
20123,KS,Mitchell,Mitchell County,59504,SWPP,Southwest Power Pool
20125,KS,Montgomery,Montgomery County,59504,SWPP,Southwest Power Pool
20127,KS,Morris,Morris County,59504,SWPP,Southwest Power Pool
20129,KS,Morton,Morton County,59504,SWPP,Southwest Power Pool
20131,KS,Nemaha,Nemaha County,59504,SWPP,Southwest Power Pool
20133,KS,Neosho,Neosho County,59504,SWPP,Southwest Power Pool
20135,KS,Ness,Ness County,59504,SWPP,Southwest Power Pool
20137,KS,Norton,Norton County,28503,WACM,Western Area Power Administration - Rocky Mountain Region
20137,KS,Norton,Norton County,59504,SWPP,Southwest Power Pool
20139,KS,Osage,Osage County,59504,SWPP,Southwest Power Pool
20141,KS,Osborne,Osborne County,59504,SWPP,Southwest Power Pool
20143,KS,Ottawa,Ottawa County,59504,SWPP,Southwest Power Pool
20145,KS,Pawnee,Pawnee County,59504,SWPP,Southwest Power Pool
20147,KS,Phillips,Phillips County,59504,SWPP,Southwest Power Pool
20149,KS,Pottawatomie,Pottawatomie County,59504,SWPP,Southwest Power Pool
20151,KS,Pratt,Pratt County,59504,SWPP,Southwest Power Pool
20153,KS,Rawlins,Rawlins County,59504,SWPP,Southwest Power Pool
20155,KS,Reno,Reno County,59504,SWPP,Southwest Power Pool
20157,KS,Republic,Republic County,59504,SWPP,Southwest Power Pool
20159,KS,Rice,Rice County,59504,SWPP,Southwest Power Pool
20161,KS,Riley,Riley County,59504,SWPP,Southwest Power Pool
20163,KS,Rooks,Rooks County,59504,SWPP,Southwest Power Pool
20165,KS,Rush,Rush County,59504,SWPP,Southwest Power Pool
20167,KS,Russell,Russell County,56669,MISO,"Midcontinent Independent Transmission System Operator, Inc.."
20167,KS,Russell,Russell County,59504,SWPP,Southwest Power Pool
20169,KS,Saline,Saline County,59504,SWPP,Southwest Power Pool
20171,KS,Scott,Scott County,59504,SWPP,Southwest Power Pool
20173,KS,Sedgwick,Sedgwick County,59504,SWPP,Southwest Power Pool
20175,KS,Seward,Seward County,59504,SWPP,Southwest Power Pool
20177,KS,Shawnee,Shawnee County,59504,SWPP,Southwest Power Pool
20179,KS,Sheridan,Sheridan County,59504,SWPP,Southwest Power Pool
20181,KS,Sherman,Sherman County,59504,SWPP,Southwest Power Pool
20183,KS,Smith,Smith County,59504,SWPP,Southwest Power Pool
20185,KS,Stafford,Stafford County,59504,SWPP,Southwest Power Pool
20187,KS,Stanton,Stanton County,59504,SWPP,Southwest Power Pool
20189,KS,Stevens,Stevens County,59504,SWPP,Southwest Power Pool
20191,KS,Sumner,Sumner County,59504,SWPP,Southwest Power Pool
20193,KS,Thomas,Thomas County,59504,SWPP,Southwest Power Pool
20195,KS,Trego,Trego County,59504,SWPP,Southwest Power Pool
20197,KS,Wabaunsee,Wabaunsee County,59504,SWPP,Southwest Power Pool
20199,KS,Wallace,Wallace County,59504,SWPP,Southwest Power Pool
20201,KS,Washington,Washington County,59504,SWPP,Southwest Power Pool
20203,KS,Wichita,Wichita County,59504,SWPP,Southwest Power Pool
20205,KS,Wilson,Wilson County,59504,SWPP,Southwest Power Pool
20207,KS,Woodson,Woodson County,59504,SWPP,Southwest Power Pool
20209,KS,Wyandotte,Wyandotte County,59504,SWPP,Southwest Power Pool
21001,KY,Adair,Adair County,11249,LGEE,Louisville Gas and Electric Company and Kentucky Utilities Company
21001,KY,Adair,Adair County,14725,PJM,"PJM Interconnection, LLC"
21001,KY,Adair,Adair County,18642,TVA,Tennessee Valley Authority
21003,KY,Allen,Allen County,18642,TVA,Tennessee Valley Authority
21005,KY,Anderson,Anderson County,11249,LGEE,Louisville Gas and Electric Company and Kentucky Utilities Company
21005,KY,Anderson,Anderson County,14725,PJM,"PJM Interconnection, LLC"
21007,KY,Ballard,Ballard County,11249,LGEE,Louisville Gas and Electric Company and Kentucky Utilities Company
21007,KY,Ballard,Ballard County,56669,MISO,"Midcontinent Independent Transmission System Operator, Inc.."
21009,KY,Barren,Barren County,11249,LGEE,Louisville Gas and Electric Company and Kentucky Utilities Company
21009,KY,Barren,Barren County,14725,PJM,"PJM Interconnection, LLC"
21009,KY,Barren,Barren County,18642,TVA,Tennessee Valley Authority
21011,KY,Bath,Bath County,11249,LGEE,Louisville Gas and Electric Company and Kentucky Utilities Company
21011,KY,Bath,Bath County,14725,PJM,"PJM Interconnection, LLC"
21013,KY,Bell,Bell County,11249,LGEE,Louisville Gas and Electric Company and Kentucky Utilities Company
21013,KY,Bell,Bell County,14725,PJM,"PJM Interconnection, LLC"
21015,KY,Boone,Boone County,14725,PJM,"PJM Interconnection, LLC"
21017,KY,Bourbon,Bourbon County,11249,LGEE,Louisville Gas and Electric Company and Kentucky Utilities Company
21017,KY,Bourbon,Bourbon County,14725,PJM,"PJM Interconnection, LLC"
21019,KY,Boyd,Boyd County,14725,PJM,"PJM Interconnection, LLC"
21021,KY,Boyle,Boyle County,11249,LGEE,Louisville Gas and Electric Company and Kentucky Utilities Company
21021,KY,Boyle,Boyle County,14725,PJM,"PJM Interconnection, LLC"
21023,KY,Bracken,Bracken County,11249,LGEE,Louisville Gas and Electric Company and Kentucky Utilities Company
21023,KY,Bracken,Bracken County,14725,PJM,"PJM Interconnection, LLC"
21025,KY,Breathitt,Breathitt County,14725,PJM,"PJM Interconnection, LLC"
21027,KY,Breckinridge,Breckinridge County,14725,PJM,"PJM Interconnection, LLC"
21027,KY,Breckinridge,Breckinridge County,56669,MISO,"Midcontinent Independent Transmission System Operator, Inc.."
21029,KY,Bullitt,Bullitt County,11249,LGEE,Louisville Gas and Electric Company and Kentucky Utilities Company
21029,KY,Bullitt,Bullitt County,14725,PJM,"PJM Interconnection, LLC"
21031,KY,Butler,Butler County,18642,TVA,Tennessee Valley Authority
21033,KY,Caldwell,Caldwell County,11249,LGEE,Louisville Gas and Electric Company and Kentucky Utilities Company
21033,KY,Caldwell,Caldwell County,56669,MISO,"Midcontinent Independent Transmission System Operator, Inc.."
21035,KY,Calloway,Calloway County,18642,TVA,Tennessee Valley Authority
21037,KY,Campbell,Campbell County,11249,LGEE,Louisville Gas and Electric Company and Kentucky Utilities Company
21037,KY,Campbell,Campbell County,14725,PJM,"PJM Interconnection, LLC"
21039,KY,Carlisle,Carlisle County,11249,LGEE,Louisville Gas and Electric Company and Kentucky Utilities Company
21039,KY,Carlisle,Carlisle County,18642,TVA,Tennessee Valley Authority
21039,KY,Carlisle,Carlisle County,56669,MISO,"Midcontinent Independent Transmission System Operator, Inc.."
21041,KY,Carroll,Carroll County,11249,LGEE,Louisville Gas and Electric Company and Kentucky Utilities Company
21041,KY,Carroll,Carroll County,14725,PJM,"PJM Interconnection, LLC"
21043,KY,Carter,Carter County,14725,PJM,"PJM Interconnection, LLC"
21045,KY,Casey,Casey County,11249,LGEE,Louisville Gas and Electric Company and Kentucky Utilities Company
21045,KY,Casey,Casey County,14725,PJM,"PJM Interconnection, LLC"
21047,KY,Christian,Christian County,11249,LGEE,Louisville Gas and Electric Company and Kentucky Utilities Company
21047,KY,Christian,Christian County,18642,TVA,Tennessee Valley Authority
21049,KY,Clark,Clark County,11249,LGEE,Louisville Gas and Electric Company and Kentucky Utilities Company
21049,KY,Clark,Clark County,14725,PJM,"PJM Interconnection, LLC"
21051,KY,Clay,Clay County,11249,LGEE,Louisville Gas and Electric Company and Kentucky Utilities Company
21051,KY,Clay,Clay County,14725,PJM,"PJM Interconnection, LLC"
21053,KY,Clinton,Clinton County,14725,PJM,"PJM Interconnection, LLC"
21053,KY,Clinton,Clinton County,18642,TVA,Tennessee Valley Authority
21055,KY,Crittenden,Crittenden County,11249,LGEE,Louisville Gas and Electric Company and Kentucky Utilities Company
21055,KY,Crittenden,Crittenden County,56669,MISO,"Midcontinent Independent Transmission System Operator, Inc.."
21057,KY,Cumberland,Cumberland County,14725,PJM,"PJM Interconnection, LLC"
21057,KY,Cumberland,Cumberland County,18642,TVA,Tennessee Valley Authority
21059,KY,Daviess,Daviess County,11249,LGEE,Louisville Gas and Electric Company and Kentucky Utilities Company
21059,KY,Daviess,Daviess County,56669,MISO,"Midcontinent Independent Transmission System Operator, Inc.."
21061,KY,Edmonson,Edmonson County,11249,LGEE,Louisville Gas and Electric Company and Kentucky Utilities Company
21061,KY,Edmonson,Edmonson County,14725,PJM,"PJM Interconnection, LLC"
21061,KY,Edmonson,Edmonson County,18642,TVA,Tennessee Valley Authority
21063,KY,Elliott,Elliott County,14725,PJM,"PJM Interconnection, LLC"
21065,KY,Estill,Estill County,11249,LGEE,Louisville Gas and Electric Company and Kentucky Utilities Company
21065,KY,Estill,Estill County,14725,PJM,"PJM Interconnection, LLC"
21067,KY,Fayette,Fayette County,11249,LGEE,Louisville Gas and Electric Company and Kentucky Utilities Company
21067,KY,Fayette,Fayette County,14725,PJM,"PJM Interconnection, LLC"
21069,KY,Fleming,Fleming County,11249,LGEE,Louisville Gas and Electric Company and Kentucky Utilities Company
21069,KY,Fleming,Fleming County,14725,PJM,"PJM Interconnection, LLC"
21071,KY,Floyd,Floyd County,14725,PJM,"PJM Interconnection, LLC"
21073,KY,Franklin,Franklin County,11249,LGEE,Louisville Gas and Electric Company and Kentucky Utilities Company
21073,KY,Franklin,Franklin County,14725,PJM,"PJM Interconnection, LLC"
21075,KY,Fulton,Fulton County,11249,LGEE,Louisville Gas and Electric Company and Kentucky Utilities Company
21075,KY,Fulton,Fulton County,18642,TVA,Tennessee Valley Authority
21077,KY,Gallatin,Gallatin County,11249,LGEE,Louisville Gas and Electric Company and Kentucky Utilities Company
21077,KY,Gallatin,Gallatin County,14725,PJM,"PJM Interconnection, LLC"
21079,KY,Garrard,Garrard County,11249,LGEE,Louisville Gas and Electric Company and Kentucky Utilities Company
21079,KY,Garrard,Garrard County,14725,PJM,"PJM Interconnection, LLC"
21081,KY,Grant,Grant County,11249,LGEE,Louisville Gas and Electric Company and Kentucky Utilities Company
21081,KY,Grant,Grant County,14725,PJM,"PJM Interconnection, LLC"
21081,KY,Grant,Grant County,18642,TVA,Tennessee Valley Authority
21083,KY,Graves,Graves County,18642,TVA,Tennessee Valley Authority
21083,KY,Graves,Graves County,56669,MISO,"Midcontinent Independent Transmission System Operator, Inc.."
21085,KY,Grayson,Grayson County,11249,LGEE,Louisville Gas and Electric Company and Kentucky Utilities Company
21085,KY,Grayson,Grayson County,14725,PJM,"PJM Interconnection, LLC"
21085,KY,Grayson,Grayson County,18642,TVA,Tennessee Valley Authority
21085,KY,Grayson,Grayson County,56669,MISO,"Midcontinent Independent Transmission System Operator, Inc.."
21087,KY,Green,Green County,11249,LGEE,Louisville Gas and Electric Company and Kentucky Utilities Company
21087,KY,Green,Green County,14725,PJM,"PJM Interconnection, LLC"
21089,KY,Greenup,Greenup County,14725,PJM,"PJM Interconnection, LLC"
21091,KY,Hancock,Hancock County,56669,MISO,"Midcontinent Independent Transmission System Operator, Inc.."
21093,KY,Hardin,Hardin County,11249,LGEE,Louisville Gas and Electric Company and Kentucky Utilities Company
21093,KY,Hardin,Hardin County,14725,PJM,"PJM Interconnection, LLC"
21093,KY,Hardin,Hardin County,56669,MISO,"Midcontinent Independent Transmission System Operator, Inc.."
21095,KY,Harlan,Harlan County,11249,LGEE,Louisville Gas and Electric Company and Kentucky Utilities Company
21095,KY,Harlan,Harlan County,14725,PJM,"PJM Interconnection, LLC"
21095,KY,Harlan,Harlan County,18642,TVA,Tennessee Valley Authority
21097,KY,Harrison,Harrison County,11249,LGEE,Louisville Gas and Electric Company and Kentucky Utilities Company
21097,KY,Harrison,Harrison County,14725,PJM,"PJM Interconnection, LLC"
21099,KY,Hart,Hart County,11249,LGEE,Louisville Gas and Electric Company and Kentucky Utilities Company
21099,KY,Hart,Hart County,14725,PJM,"PJM Interconnection, LLC"
21101,KY,Henderson,Henderson County,11249,LGEE,Louisville Gas and Electric Company and Kentucky Utilities Company
21101,KY,Henderson,Henderson County,56669,MISO,"Midcontinent Independent Transmission System Operator, Inc.."
21103,KY,Henry,Henry County,11249,LGEE,Louisville Gas and Electric Company and Kentucky Utilities Company
21103,KY,Henry,Henry County,14725,PJM,"PJM Interconnection, LLC"
21105,KY,Hickman,Hickman County,11249,LGEE,Louisville Gas and Electric Company and Kentucky Utilities Company
21105,KY,Hickman,Hickman County,18642,TVA,Tennessee Valley Authority
21107,KY,Hopkins,Hopkins County,11249,LGEE,Louisville Gas and Electric Company and Kentucky Utilities Company
21107,KY,Hopkins,Hopkins County,18642,TVA,Tennessee Valley Authority
21107,KY,Hopkins,Hopkins County,56669,MISO,"Midcontinent Independent Transmission System Operator, Inc.."
21109,KY,Jackson,Jackson County,14725,PJM,"PJM Interconnection, LLC"
21111,KY,Jefferson,Jefferson County,11249,LGEE,Louisville Gas and Electric Company and Kentucky Utilities Company
21111,KY,Jefferson,Jefferson County,14725,PJM,"PJM Interconnection, LLC"
21113,KY,Jessamine,Jessamine County,11249,LGEE,Louisville Gas and Electric Company and Kentucky Utilities Company
21113,KY,Jessamine,Jessamine County,14725,PJM,"PJM Interconnection, LLC"
21115,KY,Johnson,Johnson County,14725,PJM,"PJM Interconnection, LLC"
21117,KY,Kenton,Kenton County,14725,PJM,"PJM Interconnection, LLC"
21119,KY,Knott,Knott County,14725,PJM,"PJM Interconnection, LLC"
21121,KY,Knox,Knox County,11249,LGEE,Louisville Gas and Electric Company and Kentucky Utilities Company
21121,KY,Knox,Knox County,14725,PJM,"PJM Interconnection, LLC"
21123,KY,Larue,Larue County,11249,LGEE,Louisville Gas and Electric Company and Kentucky Utilities Company
21123,KY,Larue,Larue County,14725,PJM,"PJM Interconnection, LLC"
21125,KY,Laurel,Laurel County,11249,LGEE,Louisville Gas and Electric Company and Kentucky Utilities Company
21125,KY,Laurel,Laurel County,14725,PJM,"PJM Interconnection, LLC"
21127,KY,Lawrence,Lawrence County,14725,PJM,"PJM Interconnection, LLC"
21129,KY,Lee,Lee County,11249,LGEE,Louisville Gas and Electric Company and Kentucky Utilities Company
21129,KY,Lee,Lee County,14725,PJM,"PJM Interconnection, LLC"
21131,KY,Leslie,Leslie County,14725,PJM,"PJM Interconnection, LLC"
21133,KY,Letcher,Letcher County,14725,PJM,"PJM Interconnection, LLC"
21135,KY,Lewis,Lewis County,14725,PJM,"PJM Interconnection, LLC"
21137,KY,Lincoln,Lincoln County,11249,LGEE,Louisville Gas and Electric Company and Kentucky Utilities Company
21137,KY,Lincoln,Lincoln County,14725,PJM,"PJM Interconnection, LLC"
21139,KY,Livingston,Livingston County,11249,LGEE,Louisville Gas and Electric Company and Kentucky Utilities Company
21139,KY,Livingston,Livingston County,18642,TVA,Tennessee Valley Authority
21139,KY,Livingston,Livingston County,56669,MISO,"Midcontinent Independent Transmission System Operator, Inc.."
21141,KY,Logan,Logan County,18642,TVA,Tennessee Valley Authority
21143,KY,Lyon,Lyon County,11249,LGEE,Louisville Gas and Electric Company and Kentucky Utilities Company
21143,KY,Lyon,Lyon County,56669,MISO,"Midcontinent Independent Transmission System Operator, Inc.."
21145,KY,McCracken,McCracken County,11249,LGEE,Louisville Gas and Electric Company and Kentucky Utilities Company
21145,KY,McCracken,McCracken County,18642,TVA,Tennessee Valley Authority
21145,KY,McCracken,McCracken County,56669,MISO,"Midcontinent Independent Transmission System Operator, Inc.."
21147,KY,McCreary,McCreary County,11249,LGEE,Louisville Gas and Electric Company and Kentucky Utilities Company
21147,KY,McCreary,McCreary County,14725,PJM,"PJM Interconnection, LLC"
21149,KY,McLean,McLean County,11249,LGEE,Louisville Gas and Electric Company and Kentucky Utilities Company
21149,KY,McLean,McLean County,56669,MISO,"Midcontinent Independent Transmission System Operator, Inc.."
21151,KY,Madison,Madison County,11249,LGEE,Louisville Gas and Electric Company and Kentucky Utilities Company
21151,KY,Madison,Madison County,14725,PJM,"PJM Interconnection, LLC"
21153,KY,Magoffin,Magoffin County,14725,PJM,"PJM Interconnection, LLC"
21155,KY,Marion,Marion County,11249,LGEE,Louisville Gas and Electric Company and Kentucky Utilities Company
21155,KY,Marion,Marion County,14725,PJM,"PJM Interconnection, LLC"
21157,KY,Marshall,Marshall County,18642,TVA,Tennessee Valley Authority
21157,KY,Marshall,Marshall County,56669,MISO,"Midcontinent Independent Transmission System Operator, Inc.."
21159,KY,Martin,Martin County,14725,PJM,"PJM Interconnection, LLC"
21161,KY,Mason,Mason County,11249,LGEE,Louisville Gas and Electric Company and Kentucky Utilities Company
21161,KY,Mason,Mason County,14725,PJM,"PJM Interconnection, LLC"
21163,KY,Meade,Meade County,11249,LGEE,Louisville Gas and Electric Company and Kentucky Utilities Company
21163,KY,Meade,Meade County,14725,PJM,"PJM Interconnection, LLC"
21163,KY,Meade,Meade County,56669,MISO,"Midcontinent Independent Transmission System Operator, Inc.."
21165,KY,Menifee,Menifee County,14725,PJM,"PJM Interconnection, LLC"
21167,KY,Mercer,Mercer County,11249,LGEE,Louisville Gas and Electric Company and Kentucky Utilities Company
21167,KY,Mercer,Mercer County,14725,PJM,"PJM Interconnection, LLC"
21169,KY,Metcalfe,Metcalfe County,14725,PJM,"PJM Interconnection, LLC"
21169,KY,Metcalfe,Metcalfe County,18642,TVA,Tennessee Valley Authority
21171,KY,Monroe,Monroe County,14725,PJM,"PJM Interconnection, LLC"
21171,KY,Monroe,Monroe County,18642,TVA,Tennessee Valley Authority
21173,KY,Montgomery,Montgomery County,11249,LGEE,Louisville Gas and Electric Company and Kentucky Utilities Company
21173,KY,Montgomery,Montgomery County,14725,PJM,"PJM Interconnection, LLC"
21175,KY,Morgan,Morgan County,14725,PJM,"PJM Interconnection, LLC"
21177,KY,Muhlenberg,Muhlenberg County,11249,LGEE,Louisville Gas and Electric Company and Kentucky Utilities Company
21177,KY,Muhlenberg,Muhlenberg County,18642,TVA,Tennessee Valley Authority
21177,KY,Muhlenberg,Muhlenberg County,56669,MISO,"Midcontinent Independent Transmission System Operator, Inc.."
21179,KY,Nelson,Nelson County,11249,LGEE,Louisville Gas and Electric Company and Kentucky Utilities Company
21179,KY,Nelson,Nelson County,14725,PJM,"PJM Interconnection, LLC"
21181,KY,Nicholas,Nicholas County,11249,LGEE,Louisville Gas and Electric Company and Kentucky Utilities Company
21181,KY,Nicholas,Nicholas County,14725,PJM,"PJM Interconnection, LLC"
21183,KY,Ohio,Ohio County,11249,LGEE,Louisville Gas and Electric Company and Kentucky Utilities Company
21183,KY,Ohio,Ohio County,18642,TVA,Tennessee Valley Authority
21183,KY,Ohio,Ohio County,56669,MISO,"Midcontinent Independent Transmission System Operator, Inc.."
21185,KY,Oldham,Oldham County,11249,LGEE,Louisville Gas and Electric Company and Kentucky Utilities Company
21185,KY,Oldham,Oldham County,14725,PJM,"PJM Interconnection, LLC"
21187,KY,Owen,Owen County,11249,LGEE,Louisville Gas and Electric Company and Kentucky Utilities Company
21187,KY,Owen,Owen County,14725,PJM,"PJM Interconnection, LLC"
21189,KY,Owsley,Owsley County,14725,PJM,"PJM Interconnection, LLC"
21191,KY,Pendleton,Pendleton County,11249,LGEE,Louisville Gas and Electric Company and Kentucky Utilities Company
21191,KY,Pendleton,Pendleton County,14725,PJM,"PJM Interconnection, LLC"
21193,KY,Perry,Perry County,14725,PJM,"PJM Interconnection, LLC"
21195,KY,Pike,Pike County,14725,PJM,"PJM Interconnection, LLC"
21197,KY,Powell,Powell County,14725,PJM,"PJM Interconnection, LLC"
21199,KY,Pulaski,Pulaski County,11249,LGEE,Louisville Gas and Electric Company and Kentucky Utilities Company
21199,KY,Pulaski,Pulaski County,14725,PJM,"PJM Interconnection, LLC"
21201,KY,Robertson,Robertson County,11249,LGEE,Louisville Gas and Electric Company and Kentucky Utilities Company
21201,KY,Robertson,Robertson County,14725,PJM,"PJM Interconnection, LLC"
21203,KY,Rockcastle,Rockcastle County,11249,LGEE,Louisville Gas and Electric Company and Kentucky Utilities Company
21203,KY,Rockcastle,Rockcastle County,14725,PJM,"PJM Interconnection, LLC"
21205,KY,Rowan,Rowan County,11249,LGEE,Louisville Gas and Electric Company and Kentucky Utilities Company
21205,KY,Rowan,Rowan County,14725,PJM,"PJM Interconnection, LLC"
21207,KY,Russell,Russell County,11249,LGEE,Louisville Gas and Electric Company and Kentucky Utilities Company
21207,KY,Russell,Russell County,14725,PJM,"PJM Interconnection, LLC"
21209,KY,Scott,Scott County,11249,LGEE,Louisville Gas and Electric Company and Kentucky Utilities Company
21209,KY,Scott,Scott County,14725,PJM,"PJM Interconnection, LLC"
21211,KY,Shelby,Shelby County,11249,LGEE,Louisville Gas and Electric Company and Kentucky Utilities Company
21211,KY,Shelby,Shelby County,14725,PJM,"PJM Interconnection, LLC"
21213,KY,Simpson,Simpson County,18642,TVA,Tennessee Valley Authority
21215,KY,Spencer,Spencer County,11249,LGEE,Louisville Gas and Electric Company and Kentucky Utilities Company
21215,KY,Spencer,Spencer County,14725,PJM,"PJM Interconnection, LLC"
21217,KY,Taylor,Taylor County,11249,LGEE,Louisville Gas and Electric Company and Kentucky Utilities Company
21217,KY,Taylor,Taylor County,14725,PJM,"PJM Interconnection, LLC"
21219,KY,Todd,Todd County,18642,TVA,Tennessee Valley Authority
21221,KY,Trigg,Trigg County,18642,TVA,Tennessee Valley Authority
21223,KY,Trimble,Trimble County,11249,LGEE,Louisville Gas and Electric Company and Kentucky Utilities Company
21223,KY,Trimble,Trimble County,14725,PJM,"PJM Interconnection, LLC"
21225,KY,Union,Union County,11249,LGEE,Louisville Gas and Electric Company and Kentucky Utilities Company
21225,KY,Union,Union County,56669,MISO,"Midcontinent Independent Transmission System Operator, Inc.."
21227,KY,Warren,Warren County,14725,PJM,"PJM Interconnection, LLC"
21227,KY,Warren,Warren County,18642,TVA,Tennessee Valley Authority
21229,KY,Washington,Washington County,11249,LGEE,Louisville Gas and Electric Company and Kentucky Utilities Company
21229,KY,Washington,Washington County,14725,PJM,"PJM Interconnection, LLC"
21231,KY,Wayne,Wayne County,14725,PJM,"PJM Interconnection, LLC"
21233,KY,Webster,Webster County,11249,LGEE,Louisville Gas and Electric Company and Kentucky Utilities Company
21233,KY,Webster,Webster County,56669,MISO,"Midcontinent Independent Transmission System Operator, Inc.."
21235,KY,Whitley,Whitley County,11249,LGEE,Louisville Gas and Electric Company and Kentucky Utilities Company
21235,KY,Whitley,Whitley County,14725,PJM,"PJM Interconnection, LLC"
21235,KY,Whitley,Whitley County,18642,TVA,Tennessee Valley Authority
21237,KY,Wolfe,Wolfe County,14725,PJM,"PJM Interconnection, LLC"
21239,KY,Woodford,Woodford County,11249,LGEE,Louisville Gas and Electric Company and Kentucky Utilities Company
21239,KY,Woodford,Woodford County,14725,PJM,"PJM Interconnection, LLC"
22001,LA,Acadia,Acadia Parish,56669,MISO,"Midcontinent Independent Transmission System Operator, Inc.."
22003,LA,Allen,Allen Parish,56669,MISO,"Midcontinent Independent Transmission System Operator, Inc.."
22005,LA,Ascension,Ascension Parish,56669,MISO,"Midcontinent Independent Transmission System Operator, Inc.."
22007,LA,Assumption,Assumption Parish,56669,MISO,"Midcontinent Independent Transmission System Operator, Inc.."
22009,LA,Avoyelles,Avoyelles Parish,56669,MISO,"Midcontinent Independent Transmission System Operator, Inc.."
22011,LA,Beauregard,Beauregard Parish,56669,MISO,"Midcontinent Independent Transmission System Operator, Inc.."
22013,LA,Bienville,Bienville Parish,56669,MISO,"Midcontinent Independent Transmission System Operator, Inc.."
22013,LA,Bienville,Bienville Parish,59504,SWPP,Southwest Power Pool
22015,LA,Bossier,Bossier Parish,56669,MISO,"Midcontinent Independent Transmission System Operator, Inc.."
22015,LA,Bossier,Bossier Parish,59504,SWPP,Southwest Power Pool
22017,LA,Caddo,Caddo Parish,59504,SWPP,Southwest Power Pool
22019,LA,Calcasieu,Calcasieu Parish,56669,MISO,"Midcontinent Independent Transmission System Operator, Inc.."
22021,LA,Caldwell,Caldwell Parish,56669,MISO,"Midcontinent Independent Transmission System Operator, Inc.."
22023,LA,Cameron,Cameron Parish,56669,MISO,"Midcontinent Independent Transmission System Operator, Inc.."
22025,LA,Catahoula,Catahoula Parish,56669,MISO,"Midcontinent Independent Transmission System Operator, Inc.."
22027,LA,Claiborne,Claiborne Parish,56669,MISO,"Midcontinent Independent Transmission System Operator, Inc.."
22029,LA,Concordia,Concordia Parish,56669,MISO,"Midcontinent Independent Transmission System Operator, Inc.."
22031,LA,De Soto,De Soto Parish,56669,MISO,"Midcontinent Independent Transmission System Operator, Inc.."
22031,LA,De Soto,De Soto Parish,59504,SWPP,Southwest Power Pool
22033,LA,East Baton Rouge,East Baton Rouge Parish,56669,MISO,"Midcontinent Independent Transmission System Operator, Inc.."
22035,LA,East Carroll,East Carroll Parish,56669,MISO,"Midcontinent Independent Transmission System Operator, Inc.."
22037,LA,East Feliciana,East Feliciana Parish,56669,MISO,"Midcontinent Independent Transmission System Operator, Inc.."
22039,LA,Evangeline,Evangeline Parish,56669,MISO,"Midcontinent Independent Transmission System Operator, Inc.."
22041,LA,Franklin,Franklin Parish,56669,MISO,"Midcontinent Independent Transmission System Operator, Inc.."
22043,LA,Grant,Grant Parish,56669,MISO,"Midcontinent Independent Transmission System Operator, Inc.."
22043,LA,Grant,Grant Parish,59504,SWPP,Southwest Power Pool
22045,LA,Iberia,Iberia Parish,56669,MISO,"Midcontinent Independent Transmission System Operator, Inc.."
22047,LA,Iberville,Iberville Parish,56669,MISO,"Midcontinent Independent Transmission System Operator, Inc.."
22049,LA,Jackson,Jackson Parish,56669,MISO,"Midcontinent Independent Transmission System Operator, Inc.."
22051,LA,Jefferson,Jefferson Parish,56669,MISO,"Midcontinent Independent Transmission System Operator, Inc.."
22053,LA,Jefferson Davis,Jefferson Davis Parish,56669,MISO,"Midcontinent Independent Transmission System Operator, Inc.."
22055,LA,Lafayette,Lafayette Parish,56669,MISO,"Midcontinent Independent Transmission System Operator, Inc.."
22057,LA,Lafourche,Lafourche Parish,56669,MISO,"Midcontinent Independent Transmission System Operator, Inc.."
22059,LA,La Salle,La Salle Parish,56669,MISO,"Midcontinent Independent Transmission System Operator, Inc.."
22061,LA,Lincoln,Lincoln Parish,56669,MISO,"Midcontinent Independent Transmission System Operator, Inc.."
22063,LA,Livingston,Livingston Parish,56669,MISO,"Midcontinent Independent Transmission System Operator, Inc.."
22065,LA,Madison,Madison Parish,56669,MISO,"Midcontinent Independent Transmission System Operator, Inc.."
22067,LA,Morehouse,Morehouse Parish,56669,MISO,"Midcontinent Independent Transmission System Operator, Inc.."
22069,LA,Natchitoches,Natchitoches Parish,56669,MISO,"Midcontinent Independent Transmission System Operator, Inc.."
22069,LA,Natchitoches,Natchitoches Parish,59504,SWPP,Southwest Power Pool
22071,LA,Orleans,Orleans Parish,56669,MISO,"Midcontinent Independent Transmission System Operator, Inc.."
22073,LA,Ouachita,Ouachita Parish,56669,MISO,"Midcontinent Independent Transmission System Operator, Inc.."
22075,LA,Plaquemines,Plaquemines Parish,56669,MISO,"Midcontinent Independent Transmission System Operator, Inc.."
22077,LA,Pointe Coupee,Pointe Coupee Parish,56669,MISO,"Midcontinent Independent Transmission System Operator, Inc.."
22079,LA,Rapides,Rapides Parish,56669,MISO,"Midcontinent Independent Transmission System Operator, Inc.."
22081,LA,Red River,Red River Parish,56669,MISO,"Midcontinent Independent Transmission System Operator, Inc.."
22081,LA,Red River,Red River Parish,59504,SWPP,Southwest Power Pool
22083,LA,Richland,Richland Parish,56669,MISO,"Midcontinent Independent Transmission System Operator, Inc.."
22085,LA,Sabine,Sabine Parish,56669,MISO,"Midcontinent Independent Transmission System Operator, Inc.."
22085,LA,Sabine,Sabine Parish,59504,SWPP,Southwest Power Pool
22087,LA,St. Bernard,St. Bernard Parish,56669,MISO,"Midcontinent Independent Transmission System Operator, Inc.."
22089,LA,St. Charles,St. Charles Parish,56669,MISO,"Midcontinent Independent Transmission System Operator, Inc.."
22091,LA,St. Helena,St. Helena Parish,56669,MISO,"Midcontinent Independent Transmission System Operator, Inc.."
22093,LA,St. James,St. James Parish,56669,MISO,"Midcontinent Independent Transmission System Operator, Inc.."
22095,LA,St. John The Baptist,St. John the Baptist Parish,56669,MISO,"Midcontinent Independent Transmission System Operator, Inc.."
22097,LA,St. Landry,St. Landry Parish,56669,MISO,"Midcontinent Independent Transmission System Operator, Inc.."
22099,LA,St. Martin,St. Martin Parish,56669,MISO,"Midcontinent Independent Transmission System Operator, Inc.."
22101,LA,St. Mary,St. Mary Parish,56669,MISO,"Midcontinent Independent Transmission System Operator, Inc.."
22103,LA,St. Tammany,St. Tammany Parish,56669,MISO,"Midcontinent Independent Transmission System Operator, Inc.."
22105,LA,Tangipahoa,Tangipahoa Parish,56669,MISO,"Midcontinent Independent Transmission System Operator, Inc.."
22107,LA,Tensas,Tensas Parish,56669,MISO,"Midcontinent Independent Transmission System Operator, Inc.."
22109,LA,Terrebonne,Terrebonne Parish,56669,MISO,"Midcontinent Independent Transmission System Operator, Inc.."
22111,LA,Union,Union Parish,56669,MISO,"Midcontinent Independent Transmission System Operator, Inc.."
22113,LA,Vermilion,Vermilion Parish,56669,MISO,"Midcontinent Independent Transmission System Operator, Inc.."
22115,LA,Vernon,Vernon Parish,56669,MISO,"Midcontinent Independent Transmission System Operator, Inc.."
22115,LA,Vernon,Vernon Parish,59504,SWPP,Southwest Power Pool
22117,LA,Washington,Washington Parish,56669,MISO,"Midcontinent Independent Transmission System Operator, Inc.."
22119,LA,Webster,Webster Parish,56669,MISO,"Midcontinent Independent Transmission System Operator, Inc.."
22119,LA,Webster,Webster Parish,59504,SWPP,Southwest Power Pool
22121,LA,West Baton Rouge,West Baton Rouge Parish,56669,MISO,"Midcontinent Independent Transmission System Operator, Inc.."
22123,LA,West Carroll,West Carroll Parish,56669,MISO,"Midcontinent Independent Transmission System Operator, Inc.."
22125,LA,West Feliciana,West Feliciana Parish,56669,MISO,"Midcontinent Independent Transmission System Operator, Inc.."
22127,LA,Winn,Winn Parish,56669,MISO,"Midcontinent Independent Transmission System Operator, Inc.."
22127,LA,Winn,Winn Parish,59504,SWPP,Southwest Power Pool
23001,ME,Androscoggin,Androscoggin County,13434,ISNE,ISO New England Inc.
23003,ME,Aroostook,Aroostook County,1,NBSO,New Brunswick System Operator
23003,ME,Aroostook,Aroostook County,13434,ISNE,ISO New England Inc.
23005,ME,Cumberland,Cumberland County,13434,ISNE,ISO New England Inc.
23007,ME,Franklin,Franklin County,13434,ISNE,ISO New England Inc.
23009,ME,Hancock,Hancock County,1,NBSO,New Brunswick System Operator
23009,ME,Hancock,Hancock County,13434,ISNE,ISO New England Inc.
23011,ME,Kennebec,Kennebec County,13434,ISNE,ISO New England Inc.
23013,ME,Knox,Knox County,13434,ISNE,ISO New England Inc.
23015,ME,Lincoln,Lincoln County,13434,ISNE,ISO New England Inc.
23017,ME,Oxford,Oxford County,13434,ISNE,ISO New England Inc.
23019,ME,Penobscot,Penobscot County,1,NBSO,New Brunswick System Operator
23019,ME,Penobscot,Penobscot County,13434,ISNE,ISO New England Inc.
23021,ME,Piscataquis,Piscataquis County,1,NBSO,New Brunswick System Operator
23021,ME,Piscataquis,Piscataquis County,13434,ISNE,ISO New England Inc.
23023,ME,Sagadahoc,Sagadahoc County,13434,ISNE,ISO New England Inc.
23025,ME,Somerset,Somerset County,13434,ISNE,ISO New England Inc.
23027,ME,Waldo,Waldo County,1,NBSO,New Brunswick System Operator
23027,ME,Waldo,Waldo County,13434,ISNE,ISO New England Inc.
23029,ME,Washington,Washington County,1,NBSO,New Brunswick System Operator
23029,ME,Washington,Washington County,13434,ISNE,ISO New England Inc.
23031,ME,York,York County,13434,ISNE,ISO New England Inc.
24001,MD,Allegany,Allegany County,14725,PJM,"PJM Interconnection, LLC"
24003,MD,Anne Arundel,Anne Arundel County,14725,PJM,"PJM Interconnection, LLC"
24009,MD,Calvert,Calvert County,14725,PJM,"PJM Interconnection, LLC"
24011,MD,Caroline,Caroline County,14725,PJM,"PJM Interconnection, LLC"
24013,MD,Carroll,Carroll County,14725,PJM,"PJM Interconnection, LLC"
24015,MD,Cecil,Cecil County,14725,PJM,"PJM Interconnection, LLC"
24017,MD,Charles,Charles County,14725,PJM,"PJM Interconnection, LLC"
24019,MD,Dorchester,Dorchester County,14725,PJM,"PJM Interconnection, LLC"
24021,MD,Frederick,Frederick County,14725,PJM,"PJM Interconnection, LLC"
24023,MD,Garrett,Garrett County,14725,PJM,"PJM Interconnection, LLC"
24025,MD,Harford,Harford County,14725,PJM,"PJM Interconnection, LLC"
24027,MD,Howard,Howard County,14725,PJM,"PJM Interconnection, LLC"
24029,MD,Kent,Kent County,14725,PJM,"PJM Interconnection, LLC"
24031,MD,Montgomery,Montgomery County,14725,PJM,"PJM Interconnection, LLC"
24033,MD,Prince Georges,Prince George's County,14725,PJM,"PJM Interconnection, LLC"
24035,MD,Queen Annes,Queen Anne's County,14725,PJM,"PJM Interconnection, LLC"
24037,MD,St. Marys,St. Mary's County,14725,PJM,"PJM Interconnection, LLC"
24039,MD,Somerset,Somerset County,14725,PJM,"PJM Interconnection, LLC"
24041,MD,Talbot,Talbot County,14725,PJM,"PJM Interconnection, LLC"
24043,MD,Washington,Washington County,14725,PJM,"PJM Interconnection, LLC"
24045,MD,Wicomico,Wicomico County,14725,PJM,"PJM Interconnection, LLC"
24047,MD,Worcester,Worcester County,14725,PJM,"PJM Interconnection, LLC"
24510,MD,Baltimore,Baltimore city,14725,PJM,"PJM Interconnection, LLC"
25001,MA,Barnstable,Barnstable County,13434,ISNE,ISO New England Inc.
25003,MA,Berkshire,Berkshire County,13434,ISNE,ISO New England Inc.
25005,MA,Bristol,Bristol County,13434,ISNE,ISO New England Inc.
25007,MA,Dukes,Dukes County,13434,ISNE,ISO New England Inc.
25009,MA,Essex,Essex County,13434,ISNE,ISO New England Inc.
25011,MA,Franklin,Franklin County,13434,ISNE,ISO New England Inc.
25013,MA,Hampden,Hampden County,13434,ISNE,ISO New England Inc.
25015,MA,Hampshire,Hampshire County,13434,ISNE,ISO New England Inc.
25017,MA,Middlesex,Middlesex County,13434,ISNE,ISO New England Inc.
25019,MA,Nantucket,Nantucket County,13434,ISNE,ISO New England Inc.
25021,MA,Norfolk,Norfolk County,13434,ISNE,ISO New England Inc.
25023,MA,Plymouth,Plymouth County,13434,ISNE,ISO New England Inc.
25025,MA,Suffolk,Suffolk County,13434,ISNE,ISO New England Inc.
25027,MA,Worcester,Worcester County,13434,ISNE,ISO New England Inc.
26001,MI,Alcona,Alcona County,56669,MISO,"Midcontinent Independent Transmission System Operator, Inc.."
26003,MI,Alger,Alger County,56669,MISO,"Midcontinent Independent Transmission System Operator, Inc.."
26005,MI,Allegan,Allegan County,14725,PJM,"PJM Interconnection, LLC"
26005,MI,Allegan,Allegan County,56669,MISO,"Midcontinent Independent Transmission System Operator, Inc.."
26007,MI,Alpena,Alpena County,56669,MISO,"Midcontinent Independent Transmission System Operator, Inc.."
26009,MI,Antrim,Antrim County,56669,MISO,"Midcontinent Independent Transmission System Operator, Inc.."
26011,MI,Arenac,Arenac County,56669,MISO,"Midcontinent Independent Transmission System Operator, Inc.."
26013,MI,Baraga,Baraga County,56669,MISO,"Midcontinent Independent Transmission System Operator, Inc.."
26015,MI,Barry,Barry County,56669,MISO,"Midcontinent Independent Transmission System Operator, Inc.."
26017,MI,Bay,Bay County,56669,MISO,"Midcontinent Independent Transmission System Operator, Inc.."
26019,MI,Benzie,Benzie County,56669,MISO,"Midcontinent Independent Transmission System Operator, Inc.."
26021,MI,Berrien,Berrien County,14725,PJM,"PJM Interconnection, LLC"
26023,MI,Branch,Branch County,56669,MISO,"Midcontinent Independent Transmission System Operator, Inc.."
26025,MI,Calhoun,Calhoun County,56669,MISO,"Midcontinent Independent Transmission System Operator, Inc.."
26027,MI,Cass,Cass County,14725,PJM,"PJM Interconnection, LLC"
26029,MI,Charlevoix,Charlevoix County,56669,MISO,"Midcontinent Independent Transmission System Operator, Inc.."
26031,MI,Cheboygan,Cheboygan County,56669,MISO,"Midcontinent Independent Transmission System Operator, Inc.."
26033,MI,Chippewa,Chippewa County,56669,MISO,"Midcontinent Independent Transmission System Operator, Inc.."
26035,MI,Clare,Clare County,56669,MISO,"Midcontinent Independent Transmission System Operator, Inc.."
26037,MI,Clinton,Clinton County,56669,MISO,"Midcontinent Independent Transmission System Operator, Inc.."
26039,MI,Crawford,Crawford County,56669,MISO,"Midcontinent Independent Transmission System Operator, Inc.."
26041,MI,Delta,Delta County,56669,MISO,"Midcontinent Independent Transmission System Operator, Inc.."
26043,MI,Dickinson,Dickinson County,56669,MISO,"Midcontinent Independent Transmission System Operator, Inc.."
26045,MI,Eaton,Eaton County,56669,MISO,"Midcontinent Independent Transmission System Operator, Inc.."
26047,MI,Emmet,Emmet County,56669,MISO,"Midcontinent Independent Transmission System Operator, Inc.."
26049,MI,Genesee,Genesee County,56669,MISO,"Midcontinent Independent Transmission System Operator, Inc.."
26051,MI,Gladwin,Gladwin County,56669,MISO,"Midcontinent Independent Transmission System Operator, Inc.."
26053,MI,Gogebic,Gogebic County,56669,MISO,"Midcontinent Independent Transmission System Operator, Inc.."
26055,MI,Grand Traverse,Grand Traverse County,56669,MISO,"Midcontinent Independent Transmission System Operator, Inc.."
26057,MI,Gratiot,Gratiot County,56669,MISO,"Midcontinent Independent Transmission System Operator, Inc.."
26059,MI,Hillsdale,Hillsdale County,56669,MISO,"Midcontinent Independent Transmission System Operator, Inc.."
26061,MI,Houghton,Houghton County,56669,MISO,"Midcontinent Independent Transmission System Operator, Inc.."
26063,MI,Huron,Huron County,56669,MISO,"Midcontinent Independent Transmission System Operator, Inc.."
26065,MI,Ingham,Ingham County,56669,MISO,"Midcontinent Independent Transmission System Operator, Inc.."
26067,MI,Ionia,Ionia County,56669,MISO,"Midcontinent Independent Transmission System Operator, Inc.."
26069,MI,Iosco,Iosco County,56669,MISO,"Midcontinent Independent Transmission System Operator, Inc.."
26071,MI,Iron,Iron County,56669,MISO,"Midcontinent Independent Transmission System Operator, Inc.."
26073,MI,Isabella,Isabella County,56669,MISO,"Midcontinent Independent Transmission System Operator, Inc.."
26075,MI,Jackson,Jackson County,56669,MISO,"Midcontinent Independent Transmission System Operator, Inc.."
26077,MI,Kalamazoo,Kalamazoo County,14725,PJM,"PJM Interconnection, LLC"
26077,MI,Kalamazoo,Kalamazoo County,56669,MISO,"Midcontinent Independent Transmission System Operator, Inc.."
26079,MI,Kalkaska,Kalkaska County,56669,MISO,"Midcontinent Independent Transmission System Operator, Inc.."
26081,MI,Kent,Kent County,56669,MISO,"Midcontinent Independent Transmission System Operator, Inc.."
26083,MI,Keweenaw,Keweenaw County,56669,MISO,"Midcontinent Independent Transmission System Operator, Inc.."
26085,MI,Lake,Lake County,56669,MISO,"Midcontinent Independent Transmission System Operator, Inc.."
26087,MI,Lapeer,Lapeer County,56669,MISO,"Midcontinent Independent Transmission System Operator, Inc.."
26089,MI,Leelanau,Leelanau County,56669,MISO,"Midcontinent Independent Transmission System Operator, Inc.."
26091,MI,Lenawee,Lenawee County,14725,PJM,"PJM Interconnection, LLC"
26091,MI,Lenawee,Lenawee County,56669,MISO,"Midcontinent Independent Transmission System Operator, Inc.."
26093,MI,Livingston,Livingston County,56669,MISO,"Midcontinent Independent Transmission System Operator, Inc.."
26095,MI,Luce,Luce County,56669,MISO,"Midcontinent Independent Transmission System Operator, Inc.."
26097,MI,Mackinac,Mackinac County,56669,MISO,"Midcontinent Independent Transmission System Operator, Inc.."
26099,MI,Macomb,Macomb County,56669,MISO,"Midcontinent Independent Transmission System Operator, Inc.."
26101,MI,Manistee,Manistee County,56669,MISO,"Midcontinent Independent Transmission System Operator, Inc.."
26103,MI,Marquette,Marquette County,56669,MISO,"Midcontinent Independent Transmission System Operator, Inc.."
26105,MI,Mason,Mason County,56669,MISO,"Midcontinent Independent Transmission System Operator, Inc.."
26107,MI,Mecosta,Mecosta County,56669,MISO,"Midcontinent Independent Transmission System Operator, Inc.."
26109,MI,Menominee,Menominee County,56669,MISO,"Midcontinent Independent Transmission System Operator, Inc.."
26111,MI,Midland,Midland County,56669,MISO,"Midcontinent Independent Transmission System Operator, Inc.."
26113,MI,Missaukee,Missaukee County,56669,MISO,"Midcontinent Independent Transmission System Operator, Inc.."
26115,MI,Monroe,Monroe County,14725,PJM,"PJM Interconnection, LLC"
26115,MI,Monroe,Monroe County,56669,MISO,"Midcontinent Independent Transmission System Operator, Inc.."
26117,MI,Montcalm,Montcalm County,56669,MISO,"Midcontinent Independent Transmission System Operator, Inc.."
26119,MI,Montmorency,Montmorency County,56669,MISO,"Midcontinent Independent Transmission System Operator, Inc.."
26121,MI,Muskegon,Muskegon County,56669,MISO,"Midcontinent Independent Transmission System Operator, Inc.."
26123,MI,Newaygo,Newaygo County,56669,MISO,"Midcontinent Independent Transmission System Operator, Inc.."
26125,MI,Oakland,Oakland County,56669,MISO,"Midcontinent Independent Transmission System Operator, Inc.."
26127,MI,Oceana,Oceana County,56669,MISO,"Midcontinent Independent Transmission System Operator, Inc.."
26129,MI,Ogemaw,Ogemaw County,56669,MISO,"Midcontinent Independent Transmission System Operator, Inc.."
26131,MI,Ontonagon,Ontonagon County,56669,MISO,"Midcontinent Independent Transmission System Operator, Inc.."
26133,MI,Osceola,Osceola County,56669,MISO,"Midcontinent Independent Transmission System Operator, Inc.."
26135,MI,Oscoda,Oscoda County,56669,MISO,"Midcontinent Independent Transmission System Operator, Inc.."
26137,MI,Otsego,Otsego County,56669,MISO,"Midcontinent Independent Transmission System Operator, Inc.."
26139,MI,Ottawa,Ottawa County,56669,MISO,"Midcontinent Independent Transmission System Operator, Inc.."
26141,MI,Presque Isle,Presque Isle County,56669,MISO,"Midcontinent Independent Transmission System Operator, Inc.."
26143,MI,Roscommon,Roscommon County,56669,MISO,"Midcontinent Independent Transmission System Operator, Inc.."
26145,MI,Saginaw,Saginaw County,56669,MISO,"Midcontinent Independent Transmission System Operator, Inc.."
26147,MI,St. Clair,St. Clair County,56669,MISO,"Midcontinent Independent Transmission System Operator, Inc.."
26149,MI,St. Joseph,St. Joseph County,14725,PJM,"PJM Interconnection, LLC"
26149,MI,St. Joseph,St. Joseph County,56669,MISO,"Midcontinent Independent Transmission System Operator, Inc.."
26151,MI,Sanilac,Sanilac County,56669,MISO,"Midcontinent Independent Transmission System Operator, Inc.."
26153,MI,Schoolcraft,Schoolcraft County,56669,MISO,"Midcontinent Independent Transmission System Operator, Inc.."
26155,MI,Shiawassee,Shiawassee County,56669,MISO,"Midcontinent Independent Transmission System Operator, Inc.."
26157,MI,Tuscola,Tuscola County,56669,MISO,"Midcontinent Independent Transmission System Operator, Inc.."
26159,MI,Van Buren,Van Buren County,14725,PJM,"PJM Interconnection, LLC"
26159,MI,Van Buren,Van Buren County,56669,MISO,"Midcontinent Independent Transmission System Operator, Inc.."
26161,MI,Washtenaw,Washtenaw County,56669,MISO,"Midcontinent Independent Transmission System Operator, Inc.."
26163,MI,Wayne,Wayne County,56669,MISO,"Midcontinent Independent Transmission System Operator, Inc.."
26165,MI,Wexford,Wexford County,56669,MISO,"Midcontinent Independent Transmission System Operator, Inc.."
27001,MN,Aitkin,Aitkin County,56669,MISO,"Midcontinent Independent Transmission System Operator, Inc.."
27003,MN,Anoka,Anoka County,56669,MISO,"Midcontinent Independent Transmission System Operator, Inc.."
27005,MN,Becker,Becker County,56669,MISO,"Midcontinent Independent Transmission System Operator, Inc.."
27007,MN,Beltrami,Beltrami County,56669,MISO,"Midcontinent Independent Transmission System Operator, Inc.."
27009,MN,Benton,Benton County,56669,MISO,"Midcontinent Independent Transmission System Operator, Inc.."
27011,MN,Big Stone,Big Stone County,56669,MISO,"Midcontinent Independent Transmission System Operator, Inc.."
27011,MN,Big Stone,Big Stone County,59504,SWPP,Southwest Power Pool
27013,MN,Blue Earth,Blue Earth County,56669,MISO,"Midcontinent Independent Transmission System Operator, Inc.."
27015,MN,Brown,Brown County,56669,MISO,"Midcontinent Independent Transmission System Operator, Inc.."
27017,MN,Carlton,Carlton County,56669,MISO,"Midcontinent Independent Transmission System Operator, Inc.."
27019,MN,Carver,Carver County,56669,MISO,"Midcontinent Independent Transmission System Operator, Inc.."
27021,MN,Cass,Cass County,56669,MISO,"Midcontinent Independent Transmission System Operator, Inc.."
27023,MN,Chippewa,Chippewa County,56669,MISO,"Midcontinent Independent Transmission System Operator, Inc.."
27023,MN,Chippewa,Chippewa County,59504,SWPP,Southwest Power Pool
27025,MN,Chisago,Chisago County,56669,MISO,"Midcontinent Independent Transmission System Operator, Inc.."
27027,MN,Clay,Clay County,56669,MISO,"Midcontinent Independent Transmission System Operator, Inc.."
27027,MN,Clay,Clay County,59504,SWPP,Southwest Power Pool
27029,MN,Clearwater,Clearwater County,56669,MISO,"Midcontinent Independent Transmission System Operator, Inc.."
27031,MN,Cook,Cook County,56669,MISO,"Midcontinent Independent Transmission System Operator, Inc.."
27033,MN,Cottonwood,Cottonwood County,56669,MISO,"Midcontinent Independent Transmission System Operator, Inc.."
27035,MN,Crow Wing,Crow Wing County,56669,MISO,"Midcontinent Independent Transmission System Operator, Inc.."
27037,MN,Dakota,Dakota County,56669,MISO,"Midcontinent Independent Transmission System Operator, Inc.."
27039,MN,Dodge,Dodge County,56669,MISO,"Midcontinent Independent Transmission System Operator, Inc.."
27041,MN,Douglas,Douglas County,56669,MISO,"Midcontinent Independent Transmission System Operator, Inc.."
27043,MN,Faribault,Faribault County,56669,MISO,"Midcontinent Independent Transmission System Operator, Inc.."
27045,MN,Fillmore,Fillmore County,56669,MISO,"Midcontinent Independent Transmission System Operator, Inc.."
27047,MN,Freeborn,Freeborn County,56669,MISO,"Midcontinent Independent Transmission System Operator, Inc.."
27049,MN,Goodhue,Goodhue County,56669,MISO,"Midcontinent Independent Transmission System Operator, Inc.."
27051,MN,Grant,Grant County,56669,MISO,"Midcontinent Independent Transmission System Operator, Inc.."
27051,MN,Grant,Grant County,59504,SWPP,Southwest Power Pool
27053,MN,Hennepin,Hennepin County,56669,MISO,"Midcontinent Independent Transmission System Operator, Inc.."
27055,MN,Houston,Houston County,56669,MISO,"Midcontinent Independent Transmission System Operator, Inc.."
27057,MN,Hubbard,Hubbard County,56669,MISO,"Midcontinent Independent Transmission System Operator, Inc.."
27059,MN,Isanti,Isanti County,56669,MISO,"Midcontinent Independent Transmission System Operator, Inc.."
27061,MN,Itasca,Itasca County,56669,MISO,"Midcontinent Independent Transmission System Operator, Inc.."
27063,MN,Jackson,Jackson County,56669,MISO,"Midcontinent Independent Transmission System Operator, Inc.."
27065,MN,Kanabec,Kanabec County,56669,MISO,"Midcontinent Independent Transmission System Operator, Inc.."
27067,MN,Kandiyohi,Kandiyohi County,56669,MISO,"Midcontinent Independent Transmission System Operator, Inc.."
27069,MN,Kittson,Kittson County,56669,MISO,"Midcontinent Independent Transmission System Operator, Inc.."
27071,MN,Koochiching,Koochiching County,56669,MISO,"Midcontinent Independent Transmission System Operator, Inc.."
27073,MN,Lac Qui Parle,Lac qui Parle County,56669,MISO,"Midcontinent Independent Transmission System Operator, Inc.."
27073,MN,Lac Qui Parle,Lac qui Parle County,59504,SWPP,Southwest Power Pool
27075,MN,Lake,Lake County,56669,MISO,"Midcontinent Independent Transmission System Operator, Inc.."
27077,MN,Lake of The Woods,Lake of the Woods County,56669,MISO,"Midcontinent Independent Transmission System Operator, Inc.."
27079,MN,Le Sueur,Le Sueur County,56669,MISO,"Midcontinent Independent Transmission System Operator, Inc.."
27081,MN,Lincoln,Lincoln County,56669,MISO,"Midcontinent Independent Transmission System Operator, Inc.."
27081,MN,Lincoln,Lincoln County,59504,SWPP,Southwest Power Pool
27083,MN,Lyon,Lyon County,56669,MISO,"Midcontinent Independent Transmission System Operator, Inc.."
27083,MN,Lyon,Lyon County,59504,SWPP,Southwest Power Pool
27085,MN,McLeod,McLeod County,56669,MISO,"Midcontinent Independent Transmission System Operator, Inc.."
27087,MN,Mahnomen,Mahnomen County,56669,MISO,"Midcontinent Independent Transmission System Operator, Inc.."
27089,MN,Marshall,Marshall County,56669,MISO,"Midcontinent Independent Transmission System Operator, Inc.."
27091,MN,Martin,Martin County,56669,MISO,"Midcontinent Independent Transmission System Operator, Inc.."
27093,MN,Meeker,Meeker County,56669,MISO,"Midcontinent Independent Transmission System Operator, Inc.."
27095,MN,Mille Lacs,Mille Lacs County,56669,MISO,"Midcontinent Independent Transmission System Operator, Inc.."
27097,MN,Morrison,Morrison County,56669,MISO,"Midcontinent Independent Transmission System Operator, Inc.."
27099,MN,Mower,Mower County,56669,MISO,"Midcontinent Independent Transmission System Operator, Inc.."
27101,MN,Murray,Murray County,56669,MISO,"Midcontinent Independent Transmission System Operator, Inc.."
27101,MN,Murray,Murray County,59504,SWPP,Southwest Power Pool
27103,MN,Nicollet,Nicollet County,56669,MISO,"Midcontinent Independent Transmission System Operator, Inc.."
27105,MN,Nobles,Nobles County,56669,MISO,"Midcontinent Independent Transmission System Operator, Inc.."
27105,MN,Nobles,Nobles County,59504,SWPP,Southwest Power Pool
27107,MN,Norman,Norman County,56669,MISO,"Midcontinent Independent Transmission System Operator, Inc.."
27109,MN,Olmsted,Olmsted County,56669,MISO,"Midcontinent Independent Transmission System Operator, Inc.."
27111,MN,Otter Tail,Otter Tail County,56669,MISO,"Midcontinent Independent Transmission System Operator, Inc.."
27111,MN,Otter Tail,Otter Tail County,59504,SWPP,Southwest Power Pool
27113,MN,Pennington,Pennington County,56669,MISO,"Midcontinent Independent Transmission System Operator, Inc.."
27115,MN,Pine,Pine County,56669,MISO,"Midcontinent Independent Transmission System Operator, Inc.."
27117,MN,Pipestone,Pipestone County,56669,MISO,"Midcontinent Independent Transmission System Operator, Inc.."
27117,MN,Pipestone,Pipestone County,59504,SWPP,Southwest Power Pool
27119,MN,Polk,Polk County,56669,MISO,"Midcontinent Independent Transmission System Operator, Inc.."
27119,MN,Polk,Polk County,59504,SWPP,Southwest Power Pool
27121,MN,Pope,Pope County,56669,MISO,"Midcontinent Independent Transmission System Operator, Inc.."
27123,MN,Ramsey,Ramsey County,56669,MISO,"Midcontinent Independent Transmission System Operator, Inc.."
27125,MN,Red Lake,Red Lake County,56669,MISO,"Midcontinent Independent Transmission System Operator, Inc.."
27127,MN,Redwood,Redwood County,56669,MISO,"Midcontinent Independent Transmission System Operator, Inc.."
27129,MN,Renville,Renville County,56669,MISO,"Midcontinent Independent Transmission System Operator, Inc.."
27131,MN,Rice,Rice County,56669,MISO,"Midcontinent Independent Transmission System Operator, Inc.."
27133,MN,Rock,Rock County,56669,MISO,"Midcontinent Independent Transmission System Operator, Inc.."
27133,MN,Rock,Rock County,59504,SWPP,Southwest Power Pool
27135,MN,Roseau,Roseau County,56669,MISO,"Midcontinent Independent Transmission System Operator, Inc.."
27137,MN,St. Louis,St. Louis County,56669,MISO,"Midcontinent Independent Transmission System Operator, Inc.."
27139,MN,Scott,Scott County,56669,MISO,"Midcontinent Independent Transmission System Operator, Inc.."
27141,MN,Sherburne,Sherburne County,56669,MISO,"Midcontinent Independent Transmission System Operator, Inc.."
27143,MN,Sibley,Sibley County,56669,MISO,"Midcontinent Independent Transmission System Operator, Inc.."
27145,MN,Stearns,Stearns County,56669,MISO,"Midcontinent Independent Transmission System Operator, Inc.."
27147,MN,Steele,Steele County,56669,MISO,"Midcontinent Independent Transmission System Operator, Inc.."
27149,MN,Stevens,Stevens County,56669,MISO,"Midcontinent Independent Transmission System Operator, Inc.."
27149,MN,Stevens,Stevens County,59504,SWPP,Southwest Power Pool
27151,MN,Swift,Swift County,56669,MISO,"Midcontinent Independent Transmission System Operator, Inc.."
27151,MN,Swift,Swift County,59504,SWPP,Southwest Power Pool
27153,MN,Todd,Todd County,56669,MISO,"Midcontinent Independent Transmission System Operator, Inc.."
27155,MN,Traverse,Traverse County,56669,MISO,"Midcontinent Independent Transmission System Operator, Inc.."
27155,MN,Traverse,Traverse County,59504,SWPP,Southwest Power Pool
27157,MN,Wabasha,Wabasha County,56669,MISO,"Midcontinent Independent Transmission System Operator, Inc.."
27159,MN,Wadena,Wadena County,56669,MISO,"Midcontinent Independent Transmission System Operator, Inc.."
27161,MN,Waseca,Waseca County,56669,MISO,"Midcontinent Independent Transmission System Operator, Inc.."
27163,MN,Washington,Washington County,56669,MISO,"Midcontinent Independent Transmission System Operator, Inc.."
27165,MN,Watonwan,Watonwan County,56669,MISO,"Midcontinent Independent Transmission System Operator, Inc.."
27167,MN,Wilkin,Wilkin County,56669,MISO,"Midcontinent Independent Transmission System Operator, Inc.."
27167,MN,Wilkin,Wilkin County,59504,SWPP,Southwest Power Pool
27169,MN,Winona,Winona County,56669,MISO,"Midcontinent Independent Transmission System Operator, Inc.."
27171,MN,Wright,Wright County,56669,MISO,"Midcontinent Independent Transmission System Operator, Inc.."
27173,MN,Yellow Medicine,Yellow Medicine County,56669,MISO,"Midcontinent Independent Transmission System Operator, Inc.."
27173,MN,Yellow Medicine,Yellow Medicine County,59504,SWPP,Southwest Power Pool
28001,MS,Adams,Adams County,56669,MISO,"Midcontinent Independent Transmission System Operator, Inc.."
28003,MS,Alcorn,Alcorn County,18642,TVA,Tennessee Valley Authority
28005,MS,Amite,Amite County,56669,MISO,"Midcontinent Independent Transmission System Operator, Inc.."
28007,MS,Attala,Attala County,18642,TVA,Tennessee Valley Authority
28007,MS,Attala,Attala County,56669,MISO,"Midcontinent Independent Transmission System Operator, Inc.."
28009,MS,Benton,Benton County,18642,TVA,Tennessee Valley Authority
28011,MS,Bolivar,Bolivar County,56669,MISO,"Midcontinent Independent Transmission System Operator, Inc.."
28013,MS,Calhoun,Calhoun County,18642,TVA,Tennessee Valley Authority
28013,MS,Calhoun,Calhoun County,56669,MISO,"Midcontinent Independent Transmission System Operator, Inc.."
28015,MS,Carroll,Carroll County,56669,MISO,"Midcontinent Independent Transmission System Operator, Inc.."
28017,MS,Chickasaw,Chickasaw County,18642,TVA,Tennessee Valley Authority
28019,MS,Choctaw,Choctaw County,18642,TVA,Tennessee Valley Authority
28019,MS,Choctaw,Choctaw County,56669,MISO,"Midcontinent Independent Transmission System Operator, Inc.."
28021,MS,Claiborne,Claiborne County,56669,MISO,"Midcontinent Independent Transmission System Operator, Inc.."
28023,MS,Clarke,Clarke County,18195,SOCO,"Southern Company Services, Inc. - Trans"
28023,MS,Clarke,Clarke County,18642,TVA,Tennessee Valley Authority
28023,MS,Clarke,Clarke County,56669,MISO,"Midcontinent Independent Transmission System Operator, Inc.."
28025,MS,Clay,Clay County,18642,TVA,Tennessee Valley Authority
28025,MS,Clay,Clay County,56669,MISO,"Midcontinent Independent Transmission System Operator, Inc.."
28027,MS,Coahoma,Coahoma County,56669,MISO,"Midcontinent Independent Transmission System Operator, Inc.."
28029,MS,Copiah,Copiah County,56669,MISO,"Midcontinent Independent Transmission System Operator, Inc.."
28031,MS,Covington,Covington County,18195,SOCO,"Southern Company Services, Inc. - Trans"
28031,MS,Covington,Covington County,56669,MISO,"Midcontinent Independent Transmission System Operator, Inc.."
28033,MS,DeSoto,DeSoto County,18642,TVA,Tennessee Valley Authority
28033,MS,DeSoto,DeSoto County,56669,MISO,"Midcontinent Independent Transmission System Operator, Inc.."
28035,MS,Forrest,Forrest County,18195,SOCO,"Southern Company Services, Inc. - Trans"
28035,MS,Forrest,Forrest County,56669,MISO,"Midcontinent Independent Transmission System Operator, Inc.."
28037,MS,Franklin,Franklin County,56669,MISO,"Midcontinent Independent Transmission System Operator, Inc.."
28039,MS,George,George County,18195,SOCO,"Southern Company Services, Inc. - Trans"
28039,MS,George,George County,56669,MISO,"Midcontinent Independent Transmission System Operator, Inc.."
28041,MS,Greene,Greene County,18195,SOCO,"Southern Company Services, Inc. - Trans"
28041,MS,Greene,Greene County,56669,MISO,"Midcontinent Independent Transmission System Operator, Inc.."
28043,MS,Grenada,Grenada County,56669,MISO,"Midcontinent Independent Transmission System Operator, Inc.."
28045,MS,Hancock,Hancock County,18195,SOCO,"Southern Company Services, Inc. - Trans"
28047,MS,Harrison,Harrison County,18195,SOCO,"Southern Company Services, Inc. - Trans"
28047,MS,Harrison,Harrison County,56669,MISO,"Midcontinent Independent Transmission System Operator, Inc.."
28049,MS,Hinds,Hinds County,56669,MISO,"Midcontinent Independent Transmission System Operator, Inc.."
28051,MS,Holmes,Holmes County,56669,MISO,"Midcontinent Independent Transmission System Operator, Inc.."
28053,MS,Humphreys,Humphreys County,56669,MISO,"Midcontinent Independent Transmission System Operator, Inc.."
28055,MS,Issaquena,Issaquena County,56669,MISO,"Midcontinent Independent Transmission System Operator, Inc.."
28057,MS,Itawamba,Itawamba County,18642,TVA,Tennessee Valley Authority
28059,MS,Jackson,Jackson County,18195,SOCO,"Southern Company Services, Inc. - Trans"
28059,MS,Jackson,Jackson County,56669,MISO,"Midcontinent Independent Transmission System Operator, Inc.."
28061,MS,Jasper,Jasper County,18195,SOCO,"Southern Company Services, Inc. - Trans"
28061,MS,Jasper,Jasper County,18642,TVA,Tennessee Valley Authority
28061,MS,Jasper,Jasper County,56669,MISO,"Midcontinent Independent Transmission System Operator, Inc.."
28063,MS,Jefferson,Jefferson County,56669,MISO,"Midcontinent Independent Transmission System Operator, Inc.."
28065,MS,Jefferson Davis,Jefferson Davis County,18195,SOCO,"Southern Company Services, Inc. - Trans"
28065,MS,Jefferson Davis,Jefferson Davis County,56669,MISO,"Midcontinent Independent Transmission System Operator, Inc.."
28067,MS,Jones,Jones County,18195,SOCO,"Southern Company Services, Inc. - Trans"
28067,MS,Jones,Jones County,56669,MISO,"Midcontinent Independent Transmission System Operator, Inc.."
28069,MS,Kemper,Kemper County,18642,TVA,Tennessee Valley Authority
28071,MS,Lafayette,Lafayette County,18642,TVA,Tennessee Valley Authority
28073,MS,Lamar,Lamar County,18195,SOCO,"Southern Company Services, Inc. - Trans"
28073,MS,Lamar,Lamar County,56669,MISO,"Midcontinent Independent Transmission System Operator, Inc.."
28075,MS,Lauderdale,Lauderdale County,18195,SOCO,"Southern Company Services, Inc. - Trans"
28075,MS,Lauderdale,Lauderdale County,18642,TVA,Tennessee Valley Authority
28077,MS,Lawrence,Lawrence County,56669,MISO,"Midcontinent Independent Transmission System Operator, Inc.."
28079,MS,Leake,Leake County,18195,SOCO,"Southern Company Services, Inc. - Trans"
28079,MS,Leake,Leake County,18642,TVA,Tennessee Valley Authority
28079,MS,Leake,Leake County,56669,MISO,"Midcontinent Independent Transmission System Operator, Inc.."
28081,MS,Lee,Lee County,18642,TVA,Tennessee Valley Authority
28083,MS,Leflore,Leflore County,56669,MISO,"Midcontinent Independent Transmission System Operator, Inc.."
28085,MS,Lincoln,Lincoln County,56669,MISO,"Midcontinent Independent Transmission System Operator, Inc.."
28087,MS,Lowndes,Lowndes County,18642,TVA,Tennessee Valley Authority
28089,MS,Madison,Madison County,56669,MISO,"Midcontinent Independent Transmission System Operator, Inc.."
28091,MS,Marion,Marion County,18195,SOCO,"Southern Company Services, Inc. - Trans"
28091,MS,Marion,Marion County,56669,MISO,"Midcontinent Independent Transmission System Operator, Inc.."
28093,MS,Marshall,Marshall County,18642,TVA,Tennessee Valley Authority
28095,MS,Monroe,Monroe County,18642,TVA,Tennessee Valley Authority
28097,MS,Montgomery,Montgomery County,56669,MISO,"Midcontinent Independent Transmission System Operator, Inc.."
28099,MS,Neshoba,Neshoba County,18195,SOCO,"Southern Company Services, Inc. - Trans"
28099,MS,Neshoba,Neshoba County,18642,TVA,Tennessee Valley Authority
28101,MS,Newton,Newton County,18195,SOCO,"Southern Company Services, Inc. - Trans"
28101,MS,Newton,Newton County,18642,TVA,Tennessee Valley Authority
28101,MS,Newton,Newton County,56669,MISO,"Midcontinent Independent Transmission System Operator, Inc.."
28103,MS,Noxubee,Noxubee County,18642,TVA,Tennessee Valley Authority
28105,MS,Oktibbeha,Oktibbeha County,18642,TVA,Tennessee Valley Authority
28107,MS,Panola,Panola County,18642,TVA,Tennessee Valley Authority
28107,MS,Panola,Panola County,56669,MISO,"Midcontinent Independent Transmission System Operator, Inc.."
28109,MS,Pearl River,Pearl River County,18195,SOCO,"Southern Company Services, Inc. - Trans"
28109,MS,Pearl River,Pearl River County,56669,MISO,"Midcontinent Independent Transmission System Operator, Inc.."
28111,MS,Perry,Perry County,18195,SOCO,"Southern Company Services, Inc. - Trans"
28111,MS,Perry,Perry County,56669,MISO,"Midcontinent Independent Transmission System Operator, Inc.."
28113,MS,Pike,Pike County,56669,MISO,"Midcontinent Independent Transmission System Operator, Inc.."
28115,MS,Pontotoc,Pontotoc County,18642,TVA,Tennessee Valley Authority
28117,MS,Prentiss,Prentiss County,18642,TVA,Tennessee Valley Authority
28119,MS,Quitman,Quitman County,56669,MISO,"Midcontinent Independent Transmission System Operator, Inc.."
28121,MS,Rankin,Rankin County,18642,TVA,Tennessee Valley Authority
28121,MS,Rankin,Rankin County,56669,MISO,"Midcontinent Independent Transmission System Operator, Inc.."
28123,MS,Scott,Scott County,18195,SOCO,"Southern Company Services, Inc. - Trans"
28123,MS,Scott,Scott County,18642,TVA,Tennessee Valley Authority
28123,MS,Scott,Scott County,56669,MISO,"Midcontinent Independent Transmission System Operator, Inc.."
28125,MS,Sharkey,Sharkey County,56669,MISO,"Midcontinent Independent Transmission System Operator, Inc.."
28127,MS,Simpson,Simpson County,56669,MISO,"Midcontinent Independent Transmission System Operator, Inc.."
28129,MS,Smith,Smith County,18195,SOCO,"Southern Company Services, Inc. - Trans"
28129,MS,Smith,Smith County,56669,MISO,"Midcontinent Independent Transmission System Operator, Inc.."
28131,MS,Stone,Stone County,18195,SOCO,"Southern Company Services, Inc. - Trans"
28131,MS,Stone,Stone County,56669,MISO,"Midcontinent Independent Transmission System Operator, Inc.."
28133,MS,Sunflower,Sunflower County,56669,MISO,"Midcontinent Independent Transmission System Operator, Inc.."
28135,MS,Tallahatchie,Tallahatchie County,18642,TVA,Tennessee Valley Authority
28135,MS,Tallahatchie,Tallahatchie County,56669,MISO,"Midcontinent Independent Transmission System Operator, Inc.."
28137,MS,Tate,Tate County,18642,TVA,Tennessee Valley Authority
28137,MS,Tate,Tate County,56669,MISO,"Midcontinent Independent Transmission System Operator, Inc.."
28139,MS,Tippah,Tippah County,18642,TVA,Tennessee Valley Authority
28141,MS,Tishomingo,Tishomingo County,18642,TVA,Tennessee Valley Authority
28143,MS,Tunica,Tunica County,56669,MISO,"Midcontinent Independent Transmission System Operator, Inc.."
28145,MS,Union,Union County,18642,TVA,Tennessee Valley Authority
28147,MS,Walthall,Walthall County,56669,MISO,"Midcontinent Independent Transmission System Operator, Inc.."
28149,MS,Warren,Warren County,56669,MISO,"Midcontinent Independent Transmission System Operator, Inc.."
28151,MS,Washington,Washington County,56669,MISO,"Midcontinent Independent Transmission System Operator, Inc.."
28153,MS,Wayne,Wayne County,18195,SOCO,"Southern Company Services, Inc. - Trans"
28153,MS,Wayne,Wayne County,18642,TVA,Tennessee Valley Authority
28153,MS,Wayne,Wayne County,56669,MISO,"Midcontinent Independent Transmission System Operator, Inc.."
28155,MS,Webster,Webster County,18642,TVA,Tennessee Valley Authority
28155,MS,Webster,Webster County,56669,MISO,"Midcontinent Independent Transmission System Operator, Inc.."
28157,MS,Wilkinson,Wilkinson County,56669,MISO,"Midcontinent Independent Transmission System Operator, Inc.."
28159,MS,Winston,Winston County,18642,TVA,Tennessee Valley Authority
28161,MS,Yalobusha,Yalobusha County,18642,TVA,Tennessee Valley Authority
28161,MS,Yalobusha,Yalobusha County,56669,MISO,"Midcontinent Independent Transmission System Operator, Inc.."
28163,MS,Yazoo,Yazoo County,56669,MISO,"Midcontinent Independent Transmission System Operator, Inc.."
29001,MO,Adair,Adair County,924,AECI,"Associated Electric Cooperative, Inc."
29001,MO,Adair,Adair County,56669,MISO,"Midcontinent Independent Transmission System Operator, Inc.."
29003,MO,Andrew,Andrew County,924,AECI,"Associated Electric Cooperative, Inc."
29003,MO,Andrew,Andrew County,59504,SWPP,Southwest Power Pool
29005,MO,Atchison,Atchison County,924,AECI,"Associated Electric Cooperative, Inc."
29005,MO,Atchison,Atchison County,59504,SWPP,Southwest Power Pool
29007,MO,Audrain,Audrain County,924,AECI,"Associated Electric Cooperative, Inc."
29007,MO,Audrain,Audrain County,56669,MISO,"Midcontinent Independent Transmission System Operator, Inc.."
29009,MO,Barry,Barry County,924,AECI,"Associated Electric Cooperative, Inc."
29009,MO,Barry,Barry County,59504,SWPP,Southwest Power Pool
29011,MO,Barton,Barton County,924,AECI,"Associated Electric Cooperative, Inc."
29011,MO,Barton,Barton County,59504,SWPP,Southwest Power Pool
29013,MO,Bates,Bates County,924,AECI,"Associated Electric Cooperative, Inc."
29013,MO,Bates,Bates County,59504,SWPP,Southwest Power Pool
29015,MO,Benton,Benton County,924,AECI,"Associated Electric Cooperative, Inc."
29015,MO,Benton,Benton County,59504,SWPP,Southwest Power Pool
29017,MO,Bollinger,Bollinger County,924,AECI,"Associated Electric Cooperative, Inc."
29017,MO,Bollinger,Bollinger County,56669,MISO,"Midcontinent Independent Transmission System Operator, Inc.."
29019,MO,Boone,Boone County,924,AECI,"Associated Electric Cooperative, Inc."
29019,MO,Boone,Boone County,56669,MISO,"Midcontinent Independent Transmission System Operator, Inc.."
29021,MO,Buchanan,Buchanan County,924,AECI,"Associated Electric Cooperative, Inc."
29021,MO,Buchanan,Buchanan County,59504,SWPP,Southwest Power Pool
29023,MO,Butler,Butler County,924,AECI,"Associated Electric Cooperative, Inc."
29023,MO,Butler,Butler County,56669,MISO,"Midcontinent Independent Transmission System Operator, Inc.."
29023,MO,Butler,Butler County,59504,SWPP,Southwest Power Pool
29025,MO,Caldwell,Caldwell County,924,AECI,"Associated Electric Cooperative, Inc."
29025,MO,Caldwell,Caldwell County,56669,MISO,"Midcontinent Independent Transmission System Operator, Inc.."
29027,MO,Callaway,Callaway County,924,AECI,"Associated Electric Cooperative, Inc."
29027,MO,Callaway,Callaway County,56669,MISO,"Midcontinent Independent Transmission System Operator, Inc.."
29029,MO,Camden,Camden County,924,AECI,"Associated Electric Cooperative, Inc."
29029,MO,Camden,Camden County,56669,MISO,"Midcontinent Independent Transmission System Operator, Inc.."
29031,MO,Cape Girardeau,Cape Girardeau County,924,AECI,"Associated Electric Cooperative, Inc."
29031,MO,Cape Girardeau,Cape Girardeau County,56669,MISO,"Midcontinent Independent Transmission System Operator, Inc.."
29033,MO,Carroll,Carroll County,924,AECI,"Associated Electric Cooperative, Inc."
29033,MO,Carroll,Carroll County,59504,SWPP,Southwest Power Pool
29035,MO,Carter,Carter County,924,AECI,"Associated Electric Cooperative, Inc."
29037,MO,Cass,Cass County,924,AECI,"Associated Electric Cooperative, Inc."
29037,MO,Cass,Cass County,59504,SWPP,Southwest Power Pool
29039,MO,Cedar,Cedar County,924,AECI,"Associated Electric Cooperative, Inc."
29039,MO,Cedar,Cedar County,59504,SWPP,Southwest Power Pool
29041,MO,Chariton,Chariton County,924,AECI,"Associated Electric Cooperative, Inc."
29041,MO,Chariton,Chariton County,56669,MISO,"Midcontinent Independent Transmission System Operator, Inc.."
29041,MO,Chariton,Chariton County,59504,SWPP,Southwest Power Pool
29043,MO,Christian,Christian County,924,AECI,"Associated Electric Cooperative, Inc."
29043,MO,Christian,Christian County,59504,SWPP,Southwest Power Pool
29045,MO,Clark,Clark County,924,AECI,"Associated Electric Cooperative, Inc."
29045,MO,Clark,Clark County,56669,MISO,"Midcontinent Independent Transmission System Operator, Inc.."
29047,MO,Clay,Clay County,924,AECI,"Associated Electric Cooperative, Inc."
29047,MO,Clay,Clay County,56669,MISO,"Midcontinent Independent Transmission System Operator, Inc.."
29047,MO,Clay,Clay County,59504,SWPP,Southwest Power Pool
29049,MO,Clinton,Clinton County,924,AECI,"Associated Electric Cooperative, Inc."
29049,MO,Clinton,Clinton County,56669,MISO,"Midcontinent Independent Transmission System Operator, Inc.."
29049,MO,Clinton,Clinton County,59504,SWPP,Southwest Power Pool
29051,MO,Cole,Cole County,924,AECI,"Associated Electric Cooperative, Inc."
29051,MO,Cole,Cole County,56669,MISO,"Midcontinent Independent Transmission System Operator, Inc.."
29053,MO,Cooper,Cooper County,924,AECI,"Associated Electric Cooperative, Inc."
29053,MO,Cooper,Cooper County,56669,MISO,"Midcontinent Independent Transmission System Operator, Inc.."
29055,MO,Crawford,Crawford County,924,AECI,"Associated Electric Cooperative, Inc."
29055,MO,Crawford,Crawford County,56669,MISO,"Midcontinent Independent Transmission System Operator, Inc.."
29057,MO,Dade,Dade County,924,AECI,"Associated Electric Cooperative, Inc."
29057,MO,Dade,Dade County,59504,SWPP,Southwest Power Pool
29059,MO,Dallas,Dallas County,924,AECI,"Associated Electric Cooperative, Inc."
29059,MO,Dallas,Dallas County,59504,SWPP,Southwest Power Pool
29061,MO,Daviess,Daviess County,924,AECI,"Associated Electric Cooperative, Inc."
29061,MO,Daviess,Daviess County,56669,MISO,"Midcontinent Independent Transmission System Operator, Inc.."
29061,MO,Daviess,Daviess County,59504,SWPP,Southwest Power Pool
29063,MO,DeKalb,DeKalb County,924,AECI,"Associated Electric Cooperative, Inc."
29063,MO,DeKalb,DeKalb County,56669,MISO,"Midcontinent Independent Transmission System Operator, Inc.."
29063,MO,DeKalb,DeKalb County,59504,SWPP,Southwest Power Pool
29065,MO,Dent,Dent County,924,AECI,"Associated Electric Cooperative, Inc."
29067,MO,Douglas,Douglas County,924,AECI,"Associated Electric Cooperative, Inc."
29069,MO,Dunklin,Dunklin County,924,AECI,"Associated Electric Cooperative, Inc."
29069,MO,Dunklin,Dunklin County,56669,MISO,"Midcontinent Independent Transmission System Operator, Inc.."
29069,MO,Dunklin,Dunklin County,59504,SWPP,Southwest Power Pool
29071,MO,Franklin,Franklin County,924,AECI,"Associated Electric Cooperative, Inc."
29071,MO,Franklin,Franklin County,56669,MISO,"Midcontinent Independent Transmission System Operator, Inc.."
29073,MO,Gasconade,Gasconade County,924,AECI,"Associated Electric Cooperative, Inc."
29073,MO,Gasconade,Gasconade County,56669,MISO,"Midcontinent Independent Transmission System Operator, Inc.."
29075,MO,Gentry,Gentry County,924,AECI,"Associated Electric Cooperative, Inc."
29075,MO,Gentry,Gentry County,56669,MISO,"Midcontinent Independent Transmission System Operator, Inc.."
29075,MO,Gentry,Gentry County,59504,SWPP,Southwest Power Pool
29077,MO,Greene,Greene County,924,AECI,"Associated Electric Cooperative, Inc."
29077,MO,Greene,Greene County,59504,SWPP,Southwest Power Pool
29079,MO,Grundy,Grundy County,924,AECI,"Associated Electric Cooperative, Inc."
29079,MO,Grundy,Grundy County,59504,SWPP,Southwest Power Pool
29081,MO,Harrison,Harrison County,924,AECI,"Associated Electric Cooperative, Inc."
29081,MO,Harrison,Harrison County,17716,SPA,Southwestern Power Administration
29081,MO,Harrison,Harrison County,59504,SWPP,Southwest Power Pool
29083,MO,Henry,Henry County,924,AECI,"Associated Electric Cooperative, Inc."
29083,MO,Henry,Henry County,59504,SWPP,Southwest Power Pool
29085,MO,Hickory,Hickory County,924,AECI,"Associated Electric Cooperative, Inc."
29085,MO,Hickory,Hickory County,59504,SWPP,Southwest Power Pool
29087,MO,Holt,Holt County,924,AECI,"Associated Electric Cooperative, Inc."
29087,MO,Holt,Holt County,59504,SWPP,Southwest Power Pool
29089,MO,Howard,Howard County,924,AECI,"Associated Electric Cooperative, Inc."
29089,MO,Howard,Howard County,56669,MISO,"Midcontinent Independent Transmission System Operator, Inc.."
29089,MO,Howard,Howard County,59504,SWPP,Southwest Power Pool
29091,MO,Howell,Howell County,924,AECI,"Associated Electric Cooperative, Inc."
29091,MO,Howell,Howell County,59504,SWPP,Southwest Power Pool
29093,MO,Iron,Iron County,924,AECI,"Associated Electric Cooperative, Inc."
29093,MO,Iron,Iron County,56669,MISO,"Midcontinent Independent Transmission System Operator, Inc.."
29095,MO,Jackson,Jackson County,924,AECI,"Associated Electric Cooperative, Inc."
29095,MO,Jackson,Jackson County,59504,SWPP,Southwest Power Pool
29097,MO,Jasper,Jasper County,924,AECI,"Associated Electric Cooperative, Inc."
29097,MO,Jasper,Jasper County,59504,SWPP,Southwest Power Pool
29099,MO,Jefferson,Jefferson County,924,AECI,"Associated Electric Cooperative, Inc."
29099,MO,Jefferson,Jefferson County,56669,MISO,"Midcontinent Independent Transmission System Operator, Inc.."
29101,MO,Johnson,Johnson County,924,AECI,"Associated Electric Cooperative, Inc."
29101,MO,Johnson,Johnson County,59504,SWPP,Southwest Power Pool
29103,MO,Knox,Knox County,924,AECI,"Associated Electric Cooperative, Inc."
29103,MO,Knox,Knox County,56669,MISO,"Midcontinent Independent Transmission System Operator, Inc.."
29105,MO,Laclede,Laclede County,924,AECI,"Associated Electric Cooperative, Inc."
29107,MO,Lafayette,Lafayette County,924,AECI,"Associated Electric Cooperative, Inc."
29107,MO,Lafayette,Lafayette County,59504,SWPP,Southwest Power Pool
29109,MO,Lawrence,Lawrence County,924,AECI,"Associated Electric Cooperative, Inc."
29109,MO,Lawrence,Lawrence County,59504,SWPP,Southwest Power Pool
29111,MO,Lewis,Lewis County,924,AECI,"Associated Electric Cooperative, Inc."
29111,MO,Lewis,Lewis County,56669,MISO,"Midcontinent Independent Transmission System Operator, Inc.."
29113,MO,Lincoln,Lincoln County,924,AECI,"Associated Electric Cooperative, Inc."
29113,MO,Lincoln,Lincoln County,56669,MISO,"Midcontinent Independent Transmission System Operator, Inc.."
29115,MO,Linn,Linn County,924,AECI,"Associated Electric Cooperative, Inc."
29115,MO,Linn,Linn County,56669,MISO,"Midcontinent Independent Transmission System Operator, Inc.."
29117,MO,Livingston,Livingston County,924,AECI,"Associated Electric Cooperative, Inc."
29117,MO,Livingston,Livingston County,56669,MISO,"Midcontinent Independent Transmission System Operator, Inc.."
29117,MO,Livingston,Livingston County,59504,SWPP,Southwest Power Pool
29119,MO,McDonald,McDonald County,924,AECI,"Associated Electric Cooperative, Inc."
29119,MO,McDonald,McDonald County,59504,SWPP,Southwest Power Pool
29121,MO,Macon,Macon County,924,AECI,"Associated Electric Cooperative, Inc."
29121,MO,Macon,Macon County,56669,MISO,"Midcontinent Independent Transmission System Operator, Inc.."
29121,MO,Macon,Macon County,59504,SWPP,Southwest Power Pool
29123,MO,Madison,Madison County,924,AECI,"Associated Electric Cooperative, Inc."
29123,MO,Madison,Madison County,56669,MISO,"Midcontinent Independent Transmission System Operator, Inc.."
29123,MO,Madison,Madison County,59504,SWPP,Southwest Power Pool
29125,MO,Maries,Maries County,924,AECI,"Associated Electric Cooperative, Inc."
29125,MO,Maries,Maries County,56669,MISO,"Midcontinent Independent Transmission System Operator, Inc.."
29127,MO,Marion,Marion County,924,AECI,"Associated Electric Cooperative, Inc."
29127,MO,Marion,Marion County,56669,MISO,"Midcontinent Independent Transmission System Operator, Inc.."
29127,MO,Marion,Marion County,59504,SWPP,Southwest Power Pool
29129,MO,Mercer,Mercer County,924,AECI,"Associated Electric Cooperative, Inc."
29129,MO,Mercer,Mercer County,59504,SWPP,Southwest Power Pool
29131,MO,Miller,Miller County,924,AECI,"Associated Electric Cooperative, Inc."
29131,MO,Miller,Miller County,56669,MISO,"Midcontinent Independent Transmission System Operator, Inc.."
29133,MO,Mississippi,Mississippi County,924,AECI,"Associated Electric Cooperative, Inc."
29133,MO,Mississippi,Mississippi County,56669,MISO,"Midcontinent Independent Transmission System Operator, Inc.."
29135,MO,Moniteau,Moniteau County,924,AECI,"Associated Electric Cooperative, Inc."
29135,MO,Moniteau,Moniteau County,56669,MISO,"Midcontinent Independent Transmission System Operator, Inc.."
29137,MO,Monroe,Monroe County,924,AECI,"Associated Electric Cooperative, Inc."
29137,MO,Monroe,Monroe County,56669,MISO,"Midcontinent Independent Transmission System Operator, Inc.."
29139,MO,Montgomery,Montgomery County,924,AECI,"Associated Electric Cooperative, Inc."
29139,MO,Montgomery,Montgomery County,56669,MISO,"Midcontinent Independent Transmission System Operator, Inc.."
29141,MO,Morgan,Morgan County,924,AECI,"Associated Electric Cooperative, Inc."
29141,MO,Morgan,Morgan County,56669,MISO,"Midcontinent Independent Transmission System Operator, Inc.."
29143,MO,New Madrid,New Madrid County,924,AECI,"Associated Electric Cooperative, Inc."
29143,MO,New Madrid,New Madrid County,17716,SPA,Southwestern Power Administration
29143,MO,New Madrid,New Madrid County,56669,MISO,"Midcontinent Independent Transmission System Operator, Inc.."
29145,MO,Newton,Newton County,924,AECI,"Associated Electric Cooperative, Inc."
29145,MO,Newton,Newton County,59504,SWPP,Southwest Power Pool
29147,MO,Nodaway,Nodaway County,924,AECI,"Associated Electric Cooperative, Inc."
29147,MO,Nodaway,Nodaway County,59504,SWPP,Southwest Power Pool
29149,MO,Oregon,Oregon County,924,AECI,"Associated Electric Cooperative, Inc."
29149,MO,Oregon,Oregon County,56669,MISO,"Midcontinent Independent Transmission System Operator, Inc.."
29151,MO,Osage,Osage County,924,AECI,"Associated Electric Cooperative, Inc."
29151,MO,Osage,Osage County,56669,MISO,"Midcontinent Independent Transmission System Operator, Inc.."
29153,MO,Ozark,Ozark County,924,AECI,"Associated Electric Cooperative, Inc."
29155,MO,Pemiscot,Pemiscot County,924,AECI,"Associated Electric Cooperative, Inc."
29155,MO,Pemiscot,Pemiscot County,56669,MISO,"Midcontinent Independent Transmission System Operator, Inc.."
29157,MO,Perry,Perry County,56669,MISO,"Midcontinent Independent Transmission System Operator, Inc.."
29159,MO,Pettis,Pettis County,924,AECI,"Associated Electric Cooperative, Inc."
29159,MO,Pettis,Pettis County,56669,MISO,"Midcontinent Independent Transmission System Operator, Inc.."
29159,MO,Pettis,Pettis County,59504,SWPP,Southwest Power Pool
29161,MO,Phelps,Phelps County,924,AECI,"Associated Electric Cooperative, Inc."
29161,MO,Phelps,Phelps County,56669,MISO,"Midcontinent Independent Transmission System Operator, Inc.."
29163,MO,Pike,Pike County,924,AECI,"Associated Electric Cooperative, Inc."
29163,MO,Pike,Pike County,56669,MISO,"Midcontinent Independent Transmission System Operator, Inc.."
29165,MO,Platte,Platte County,924,AECI,"Associated Electric Cooperative, Inc."
29165,MO,Platte,Platte County,59504,SWPP,Southwest Power Pool
29167,MO,Polk,Polk County,924,AECI,"Associated Electric Cooperative, Inc."
29167,MO,Polk,Polk County,59504,SWPP,Southwest Power Pool
29169,MO,Pulaski,Pulaski County,924,AECI,"Associated Electric Cooperative, Inc."
29169,MO,Pulaski,Pulaski County,56669,MISO,"Midcontinent Independent Transmission System Operator, Inc.."
29171,MO,Putnam,Putnam County,924,AECI,"Associated Electric Cooperative, Inc."
29173,MO,Ralls,Ralls County,924,AECI,"Associated Electric Cooperative, Inc."
29173,MO,Ralls,Ralls County,56669,MISO,"Midcontinent Independent Transmission System Operator, Inc.."
29175,MO,Randolph,Randolph County,924,AECI,"Associated Electric Cooperative, Inc."
29175,MO,Randolph,Randolph County,56669,MISO,"Midcontinent Independent Transmission System Operator, Inc.."
29175,MO,Randolph,Randolph County,59504,SWPP,Southwest Power Pool
29177,MO,Ray,Ray County,924,AECI,"Associated Electric Cooperative, Inc."
29177,MO,Ray,Ray County,56669,MISO,"Midcontinent Independent Transmission System Operator, Inc.."
29177,MO,Ray,Ray County,59504,SWPP,Southwest Power Pool
29179,MO,Reynolds,Reynolds County,924,AECI,"Associated Electric Cooperative, Inc."
29179,MO,Reynolds,Reynolds County,56669,MISO,"Midcontinent Independent Transmission System Operator, Inc.."
29181,MO,Ripley,Ripley County,924,AECI,"Associated Electric Cooperative, Inc."
29181,MO,Ripley,Ripley County,56669,MISO,"Midcontinent Independent Transmission System Operator, Inc.."
29183,MO,St. Charles,St. Charles County,924,AECI,"Associated Electric Cooperative, Inc."
29183,MO,St. Charles,St. Charles County,56669,MISO,"Midcontinent Independent Transmission System Operator, Inc.."
29185,MO,St. Clair,St. Clair County,924,AECI,"Associated Electric Cooperative, Inc."
29185,MO,St. Clair,St. Clair County,59504,SWPP,Southwest Power Pool
29186,MO,Ste. Genevieve,Ste. Genevieve County,56669,MISO,"Midcontinent Independent Transmission System Operator, Inc.."
29187,MO,St. Francois,St. Francois County,56669,MISO,"Midcontinent Independent Transmission System Operator, Inc.."
29195,MO,Saline,Saline County,924,AECI,"Associated Electric Cooperative, Inc."
29195,MO,Saline,Saline County,56669,MISO,"Midcontinent Independent Transmission System Operator, Inc.."
29195,MO,Saline,Saline County,59504,SWPP,Southwest Power Pool
29197,MO,Schuyler,Schuyler County,924,AECI,"Associated Electric Cooperative, Inc."
29197,MO,Schuyler,Schuyler County,56669,MISO,"Midcontinent Independent Transmission System Operator, Inc.."
29199,MO,Scotland,Scotland County,924,AECI,"Associated Electric Cooperative, Inc."
29199,MO,Scotland,Scotland County,56669,MISO,"Midcontinent Independent Transmission System Operator, Inc.."
29201,MO,Scott,Scott County,924,AECI,"Associated Electric Cooperative, Inc."
29201,MO,Scott,Scott County,17716,SPA,Southwestern Power Administration
29201,MO,Scott,Scott County,56669,MISO,"Midcontinent Independent Transmission System Operator, Inc.."
29203,MO,Shannon,Shannon County,924,AECI,"Associated Electric Cooperative, Inc."
29205,MO,Shelby,Shelby County,924,AECI,"Associated Electric Cooperative, Inc."
29207,MO,Stoddard,Stoddard County,924,AECI,"Associated Electric Cooperative, Inc."
29207,MO,Stoddard,Stoddard County,56669,MISO,"Midcontinent Independent Transmission System Operator, Inc.."
29209,MO,Stone,Stone County,924,AECI,"Associated Electric Cooperative, Inc."
29209,MO,Stone,Stone County,59504,SWPP,Southwest Power Pool
29211,MO,Sullivan,Sullivan County,924,AECI,"Associated Electric Cooperative, Inc."
29211,MO,Sullivan,Sullivan County,56669,MISO,"Midcontinent Independent Transmission System Operator, Inc.."
29211,MO,Sullivan,Sullivan County,59504,SWPP,Southwest Power Pool
29213,MO,Taney,Taney County,924,AECI,"Associated Electric Cooperative, Inc."
29213,MO,Taney,Taney County,59504,SWPP,Southwest Power Pool
29215,MO,Texas,Texas County,924,AECI,"Associated Electric Cooperative, Inc."
29217,MO,Vernon,Vernon County,924,AECI,"Associated Electric Cooperative, Inc."
29217,MO,Vernon,Vernon County,59504,SWPP,Southwest Power Pool
29219,MO,Warren,Warren County,924,AECI,"Associated Electric Cooperative, Inc."
29219,MO,Warren,Warren County,56669,MISO,"Midcontinent Independent Transmission System Operator, Inc.."
29221,MO,Washington,Washington County,924,AECI,"Associated Electric Cooperative, Inc."
29221,MO,Washington,Washington County,56669,MISO,"Midcontinent Independent Transmission System Operator, Inc.."
29223,MO,Wayne,Wayne County,924,AECI,"Associated Electric Cooperative, Inc."
29225,MO,Webster,Webster County,924,AECI,"Associated Electric Cooperative, Inc."
29225,MO,Webster,Webster County,59504,SWPP,Southwest Power Pool
29227,MO,Worth,Worth County,924,AECI,"Associated Electric Cooperative, Inc."
29227,MO,Worth,Worth County,59504,SWPP,Southwest Power Pool
29229,MO,Wright,Wright County,924,AECI,"Associated Electric Cooperative, Inc."
29510,MO,St. Louis,St. Louis city,56669,MISO,"Midcontinent Independent Transmission System Operator, Inc.."
30001,MT,Beaverhead,Beaverhead County,12825,NWMT,NorthWestern Energy (NWMT)
30003,MT,Big Horn,Big Horn County,12825,NWMT,NorthWestern Energy (NWMT)
30003,MT,Big Horn,Big Horn County,19610,WAUW,Western Area Power Administration UGP West
30003,MT,Big Horn,Big Horn County,28503,WACM,Western Area Power Administration - Rocky Mountain Region
30003,MT,Big Horn,Big Horn County,59504,SWPP,Southwest Power Pool
30005,MT,Blaine,Blaine County,12825,NWMT,NorthWestern Energy (NWMT)
30005,MT,Blaine,Blaine County,19610,WAUW,Western Area Power Administration UGP West
30005,MT,Blaine,Blaine County,59504,SWPP,Southwest Power Pool
30007,MT,Broadwater,Broadwater County,12825,NWMT,NorthWestern Energy (NWMT)
30009,MT,Carbon,Carbon County,1738,BPAT,Bonneville Power Administration
30009,MT,Carbon,Carbon County,12825,NWMT,NorthWestern Energy (NWMT)
30009,MT,Carbon,Carbon County,19610,WAUW,Western Area Power Administration UGP West
30009,MT,Carbon,Carbon County,28503,WACM,Western Area Power Administration - Rocky Mountain Region
30009,MT,Carbon,Carbon County,59504,SWPP,Southwest Power Pool
30011,MT,Carter,Carter County,12825,NWMT,NorthWestern Energy (NWMT)
30011,MT,Carter,Carter County,19610,WAUW,Western Area Power Administration UGP West
30011,MT,Carter,Carter County,28503,WACM,Western Area Power Administration - Rocky Mountain Region
30011,MT,Carter,Carter County,59504,SWPP,Southwest Power Pool
30013,MT,Cascade,Cascade County,12825,NWMT,NorthWestern Energy (NWMT)
30013,MT,Cascade,Cascade County,19610,WAUW,Western Area Power Administration UGP West
30013,MT,Cascade,Cascade County,59504,SWPP,Southwest Power Pool
30015,MT,Chouteau,Chouteau County,12825,NWMT,NorthWestern Energy (NWMT)
30015,MT,Chouteau,Chouteau County,19610,WAUW,Western Area Power Administration UGP West
30015,MT,Chouteau,Chouteau County,59504,SWPP,Southwest Power Pool
30017,MT,Custer,Custer County,12825,NWMT,NorthWestern Energy (NWMT)
30017,MT,Custer,Custer County,19610,WAUW,Western Area Power Administration UGP West
30017,MT,Custer,Custer County,59504,SWPP,Southwest Power Pool
30019,MT,Daniels,Daniels County,59504,SWPP,Southwest Power Pool
30021,MT,Dawson,Dawson County,12825,NWMT,NorthWestern Energy (NWMT)
30021,MT,Dawson,Dawson County,19610,WAUW,Western Area Power Administration UGP West
30021,MT,Dawson,Dawson County,59504,SWPP,Southwest Power Pool
30023,MT,Deer Lodge,Deer Lodge County,12825,NWMT,NorthWestern Energy (NWMT)
30025,MT,Fallon,Fallon County,12825,NWMT,NorthWestern Energy (NWMT)
30025,MT,Fallon,Fallon County,19610,WAUW,Western Area Power Administration UGP West
30025,MT,Fallon,Fallon County,59504,SWPP,Southwest Power Pool
30027,MT,Fergus,Fergus County,12825,NWMT,NorthWestern Energy (NWMT)
30027,MT,Fergus,Fergus County,19610,WAUW,Western Area Power Administration UGP West
30029,MT,Flathead,Flathead County,1738,BPAT,Bonneville Power Administration
30029,MT,Flathead,Flathead County,12825,NWMT,NorthWestern Energy (NWMT)
30031,MT,Gallatin,Gallatin County,1738,BPAT,Bonneville Power Administration
30031,MT,Gallatin,Gallatin County,12825,NWMT,NorthWestern Energy (NWMT)
30033,MT,Garfield,Garfield County,19610,WAUW,Western Area Power Administration UGP West
30033,MT,Garfield,Garfield County,59504,SWPP,Southwest Power Pool
30035,MT,Glacier,Glacier County,12825,NWMT,NorthWestern Energy (NWMT)
30037,MT,Golden Valley,Golden Valley County,12825,NWMT,NorthWestern Energy (NWMT)
30037,MT,Golden Valley,Golden Valley County,19610,WAUW,Western Area Power Administration UGP West
30039,MT,Granite,Granite County,1738,BPAT,Bonneville Power Administration
30039,MT,Granite,Granite County,12825,NWMT,NorthWestern Energy (NWMT)
30041,MT,Hill,Hill County,12825,NWMT,NorthWestern Energy (NWMT)
30041,MT,Hill,Hill County,59504,SWPP,Southwest Power Pool
30043,MT,Jefferson,Jefferson County,12825,NWMT,NorthWestern Energy (NWMT)
30045,MT,Judith Basin,Judith Basin County,12825,NWMT,NorthWestern Energy (NWMT)
30045,MT,Judith Basin,Judith Basin County,19610,WAUW,Western Area Power Administration UGP West
30047,MT,Lake,Lake County,1738,BPAT,Bonneville Power Administration
30047,MT,Lake,Lake County,12825,NWMT,NorthWestern Energy (NWMT)
30049,MT,Lewis and Clark,Lewis and Clark County,12825,NWMT,NorthWestern Energy (NWMT)
30049,MT,Lewis and Clark,Lewis and Clark County,19610,WAUW,Western Area Power Administration UGP West
30049,MT,Lewis and Clark,Lewis and Clark County,59504,SWPP,Southwest Power Pool
30051,MT,Liberty,Liberty County,12825,NWMT,NorthWestern Energy (NWMT)
30051,MT,Liberty,Liberty County,19610,WAUW,Western Area Power Administration UGP West
30051,MT,Liberty,Liberty County,59504,SWPP,Southwest Power Pool
30053,MT,Lincoln,Lincoln County,1738,BPAT,Bonneville Power Administration
30055,MT,McCone,McCone County,19610,WAUW,Western Area Power Administration UGP West
30055,MT,McCone,McCone County,59504,SWPP,Southwest Power Pool
30057,MT,Madison,Madison County,12825,NWMT,NorthWestern Energy (NWMT)
30059,MT,Meagher,Meagher County,12825,NWMT,NorthWestern Energy (NWMT)
30059,MT,Meagher,Meagher County,19610,WAUW,Western Area Power Administration UGP West
30061,MT,Mineral,Mineral County,1738,BPAT,Bonneville Power Administration
30061,MT,Mineral,Mineral County,12825,NWMT,NorthWestern Energy (NWMT)
30063,MT,Missoula,Missoula County,1738,BPAT,Bonneville Power Administration
30063,MT,Missoula,Missoula County,12825,NWMT,NorthWestern Energy (NWMT)
30065,MT,Musselshell,Musselshell County,12825,NWMT,NorthWestern Energy (NWMT)
30065,MT,Musselshell,Musselshell County,19610,WAUW,Western Area Power Administration UGP West
30067,MT,Park,Park County,1738,BPAT,Bonneville Power Administration
30067,MT,Park,Park County,12825,NWMT,NorthWestern Energy (NWMT)
30069,MT,Petroleum,Petroleum County,19610,WAUW,Western Area Power Administration UGP West
30071,MT,Phillips,Phillips County,12825,NWMT,NorthWestern Energy (NWMT)
30071,MT,Phillips,Phillips County,59504,SWPP,Southwest Power Pool
30073,MT,Pondera,Pondera County,12825,NWMT,NorthWestern Energy (NWMT)
30073,MT,Pondera,Pondera County,19610,WAUW,Western Area Power Administration UGP West
30073,MT,Pondera,Pondera County,59504,SWPP,Southwest Power Pool
30075,MT,Powder River,Powder River County,12825,NWMT,NorthWestern Energy (NWMT)
30075,MT,Powder River,Powder River County,19610,WAUW,Western Area Power Administration UGP West
30075,MT,Powder River,Powder River County,28503,WACM,Western Area Power Administration - Rocky Mountain Region
30077,MT,Powell,Powell County,1738,BPAT,Bonneville Power Administration
30077,MT,Powell,Powell County,12825,NWMT,NorthWestern Energy (NWMT)
30079,MT,Prairie,Prairie County,12825,NWMT,NorthWestern Energy (NWMT)
30079,MT,Prairie,Prairie County,19610,WAUW,Western Area Power Administration UGP West
30079,MT,Prairie,Prairie County,59504,SWPP,Southwest Power Pool
30081,MT,Ravalli,Ravalli County,1738,BPAT,Bonneville Power Administration
30081,MT,Ravalli,Ravalli County,12825,NWMT,NorthWestern Energy (NWMT)
30083,MT,Richland,Richland County,19610,WAUW,Western Area Power Administration UGP West
30083,MT,Richland,Richland County,59504,SWPP,Southwest Power Pool
30085,MT,Roosevelt,Roosevelt County,19610,WAUW,Western Area Power Administration UGP West
30085,MT,Roosevelt,Roosevelt County,59504,SWPP,Southwest Power Pool
30087,MT,Rosebud,Rosebud County,12825,NWMT,NorthWestern Energy (NWMT)
30087,MT,Rosebud,Rosebud County,19610,WAUW,Western Area Power Administration UGP West
30087,MT,Rosebud,Rosebud County,59504,SWPP,Southwest Power Pool
30089,MT,Sanders,Sanders County,1738,BPAT,Bonneville Power Administration
30089,MT,Sanders,Sanders County,12825,NWMT,NorthWestern Energy (NWMT)
30089,MT,Sanders,Sanders County,20169,AVA,Avista Corporation
30091,MT,Sheridan,Sheridan County,59504,SWPP,Southwest Power Pool
30093,MT,Silver Bow,Silver Bow County,12825,NWMT,NorthWestern Energy (NWMT)
30095,MT,Stillwater,Stillwater County,12825,NWMT,NorthWestern Energy (NWMT)
30095,MT,Stillwater,Stillwater County,19610,WAUW,Western Area Power Administration UGP West
30097,MT,Sweet Grass,Sweet Grass County,12825,NWMT,NorthWestern Energy (NWMT)
30097,MT,Sweet Grass,Sweet Grass County,19610,WAUW,Western Area Power Administration UGP West
30099,MT,Teton,Teton County,12825,NWMT,NorthWestern Energy (NWMT)
30099,MT,Teton,Teton County,19610,WAUW,Western Area Power Administration UGP West
30099,MT,Teton,Teton County,59504,SWPP,Southwest Power Pool
30101,MT,Toole,Toole County,12825,NWMT,NorthWestern Energy (NWMT)
30101,MT,Toole,Toole County,19610,WAUW,Western Area Power Administration UGP West
30101,MT,Toole,Toole County,59504,SWPP,Southwest Power Pool
30103,MT,Treasure,Treasure County,19610,WAUW,Western Area Power Administration UGP West
30103,MT,Treasure,Treasure County,59504,SWPP,Southwest Power Pool
30105,MT,Valley,Valley County,12825,NWMT,NorthWestern Energy (NWMT)
30105,MT,Valley,Valley County,59504,SWPP,Southwest Power Pool
30107,MT,Wheatland,Wheatland County,12825,NWMT,NorthWestern Energy (NWMT)
30107,MT,Wheatland,Wheatland County,19610,WAUW,Western Area Power Administration UGP West
30109,MT,Wibaux,Wibaux County,59504,SWPP,Southwest Power Pool
30111,MT,Yellowstone,Yellowstone County,12825,NWMT,NorthWestern Energy (NWMT)
30111,MT,Yellowstone,Yellowstone County,19610,WAUW,Western Area Power Administration UGP West
30111,MT,Yellowstone,Yellowstone County,59504,SWPP,Southwest Power Pool
31001,NE,Adams,Adams County,59504,SWPP,Southwest Power Pool
31003,NE,Antelope,Antelope County,28503,WACM,Western Area Power Administration - Rocky Mountain Region
31003,NE,Antelope,Antelope County,59504,SWPP,Southwest Power Pool
31005,NE,Arthur,Arthur County,28503,WACM,Western Area Power Administration - Rocky Mountain Region
31007,NE,Banner,Banner County,28503,WACM,Western Area Power Administration - Rocky Mountain Region
31009,NE,Blaine,Blaine County,59504,SWPP,Southwest Power Pool
31011,NE,Boone,Boone County,28503,WACM,Western Area Power Administration - Rocky Mountain Region
31011,NE,Boone,Boone County,59504,SWPP,Southwest Power Pool
31013,NE,Box Butte,Box Butte County,28503,WACM,Western Area Power Administration - Rocky Mountain Region
31013,NE,Box Butte,Box Butte County,59504,SWPP,Southwest Power Pool
31015,NE,Boyd,Boyd County,28503,WACM,Western Area Power Administration - Rocky Mountain Region
31015,NE,Boyd,Boyd County,59504,SWPP,Southwest Power Pool
31017,NE,Brown,Brown County,59504,SWPP,Southwest Power Pool
31019,NE,Buffalo,Buffalo County,59504,SWPP,Southwest Power Pool
31021,NE,Burt,Burt County,59504,SWPP,Southwest Power Pool
31023,NE,Butler,Butler County,59504,SWPP,Southwest Power Pool
31025,NE,Cass,Cass County,59504,SWPP,Southwest Power Pool
31027,NE,Cedar,Cedar County,28503,WACM,Western Area Power Administration - Rocky Mountain Region
31027,NE,Cedar,Cedar County,59504,SWPP,Southwest Power Pool
31029,NE,Chase,Chase County,28503,WACM,Western Area Power Administration - Rocky Mountain Region
31029,NE,Chase,Chase County,59504,SWPP,Southwest Power Pool
31031,NE,Cherry,Cherry County,28503,WACM,Western Area Power Administration - Rocky Mountain Region
31031,NE,Cherry,Cherry County,59504,SWPP,Southwest Power Pool
31033,NE,Cheyenne,Cheyenne County,28503,WACM,Western Area Power Administration - Rocky Mountain Region
31033,NE,Cheyenne,Cheyenne County,59504,SWPP,Southwest Power Pool
31035,NE,Clay,Clay County,59504,SWPP,Southwest Power Pool
31037,NE,Colfax,Colfax County,28503,WACM,Western Area Power Administration - Rocky Mountain Region
31037,NE,Colfax,Colfax County,59504,SWPP,Southwest Power Pool
31039,NE,Cuming,Cuming County,59504,SWPP,Southwest Power Pool
31041,NE,Custer,Custer County,59504,SWPP,Southwest Power Pool
31043,NE,Dakota,Dakota County,28503,WACM,Western Area Power Administration - Rocky Mountain Region
31043,NE,Dakota,Dakota County,59504,SWPP,Southwest Power Pool
31045,NE,Dawes,Dawes County,28503,WACM,Western Area Power Administration - Rocky Mountain Region
31045,NE,Dawes,Dawes County,59504,SWPP,Southwest Power Pool
31047,NE,Dawson,Dawson County,59504,SWPP,Southwest Power Pool
31049,NE,Deuel,Deuel County,28503,WACM,Western Area Power Administration - Rocky Mountain Region
31049,NE,Deuel,Deuel County,59504,SWPP,Southwest Power Pool
31051,NE,Dixon,Dixon County,59504,SWPP,Southwest Power Pool
31053,NE,Dodge,Dodge County,59504,SWPP,Southwest Power Pool
31055,NE,Douglas,Douglas County,59504,SWPP,Southwest Power Pool
31057,NE,Dundy,Dundy County,28503,WACM,Western Area Power Administration - Rocky Mountain Region
31057,NE,Dundy,Dundy County,59504,SWPP,Southwest Power Pool
31059,NE,Fillmore,Fillmore County,59504,SWPP,Southwest Power Pool
31061,NE,Franklin,Franklin County,59504,SWPP,Southwest Power Pool
31063,NE,Frontier,Frontier County,59504,SWPP,Southwest Power Pool
31065,NE,Furnas,Furnas County,59504,SWPP,Southwest Power Pool
31067,NE,Gage,Gage County,59504,SWPP,Southwest Power Pool
31069,NE,Garden,Garden County,28503,WACM,Western Area Power Administration - Rocky Mountain Region
31069,NE,Garden,Garden County,59504,SWPP,Southwest Power Pool
31071,NE,Garfield,Garfield County,59504,SWPP,Southwest Power Pool
31073,NE,Gosper,Gosper County,59504,SWPP,Southwest Power Pool
31075,NE,Grant,Grant County,28503,WACM,Western Area Power Administration - Rocky Mountain Region
31075,NE,Grant,Grant County,59504,SWPP,Southwest Power Pool
31077,NE,Greeley,Greeley County,28503,WACM,Western Area Power Administration - Rocky Mountain Region
31077,NE,Greeley,Greeley County,59504,SWPP,Southwest Power Pool
31079,NE,Hall,Hall County,59504,SWPP,Southwest Power Pool
31081,NE,Hamilton,Hamilton County,59504,SWPP,Southwest Power Pool
31083,NE,Harlan,Harlan County,59504,SWPP,Southwest Power Pool
31085,NE,Hayes,Hayes County,28503,WACM,Western Area Power Administration - Rocky Mountain Region
31085,NE,Hayes,Hayes County,59504,SWPP,Southwest Power Pool
31087,NE,Hitchcock,Hitchcock County,59504,SWPP,Southwest Power Pool
31089,NE,Holt,Holt County,28503,WACM,Western Area Power Administration - Rocky Mountain Region
31089,NE,Holt,Holt County,59504,SWPP,Southwest Power Pool
31091,NE,Hooker,Hooker County,28503,WACM,Western Area Power Administration - Rocky Mountain Region
31091,NE,Hooker,Hooker County,59504,SWPP,Southwest Power Pool
31093,NE,Howard,Howard County,59504,SWPP,Southwest Power Pool
31095,NE,Jefferson,Jefferson County,59504,SWPP,Southwest Power Pool
31097,NE,Johnson,Johnson County,59504,SWPP,Southwest Power Pool
31099,NE,Kearney,Kearney County,59504,SWPP,Southwest Power Pool
31101,NE,Keith,Keith County,28503,WACM,Western Area Power Administration - Rocky Mountain Region
31101,NE,Keith,Keith County,59504,SWPP,Southwest Power Pool
31103,NE,Keya Paha,Keya Paha County,59504,SWPP,Southwest Power Pool
31105,NE,Kimball,Kimball County,28503,WACM,Western Area Power Administration - Rocky Mountain Region
31107,NE,Knox,Knox County,59504,SWPP,Southwest Power Pool
31109,NE,Lancaster,Lancaster County,59504,SWPP,Southwest Power Pool
31111,NE,Lincoln,Lincoln County,28503,WACM,Western Area Power Administration - Rocky Mountain Region
31111,NE,Lincoln,Lincoln County,59504,SWPP,Southwest Power Pool
31113,NE,Logan,Logan County,59504,SWPP,Southwest Power Pool
31115,NE,Loup,Loup County,59504,SWPP,Southwest Power Pool
31117,NE,McPherson,McPherson County,28503,WACM,Western Area Power Administration - Rocky Mountain Region
31117,NE,McPherson,McPherson County,59504,SWPP,Southwest Power Pool
31119,NE,Madison,Madison County,59504,SWPP,Southwest Power Pool
31121,NE,Merrick,Merrick County,28503,WACM,Western Area Power Administration - Rocky Mountain Region
31121,NE,Merrick,Merrick County,59504,SWPP,Southwest Power Pool
31123,NE,Morrill,Morrill County,28503,WACM,Western Area Power Administration - Rocky Mountain Region
31123,NE,Morrill,Morrill County,59504,SWPP,Southwest Power Pool
31125,NE,Nance,Nance County,28503,WACM,Western Area Power Administration - Rocky Mountain Region
31125,NE,Nance,Nance County,59504,SWPP,Southwest Power Pool
31127,NE,Nemaha,Nemaha County,59504,SWPP,Southwest Power Pool
31129,NE,Nuckolls,Nuckolls County,59504,SWPP,Southwest Power Pool
31131,NE,Otoe,Otoe County,59504,SWPP,Southwest Power Pool
31133,NE,Pawnee,Pawnee County,59504,SWPP,Southwest Power Pool
31135,NE,Perkins,Perkins County,28503,WACM,Western Area Power Administration - Rocky Mountain Region
31135,NE,Perkins,Perkins County,59504,SWPP,Southwest Power Pool
31137,NE,Phelps,Phelps County,59504,SWPP,Southwest Power Pool
31139,NE,Pierce,Pierce County,59504,SWPP,Southwest Power Pool
31141,NE,Platte,Platte County,59504,SWPP,Southwest Power Pool
31143,NE,Polk,Polk County,59504,SWPP,Southwest Power Pool
31145,NE,Red Willow,Red Willow County,59504,SWPP,Southwest Power Pool
31147,NE,Richardson,Richardson County,59504,SWPP,Southwest Power Pool
31149,NE,Rock,Rock County,59504,SWPP,Southwest Power Pool
31151,NE,Saline,Saline County,28503,WACM,Western Area Power Administration - Rocky Mountain Region
31151,NE,Saline,Saline County,59504,SWPP,Southwest Power Pool
31153,NE,Sarpy,Sarpy County,59504,SWPP,Southwest Power Pool
31155,NE,Saunders,Saunders County,59504,SWPP,Southwest Power Pool
31157,NE,Scotts Bluff,Scotts Bluff County,28503,WACM,Western Area Power Administration - Rocky Mountain Region
31157,NE,Scotts Bluff,Scotts Bluff County,59504,SWPP,Southwest Power Pool
31159,NE,Seward,Seward County,59504,SWPP,Southwest Power Pool
31161,NE,Sheridan,Sheridan County,28503,WACM,Western Area Power Administration - Rocky Mountain Region
31161,NE,Sheridan,Sheridan County,59504,SWPP,Southwest Power Pool
31163,NE,Sherman,Sherman County,59504,SWPP,Southwest Power Pool
31165,NE,Sioux,Sioux County,28503,WACM,Western Area Power Administration - Rocky Mountain Region
31165,NE,Sioux,Sioux County,59504,SWPP,Southwest Power Pool
31167,NE,Stanton,Stanton County,59504,SWPP,Southwest Power Pool
31169,NE,Thayer,Thayer County,59504,SWPP,Southwest Power Pool
31171,NE,Thomas,Thomas County,59504,SWPP,Southwest Power Pool
31173,NE,Thurston,Thurston County,59504,SWPP,Southwest Power Pool
31175,NE,Valley,Valley County,59504,SWPP,Southwest Power Pool
31177,NE,Washington,Washington County,59504,SWPP,Southwest Power Pool
31179,NE,Wayne,Wayne County,59504,SWPP,Southwest Power Pool
31181,NE,Webster,Webster County,59504,SWPP,Southwest Power Pool
31183,NE,Wheeler,Wheeler County,28503,WACM,Western Area Power Administration - Rocky Mountain Region
31183,NE,Wheeler,Wheeler County,59504,SWPP,Southwest Power Pool
31185,NE,York,York County,59504,SWPP,Southwest Power Pool
32001,NV,Churchill,Churchill County,13407,NEVP,Nevada Power Company
32003,NV,Clark,Clark County,13407,NEVP,Nevada Power Company
32003,NV,Clark,Clark County,25471,WALC,Western Area Power Administration - Desert Southwest Region
32005,NV,Douglas,Douglas County,13407,NEVP,Nevada Power Company
32007,NV,Elko,Elko County,1738,BPAT,Bonneville Power Administration
32007,NV,Elko,Elko County,13407,NEVP,Nevada Power Company
32009,NV,Esmeralda,Esmeralda County,13407,NEVP,Nevada Power Company
32011,NV,Eureka,Eureka County,13407,NEVP,Nevada Power Company
32013,NV,Humboldt,Humboldt County,1738,BPAT,Bonneville Power Administration
32013,NV,Humboldt,Humboldt County,13407,NEVP,Nevada Power Company
32015,NV,Lander,Lander County,13407,NEVP,Nevada Power Company
32017,NV,Lincoln,Lincoln County,13407,NEVP,Nevada Power Company
32019,NV,Lyon,Lyon County,13407,NEVP,Nevada Power Company
32021,NV,Mineral,Mineral County,13407,NEVP,Nevada Power Company
32023,NV,Nye,Nye County,13407,NEVP,Nevada Power Company
32027,NV,Pershing,Pershing County,13407,NEVP,Nevada Power Company
32029,NV,Storey,Storey County,13407,NEVP,Nevada Power Company
32031,NV,Washoe,Washoe County,2775,CISO,California Independent System Operator
32031,NV,Washoe,Washoe County,13407,NEVP,Nevada Power Company
32031,NV,Washoe,Washoe County,14378,PACW,PacifiCorp - West
32033,NV,White Pine,White Pine County,13407,NEVP,Nevada Power Company
32510,NV,Carson City,Carson City,13407,NEVP,Nevada Power Company
33001,NH,Belknap,Belknap County,13434,ISNE,ISO New England Inc.
33003,NH,Carroll,Carroll County,13434,ISNE,ISO New England Inc.
33005,NH,Cheshire,Cheshire County,13434,ISNE,ISO New England Inc.
33007,NH,Coos,Coos County,13434,ISNE,ISO New England Inc.
33009,NH,Grafton,Grafton County,13434,ISNE,ISO New England Inc.
33011,NH,Hillsborough,Hillsborough County,13434,ISNE,ISO New England Inc.
33013,NH,Merrimack,Merrimack County,13434,ISNE,ISO New England Inc.
33015,NH,Rockingham,Rockingham County,13434,ISNE,ISO New England Inc.
33017,NH,Strafford,Strafford County,13434,ISNE,ISO New England Inc.
33019,NH,Sullivan,Sullivan County,13434,ISNE,ISO New England Inc.
34001,NJ,Atlantic,Atlantic County,14725,PJM,"PJM Interconnection, LLC"
34003,NJ,Bergen,Bergen County,13501,NYIS,New York Independent System Operator
34003,NJ,Bergen,Bergen County,14725,PJM,"PJM Interconnection, LLC"
34005,NJ,Burlington,Burlington County,14725,PJM,"PJM Interconnection, LLC"
34007,NJ,Camden,Camden County,14725,PJM,"PJM Interconnection, LLC"
34009,NJ,Cape May,Cape May County,14725,PJM,"PJM Interconnection, LLC"
34011,NJ,Cumberland,Cumberland County,14725,PJM,"PJM Interconnection, LLC"
34013,NJ,Essex,Essex County,14725,PJM,"PJM Interconnection, LLC"
34015,NJ,Gloucester,Gloucester County,14725,PJM,"PJM Interconnection, LLC"
34017,NJ,Hudson,Hudson County,14725,PJM,"PJM Interconnection, LLC"
34019,NJ,Hunterdon,Hunterdon County,14725,PJM,"PJM Interconnection, LLC"
34021,NJ,Mercer,Mercer County,14725,PJM,"PJM Interconnection, LLC"
34023,NJ,Middlesex,Middlesex County,14725,PJM,"PJM Interconnection, LLC"
34025,NJ,Monmouth,Monmouth County,14725,PJM,"PJM Interconnection, LLC"
34027,NJ,Morris,Morris County,14725,PJM,"PJM Interconnection, LLC"
34029,NJ,Ocean,Ocean County,14725,PJM,"PJM Interconnection, LLC"
34031,NJ,Passaic,Passaic County,13501,NYIS,New York Independent System Operator
34031,NJ,Passaic,Passaic County,14725,PJM,"PJM Interconnection, LLC"
34033,NJ,Salem,Salem County,14725,PJM,"PJM Interconnection, LLC"
34035,NJ,Somerset,Somerset County,14725,PJM,"PJM Interconnection, LLC"
34037,NJ,Sussex,Sussex County,13501,NYIS,New York Independent System Operator
34037,NJ,Sussex,Sussex County,14725,PJM,"PJM Interconnection, LLC"
34039,NJ,Union,Union County,14725,PJM,"PJM Interconnection, LLC"
34041,NJ,Warren,Warren County,14725,PJM,"PJM Interconnection, LLC"
35001,NM,Bernalillo,Bernalillo County,15473,PNM,Public Service Company of New Mexico
35003,NM,Catron,Catron County,15473,PNM,Public Service Company of New Mexico
35003,NM,Catron,Catron County,24211,TEPC,Tucson Electric Power Company
35005,NM,Chaves,Chaves County,15473,PNM,Public Service Company of New Mexico
35005,NM,Chaves,Chaves County,59504,SWPP,Southwest Power Pool
35006,NM,Cibola,Cibola County,15473,PNM,Public Service Company of New Mexico
35007,NM,Colfax,Colfax County,15466,PSCO,Public Service Company of Colorado
35007,NM,Colfax,Colfax County,15473,PNM,Public Service Company of New Mexico
35009,NM,Curry,Curry County,15473,PNM,Public Service Company of New Mexico
35009,NM,Curry,Curry County,59504,SWPP,Southwest Power Pool
35011,NM,De Baca,De Baca County,15473,PNM,Public Service Company of New Mexico
35011,NM,De Baca,De Baca County,59504,SWPP,Southwest Power Pool
35013,NM,Dona Ana,Doña Ana County,5701,EPE,El Paso Electric Company
35013,NM,Dona Ana,Doña Ana County,15473,PNM,Public Service Company of New Mexico
35015,NM,Eddy,Eddy County,5701,EPE,El Paso Electric Company
35015,NM,Eddy,Eddy County,59504,SWPP,Southwest Power Pool
35017,NM,Grant,Grant County,15473,PNM,Public Service Company of New Mexico
35017,NM,Grant,Grant County,25471,WALC,Western Area Power Administration - Desert Southwest Region
35019,NM,Guadalupe,Guadalupe County,15473,PNM,Public Service Company of New Mexico
35019,NM,Guadalupe,Guadalupe County,59504,SWPP,Southwest Power Pool
35021,NM,Harding,Harding County,15473,PNM,Public Service Company of New Mexico
35021,NM,Harding,Harding County,59504,SWPP,Southwest Power Pool
35023,NM,Hidalgo,Hidalgo County,15473,PNM,Public Service Company of New Mexico
35023,NM,Hidalgo,Hidalgo County,25471,WALC,Western Area Power Administration - Desert Southwest Region
35025,NM,Lea,Lea County,59504,SWPP,Southwest Power Pool
35027,NM,Lincoln,Lincoln County,15473,PNM,Public Service Company of New Mexico
35028,NM,Los Alamos,Los Alamos County,15473,PNM,Public Service Company of New Mexico
35029,NM,Luna,Luna County,5701,EPE,El Paso Electric Company
35029,NM,Luna,Luna County,15473,PNM,Public Service Company of New Mexico
35031,NM,McKinley,McKinley County,14379,PACE,PacifiCorp - East
35031,NM,McKinley,McKinley County,15473,PNM,Public Service Company of New Mexico
35031,NM,McKinley,McKinley County,25471,WALC,Western Area Power Administration - Desert Southwest Region
35033,NM,Mora,Mora County,15473,PNM,Public Service Company of New Mexico
35035,NM,Otero,Otero County,5701,EPE,El Paso Electric Company
35035,NM,Otero,Otero County,15473,PNM,Public Service Company of New Mexico
35035,NM,Otero,Otero County,59504,SWPP,Southwest Power Pool
35037,NM,Quay,Quay County,15473,PNM,Public Service Company of New Mexico
35037,NM,Quay,Quay County,59504,SWPP,Southwest Power Pool
35039,NM,Rio Arriba,Rio Arriba County,15473,PNM,Public Service Company of New Mexico
35039,NM,Rio Arriba,Rio Arriba County,25471,WALC,Western Area Power Administration - Desert Southwest Region
35039,NM,Rio Arriba,Rio Arriba County,28503,WACM,Western Area Power Administration - Rocky Mountain Region
35041,NM,Roosevelt,Roosevelt County,59504,SWPP,Southwest Power Pool
35043,NM,Sandoval,Sandoval County,15473,PNM,Public Service Company of New Mexico
35043,NM,Sandoval,Sandoval County,25471,WALC,Western Area Power Administration - Desert Southwest Region
35045,NM,San Juan,San Juan County,14379,PACE,PacifiCorp - East
35045,NM,San Juan,San Juan County,15473,PNM,Public Service Company of New Mexico
35045,NM,San Juan,San Juan County,25471,WALC,Western Area Power Administration - Desert Southwest Region
35045,NM,San Juan,San Juan County,28503,WACM,Western Area Power Administration - Rocky Mountain Region
35047,NM,San Miguel,San Miguel County,15473,PNM,Public Service Company of New Mexico
35047,NM,San Miguel,San Miguel County,59504,SWPP,Southwest Power Pool
35049,NM,Santa Fe,Santa Fe County,15473,PNM,Public Service Company of New Mexico
35049,NM,Santa Fe,Santa Fe County,25471,WALC,Western Area Power Administration - Desert Southwest Region
35051,NM,Sierra,Sierra County,5701,EPE,El Paso Electric Company
35051,NM,Sierra,Sierra County,15473,PNM,Public Service Company of New Mexico
35053,NM,Socorro,Socorro County,15473,PNM,Public Service Company of New Mexico
35055,NM,Taos,Taos County,15473,PNM,Public Service Company of New Mexico
35057,NM,Torrance,Torrance County,15473,PNM,Public Service Company of New Mexico
35059,NM,Union,Union County,15473,PNM,Public Service Company of New Mexico
35059,NM,Union,Union County,59504,SWPP,Southwest Power Pool
35061,NM,Valencia,Valencia County,15473,PNM,Public Service Company of New Mexico
36001,NY,Albany,Albany County,13501,NYIS,New York Independent System Operator
36003,NY,Allegany,Allegany County,13501,NYIS,New York Independent System Operator
36005,NY,Bronx,Bronx County,13501,NYIS,New York Independent System Operator
36007,NY,Broome,Broome County,13501,NYIS,New York Independent System Operator
36009,NY,Cattaraugus,Cattaraugus County,13501,NYIS,New York Independent System Operator
36011,NY,Cayuga,Cayuga County,13501,NYIS,New York Independent System Operator
36013,NY,Chautauqua,Chautauqua County,13501,NYIS,New York Independent System Operator
36015,NY,Chemung,Chemung County,13501,NYIS,New York Independent System Operator
36015,NY,Chemung,Chemung County,14725,PJM,"PJM Interconnection, LLC"
36017,NY,Chenango,Chenango County,13501,NYIS,New York Independent System Operator
36019,NY,Clinton,Clinton County,13501,NYIS,New York Independent System Operator
36021,NY,Columbia,Columbia County,13501,NYIS,New York Independent System Operator
36023,NY,Cortland,Cortland County,13501,NYIS,New York Independent System Operator
36025,NY,Delaware,Delaware County,13501,NYIS,New York Independent System Operator
36027,NY,Dutchess,Dutchess County,13501,NYIS,New York Independent System Operator
36029,NY,Erie,Erie County,13501,NYIS,New York Independent System Operator
36031,NY,Essex,Essex County,13501,NYIS,New York Independent System Operator
36033,NY,Franklin,Franklin County,13501,NYIS,New York Independent System Operator
36035,NY,Fulton,Fulton County,13501,NYIS,New York Independent System Operator
36037,NY,Genesee,Genesee County,13501,NYIS,New York Independent System Operator
36039,NY,Greene,Greene County,13501,NYIS,New York Independent System Operator
36041,NY,Hamilton,Hamilton County,13501,NYIS,New York Independent System Operator
36043,NY,Herkimer,Herkimer County,13501,NYIS,New York Independent System Operator
36045,NY,Jefferson,Jefferson County,13501,NYIS,New York Independent System Operator
36047,NY,Kings,Kings County,13501,NYIS,New York Independent System Operator
36049,NY,Lewis,Lewis County,13501,NYIS,New York Independent System Operator
36051,NY,Livingston,Livingston County,13501,NYIS,New York Independent System Operator
36053,NY,Madison,Madison County,13501,NYIS,New York Independent System Operator
36055,NY,Monroe,Monroe County,13501,NYIS,New York Independent System Operator
36057,NY,Montgomery,Montgomery County,13501,NYIS,New York Independent System Operator
36059,NY,Nassau,Nassau County,13501,NYIS,New York Independent System Operator
36061,NY,New York,New York County,13501,NYIS,New York Independent System Operator
36063,NY,Niagara,Niagara County,13501,NYIS,New York Independent System Operator
36065,NY,Oneida,Oneida County,13501,NYIS,New York Independent System Operator
36067,NY,Onondaga,Onondaga County,13501,NYIS,New York Independent System Operator
36069,NY,Ontario,Ontario County,13501,NYIS,New York Independent System Operator
36071,NY,Orange,Orange County,13501,NYIS,New York Independent System Operator
36073,NY,Orleans,Orleans County,13501,NYIS,New York Independent System Operator
36075,NY,Oswego,Oswego County,13501,NYIS,New York Independent System Operator
36077,NY,Otsego,Otsego County,13501,NYIS,New York Independent System Operator
36079,NY,Putnam,Putnam County,13501,NYIS,New York Independent System Operator
36081,NY,Queens,Queens County,13501,NYIS,New York Independent System Operator
36083,NY,Rensselaer,Rensselaer County,13501,NYIS,New York Independent System Operator
36085,NY,Richmond,Richmond County,13501,NYIS,New York Independent System Operator
36087,NY,Rockland,Rockland County,13501,NYIS,New York Independent System Operator
36089,NY,St. Lawrence,St. Lawrence County,13501,NYIS,New York Independent System Operator
36091,NY,Saratoga,Saratoga County,13501,NYIS,New York Independent System Operator
36093,NY,Schenectady,Schenectady County,13501,NYIS,New York Independent System Operator
36095,NY,Schoharie,Schoharie County,13501,NYIS,New York Independent System Operator
36097,NY,Schuyler,Schuyler County,13501,NYIS,New York Independent System Operator
36099,NY,Seneca,Seneca County,13501,NYIS,New York Independent System Operator
36101,NY,Steuben,Steuben County,13501,NYIS,New York Independent System Operator
36103,NY,Suffolk,Suffolk County,13434,ISNE,ISO New England Inc.
36103,NY,Suffolk,Suffolk County,13501,NYIS,New York Independent System Operator
36105,NY,Sullivan,Sullivan County,13501,NYIS,New York Independent System Operator
36107,NY,Tioga,Tioga County,13501,NYIS,New York Independent System Operator
36107,NY,Tioga,Tioga County,14725,PJM,"PJM Interconnection, LLC"
36109,NY,Tompkins,Tompkins County,13501,NYIS,New York Independent System Operator
36111,NY,Ulster,Ulster County,13501,NYIS,New York Independent System Operator
36113,NY,Warren,Warren County,13501,NYIS,New York Independent System Operator
36115,NY,Washington,Washington County,13501,NYIS,New York Independent System Operator
36117,NY,Wayne,Wayne County,13501,NYIS,New York Independent System Operator
36119,NY,Westchester,Westchester County,13501,NYIS,New York Independent System Operator
36121,NY,Wyoming,Wyoming County,13501,NYIS,New York Independent System Operator
36123,NY,Yates,Yates County,13501,NYIS,New York Independent System Operator
37001,NC,Alamance,Alamance County,3046,CPLE,Duke Energy Progress East
37001,NC,Alamance,Alamance County,5416,DUK,Duke Energy Carolinas
37003,NC,Alexander,Alexander County,5416,DUK,Duke Energy Carolinas
37005,NC,Alleghany,Alleghany County,5416,DUK,Duke Energy Carolinas
37007,NC,Anson,Anson County,3046,CPLE,Duke Energy Progress East
37007,NC,Anson,Anson County,5416,DUK,Duke Energy Carolinas
37009,NC,Ashe,Ashe County,5416,DUK,Duke Energy Carolinas
37011,NC,Avery,Avery County,3046,CPLE,Duke Energy Progress East
37011,NC,Avery,Avery County,5416,DUK,Duke Energy Carolinas
37011,NC,Avery,Avery County,18642,TVA,Tennessee Valley Authority
37013,NC,Beaufort,Beaufort County,3046,CPLE,Duke Energy Progress East
37013,NC,Beaufort,Beaufort County,14725,PJM,"PJM Interconnection, LLC"
37015,NC,Bertie,Bertie County,14725,PJM,"PJM Interconnection, LLC"
37017,NC,Bladen,Bladen County,3046,CPLE,Duke Energy Progress East
37019,NC,Brunswick,Brunswick County,3046,CPLE,Duke Energy Progress East
37019,NC,Brunswick,Brunswick County,14725,PJM,"PJM Interconnection, LLC"
37021,NC,Buncombe,Buncombe County,3046,CPLE,Duke Energy Progress East
37021,NC,Buncombe,Buncombe County,5416,DUK,Duke Energy Carolinas
37023,NC,Burke,Burke County,5416,DUK,Duke Energy Carolinas
37023,NC,Burke,Burke County,18642,TVA,Tennessee Valley Authority
37025,NC,Cabarrus,Cabarrus County,5416,DUK,Duke Energy Carolinas
37025,NC,Cabarrus,Cabarrus County,14725,PJM,"PJM Interconnection, LLC"
37027,NC,Caldwell,Caldwell County,5416,DUK,Duke Energy Carolinas
37029,NC,Camden,Camden County,14725,PJM,"PJM Interconnection, LLC"
37031,NC,Carteret,Carteret County,3046,CPLE,Duke Energy Progress East
37033,NC,Caswell,Caswell County,3046,CPLE,Duke Energy Progress East
37033,NC,Caswell,Caswell County,5416,DUK,Duke Energy Carolinas
37035,NC,Catawba,Catawba County,5416,DUK,Duke Energy Carolinas
37037,NC,Chatham,Chatham County,3046,CPLE,Duke Energy Progress East
37037,NC,Chatham,Chatham County,5416,DUK,Duke Energy Carolinas
37039,NC,Cherokee,Cherokee County,5416,DUK,Duke Energy Carolinas
37039,NC,Cherokee,Cherokee County,18642,TVA,Tennessee Valley Authority
37041,NC,Chowan,Chowan County,3046,CPLE,Duke Energy Progress East
37041,NC,Chowan,Chowan County,14725,PJM,"PJM Interconnection, LLC"
37043,NC,Clay,Clay County,5416,DUK,Duke Energy Carolinas
37045,NC,Cleveland,Cleveland County,5416,DUK,Duke Energy Carolinas
37047,NC,Columbus,Columbus County,3046,CPLE,Duke Energy Progress East
37049,NC,Craven,Craven County,3046,CPLE,Duke Energy Progress East
37049,NC,Craven,Craven County,14725,PJM,"PJM Interconnection, LLC"
37051,NC,Cumberland,Cumberland County,3046,CPLE,Duke Energy Progress East
37051,NC,Cumberland,Cumberland County,14725,PJM,"PJM Interconnection, LLC"
37053,NC,Currituck,Currituck County,14725,PJM,"PJM Interconnection, LLC"
37055,NC,Dare,Dare County,14725,PJM,"PJM Interconnection, LLC"
37057,NC,Davidson,Davidson County,5416,DUK,Duke Energy Carolinas
37059,NC,Davie,Davie County,5416,DUK,Duke Energy Carolinas
37061,NC,Duplin,Duplin County,3046,CPLE,Duke Energy Progress East
37063,NC,Durham,Durham County,3046,CPLE,Duke Energy Progress East
37063,NC,Durham,Durham County,5416,DUK,Duke Energy Carolinas
37065,NC,Edgecombe,Edgecombe County,3046,CPLE,Duke Energy Progress East
37065,NC,Edgecombe,Edgecombe County,14725,PJM,"PJM Interconnection, LLC"
37067,NC,Forsyth,Forsyth County,5416,DUK,Duke Energy Carolinas
37069,NC,Franklin,Franklin County,3046,CPLE,Duke Energy Progress East
37071,NC,Gaston,Gaston County,5416,DUK,Duke Energy Carolinas
37073,NC,Gates,Gates County,14725,PJM,"PJM Interconnection, LLC"
37075,NC,Graham,Graham County,5416,DUK,Duke Energy Carolinas
37075,NC,Graham,Graham County,18642,TVA,Tennessee Valley Authority
37077,NC,Granville,Granville County,3046,CPLE,Duke Energy Progress East
37077,NC,Granville,Granville County,5416,DUK,Duke Energy Carolinas
37077,NC,Granville,Granville County,14725,PJM,"PJM Interconnection, LLC"
37079,NC,Greene,Greene County,3046,CPLE,Duke Energy Progress East
37081,NC,Guilford,Guilford County,3046,CPLE,Duke Energy Progress East
37081,NC,Guilford,Guilford County,5416,DUK,Duke Energy Carolinas
37083,NC,Halifax,Halifax County,3046,CPLE,Duke Energy Progress East
37083,NC,Halifax,Halifax County,14725,PJM,"PJM Interconnection, LLC"
37085,NC,Harnett,Harnett County,3046,CPLE,Duke Energy Progress East
37087,NC,Haywood,Haywood County,3046,CPLE,Duke Energy Progress East
37087,NC,Haywood,Haywood County,5416,DUK,Duke Energy Carolinas
37089,NC,Henderson,Henderson County,3046,CPLE,Duke Energy Progress East
37089,NC,Henderson,Henderson County,5416,DUK,Duke Energy Carolinas
37091,NC,Hertford,Hertford County,14725,PJM,"PJM Interconnection, LLC"
37093,NC,Hoke,Hoke County,3046,CPLE,Duke Energy Progress East
37095,NC,Hyde,Hyde County,14725,PJM,"PJM Interconnection, LLC"
37097,NC,Iredell,Iredell County,5416,DUK,Duke Energy Carolinas
37099,NC,Jackson,Jackson County,3046,CPLE,Duke Energy Progress East
37099,NC,Jackson,Jackson County,5416,DUK,Duke Energy Carolinas
37101,NC,Johnston,Johnston County,3046,CPLE,Duke Energy Progress East
37103,NC,Jones,Jones County,3046,CPLE,Duke Energy Progress East
37105,NC,Lee,Lee County,3046,CPLE,Duke Energy Progress East
37107,NC,Lenoir,Lenoir County,3046,CPLE,Duke Energy Progress East
37109,NC,Lincoln,Lincoln County,5416,DUK,Duke Energy Carolinas
37111,NC,McDowell,McDowell County,3046,CPLE,Duke Energy Progress East
37111,NC,McDowell,McDowell County,5416,DUK,Duke Energy Carolinas
37113,NC,Macon,Macon County,5416,DUK,Duke Energy Carolinas
37115,NC,Madison,Madison County,3046,CPLE,Duke Energy Progress East
37115,NC,Madison,Madison County,5416,DUK,Duke Energy Carolinas
37117,NC,Martin,Martin County,3046,CPLE,Duke Energy Progress East
37117,NC,Martin,Martin County,14725,PJM,"PJM Interconnection, LLC"
37119,NC,Mecklenburg,Mecklenburg County,5416,DUK,Duke Energy Carolinas
37121,NC,Mitchell,Mitchell County,3046,CPLE,Duke Energy Progress East
37121,NC,Mitchell,Mitchell County,5416,DUK,Duke Energy Carolinas
37123,NC,Montgomery,Montgomery County,3046,CPLE,Duke Energy Progress East
37123,NC,Montgomery,Montgomery County,5416,DUK,Duke Energy Carolinas
37125,NC,Moore,Moore County,3046,CPLE,Duke Energy Progress East
37127,NC,Nash,Nash County,3046,CPLE,Duke Energy Progress East
37127,NC,Nash,Nash County,14725,PJM,"PJM Interconnection, LLC"
37129,NC,New Hanover,New Hanover County,3046,CPLE,Duke Energy Progress East
37131,NC,Northampton,Northampton County,14725,PJM,"PJM Interconnection, LLC"
37133,NC,Onslow,Onslow County,3046,CPLE,Duke Energy Progress East
37135,NC,Orange,Orange County,3046,CPLE,Duke Energy Progress East
37135,NC,Orange,Orange County,5416,DUK,Duke Energy Carolinas
37137,NC,Pamlico,Pamlico County,3046,CPLE,Duke Energy Progress East
37137,NC,Pamlico,Pamlico County,14725,PJM,"PJM Interconnection, LLC"
37139,NC,Pasquotank,Pasquotank County,3046,CPLE,Duke Energy Progress East
37139,NC,Pasquotank,Pasquotank County,14725,PJM,"PJM Interconnection, LLC"
37141,NC,Pender,Pender County,3046,CPLE,Duke Energy Progress East
37143,NC,Perquimans,Perquimans County,3046,CPLE,Duke Energy Progress East
37143,NC,Perquimans,Perquimans County,14725,PJM,"PJM Interconnection, LLC"
37145,NC,Person,Person County,3046,CPLE,Duke Energy Progress East
37145,NC,Person,Person County,5416,DUK,Duke Energy Carolinas
37145,NC,Person,Person County,14725,PJM,"PJM Interconnection, LLC"
37147,NC,Pitt,Pitt County,3046,CPLE,Duke Energy Progress East
37147,NC,Pitt,Pitt County,14725,PJM,"PJM Interconnection, LLC"
37149,NC,Polk,Polk County,5416,DUK,Duke Energy Carolinas
37151,NC,Randolph,Randolph County,3046,CPLE,Duke Energy Progress East
37151,NC,Randolph,Randolph County,5416,DUK,Duke Energy Carolinas
37153,NC,Richmond,Richmond County,3046,CPLE,Duke Energy Progress East
37155,NC,Robeson,Robeson County,3046,CPLE,Duke Energy Progress East
37157,NC,Rockingham,Rockingham County,5416,DUK,Duke Energy Carolinas
37159,NC,Rowan,Rowan County,5416,DUK,Duke Energy Carolinas
37161,NC,Rutherford,Rutherford County,3046,CPLE,Duke Energy Progress East
37161,NC,Rutherford,Rutherford County,5416,DUK,Duke Energy Carolinas
37163,NC,Sampson,Sampson County,3046,CPLE,Duke Energy Progress East
37165,NC,Scotland,Scotland County,3046,CPLE,Duke Energy Progress East
37167,NC,Stanly,Stanly County,3046,CPLE,Duke Energy Progress East
37167,NC,Stanly,Stanly County,5416,DUK,Duke Energy Carolinas
37169,NC,Stokes,Stokes County,5416,DUK,Duke Energy Carolinas
37171,NC,Surry,Surry County,5416,DUK,Duke Energy Carolinas
37173,NC,Swain,Swain County,5416,DUK,Duke Energy Carolinas
37175,NC,Transylvania,Transylvania County,5416,DUK,Duke Energy Carolinas
37177,NC,Tyrrell,Tyrrell County,14725,PJM,"PJM Interconnection, LLC"
37179,NC,Union,Union County,3046,CPLE,Duke Energy Progress East
37179,NC,Union,Union County,5416,DUK,Duke Energy Carolinas
37181,NC,Vance,Vance County,3046,CPLE,Duke Energy Progress East
37181,NC,Vance,Vance County,14725,PJM,"PJM Interconnection, LLC"
37183,NC,Wake,Wake County,3046,CPLE,Duke Energy Progress East
37183,NC,Wake,Wake County,5416,DUK,Duke Energy Carolinas
37185,NC,Warren,Warren County,3046,CPLE,Duke Energy Progress East
37185,NC,Warren,Warren County,14725,PJM,"PJM Interconnection, LLC"
37187,NC,Washington,Washington County,14725,PJM,"PJM Interconnection, LLC"
37189,NC,Watauga,Watauga County,5416,DUK,Duke Energy Carolinas
37189,NC,Watauga,Watauga County,18642,TVA,Tennessee Valley Authority
37191,NC,Wayne,Wayne County,3046,CPLE,Duke Energy Progress East
37193,NC,Wilkes,Wilkes County,5416,DUK,Duke Energy Carolinas
37195,NC,Wilson,Wilson County,3046,CPLE,Duke Energy Progress East
37195,NC,Wilson,Wilson County,14725,PJM,"PJM Interconnection, LLC"
37197,NC,Yadkin,Yadkin County,5416,DUK,Duke Energy Carolinas
37199,NC,Yancey,Yancey County,3046,CPLE,Duke Energy Progress East
38001,ND,Adams,Adams County,56669,MISO,"Midcontinent Independent Transmission System Operator, Inc.."
38001,ND,Adams,Adams County,59504,SWPP,Southwest Power Pool
38003,ND,Barnes,Barnes County,56669,MISO,"Midcontinent Independent Transmission System Operator, Inc.."
38003,ND,Barnes,Barnes County,59504,SWPP,Southwest Power Pool
38005,ND,Benson,Benson County,56669,MISO,"Midcontinent Independent Transmission System Operator, Inc.."
38005,ND,Benson,Benson County,59504,SWPP,Southwest Power Pool
38007,ND,Billings,Billings County,56669,MISO,"Midcontinent Independent Transmission System Operator, Inc.."
38007,ND,Billings,Billings County,59504,SWPP,Southwest Power Pool
38009,ND,Bottineau,Bottineau County,56669,MISO,"Midcontinent Independent Transmission System Operator, Inc.."
38011,ND,Bowman,Bowman County,56669,MISO,"Midcontinent Independent Transmission System Operator, Inc.."
38011,ND,Bowman,Bowman County,59504,SWPP,Southwest Power Pool
38013,ND,Burke,Burke County,56669,MISO,"Midcontinent Independent Transmission System Operator, Inc.."
38013,ND,Burke,Burke County,59504,SWPP,Southwest Power Pool
38015,ND,Burleigh,Burleigh County,56669,MISO,"Midcontinent Independent Transmission System Operator, Inc.."
38015,ND,Burleigh,Burleigh County,59504,SWPP,Southwest Power Pool
38017,ND,Cass,Cass County,56669,MISO,"Midcontinent Independent Transmission System Operator, Inc.."
38017,ND,Cass,Cass County,59504,SWPP,Southwest Power Pool
38019,ND,Cavalier,Cavalier County,56669,MISO,"Midcontinent Independent Transmission System Operator, Inc.."
38021,ND,Dickey,Dickey County,56669,MISO,"Midcontinent Independent Transmission System Operator, Inc.."
38021,ND,Dickey,Dickey County,59504,SWPP,Southwest Power Pool
38023,ND,Divide,Divide County,56669,MISO,"Midcontinent Independent Transmission System Operator, Inc.."
38023,ND,Divide,Divide County,59504,SWPP,Southwest Power Pool
38025,ND,Dunn,Dunn County,56669,MISO,"Midcontinent Independent Transmission System Operator, Inc.."
38025,ND,Dunn,Dunn County,59504,SWPP,Southwest Power Pool
38027,ND,Eddy,Eddy County,56669,MISO,"Midcontinent Independent Transmission System Operator, Inc.."
38027,ND,Eddy,Eddy County,59504,SWPP,Southwest Power Pool
38029,ND,Emmons,Emmons County,56669,MISO,"Midcontinent Independent Transmission System Operator, Inc.."
38029,ND,Emmons,Emmons County,59504,SWPP,Southwest Power Pool
38031,ND,Foster,Foster County,56669,MISO,"Midcontinent Independent Transmission System Operator, Inc.."
38031,ND,Foster,Foster County,59504,SWPP,Southwest Power Pool
38033,ND,Golden Valley,Golden Valley County,56669,MISO,"Midcontinent Independent Transmission System Operator, Inc.."
38033,ND,Golden Valley,Golden Valley County,59504,SWPP,Southwest Power Pool
38035,ND,Grand Forks,Grand Forks County,56669,MISO,"Midcontinent Independent Transmission System Operator, Inc.."
38035,ND,Grand Forks,Grand Forks County,59504,SWPP,Southwest Power Pool
38037,ND,Grant,Grant County,56669,MISO,"Midcontinent Independent Transmission System Operator, Inc.."
38037,ND,Grant,Grant County,59504,SWPP,Southwest Power Pool
38039,ND,Griggs,Griggs County,56669,MISO,"Midcontinent Independent Transmission System Operator, Inc.."
38039,ND,Griggs,Griggs County,59504,SWPP,Southwest Power Pool
38041,ND,Hettinger,Hettinger County,56669,MISO,"Midcontinent Independent Transmission System Operator, Inc.."
38041,ND,Hettinger,Hettinger County,59504,SWPP,Southwest Power Pool
38043,ND,Kidder,Kidder County,56669,MISO,"Midcontinent Independent Transmission System Operator, Inc.."
38043,ND,Kidder,Kidder County,59504,SWPP,Southwest Power Pool
38045,ND,LaMoure,LaMoure County,56669,MISO,"Midcontinent Independent Transmission System Operator, Inc.."
38045,ND,LaMoure,LaMoure County,59504,SWPP,Southwest Power Pool
38047,ND,Logan,Logan County,56669,MISO,"Midcontinent Independent Transmission System Operator, Inc.."
38047,ND,Logan,Logan County,59504,SWPP,Southwest Power Pool
38049,ND,McHenry,McHenry County,56669,MISO,"Midcontinent Independent Transmission System Operator, Inc.."
38049,ND,McHenry,McHenry County,59504,SWPP,Southwest Power Pool
38051,ND,McIntosh,McIntosh County,56669,MISO,"Midcontinent Independent Transmission System Operator, Inc.."
38051,ND,McIntosh,McIntosh County,59504,SWPP,Southwest Power Pool
38053,ND,McKenzie,McKenzie County,56669,MISO,"Midcontinent Independent Transmission System Operator, Inc.."
38053,ND,McKenzie,McKenzie County,59504,SWPP,Southwest Power Pool
38055,ND,McLean,McLean County,56669,MISO,"Midcontinent Independent Transmission System Operator, Inc.."
38055,ND,McLean,McLean County,59504,SWPP,Southwest Power Pool
38057,ND,Mercer,Mercer County,28503,WACM,Western Area Power Administration - Rocky Mountain Region
38057,ND,Mercer,Mercer County,56669,MISO,"Midcontinent Independent Transmission System Operator, Inc.."
38057,ND,Mercer,Mercer County,59504,SWPP,Southwest Power Pool
38059,ND,Morton,Morton County,56669,MISO,"Midcontinent Independent Transmission System Operator, Inc.."
38059,ND,Morton,Morton County,59504,SWPP,Southwest Power Pool
38061,ND,Mountrail,Mountrail County,56669,MISO,"Midcontinent Independent Transmission System Operator, Inc.."
38061,ND,Mountrail,Mountrail County,59504,SWPP,Southwest Power Pool
38063,ND,Nelson,Nelson County,56669,MISO,"Midcontinent Independent Transmission System Operator, Inc.."
38063,ND,Nelson,Nelson County,59504,SWPP,Southwest Power Pool
38065,ND,Oliver,Oliver County,56669,MISO,"Midcontinent Independent Transmission System Operator, Inc.."
38065,ND,Oliver,Oliver County,59504,SWPP,Southwest Power Pool
38067,ND,Pembina,Pembina County,56669,MISO,"Midcontinent Independent Transmission System Operator, Inc.."
38069,ND,Pierce,Pierce County,56669,MISO,"Midcontinent Independent Transmission System Operator, Inc.."
38069,ND,Pierce,Pierce County,59504,SWPP,Southwest Power Pool
38071,ND,Ramsey,Ramsey County,56669,MISO,"Midcontinent Independent Transmission System Operator, Inc.."
38071,ND,Ramsey,Ramsey County,59504,SWPP,Southwest Power Pool
38073,ND,Ransom,Ransom County,56669,MISO,"Midcontinent Independent Transmission System Operator, Inc.."
38073,ND,Ransom,Ransom County,59504,SWPP,Southwest Power Pool
38075,ND,Renville,Renville County,56669,MISO,"Midcontinent Independent Transmission System Operator, Inc.."
38075,ND,Renville,Renville County,59504,SWPP,Southwest Power Pool
38077,ND,Richland,Richland County,56669,MISO,"Midcontinent Independent Transmission System Operator, Inc.."
38077,ND,Richland,Richland County,59504,SWPP,Southwest Power Pool
38079,ND,Rolette,Rolette County,56669,MISO,"Midcontinent Independent Transmission System Operator, Inc.."
38081,ND,Sargent,Sargent County,56669,MISO,"Midcontinent Independent Transmission System Operator, Inc.."
38081,ND,Sargent,Sargent County,59504,SWPP,Southwest Power Pool
38083,ND,Sheridan,Sheridan County,56669,MISO,"Midcontinent Independent Transmission System Operator, Inc.."
38083,ND,Sheridan,Sheridan County,59504,SWPP,Southwest Power Pool
38085,ND,Sioux,Sioux County,56669,MISO,"Midcontinent Independent Transmission System Operator, Inc.."
38085,ND,Sioux,Sioux County,59504,SWPP,Southwest Power Pool
38087,ND,Slope,Slope County,56669,MISO,"Midcontinent Independent Transmission System Operator, Inc.."
38087,ND,Slope,Slope County,59504,SWPP,Southwest Power Pool
38089,ND,Stark,Stark County,56669,MISO,"Midcontinent Independent Transmission System Operator, Inc.."
38089,ND,Stark,Stark County,59504,SWPP,Southwest Power Pool
38091,ND,Steele,Steele County,56669,MISO,"Midcontinent Independent Transmission System Operator, Inc.."
38091,ND,Steele,Steele County,59504,SWPP,Southwest Power Pool
38093,ND,Stutsman,Stutsman County,56669,MISO,"Midcontinent Independent Transmission System Operator, Inc.."
38093,ND,Stutsman,Stutsman County,59504,SWPP,Southwest Power Pool
38095,ND,Towner,Towner County,56669,MISO,"Midcontinent Independent Transmission System Operator, Inc.."
38095,ND,Towner,Towner County,59504,SWPP,Southwest Power Pool
38097,ND,Traill,Traill County,56669,MISO,"Midcontinent Independent Transmission System Operator, Inc.."
38097,ND,Traill,Traill County,59504,SWPP,Southwest Power Pool
38099,ND,Walsh,Walsh County,56669,MISO,"Midcontinent Independent Transmission System Operator, Inc.."
38101,ND,Ward,Ward County,56669,MISO,"Midcontinent Independent Transmission System Operator, Inc.."
38101,ND,Ward,Ward County,59504,SWPP,Southwest Power Pool
38103,ND,Wells,Wells County,56669,MISO,"Midcontinent Independent Transmission System Operator, Inc.."
38103,ND,Wells,Wells County,59504,SWPP,Southwest Power Pool
38105,ND,Williams,Williams County,56669,MISO,"Midcontinent Independent Transmission System Operator, Inc.."
38105,ND,Williams,Williams County,59504,SWPP,Southwest Power Pool
39001,OH,Adams,Adams County,14725,PJM,"PJM Interconnection, LLC"
39003,OH,Allen,Allen County,14725,PJM,"PJM Interconnection, LLC"
39005,OH,Ashland,Ashland County,14725,PJM,"PJM Interconnection, LLC"
39007,OH,Ashtabula,Ashtabula County,14725,PJM,"PJM Interconnection, LLC"
39009,OH,Athens,Athens County,14725,PJM,"PJM Interconnection, LLC"
39011,OH,Auglaize,Auglaize County,14725,PJM,"PJM Interconnection, LLC"
39013,OH,Belmont,Belmont County,14725,PJM,"PJM Interconnection, LLC"
39015,OH,Brown,Brown County,14725,PJM,"PJM Interconnection, LLC"
39017,OH,Butler,Butler County,14725,PJM,"PJM Interconnection, LLC"
39019,OH,Carroll,Carroll County,14725,PJM,"PJM Interconnection, LLC"
39021,OH,Champaign,Champaign County,14725,PJM,"PJM Interconnection, LLC"
39023,OH,Clark,Clark County,14725,PJM,"PJM Interconnection, LLC"
39025,OH,Clermont,Clermont County,14725,PJM,"PJM Interconnection, LLC"
39027,OH,Clinton,Clinton County,14725,PJM,"PJM Interconnection, LLC"
39029,OH,Columbiana,Columbiana County,14725,PJM,"PJM Interconnection, LLC"
39031,OH,Coshocton,Coshocton County,14725,PJM,"PJM Interconnection, LLC"
39033,OH,Crawford,Crawford County,14725,PJM,"PJM Interconnection, LLC"
39035,OH,Cuyahoga,Cuyahoga County,14725,PJM,"PJM Interconnection, LLC"
39037,OH,Darke,Darke County,14725,PJM,"PJM Interconnection, LLC"
39039,OH,Defiance,Defiance County,14725,PJM,"PJM Interconnection, LLC"
39041,OH,Delaware,Delaware County,14725,PJM,"PJM Interconnection, LLC"
39043,OH,Erie,Erie County,14725,PJM,"PJM Interconnection, LLC"
39045,OH,Fairfield,Fairfield County,14725,PJM,"PJM Interconnection, LLC"
39047,OH,Fayette,Fayette County,14725,PJM,"PJM Interconnection, LLC"
39049,OH,Franklin,Franklin County,14725,PJM,"PJM Interconnection, LLC"
39051,OH,Fulton,Fulton County,14725,PJM,"PJM Interconnection, LLC"
39053,OH,Gallia,Gallia County,14725,PJM,"PJM Interconnection, LLC"
39055,OH,Geauga,Geauga County,14725,PJM,"PJM Interconnection, LLC"
39057,OH,Greene,Greene County,14725,PJM,"PJM Interconnection, LLC"
39059,OH,Guernsey,Guernsey County,14725,PJM,"PJM Interconnection, LLC"
39061,OH,Hamilton,Hamilton County,14725,PJM,"PJM Interconnection, LLC"
39063,OH,Hancock,Hancock County,14725,PJM,"PJM Interconnection, LLC"
39065,OH,Hardin,Hardin County,14725,PJM,"PJM Interconnection, LLC"
39067,OH,Harrison,Harrison County,14725,PJM,"PJM Interconnection, LLC"
39069,OH,Henry,Henry County,14725,PJM,"PJM Interconnection, LLC"
39071,OH,Highland,Highland County,14725,PJM,"PJM Interconnection, LLC"
39073,OH,Hocking,Hocking County,14725,PJM,"PJM Interconnection, LLC"
39075,OH,Holmes,Holmes County,14725,PJM,"PJM Interconnection, LLC"
39077,OH,Huron,Huron County,14725,PJM,"PJM Interconnection, LLC"
39079,OH,Jackson,Jackson County,14725,PJM,"PJM Interconnection, LLC"
39081,OH,Jefferson,Jefferson County,14725,PJM,"PJM Interconnection, LLC"
39083,OH,Knox,Knox County,14725,PJM,"PJM Interconnection, LLC"
39085,OH,Lake,Lake County,14725,PJM,"PJM Interconnection, LLC"
39087,OH,Lawrence,Lawrence County,14725,PJM,"PJM Interconnection, LLC"
39089,OH,Licking,Licking County,14725,PJM,"PJM Interconnection, LLC"
39091,OH,Logan,Logan County,14725,PJM,"PJM Interconnection, LLC"
39093,OH,Lorain,Lorain County,14725,PJM,"PJM Interconnection, LLC"
39095,OH,Lucas,Lucas County,14725,PJM,"PJM Interconnection, LLC"
39097,OH,Madison,Madison County,14725,PJM,"PJM Interconnection, LLC"
39099,OH,Mahoning,Mahoning County,14725,PJM,"PJM Interconnection, LLC"
39101,OH,Marion,Marion County,14725,PJM,"PJM Interconnection, LLC"
39103,OH,Medina,Medina County,14725,PJM,"PJM Interconnection, LLC"
39105,OH,Meigs,Meigs County,14725,PJM,"PJM Interconnection, LLC"
39107,OH,Mercer,Mercer County,14725,PJM,"PJM Interconnection, LLC"
39109,OH,Miami,Miami County,14725,PJM,"PJM Interconnection, LLC"
39111,OH,Monroe,Monroe County,14725,PJM,"PJM Interconnection, LLC"
39113,OH,Montgomery,Montgomery County,14725,PJM,"PJM Interconnection, LLC"
39115,OH,Morgan,Morgan County,14725,PJM,"PJM Interconnection, LLC"
39117,OH,Morrow,Morrow County,14725,PJM,"PJM Interconnection, LLC"
39119,OH,Muskingum,Muskingum County,14725,PJM,"PJM Interconnection, LLC"
39121,OH,Noble,Noble County,14725,PJM,"PJM Interconnection, LLC"
39123,OH,Ottawa,Ottawa County,14725,PJM,"PJM Interconnection, LLC"
39125,OH,Paulding,Paulding County,14725,PJM,"PJM Interconnection, LLC"
39127,OH,Perry,Perry County,14725,PJM,"PJM Interconnection, LLC"
39129,OH,Pickaway,Pickaway County,14725,PJM,"PJM Interconnection, LLC"
39131,OH,Pike,Pike County,14725,PJM,"PJM Interconnection, LLC"
39133,OH,Portage,Portage County,14725,PJM,"PJM Interconnection, LLC"
39135,OH,Preble,Preble County,14725,PJM,"PJM Interconnection, LLC"
39137,OH,Putnam,Putnam County,14725,PJM,"PJM Interconnection, LLC"
39139,OH,Richland,Richland County,14725,PJM,"PJM Interconnection, LLC"
39141,OH,Ross,Ross County,14725,PJM,"PJM Interconnection, LLC"
39143,OH,Sandusky,Sandusky County,14725,PJM,"PJM Interconnection, LLC"
39145,OH,Scioto,Scioto County,14725,PJM,"PJM Interconnection, LLC"
39147,OH,Seneca,Seneca County,14725,PJM,"PJM Interconnection, LLC"
39149,OH,Shelby,Shelby County,14725,PJM,"PJM Interconnection, LLC"
39151,OH,Stark,Stark County,14725,PJM,"PJM Interconnection, LLC"
39153,OH,Summit,Summit County,14725,PJM,"PJM Interconnection, LLC"
39155,OH,Trumbull,Trumbull County,14725,PJM,"PJM Interconnection, LLC"
39157,OH,Tuscarawas,Tuscarawas County,14725,PJM,"PJM Interconnection, LLC"
39159,OH,Union,Union County,14725,PJM,"PJM Interconnection, LLC"
39161,OH,Van Wert,Van Wert County,14725,PJM,"PJM Interconnection, LLC"
39163,OH,Vinton,Vinton County,14725,PJM,"PJM Interconnection, LLC"
39165,OH,Warren,Warren County,14725,PJM,"PJM Interconnection, LLC"
39167,OH,Washington,Washington County,14725,PJM,"PJM Interconnection, LLC"
39169,OH,Wayne,Wayne County,14725,PJM,"PJM Interconnection, LLC"
39171,OH,Williams,Williams County,14725,PJM,"PJM Interconnection, LLC"
39173,OH,Wood,Wood County,14725,PJM,"PJM Interconnection, LLC"
39175,OH,Wyandot,Wyandot County,14725,PJM,"PJM Interconnection, LLC"
40001,OK,Adair,Adair County,924,AECI,"Associated Electric Cooperative, Inc."
40001,OK,Adair,Adair County,59504,SWPP,Southwest Power Pool
40003,OK,Alfalfa,Alfalfa County,59504,SWPP,Southwest Power Pool
40005,OK,Atoka,Atoka County,924,AECI,"Associated Electric Cooperative, Inc."
40005,OK,Atoka,Atoka County,59504,SWPP,Southwest Power Pool
40007,OK,Beaver,Beaver County,59504,SWPP,Southwest Power Pool
40009,OK,Beckham,Beckham County,59504,SWPP,Southwest Power Pool
40011,OK,Blaine,Blaine County,59504,SWPP,Southwest Power Pool
40013,OK,Bryan,Bryan County,59504,SWPP,Southwest Power Pool
40015,OK,Caddo,Caddo County,59504,SWPP,Southwest Power Pool
40017,OK,Canadian,Canadian County,59504,SWPP,Southwest Power Pool
40019,OK,Carter,Carter County,59504,SWPP,Southwest Power Pool
40021,OK,Cherokee,Cherokee County,924,AECI,"Associated Electric Cooperative, Inc."
40021,OK,Cherokee,Cherokee County,59504,SWPP,Southwest Power Pool
40023,OK,Choctaw,Choctaw County,59504,SWPP,Southwest Power Pool
40025,OK,Cimarron,Cimarron County,15473,PNM,Public Service Company of New Mexico
40025,OK,Cimarron,Cimarron County,59504,SWPP,Southwest Power Pool
40027,OK,Cleveland,Cleveland County,59504,SWPP,Southwest Power Pool
40029,OK,Coal,Coal County,59504,SWPP,Southwest Power Pool
40031,OK,Comanche,Comanche County,59504,SWPP,Southwest Power Pool
40033,OK,Cotton,Cotton County,59504,SWPP,Southwest Power Pool
40035,OK,Craig,Craig County,59504,SWPP,Southwest Power Pool
40037,OK,Creek,Creek County,924,AECI,"Associated Electric Cooperative, Inc."
40037,OK,Creek,Creek County,59504,SWPP,Southwest Power Pool
40039,OK,Custer,Custer County,59504,SWPP,Southwest Power Pool
40041,OK,Delaware,Delaware County,924,AECI,"Associated Electric Cooperative, Inc."
40041,OK,Delaware,Delaware County,59504,SWPP,Southwest Power Pool
40043,OK,Dewey,Dewey County,59504,SWPP,Southwest Power Pool
40045,OK,Ellis,Ellis County,59504,SWPP,Southwest Power Pool
40047,OK,Garfield,Garfield County,924,AECI,"Associated Electric Cooperative, Inc."
40047,OK,Garfield,Garfield County,59504,SWPP,Southwest Power Pool
40049,OK,Garvin,Garvin County,17716,SPA,Southwestern Power Administration
40049,OK,Garvin,Garvin County,59504,SWPP,Southwest Power Pool
40051,OK,Grady,Grady County,59504,SWPP,Southwest Power Pool
40053,OK,Grant,Grant County,59504,SWPP,Southwest Power Pool
40055,OK,Greer,Greer County,59504,SWPP,Southwest Power Pool
40057,OK,Harmon,Harmon County,59504,SWPP,Southwest Power Pool
40059,OK,Harper,Harper County,59504,SWPP,Southwest Power Pool
40061,OK,Haskell,Haskell County,924,AECI,"Associated Electric Cooperative, Inc."
40061,OK,Haskell,Haskell County,59504,SWPP,Southwest Power Pool
40063,OK,Hughes,Hughes County,59504,SWPP,Southwest Power Pool
40065,OK,Jackson,Jackson County,59504,SWPP,Southwest Power Pool
40067,OK,Jefferson,Jefferson County,59504,SWPP,Southwest Power Pool
40069,OK,Johnston,Johnston County,59504,SWPP,Southwest Power Pool
40071,OK,Kay,Kay County,59504,SWPP,Southwest Power Pool
40073,OK,Kingfisher,Kingfisher County,924,AECI,"Associated Electric Cooperative, Inc."
40073,OK,Kingfisher,Kingfisher County,59504,SWPP,Southwest Power Pool
40075,OK,Kiowa,Kiowa County,59504,SWPP,Southwest Power Pool
40077,OK,Latimer,Latimer County,924,AECI,"Associated Electric Cooperative, Inc."
40077,OK,Latimer,Latimer County,59504,SWPP,Southwest Power Pool
40079,OK,Le Flore,Le Flore County,924,AECI,"Associated Electric Cooperative, Inc."
40079,OK,Le Flore,Le Flore County,56669,MISO,"Midcontinent Independent Transmission System Operator, Inc.."
40079,OK,Le Flore,Le Flore County,59504,SWPP,Southwest Power Pool
40081,OK,Lincoln,Lincoln County,924,AECI,"Associated Electric Cooperative, Inc."
40081,OK,Lincoln,Lincoln County,59504,SWPP,Southwest Power Pool
40083,OK,Logan,Logan County,924,AECI,"Associated Electric Cooperative, Inc."
40083,OK,Logan,Logan County,59504,SWPP,Southwest Power Pool
40085,OK,Love,Love County,59504,SWPP,Southwest Power Pool
40087,OK,McClain,McClain County,17716,SPA,Southwestern Power Administration
40087,OK,McClain,McClain County,59504,SWPP,Southwest Power Pool
40089,OK,McCurtain,McCurtain County,56669,MISO,"Midcontinent Independent Transmission System Operator, Inc.."
40089,OK,McCurtain,McCurtain County,59504,SWPP,Southwest Power Pool
40091,OK,McIntosh,McIntosh County,924,AECI,"Associated Electric Cooperative, Inc."
40091,OK,McIntosh,McIntosh County,59504,SWPP,Southwest Power Pool
40093,OK,Major,Major County,59504,SWPP,Southwest Power Pool
40095,OK,Marshall,Marshall County,59504,SWPP,Southwest Power Pool
40097,OK,Mayes,Mayes County,924,AECI,"Associated Electric Cooperative, Inc."
40097,OK,Mayes,Mayes County,59504,SWPP,Southwest Power Pool
40099,OK,Murray,Murray County,59504,SWPP,Southwest Power Pool
40101,OK,Muskogee,Muskogee County,924,AECI,"Associated Electric Cooperative, Inc."
40101,OK,Muskogee,Muskogee County,59504,SWPP,Southwest Power Pool
40103,OK,Noble,Noble County,924,AECI,"Associated Electric Cooperative, Inc."
40103,OK,Noble,Noble County,59504,SWPP,Southwest Power Pool
40105,OK,Nowata,Nowata County,924,AECI,"Associated Electric Cooperative, Inc."
40105,OK,Nowata,Nowata County,59504,SWPP,Southwest Power Pool
40107,OK,Okfuskee,Okfuskee County,924,AECI,"Associated Electric Cooperative, Inc."
40107,OK,Okfuskee,Okfuskee County,59504,SWPP,Southwest Power Pool
40109,OK,Oklahoma,Oklahoma County,924,AECI,"Associated Electric Cooperative, Inc."
40109,OK,Oklahoma,Oklahoma County,59504,SWPP,Southwest Power Pool
40111,OK,Okmulgee,Okmulgee County,924,AECI,"Associated Electric Cooperative, Inc."
40111,OK,Okmulgee,Okmulgee County,59504,SWPP,Southwest Power Pool
40113,OK,Osage,Osage County,924,AECI,"Associated Electric Cooperative, Inc."
40113,OK,Osage,Osage County,59504,SWPP,Southwest Power Pool
40115,OK,Ottawa,Ottawa County,59504,SWPP,Southwest Power Pool
40117,OK,Pawnee,Pawnee County,924,AECI,"Associated Electric Cooperative, Inc."
40117,OK,Pawnee,Pawnee County,59504,SWPP,Southwest Power Pool
40119,OK,Payne,Payne County,924,AECI,"Associated Electric Cooperative, Inc."
40119,OK,Payne,Payne County,59504,SWPP,Southwest Power Pool
40121,OK,Pittsburg,Pittsburg County,924,AECI,"Associated Electric Cooperative, Inc."
40121,OK,Pittsburg,Pittsburg County,59504,SWPP,Southwest Power Pool
40123,OK,Pontotoc,Pontotoc County,59504,SWPP,Southwest Power Pool
40125,OK,Pottawatomie,Pottawatomie County,59504,SWPP,Southwest Power Pool
40127,OK,Pushmataha,Pushmataha County,924,AECI,"Associated Electric Cooperative, Inc."
40127,OK,Pushmataha,Pushmataha County,59504,SWPP,Southwest Power Pool
40129,OK,Roger Mills,Roger Mills County,59504,SWPP,Southwest Power Pool
40131,OK,Rogers,Rogers County,924,AECI,"Associated Electric Cooperative, Inc."
40131,OK,Rogers,Rogers County,59504,SWPP,Southwest Power Pool
40133,OK,Seminole,Seminole County,924,AECI,"Associated Electric Cooperative, Inc."
40133,OK,Seminole,Seminole County,59504,SWPP,Southwest Power Pool
40135,OK,Sequoyah,Sequoyah County,924,AECI,"Associated Electric Cooperative, Inc."
40135,OK,Sequoyah,Sequoyah County,59504,SWPP,Southwest Power Pool
40137,OK,Stephens,Stephens County,59504,SWPP,Southwest Power Pool
40139,OK,Texas,Texas County,59504,SWPP,Southwest Power Pool
40141,OK,Tillman,Tillman County,59504,SWPP,Southwest Power Pool
40143,OK,Tulsa,Tulsa County,924,AECI,"Associated Electric Cooperative, Inc."
40143,OK,Tulsa,Tulsa County,59504,SWPP,Southwest Power Pool
40145,OK,Wagoner,Wagoner County,924,AECI,"Associated Electric Cooperative, Inc."
40145,OK,Wagoner,Wagoner County,59504,SWPP,Southwest Power Pool
40147,OK,Washington,Washington County,924,AECI,"Associated Electric Cooperative, Inc."
40147,OK,Washington,Washington County,59504,SWPP,Southwest Power Pool
40149,OK,Washita,Washita County,59504,SWPP,Southwest Power Pool
40151,OK,Woods,Woods County,59504,SWPP,Southwest Power Pool
40153,OK,Woodward,Woodward County,59504,SWPP,Southwest Power Pool
41001,OR,Baker,Baker County,1738,BPAT,Bonneville Power Administration
41001,OR,Baker,Baker County,9191,IPCO,Idaho Power Company
41003,OR,Benton,Benton County,1738,BPAT,Bonneville Power Administration
41003,OR,Benton,Benton County,14378,PACW,PacifiCorp - West
41005,OR,Clackamas,Clackamas County,1738,BPAT,Bonneville Power Administration
41005,OR,Clackamas,Clackamas County,15248,PGE,Portland General Electric Company
41007,OR,Clatsop,Clatsop County,1738,BPAT,Bonneville Power Administration
41007,OR,Clatsop,Clatsop County,14378,PACW,PacifiCorp - West
41009,OR,Columbia,Columbia County,1738,BPAT,Bonneville Power Administration
41009,OR,Columbia,Columbia County,15248,PGE,Portland General Electric Company
41011,OR,Coos,Coos County,1738,BPAT,Bonneville Power Administration
41011,OR,Coos,Coos County,14378,PACW,PacifiCorp - West
41013,OR,Crook,Crook County,1738,BPAT,Bonneville Power Administration
41013,OR,Crook,Crook County,14378,PACW,PacifiCorp - West
41015,OR,Curry,Curry County,1738,BPAT,Bonneville Power Administration
41017,OR,Deschutes,Deschutes County,1738,BPAT,Bonneville Power Administration
41017,OR,Deschutes,Deschutes County,14378,PACW,PacifiCorp - West
41019,OR,Douglas,Douglas County,1738,BPAT,Bonneville Power Administration
41019,OR,Douglas,Douglas County,14378,PACW,PacifiCorp - West
41021,OR,Gilliam,Gilliam County,1738,BPAT,Bonneville Power Administration
41021,OR,Gilliam,Gilliam County,14378,PACW,PacifiCorp - West
41023,OR,Grant,Grant County,1738,BPAT,Bonneville Power Administration
41023,OR,Grant,Grant County,9191,IPCO,Idaho Power Company
41025,OR,Harney,Harney County,1738,BPAT,Bonneville Power Administration
41025,OR,Harney,Harney County,9191,IPCO,Idaho Power Company
41027,OR,Hood River,Hood River County,1738,BPAT,Bonneville Power Administration
41027,OR,Hood River,Hood River County,14378,PACW,PacifiCorp - West
41029,OR,Jackson,Jackson County,14378,PACW,PacifiCorp - West
41031,OR,Jefferson,Jefferson County,1738,BPAT,Bonneville Power Administration
41031,OR,Jefferson,Jefferson County,14378,PACW,PacifiCorp - West
41033,OR,Josephine,Josephine County,14378,PACW,PacifiCorp - West
41035,OR,Klamath,Klamath County,1738,BPAT,Bonneville Power Administration
41035,OR,Klamath,Klamath County,14378,PACW,PacifiCorp - West
41037,OR,Lake,Lake County,1738,BPAT,Bonneville Power Administration
41037,OR,Lake,Lake County,14378,PACW,PacifiCorp - West
41039,OR,Lane,Lane County,1738,BPAT,Bonneville Power Administration
41039,OR,Lane,Lane County,14378,PACW,PacifiCorp - West
41041,OR,Lincoln,Lincoln County,1738,BPAT,Bonneville Power Administration
41041,OR,Lincoln,Lincoln County,14378,PACW,PacifiCorp - West
41043,OR,Linn,Linn County,1738,BPAT,Bonneville Power Administration
41043,OR,Linn,Linn County,14378,PACW,PacifiCorp - West
41045,OR,Malheur,Malheur County,1738,BPAT,Bonneville Power Administration
41045,OR,Malheur,Malheur County,9191,IPCO,Idaho Power Company
41047,OR,Marion,Marion County,1738,BPAT,Bonneville Power Administration
41047,OR,Marion,Marion County,14378,PACW,PacifiCorp - West
41047,OR,Marion,Marion County,15248,PGE,Portland General Electric Company
41049,OR,Morrow,Morrow County,1738,BPAT,Bonneville Power Administration
41049,OR,Morrow,Morrow County,14378,PACW,PacifiCorp - West
41051,OR,Multnomah,Multnomah County,1738,BPAT,Bonneville Power Administration
41051,OR,Multnomah,Multnomah County,14378,PACW,PacifiCorp - West
41051,OR,Multnomah,Multnomah County,15248,PGE,Portland General Electric Company
41053,OR,Polk,Polk County,1738,BPAT,Bonneville Power Administration
41053,OR,Polk,Polk County,14378,PACW,PacifiCorp - West
41053,OR,Polk,Polk County,15248,PGE,Portland General Electric Company
41055,OR,Sherman,Sherman County,1738,BPAT,Bonneville Power Administration
41055,OR,Sherman,Sherman County,14378,PACW,PacifiCorp - West
41057,OR,Tillamook,Tillamook County,1738,BPAT,Bonneville Power Administration
41057,OR,Tillamook,Tillamook County,14378,PACW,PacifiCorp - West
41059,OR,Umatilla,Umatilla County,1738,BPAT,Bonneville Power Administration
41059,OR,Umatilla,Umatilla County,14378,PACW,PacifiCorp - West
41061,OR,Union,Union County,1738,BPAT,Bonneville Power Administration
41063,OR,Wallowa,Wallowa County,1738,BPAT,Bonneville Power Administration
41063,OR,Wallowa,Wallowa County,9191,IPCO,Idaho Power Company
41063,OR,Wallowa,Wallowa County,14378,PACW,PacifiCorp - West
41065,OR,Wasco,Wasco County,1738,BPAT,Bonneville Power Administration
41065,OR,Wasco,Wasco County,14378,PACW,PacifiCorp - West
41067,OR,Washington,Washington County,1738,BPAT,Bonneville Power Administration
41067,OR,Washington,Washington County,15248,PGE,Portland General Electric Company
41069,OR,Wheeler,Wheeler County,1738,BPAT,Bonneville Power Administration
41071,OR,Yamhill,Yamhill County,1738,BPAT,Bonneville Power Administration
41071,OR,Yamhill,Yamhill County,15248,PGE,Portland General Electric Company
42001,PA,Adams,Adams County,14725,PJM,"PJM Interconnection, LLC"
42003,PA,Allegheny,Allegheny County,14725,PJM,"PJM Interconnection, LLC"
42005,PA,Armstrong,Armstrong County,14725,PJM,"PJM Interconnection, LLC"
42007,PA,Beaver,Beaver County,14725,PJM,"PJM Interconnection, LLC"
42009,PA,Bedford,Bedford County,14725,PJM,"PJM Interconnection, LLC"
42011,PA,Berks,Berks County,14725,PJM,"PJM Interconnection, LLC"
42013,PA,Blair,Blair County,14725,PJM,"PJM Interconnection, LLC"
42015,PA,Bradford,Bradford County,14725,PJM,"PJM Interconnection, LLC"
42017,PA,Bucks,Bucks County,14725,PJM,"PJM Interconnection, LLC"
42019,PA,Butler,Butler County,14725,PJM,"PJM Interconnection, LLC"
42021,PA,Cambria,Cambria County,14725,PJM,"PJM Interconnection, LLC"
42023,PA,Cameron,Cameron County,14725,PJM,"PJM Interconnection, LLC"
42025,PA,Carbon,Carbon County,14725,PJM,"PJM Interconnection, LLC"
42027,PA,Centre,Centre County,14725,PJM,"PJM Interconnection, LLC"
42029,PA,Chester,Chester County,14725,PJM,"PJM Interconnection, LLC"
42031,PA,Clarion,Clarion County,14725,PJM,"PJM Interconnection, LLC"
42033,PA,Clearfield,Clearfield County,14725,PJM,"PJM Interconnection, LLC"
42035,PA,Clinton,Clinton County,14725,PJM,"PJM Interconnection, LLC"
42037,PA,Columbia,Columbia County,14725,PJM,"PJM Interconnection, LLC"
42039,PA,Crawford,Crawford County,14725,PJM,"PJM Interconnection, LLC"
42041,PA,Cumberland,Cumberland County,14725,PJM,"PJM Interconnection, LLC"
42043,PA,Dauphin,Dauphin County,14725,PJM,"PJM Interconnection, LLC"
42045,PA,Delaware,Delaware County,14725,PJM,"PJM Interconnection, LLC"
42047,PA,Elk,Elk County,14725,PJM,"PJM Interconnection, LLC"
42049,PA,Erie,Erie County,14725,PJM,"PJM Interconnection, LLC"
42051,PA,Fayette,Fayette County,14725,PJM,"PJM Interconnection, LLC"
42053,PA,Forest,Forest County,14725,PJM,"PJM Interconnection, LLC"
42055,PA,Franklin,Franklin County,14725,PJM,"PJM Interconnection, LLC"
42057,PA,Fulton,Fulton County,14725,PJM,"PJM Interconnection, LLC"
42059,PA,Greene,Greene County,14725,PJM,"PJM Interconnection, LLC"
42061,PA,Huntingdon,Huntingdon County,14725,PJM,"PJM Interconnection, LLC"
42063,PA,Indiana,Indiana County,14725,PJM,"PJM Interconnection, LLC"
42065,PA,Jefferson,Jefferson County,14725,PJM,"PJM Interconnection, LLC"
42067,PA,Juniata,Juniata County,14725,PJM,"PJM Interconnection, LLC"
42069,PA,Lackawanna,Lackawanna County,14725,PJM,"PJM Interconnection, LLC"
42071,PA,Lancaster,Lancaster County,14725,PJM,"PJM Interconnection, LLC"
42073,PA,Lawrence,Lawrence County,14725,PJM,"PJM Interconnection, LLC"
42075,PA,Lebanon,Lebanon County,14725,PJM,"PJM Interconnection, LLC"
42077,PA,Lehigh,Lehigh County,14725,PJM,"PJM Interconnection, LLC"
42079,PA,Luzerne,Luzerne County,14725,PJM,"PJM Interconnection, LLC"
42081,PA,Lycoming,Lycoming County,14725,PJM,"PJM Interconnection, LLC"
42083,PA,McKean,McKean County,14725,PJM,"PJM Interconnection, LLC"
42085,PA,Mercer,Mercer County,14725,PJM,"PJM Interconnection, LLC"
42087,PA,Mifflin,Mifflin County,14725,PJM,"PJM Interconnection, LLC"
42089,PA,Monroe,Monroe County,14725,PJM,"PJM Interconnection, LLC"
42091,PA,Montgomery,Montgomery County,14725,PJM,"PJM Interconnection, LLC"
42093,PA,Montour,Montour County,14725,PJM,"PJM Interconnection, LLC"
42095,PA,Northampton,Northampton County,14725,PJM,"PJM Interconnection, LLC"
42097,PA,Northumberland,Northumberland County,14725,PJM,"PJM Interconnection, LLC"
42099,PA,Perry,Perry County,14725,PJM,"PJM Interconnection, LLC"
42101,PA,Philadelphia,Philadelphia County,14725,PJM,"PJM Interconnection, LLC"
42103,PA,Pike,Pike County,13501,NYIS,New York Independent System Operator
42103,PA,Pike,Pike County,14725,PJM,"PJM Interconnection, LLC"
42105,PA,Potter,Potter County,14725,PJM,"PJM Interconnection, LLC"
42107,PA,Schuylkill,Schuylkill County,14725,PJM,"PJM Interconnection, LLC"
42109,PA,Snyder,Snyder County,14725,PJM,"PJM Interconnection, LLC"
42111,PA,Somerset,Somerset County,14725,PJM,"PJM Interconnection, LLC"
42113,PA,Sullivan,Sullivan County,14725,PJM,"PJM Interconnection, LLC"
42115,PA,Susquehanna,Susquehanna County,14725,PJM,"PJM Interconnection, LLC"
42117,PA,Tioga,Tioga County,14725,PJM,"PJM Interconnection, LLC"
42119,PA,Union,Union County,14725,PJM,"PJM Interconnection, LLC"
42121,PA,Venango,Venango County,14725,PJM,"PJM Interconnection, LLC"
42123,PA,Warren,Warren County,14725,PJM,"PJM Interconnection, LLC"
42125,PA,Washington,Washington County,14725,PJM,"PJM Interconnection, LLC"
42127,PA,Wayne,Wayne County,14725,PJM,"PJM Interconnection, LLC"
42129,PA,Westmoreland,Westmoreland County,14725,PJM,"PJM Interconnection, LLC"
42131,PA,Wyoming,Wyoming County,14725,PJM,"PJM Interconnection, LLC"
42133,PA,York,York County,14725,PJM,"PJM Interconnection, LLC"
44001,RI,Bristol,Bristol County,13434,ISNE,ISO New England Inc.
44003,RI,Kent,Kent County,13434,ISNE,ISO New England Inc.
44005,RI,Newport,Newport County,13434,ISNE,ISO New England Inc.
44007,RI,Providence,Providence County,13434,ISNE,ISO New England Inc.
44009,RI,Washington,Washington County,13434,ISNE,ISO New England Inc.
45001,SC,Abbeville,Abbeville County,5416,DUK,Duke Energy Carolinas
45003,SC,Aiken,Aiken County,17539,SCEG,Dominion Energy South Carolina
45003,SC,Aiken,Aiken County,17543,SC,South Carolina Public Service Authority
45005,SC,Allendale,Allendale County,17543,SC,South Carolina Public Service Authority
45007,SC,Anderson,Anderson County,5416,DUK,Duke Energy Carolinas
45009,SC,Bamberg,Bamberg County,17543,SC,South Carolina Public Service Authority
45011,SC,Barnwell,Barnwell County,17543,SC,South Carolina Public Service Authority
45013,SC,Beaufort,Beaufort County,17539,SCEG,Dominion Energy South Carolina
45013,SC,Beaufort,Beaufort County,17543,SC,South Carolina Public Service Authority
45015,SC,Berkeley,Berkeley County,17539,SCEG,Dominion Energy South Carolina
45015,SC,Berkeley,Berkeley County,17543,SC,South Carolina Public Service Authority
45017,SC,Calhoun,Calhoun County,17539,SCEG,Dominion Energy South Carolina
45017,SC,Calhoun,Calhoun County,17543,SC,South Carolina Public Service Authority
45019,SC,Charleston,Charleston County,17539,SCEG,Dominion Energy South Carolina
45019,SC,Charleston,Charleston County,17543,SC,South Carolina Public Service Authority
45021,SC,Cherokee,Cherokee County,5416,DUK,Duke Energy Carolinas
45023,SC,Chester,Chester County,5416,DUK,Duke Energy Carolinas
45023,SC,Chester,Chester County,17543,SC,South Carolina Public Service Authority
45025,SC,Chesterfield,Chesterfield County,3046,CPLE,Duke Energy Progress East
45025,SC,Chesterfield,Chesterfield County,17543,SC,South Carolina Public Service Authority
45027,SC,Clarendon,Clarendon County,3046,CPLE,Duke Energy Progress East
45027,SC,Clarendon,Clarendon County,17543,SC,South Carolina Public Service Authority
45029,SC,Colleton,Colleton County,17539,SCEG,Dominion Energy South Carolina
45029,SC,Colleton,Colleton County,17543,SC,South Carolina Public Service Authority
45031,SC,Darlington,Darlington County,3046,CPLE,Duke Energy Progress East
45031,SC,Darlington,Darlington County,17543,SC,South Carolina Public Service Authority
45033,SC,Dillon,Dillon County,3046,CPLE,Duke Energy Progress East
45033,SC,Dillon,Dillon County,17543,SC,South Carolina Public Service Authority
45035,SC,Dorchester,Dorchester County,17539,SCEG,Dominion Energy South Carolina
45035,SC,Dorchester,Dorchester County,17543,SC,South Carolina Public Service Authority
45037,SC,Edgefield,Edgefield County,5416,DUK,Duke Energy Carolinas
45037,SC,Edgefield,Edgefield County,17543,SC,South Carolina Public Service Authority
45039,SC,Fairfield,Fairfield County,5416,DUK,Duke Energy Carolinas
45039,SC,Fairfield,Fairfield County,17539,SCEG,Dominion Energy South Carolina
45039,SC,Fairfield,Fairfield County,17543,SC,South Carolina Public Service Authority
45041,SC,Florence,Florence County,3046,CPLE,Duke Energy Progress East
45041,SC,Florence,Florence County,17543,SC,South Carolina Public Service Authority
45043,SC,Georgetown,Georgetown County,3046,CPLE,Duke Energy Progress East
45043,SC,Georgetown,Georgetown County,17543,SC,South Carolina Public Service Authority
45045,SC,Greenville,Greenville County,5416,DUK,Duke Energy Carolinas
45047,SC,Greenwood,Greenwood County,5416,DUK,Duke Energy Carolinas
45047,SC,Greenwood,Greenwood County,17543,SC,South Carolina Public Service Authority
45049,SC,Hampton,Hampton County,17543,SC,South Carolina Public Service Authority
45051,SC,Horry,Horry County,3046,CPLE,Duke Energy Progress East
45051,SC,Horry,Horry County,17543,SC,South Carolina Public Service Authority
45053,SC,Jasper,Jasper County,17539,SCEG,Dominion Energy South Carolina
45053,SC,Jasper,Jasper County,17543,SC,South Carolina Public Service Authority
45055,SC,Kershaw,Kershaw County,3046,CPLE,Duke Energy Progress East
45055,SC,Kershaw,Kershaw County,5416,DUK,Duke Energy Carolinas
45055,SC,Kershaw,Kershaw County,17543,SC,South Carolina Public Service Authority
45057,SC,Lancaster,Lancaster County,5416,DUK,Duke Energy Carolinas
45057,SC,Lancaster,Lancaster County,17543,SC,South Carolina Public Service Authority
45059,SC,Laurens,Laurens County,5416,DUK,Duke Energy Carolinas
45059,SC,Laurens,Laurens County,17543,SC,South Carolina Public Service Authority
45061,SC,Lee,Lee County,3046,CPLE,Duke Energy Progress East
45061,SC,Lee,Lee County,17543,SC,South Carolina Public Service Authority
45063,SC,Lexington,Lexington County,17539,SCEG,Dominion Energy South Carolina
45063,SC,Lexington,Lexington County,17543,SC,South Carolina Public Service Authority
45065,SC,McCormick,McCormick County,5416,DUK,Duke Energy Carolinas
45065,SC,McCormick,McCormick County,17539,SCEG,Dominion Energy South Carolina
45065,SC,McCormick,McCormick County,17543,SC,South Carolina Public Service Authority
45067,SC,Marion,Marion County,3046,CPLE,Duke Energy Progress East
45067,SC,Marion,Marion County,17543,SC,South Carolina Public Service Authority
45069,SC,Marlboro,Marlboro County,3046,CPLE,Duke Energy Progress East
45069,SC,Marlboro,Marlboro County,17543,SC,South Carolina Public Service Authority
45071,SC,Newberry,Newberry County,5416,DUK,Duke Energy Carolinas
45071,SC,Newberry,Newberry County,17543,SC,South Carolina Public Service Authority
45073,SC,Oconee,Oconee County,5416,DUK,Duke Energy Carolinas
45075,SC,Orangeburg,Orangeburg County,17539,SCEG,Dominion Energy South Carolina
45075,SC,Orangeburg,Orangeburg County,17543,SC,South Carolina Public Service Authority
45077,SC,Pickens,Pickens County,5416,DUK,Duke Energy Carolinas
45079,SC,Richland,Richland County,17539,SCEG,Dominion Energy South Carolina
45079,SC,Richland,Richland County,17543,SC,South Carolina Public Service Authority
45081,SC,Saluda,Saluda County,5416,DUK,Duke Energy Carolinas
45081,SC,Saluda,Saluda County,17543,SC,South Carolina Public Service Authority
45083,SC,Spartanburg,Spartanburg County,5416,DUK,Duke Energy Carolinas
45085,SC,Sumter,Sumter County,3046,CPLE,Duke Energy Progress East
45085,SC,Sumter,Sumter County,17543,SC,South Carolina Public Service Authority
45087,SC,Union,Union County,5416,DUK,Duke Energy Carolinas
45089,SC,Williamsburg,Williamsburg County,3046,CPLE,Duke Energy Progress East
45089,SC,Williamsburg,Williamsburg County,17543,SC,South Carolina Public Service Authority
45091,SC,York,York County,5416,DUK,Duke Energy Carolinas
45091,SC,York,York County,17543,SC,South Carolina Public Service Authority
46003,SD,Aurora,Aurora County,28503,WACM,Western Area Power Administration - Rocky Mountain Region
46003,SD,Aurora,Aurora County,59504,SWPP,Southwest Power Pool
46005,SD,Beadle,Beadle County,28503,WACM,Western Area Power Administration - Rocky Mountain Region
46005,SD,Beadle,Beadle County,59504,SWPP,Southwest Power Pool
46007,SD,Bennett,Bennett County,28503,WACM,Western Area Power Administration - Rocky Mountain Region
46009,SD,Bon Homme,Bon Homme County,28503,WACM,Western Area Power Administration - Rocky Mountain Region
46009,SD,Bon Homme,Bon Homme County,59504,SWPP,Southwest Power Pool
46011,SD,Brookings,Brookings County,28503,WACM,Western Area Power Administration - Rocky Mountain Region
46011,SD,Brookings,Brookings County,56669,MISO,"Midcontinent Independent Transmission System Operator, Inc.."
46011,SD,Brookings,Brookings County,59504,SWPP,Southwest Power Pool
46013,SD,Brown,Brown County,28503,WACM,Western Area Power Administration - Rocky Mountain Region
46013,SD,Brown,Brown County,56669,MISO,"Midcontinent Independent Transmission System Operator, Inc.."
46013,SD,Brown,Brown County,59504,SWPP,Southwest Power Pool
46015,SD,Brule,Brule County,28503,WACM,Western Area Power Administration - Rocky Mountain Region
46015,SD,Brule,Brule County,59504,SWPP,Southwest Power Pool
46017,SD,Buffalo,Buffalo County,28503,WACM,Western Area Power Administration - Rocky Mountain Region
46019,SD,Butte,Butte County,28503,WACM,Western Area Power Administration - Rocky Mountain Region
46019,SD,Butte,Butte County,59504,SWPP,Southwest Power Pool
46021,SD,Campbell,Campbell County,28503,WACM,Western Area Power Administration - Rocky Mountain Region
46021,SD,Campbell,Campbell County,56669,MISO,"Midcontinent Independent Transmission System Operator, Inc.."
46021,SD,Campbell,Campbell County,59504,SWPP,Southwest Power Pool
46023,SD,Charles Mix,Charles Mix County,28503,WACM,Western Area Power Administration - Rocky Mountain Region
46023,SD,Charles Mix,Charles Mix County,59504,SWPP,Southwest Power Pool
46025,SD,Clark,Clark County,28503,WACM,Western Area Power Administration - Rocky Mountain Region
46025,SD,Clark,Clark County,59504,SWPP,Southwest Power Pool
46027,SD,Clay,Clay County,28503,WACM,Western Area Power Administration - Rocky Mountain Region
46027,SD,Clay,Clay County,59504,SWPP,Southwest Power Pool
46029,SD,Codington,Codington County,28503,WACM,Western Area Power Administration - Rocky Mountain Region
46029,SD,Codington,Codington County,56669,MISO,"Midcontinent Independent Transmission System Operator, Inc.."
46029,SD,Codington,Codington County,59504,SWPP,Southwest Power Pool
46031,SD,Corson,Corson County,56669,MISO,"Midcontinent Independent Transmission System Operator, Inc.."
46031,SD,Corson,Corson County,59504,SWPP,Southwest Power Pool
46033,SD,Custer,Custer County,28503,WACM,Western Area Power Administration - Rocky Mountain Region
46033,SD,Custer,Custer County,59504,SWPP,Southwest Power Pool
46035,SD,Davison,Davison County,28503,WACM,Western Area Power Administration - Rocky Mountain Region
46035,SD,Davison,Davison County,59504,SWPP,Southwest Power Pool
46037,SD,Day,Day County,28503,WACM,Western Area Power Administration - Rocky Mountain Region
46037,SD,Day,Day County,56669,MISO,"Midcontinent Independent Transmission System Operator, Inc.."
46037,SD,Day,Day County,59504,SWPP,Southwest Power Pool
46039,SD,Deuel,Deuel County,28503,WACM,Western Area Power Administration - Rocky Mountain Region
46039,SD,Deuel,Deuel County,56669,MISO,"Midcontinent Independent Transmission System Operator, Inc.."
46039,SD,Deuel,Deuel County,59504,SWPP,Southwest Power Pool
46041,SD,Dewey,Dewey County,28503,WACM,Western Area Power Administration - Rocky Mountain Region
46041,SD,Dewey,Dewey County,59504,SWPP,Southwest Power Pool
46043,SD,Douglas,Douglas County,28503,WACM,Western Area Power Administration - Rocky Mountain Region
46043,SD,Douglas,Douglas County,59504,SWPP,Southwest Power Pool
46045,SD,Edmunds,Edmunds County,56669,MISO,"Midcontinent Independent Transmission System Operator, Inc.."
46045,SD,Edmunds,Edmunds County,59504,SWPP,Southwest Power Pool
46047,SD,Fall River,Fall River County,28503,WACM,Western Area Power Administration - Rocky Mountain Region
46047,SD,Fall River,Fall River County,59504,SWPP,Southwest Power Pool
46049,SD,Faulk,Faulk County,28503,WACM,Western Area Power Administration - Rocky Mountain Region
46049,SD,Faulk,Faulk County,56669,MISO,"Midcontinent Independent Transmission System Operator, Inc.."
46049,SD,Faulk,Faulk County,59504,SWPP,Southwest Power Pool
46051,SD,Grant,Grant County,28503,WACM,Western Area Power Administration - Rocky Mountain Region
46051,SD,Grant,Grant County,56669,MISO,"Midcontinent Independent Transmission System Operator, Inc.."
46051,SD,Grant,Grant County,59504,SWPP,Southwest Power Pool
46053,SD,Gregory,Gregory County,28503,WACM,Western Area Power Administration - Rocky Mountain Region
46053,SD,Gregory,Gregory County,59504,SWPP,Southwest Power Pool
46055,SD,Haakon,Haakon County,28503,WACM,Western Area Power Administration - Rocky Mountain Region
46055,SD,Haakon,Haakon County,59504,SWPP,Southwest Power Pool
46057,SD,Hamlin,Hamlin County,28503,WACM,Western Area Power Administration - Rocky Mountain Region
46057,SD,Hamlin,Hamlin County,56669,MISO,"Midcontinent Independent Transmission System Operator, Inc.."
46057,SD,Hamlin,Hamlin County,59504,SWPP,Southwest Power Pool
46059,SD,Hand,Hand County,28503,WACM,Western Area Power Administration - Rocky Mountain Region
46059,SD,Hand,Hand County,59504,SWPP,Southwest Power Pool
46061,SD,Hanson,Hanson County,28503,WACM,Western Area Power Administration - Rocky Mountain Region
46061,SD,Hanson,Hanson County,56669,MISO,"Midcontinent Independent Transmission System Operator, Inc.."
46061,SD,Hanson,Hanson County,59504,SWPP,Southwest Power Pool
46063,SD,Harding,Harding County,56669,MISO,"Midcontinent Independent Transmission System Operator, Inc.."
46063,SD,Harding,Harding County,59504,SWPP,Southwest Power Pool
46065,SD,Hughes,Hughes County,28503,WACM,Western Area Power Administration - Rocky Mountain Region
46065,SD,Hughes,Hughes County,59504,SWPP,Southwest Power Pool
46067,SD,Hutchinson,Hutchinson County,56669,MISO,"Midcontinent Independent Transmission System Operator, Inc.."
46067,SD,Hutchinson,Hutchinson County,59504,SWPP,Southwest Power Pool
46069,SD,Hyde,Hyde County,28503,WACM,Western Area Power Administration - Rocky Mountain Region
46069,SD,Hyde,Hyde County,59504,SWPP,Southwest Power Pool
46071,SD,Jackson,Jackson County,28503,WACM,Western Area Power Administration - Rocky Mountain Region
46071,SD,Jackson,Jackson County,59504,SWPP,Southwest Power Pool
46073,SD,Jerauld,Jerauld County,28503,WACM,Western Area Power Administration - Rocky Mountain Region
46073,SD,Jerauld,Jerauld County,59504,SWPP,Southwest Power Pool
46075,SD,Jones,Jones County,28503,WACM,Western Area Power Administration - Rocky Mountain Region
46075,SD,Jones,Jones County,59504,SWPP,Southwest Power Pool
46077,SD,Kingsbury,Kingsbury County,28503,WACM,Western Area Power Administration - Rocky Mountain Region
46077,SD,Kingsbury,Kingsbury County,56669,MISO,"Midcontinent Independent Transmission System Operator, Inc.."
46077,SD,Kingsbury,Kingsbury County,59504,SWPP,Southwest Power Pool
46079,SD,Lake,Lake County,56669,MISO,"Midcontinent Independent Transmission System Operator, Inc.."
46079,SD,Lake,Lake County,59504,SWPP,Southwest Power Pool
46081,SD,Lawrence,Lawrence County,28503,WACM,Western Area Power Administration - Rocky Mountain Region
46081,SD,Lawrence,Lawrence County,59504,SWPP,Southwest Power Pool
46083,SD,Lincoln,Lincoln County,28503,WACM,Western Area Power Administration - Rocky Mountain Region
46083,SD,Lincoln,Lincoln County,56669,MISO,"Midcontinent Independent Transmission System Operator, Inc.."
46083,SD,Lincoln,Lincoln County,59504,SWPP,Southwest Power Pool
46085,SD,Lyman,Lyman County,28503,WACM,Western Area Power Administration - Rocky Mountain Region
46085,SD,Lyman,Lyman County,59504,SWPP,Southwest Power Pool
46087,SD,McCook,McCook County,28503,WACM,Western Area Power Administration - Rocky Mountain Region
46087,SD,McCook,McCook County,56669,MISO,"Midcontinent Independent Transmission System Operator, Inc.."
46087,SD,McCook,McCook County,59504,SWPP,Southwest Power Pool
46089,SD,McPherson,McPherson County,56669,MISO,"Midcontinent Independent Transmission System Operator, Inc.."
46089,SD,McPherson,McPherson County,59504,SWPP,Southwest Power Pool
46091,SD,Marshall,Marshall County,28503,WACM,Western Area Power Administration - Rocky Mountain Region
46091,SD,Marshall,Marshall County,56669,MISO,"Midcontinent Independent Transmission System Operator, Inc.."
46091,SD,Marshall,Marshall County,59504,SWPP,Southwest Power Pool
46093,SD,Meade,Meade County,28503,WACM,Western Area Power Administration - Rocky Mountain Region
46093,SD,Meade,Meade County,59504,SWPP,Southwest Power Pool
46095,SD,Mellette,Mellette County,28503,WACM,Western Area Power Administration - Rocky Mountain Region
46095,SD,Mellette,Mellette County,59504,SWPP,Southwest Power Pool
46097,SD,Miner,Miner County,28503,WACM,Western Area Power Administration - Rocky Mountain Region
46097,SD,Miner,Miner County,56669,MISO,"Midcontinent Independent Transmission System Operator, Inc.."
46097,SD,Miner,Miner County,59504,SWPP,Southwest Power Pool
46099,SD,Minnehaha,Minnehaha County,28503,WACM,Western Area Power Administration - Rocky Mountain Region
46099,SD,Minnehaha,Minnehaha County,56669,MISO,"Midcontinent Independent Transmission System Operator, Inc.."
46099,SD,Minnehaha,Minnehaha County,59504,SWPP,Southwest Power Pool
46101,SD,Moody,Moody County,28503,WACM,Western Area Power Administration - Rocky Mountain Region
46101,SD,Moody,Moody County,56669,MISO,"Midcontinent Independent Transmission System Operator, Inc.."
46101,SD,Moody,Moody County,59504,SWPP,Southwest Power Pool
46102,SD,Oglala Lakota,<NA>,28503,WACM,Western Area Power Administration - Rocky Mountain Region
46102,SD,Oglala Lakota,<NA>,59504,SWPP,Southwest Power Pool
46103,SD,Pennington,Pennington County,28503,WACM,Western Area Power Administration - Rocky Mountain Region
46103,SD,Pennington,Pennington County,59504,SWPP,Southwest Power Pool
46105,SD,Perkins,Perkins County,28503,WACM,Western Area Power Administration - Rocky Mountain Region
46105,SD,Perkins,Perkins County,56669,MISO,"Midcontinent Independent Transmission System Operator, Inc.."
46105,SD,Perkins,Perkins County,59504,SWPP,Southwest Power Pool
46107,SD,Potter,Potter County,28503,WACM,Western Area Power Administration - Rocky Mountain Region
46107,SD,Potter,Potter County,56669,MISO,"Midcontinent Independent Transmission System Operator, Inc.."
46107,SD,Potter,Potter County,59504,SWPP,Southwest Power Pool
46109,SD,Roberts,Roberts County,28503,WACM,Western Area Power Administration - Rocky Mountain Region
46109,SD,Roberts,Roberts County,56669,MISO,"Midcontinent Independent Transmission System Operator, Inc.."
46109,SD,Roberts,Roberts County,59504,SWPP,Southwest Power Pool
46111,SD,Sanborn,Sanborn County,28503,WACM,Western Area Power Administration - Rocky Mountain Region
46111,SD,Sanborn,Sanborn County,56669,MISO,"Midcontinent Independent Transmission System Operator, Inc.."
46111,SD,Sanborn,Sanborn County,59504,SWPP,Southwest Power Pool
46115,SD,Spink,Spink County,28503,WACM,Western Area Power Administration - Rocky Mountain Region
46115,SD,Spink,Spink County,59504,SWPP,Southwest Power Pool
46117,SD,Stanley,Stanley County,28503,WACM,Western Area Power Administration - Rocky Mountain Region
46117,SD,Stanley,Stanley County,59504,SWPP,Southwest Power Pool
46119,SD,Sully,Sully County,28503,WACM,Western Area Power Administration - Rocky Mountain Region
46119,SD,Sully,Sully County,59504,SWPP,Southwest Power Pool
46121,SD,Todd,Todd County,28503,WACM,Western Area Power Administration - Rocky Mountain Region
46121,SD,Todd,Todd County,59504,SWPP,Southwest Power Pool
46123,SD,Tripp,Tripp County,28503,WACM,Western Area Power Administration - Rocky Mountain Region
46123,SD,Tripp,Tripp County,59504,SWPP,Southwest Power Pool
46125,SD,Turner,Turner County,28503,WACM,Western Area Power Administration - Rocky Mountain Region
46125,SD,Turner,Turner County,56669,MISO,"Midcontinent Independent Transmission System Operator, Inc.."
46125,SD,Turner,Turner County,59504,SWPP,Southwest Power Pool
46127,SD,Union,Union County,28503,WACM,Western Area Power Administration - Rocky Mountain Region
46127,SD,Union,Union County,56669,MISO,"Midcontinent Independent Transmission System Operator, Inc.."
46127,SD,Union,Union County,59504,SWPP,Southwest Power Pool
46129,SD,Walworth,Walworth County,28503,WACM,Western Area Power Administration - Rocky Mountain Region
46129,SD,Walworth,Walworth County,56669,MISO,"Midcontinent Independent Transmission System Operator, Inc.."
46129,SD,Walworth,Walworth County,59504,SWPP,Southwest Power Pool
46135,SD,Yankton,Yankton County,28503,WACM,Western Area Power Administration - Rocky Mountain Region
46135,SD,Yankton,Yankton County,59504,SWPP,Southwest Power Pool
46137,SD,Ziebach,Ziebach County,28503,WACM,Western Area Power Administration - Rocky Mountain Region
46137,SD,Ziebach,Ziebach County,59504,SWPP,Southwest Power Pool
47001,TN,Anderson,Anderson County,18642,TVA,Tennessee Valley Authority
47003,TN,Bedford,Bedford County,18642,TVA,Tennessee Valley Authority
47005,TN,Benton,Benton County,18642,TVA,Tennessee Valley Authority
47007,TN,Bledsoe,Bledsoe County,18642,TVA,Tennessee Valley Authority
47009,TN,Blount,Blount County,18642,TVA,Tennessee Valley Authority
47011,TN,Bradley,Bradley County,18642,TVA,Tennessee Valley Authority
47013,TN,Campbell,Campbell County,14725,PJM,"PJM Interconnection, LLC"
47013,TN,Campbell,Campbell County,18642,TVA,Tennessee Valley Authority
47015,TN,Cannon,Cannon County,18642,TVA,Tennessee Valley Authority
47017,TN,Carroll,Carroll County,18642,TVA,Tennessee Valley Authority
47019,TN,Carter,Carter County,18642,TVA,Tennessee Valley Authority
47021,TN,Cheatham,Cheatham County,18642,TVA,Tennessee Valley Authority
47023,TN,Chester,Chester County,18642,TVA,Tennessee Valley Authority
47025,TN,Claiborne,Claiborne County,14725,PJM,"PJM Interconnection, LLC"
47025,TN,Claiborne,Claiborne County,18642,TVA,Tennessee Valley Authority
47027,TN,Clay,Clay County,18642,TVA,Tennessee Valley Authority
47029,TN,Cocke,Cocke County,18642,TVA,Tennessee Valley Authority
47031,TN,Coffee,Coffee County,18642,TVA,Tennessee Valley Authority
47033,TN,Crockett,Crockett County,18642,TVA,Tennessee Valley Authority
47035,TN,Cumberland,Cumberland County,18642,TVA,Tennessee Valley Authority
47037,TN,Davidson,Davidson County,18642,TVA,Tennessee Valley Authority
47039,TN,Decatur,Decatur County,18642,TVA,Tennessee Valley Authority
47041,TN,DeKalb,DeKalb County,18642,TVA,Tennessee Valley Authority
47043,TN,Dickson,Dickson County,18642,TVA,Tennessee Valley Authority
47045,TN,Dyer,Dyer County,18642,TVA,Tennessee Valley Authority
47047,TN,Fayette,Fayette County,18642,TVA,Tennessee Valley Authority
47049,TN,Fentress,Fentress County,18642,TVA,Tennessee Valley Authority
47051,TN,Franklin,Franklin County,18642,TVA,Tennessee Valley Authority
47053,TN,Gibson,Gibson County,18642,TVA,Tennessee Valley Authority
47055,TN,Giles,Giles County,18642,TVA,Tennessee Valley Authority
47057,TN,Grainger,Grainger County,18642,TVA,Tennessee Valley Authority
47059,TN,Greene,Greene County,18642,TVA,Tennessee Valley Authority
47061,TN,Grundy,Grundy County,18642,TVA,Tennessee Valley Authority
47063,TN,Hamblen,Hamblen County,18642,TVA,Tennessee Valley Authority
47065,TN,Hamilton,Hamilton County,18642,TVA,Tennessee Valley Authority
47067,TN,Hancock,Hancock County,18642,TVA,Tennessee Valley Authority
47069,TN,Hardeman,Hardeman County,18642,TVA,Tennessee Valley Authority
47071,TN,Hardin,Hardin County,18642,TVA,Tennessee Valley Authority
47073,TN,Hawkins,Hawkins County,14725,PJM,"PJM Interconnection, LLC"
47073,TN,Hawkins,Hawkins County,18642,TVA,Tennessee Valley Authority
47075,TN,Haywood,Haywood County,18642,TVA,Tennessee Valley Authority
47077,TN,Henderson,Henderson County,18642,TVA,Tennessee Valley Authority
47079,TN,Henry,Henry County,18642,TVA,Tennessee Valley Authority
47081,TN,Hickman,Hickman County,18642,TVA,Tennessee Valley Authority
47083,TN,Houston,Houston County,18642,TVA,Tennessee Valley Authority
47085,TN,Humphreys,Humphreys County,18642,TVA,Tennessee Valley Authority
47087,TN,Jackson,Jackson County,18642,TVA,Tennessee Valley Authority
47089,TN,Jefferson,Jefferson County,18642,TVA,Tennessee Valley Authority
47091,TN,Johnson,Johnson County,18642,TVA,Tennessee Valley Authority
47093,TN,Knox,Knox County,18642,TVA,Tennessee Valley Authority
47095,TN,Lake,Lake County,18642,TVA,Tennessee Valley Authority
47097,TN,Lauderdale,Lauderdale County,18642,TVA,Tennessee Valley Authority
47099,TN,Lawrence,Lawrence County,18642,TVA,Tennessee Valley Authority
47101,TN,Lewis,Lewis County,18642,TVA,Tennessee Valley Authority
47103,TN,Lincoln,Lincoln County,18642,TVA,Tennessee Valley Authority
47105,TN,Loudon,Loudon County,18642,TVA,Tennessee Valley Authority
47107,TN,McMinn,McMinn County,18642,TVA,Tennessee Valley Authority
47109,TN,McNairy,McNairy County,18642,TVA,Tennessee Valley Authority
47111,TN,Macon,Macon County,18642,TVA,Tennessee Valley Authority
47113,TN,Madison,Madison County,18642,TVA,Tennessee Valley Authority
47115,TN,Marion,Marion County,18642,TVA,Tennessee Valley Authority
47117,TN,Marshall,Marshall County,18642,TVA,Tennessee Valley Authority
47119,TN,Maury,Maury County,18642,TVA,Tennessee Valley Authority
47121,TN,Meigs,Meigs County,18642,TVA,Tennessee Valley Authority
47123,TN,Monroe,Monroe County,18642,TVA,Tennessee Valley Authority
47125,TN,Montgomery,Montgomery County,18642,TVA,Tennessee Valley Authority
47127,TN,Moore,Moore County,18642,TVA,Tennessee Valley Authority
47129,TN,Morgan,Morgan County,18642,TVA,Tennessee Valley Authority
47131,TN,Obion,Obion County,18642,TVA,Tennessee Valley Authority
47133,TN,Overton,Overton County,18642,TVA,Tennessee Valley Authority
47135,TN,Perry,Perry County,18642,TVA,Tennessee Valley Authority
47137,TN,Pickett,Pickett County,14725,PJM,"PJM Interconnection, LLC"
47137,TN,Pickett,Pickett County,18642,TVA,Tennessee Valley Authority
47139,TN,Polk,Polk County,18642,TVA,Tennessee Valley Authority
47141,TN,Putnam,Putnam County,18642,TVA,Tennessee Valley Authority
47143,TN,Rhea,Rhea County,18642,TVA,Tennessee Valley Authority
47145,TN,Roane,Roane County,18642,TVA,Tennessee Valley Authority
47147,TN,Robertson,Robertson County,18642,TVA,Tennessee Valley Authority
47149,TN,Rutherford,Rutherford County,18642,TVA,Tennessee Valley Authority
47151,TN,Scott,Scott County,14725,PJM,"PJM Interconnection, LLC"
47151,TN,Scott,Scott County,18642,TVA,Tennessee Valley Authority
47153,TN,Sequatchie,Sequatchie County,18642,TVA,Tennessee Valley Authority
47155,TN,Sevier,Sevier County,18642,TVA,Tennessee Valley Authority
47157,TN,Shelby,Shelby County,18642,TVA,Tennessee Valley Authority
47159,TN,Smith,Smith County,18642,TVA,Tennessee Valley Authority
47161,TN,Stewart,Stewart County,18642,TVA,Tennessee Valley Authority
47163,TN,Sullivan,Sullivan County,14725,PJM,"PJM Interconnection, LLC"
47163,TN,Sullivan,Sullivan County,18642,TVA,Tennessee Valley Authority
47165,TN,Sumner,Sumner County,18642,TVA,Tennessee Valley Authority
47167,TN,Tipton,Tipton County,18642,TVA,Tennessee Valley Authority
47167,TN,Tipton,Tipton County,56669,MISO,"Midcontinent Independent Transmission System Operator, Inc.."
47169,TN,Trousdale,Trousdale County,18642,TVA,Tennessee Valley Authority
47171,TN,Unicoi,Unicoi County,18642,TVA,Tennessee Valley Authority
47173,TN,Union,Union County,18642,TVA,Tennessee Valley Authority
47175,TN,Van Buren,Van Buren County,18642,TVA,Tennessee Valley Authority
47177,TN,Warren,Warren County,18642,TVA,Tennessee Valley Authority
47179,TN,Washington,Washington County,14725,PJM,"PJM Interconnection, LLC"
47179,TN,Washington,Washington County,18642,TVA,Tennessee Valley Authority
47181,TN,Wayne,Wayne County,18642,TVA,Tennessee Valley Authority
47183,TN,Weakley,Weakley County,18642,TVA,Tennessee Valley Authority
47185,TN,White,White County,18642,TVA,Tennessee Valley Authority
47187,TN,Williamson,Williamson County,18642,TVA,Tennessee Valley Authority
47189,TN,Wilson,Wilson County,18642,TVA,Tennessee Valley Authority
48001,TX,Anderson,Anderson County,5723,ERCO,"Electric Reliability Council of Texas, Inc."
48003,TX,Andrews,Andrews County,5723,ERCO,"Electric Reliability Council of Texas, Inc."
48003,TX,Andrews,Andrews County,59504,SWPP,Southwest Power Pool
48005,TX,Angelina,Angelina County,5723,ERCO,"Electric Reliability Council of Texas, Inc."
48005,TX,Angelina,Angelina County,56669,MISO,"Midcontinent Independent Transmission System Operator, Inc.."
48007,TX,Aransas,Aransas County,5723,ERCO,"Electric Reliability Council of Texas, Inc."
48009,TX,Archer,Archer County,5723,ERCO,"Electric Reliability Council of Texas, Inc."
48009,TX,Archer,Archer County,59504,SWPP,Southwest Power Pool
48011,TX,Armstrong,Armstrong County,5723,ERCO,"Electric Reliability Council of Texas, Inc."
48011,TX,Armstrong,Armstrong County,59504,SWPP,Southwest Power Pool
48013,TX,Atascosa,Atascosa County,5723,ERCO,"Electric Reliability Council of Texas, Inc."
48015,TX,Austin,Austin County,5723,ERCO,"Electric Reliability Council of Texas, Inc."
48017,TX,Bailey,Bailey County,59504,SWPP,Southwest Power Pool
48019,TX,Bandera,Bandera County,5723,ERCO,"Electric Reliability Council of Texas, Inc."
48021,TX,Bastrop,Bastrop County,5723,ERCO,"Electric Reliability Council of Texas, Inc."
48023,TX,Baylor,Baylor County,5723,ERCO,"Electric Reliability Council of Texas, Inc."
48023,TX,Baylor,Baylor County,59504,SWPP,Southwest Power Pool
48025,TX,Bee,Bee County,5723,ERCO,"Electric Reliability Council of Texas, Inc."
48027,TX,Bell,Bell County,5723,ERCO,"Electric Reliability Council of Texas, Inc."
48029,TX,Bexar,Bexar County,5723,ERCO,"Electric Reliability Council of Texas, Inc."
48031,TX,Blanco,Blanco County,5723,ERCO,"Electric Reliability Council of Texas, Inc."
48033,TX,Borden,Borden County,5723,ERCO,"Electric Reliability Council of Texas, Inc."
48033,TX,Borden,Borden County,59504,SWPP,Southwest Power Pool
48035,TX,Bosque,Bosque County,5723,ERCO,"Electric Reliability Council of Texas, Inc."
48037,TX,Bowie,Bowie County,56669,MISO,"Midcontinent Independent Transmission System Operator, Inc.."
48037,TX,Bowie,Bowie County,59504,SWPP,Southwest Power Pool
48039,TX,Brazoria,Brazoria County,5723,ERCO,"Electric Reliability Council of Texas, Inc."
48041,TX,Brazos,Brazos County,5723,ERCO,"Electric Reliability Council of Texas, Inc."
48041,TX,Brazos,Brazos County,56669,MISO,"Midcontinent Independent Transmission System Operator, Inc.."
48043,TX,Brewster,Brewster County,5723,ERCO,"Electric Reliability Council of Texas, Inc."
48045,TX,Briscoe,Briscoe County,5723,ERCO,"Electric Reliability Council of Texas, Inc."
48045,TX,Briscoe,Briscoe County,59504,SWPP,Southwest Power Pool
48047,TX,Brooks,Brooks County,5723,ERCO,"Electric Reliability Council of Texas, Inc."
48049,TX,Brown,Brown County,5723,ERCO,"Electric Reliability Council of Texas, Inc."
48051,TX,Burleson,Burleson County,5723,ERCO,"Electric Reliability Council of Texas, Inc."
48051,TX,Burleson,Burleson County,56669,MISO,"Midcontinent Independent Transmission System Operator, Inc.."
48053,TX,Burnet,Burnet County,5723,ERCO,"Electric Reliability Council of Texas, Inc."
48055,TX,Caldwell,Caldwell County,5723,ERCO,"Electric Reliability Council of Texas, Inc."
48057,TX,Calhoun,Calhoun County,5723,ERCO,"Electric Reliability Council of Texas, Inc."
48059,TX,Callahan,Callahan County,5723,ERCO,"Electric Reliability Council of Texas, Inc."
48061,TX,Cameron,Cameron County,5723,ERCO,"Electric Reliability Council of Texas, Inc."
48063,TX,Camp,Camp County,59504,SWPP,Southwest Power Pool
48065,TX,Carson,Carson County,59504,SWPP,Southwest Power Pool
48067,TX,Cass,Cass County,56669,MISO,"Midcontinent Independent Transmission System Operator, Inc.."
48067,TX,Cass,Cass County,59504,SWPP,Southwest Power Pool
48069,TX,Castro,Castro County,59504,SWPP,Southwest Power Pool
48071,TX,Chambers,Chambers County,5723,ERCO,"Electric Reliability Council of Texas, Inc."
48071,TX,Chambers,Chambers County,56669,MISO,"Midcontinent Independent Transmission System Operator, Inc.."
48073,TX,Cherokee,Cherokee County,5723,ERCO,"Electric Reliability Council of Texas, Inc."
48075,TX,Childress,Childress County,5723,ERCO,"Electric Reliability Council of Texas, Inc."
48075,TX,Childress,Childress County,59504,SWPP,Southwest Power Pool
48077,TX,Clay,Clay County,5723,ERCO,"Electric Reliability Council of Texas, Inc."
48079,TX,Cochran,Cochran County,59504,SWPP,Southwest Power Pool
48081,TX,Coke,Coke County,5723,ERCO,"Electric Reliability Council of Texas, Inc."
48083,TX,Coleman,Coleman County,5723,ERCO,"Electric Reliability Council of Texas, Inc."
48085,TX,Collin,Collin County,5723,ERCO,"Electric Reliability Council of Texas, Inc."
48087,TX,Collingsworth,Collingsworth County,5723,ERCO,"Electric Reliability Council of Texas, Inc."
48087,TX,Collingsworth,Collingsworth County,59504,SWPP,Southwest Power Pool
48089,TX,Colorado,Colorado County,5723,ERCO,"Electric Reliability Council of Texas, Inc."
48091,TX,Comal,Comal County,5723,ERCO,"Electric Reliability Council of Texas, Inc."
48093,TX,Comanche,Comanche County,5723,ERCO,"Electric Reliability Council of Texas, Inc."
48095,TX,Concho,Concho County,5723,ERCO,"Electric Reliability Council of Texas, Inc."
48097,TX,Cooke,Cooke County,5723,ERCO,"Electric Reliability Council of Texas, Inc."
48099,TX,Coryell,Coryell County,5723,ERCO,"Electric Reliability Council of Texas, Inc."
48101,TX,Cottle,Cottle County,5723,ERCO,"Electric Reliability Council of Texas, Inc."
48101,TX,Cottle,Cottle County,59504,SWPP,Southwest Power Pool
48103,TX,Crane,Crane County,5723,ERCO,"Electric Reliability Council of Texas, Inc."
48105,TX,Crockett,Crockett County,5723,ERCO,"Electric Reliability Council of Texas, Inc."
48107,TX,Crosby,Crosby County,5723,ERCO,"Electric Reliability Council of Texas, Inc."
48107,TX,Crosby,Crosby County,59504,SWPP,Southwest Power Pool
48109,TX,Culberson,Culberson County,5701,EPE,El Paso Electric Company
48109,TX,Culberson,Culberson County,5723,ERCO,"Electric Reliability Council of Texas, Inc."
48111,TX,Dallam,Dallam County,15473,PNM,Public Service Company of New Mexico
48111,TX,Dallam,Dallam County,59504,SWPP,Southwest Power Pool
48113,TX,Dallas,Dallas County,5723,ERCO,"Electric Reliability Council of Texas, Inc."
48115,TX,Dawson,Dawson County,5723,ERCO,"Electric Reliability Council of Texas, Inc."
48115,TX,Dawson,Dawson County,59504,SWPP,Southwest Power Pool
48117,TX,Deaf Smith,Deaf Smith County,59504,SWPP,Southwest Power Pool
48119,TX,Delta,Delta County,5723,ERCO,"Electric Reliability Council of Texas, Inc."
48121,TX,Denton,Denton County,5723,ERCO,"Electric Reliability Council of Texas, Inc."
48123,TX,DeWitt,DeWitt County,5723,ERCO,"Electric Reliability Council of Texas, Inc."
48125,TX,Dickens,Dickens County,5723,ERCO,"Electric Reliability Council of Texas, Inc."
48125,TX,Dickens,Dickens County,59504,SWPP,Southwest Power Pool
48127,TX,Dimmit,Dimmit County,5723,ERCO,"Electric Reliability Council of Texas, Inc."
48129,TX,Donley,Donley County,5723,ERCO,"Electric Reliability Council of Texas, Inc."
48129,TX,Donley,Donley County,59504,SWPP,Southwest Power Pool
48131,TX,Duval,Duval County,5723,ERCO,"Electric Reliability Council of Texas, Inc."
48133,TX,Eastland,Eastland County,5723,ERCO,"Electric Reliability Council of Texas, Inc."
48135,TX,Ector,Ector County,5723,ERCO,"Electric Reliability Council of Texas, Inc."
48135,TX,Ector,Ector County,59504,SWPP,Southwest Power Pool
48137,TX,Edwards,Edwards County,5723,ERCO,"Electric Reliability Council of Texas, Inc."
48139,TX,Ellis,Ellis County,5723,ERCO,"Electric Reliability Council of Texas, Inc."
48141,TX,El Paso,El Paso County,5701,EPE,El Paso Electric Company
48141,TX,El Paso,El Paso County,5723,ERCO,"Electric Reliability Council of Texas, Inc."
48143,TX,Erath,Erath County,5723,ERCO,"Electric Reliability Council of Texas, Inc."
48145,TX,Falls,Falls County,5723,ERCO,"Electric Reliability Council of Texas, Inc."
48145,TX,Falls,Falls County,56669,MISO,"Midcontinent Independent Transmission System Operator, Inc.."
48147,TX,Fannin,Fannin County,5723,ERCO,"Electric Reliability Council of Texas, Inc."
48149,TX,Fayette,Fayette County,5723,ERCO,"Electric Reliability Council of Texas, Inc."
48151,TX,Fisher,Fisher County,5723,ERCO,"Electric Reliability Council of Texas, Inc."
48153,TX,Floyd,Floyd County,5723,ERCO,"Electric Reliability Council of Texas, Inc."
48153,TX,Floyd,Floyd County,59504,SWPP,Southwest Power Pool
48155,TX,Foard,Foard County,5723,ERCO,"Electric Reliability Council of Texas, Inc."
48155,TX,Foard,Foard County,59504,SWPP,Southwest Power Pool
48157,TX,Fort Bend,Fort Bend County,5723,ERCO,"Electric Reliability Council of Texas, Inc."
48159,TX,Franklin,Franklin County,5723,ERCO,"Electric Reliability Council of Texas, Inc."
48159,TX,Franklin,Franklin County,59504,SWPP,Southwest Power Pool
48161,TX,Freestone,Freestone County,5723,ERCO,"Electric Reliability Council of Texas, Inc."
48163,TX,Frio,Frio County,5723,ERCO,"Electric Reliability Council of Texas, Inc."
48165,TX,Gaines,Gaines County,5723,ERCO,"Electric Reliability Council of Texas, Inc."
48165,TX,Gaines,Gaines County,59504,SWPP,Southwest Power Pool
48167,TX,Galveston,Galveston County,5723,ERCO,"Electric Reliability Council of Texas, Inc."
48167,TX,Galveston,Galveston County,56669,MISO,"Midcontinent Independent Transmission System Operator, Inc.."
48169,TX,Garza,Garza County,5723,ERCO,"Electric Reliability Council of Texas, Inc."
48169,TX,Garza,Garza County,59504,SWPP,Southwest Power Pool
48171,TX,Gillespie,Gillespie County,5723,ERCO,"Electric Reliability Council of Texas, Inc."
48173,TX,Glasscock,Glasscock County,5723,ERCO,"Electric Reliability Council of Texas, Inc."
48175,TX,Goliad,Goliad County,5723,ERCO,"Electric Reliability Council of Texas, Inc."
48177,TX,Gonzales,Gonzales County,5723,ERCO,"Electric Reliability Council of Texas, Inc."
48179,TX,Gray,Gray County,5723,ERCO,"Electric Reliability Council of Texas, Inc."
48179,TX,Gray,Gray County,59504,SWPP,Southwest Power Pool
48181,TX,Grayson,Grayson County,5723,ERCO,"Electric Reliability Council of Texas, Inc."
48183,TX,Gregg,Gregg County,59504,SWPP,Southwest Power Pool
48185,TX,Grimes,Grimes County,5723,ERCO,"Electric Reliability Council of Texas, Inc."
48185,TX,Grimes,Grimes County,56669,MISO,"Midcontinent Independent Transmission System Operator, Inc.."
48187,TX,Guadalupe,Guadalupe County,5723,ERCO,"Electric Reliability Council of Texas, Inc."
48189,TX,Hale,Hale County,5723,ERCO,"Electric Reliability Council of Texas, Inc."
48189,TX,Hale,Hale County,59504,SWPP,Southwest Power Pool
48191,TX,Hall,Hall County,5723,ERCO,"Electric Reliability Council of Texas, Inc."
48191,TX,Hall,Hall County,59504,SWPP,Southwest Power Pool
48193,TX,Hamilton,Hamilton County,5723,ERCO,"Electric Reliability Council of Texas, Inc."
48195,TX,Hansford,Hansford County,59504,SWPP,Southwest Power Pool
48197,TX,Hardeman,Hardeman County,5723,ERCO,"Electric Reliability Council of Texas, Inc."
48197,TX,Hardeman,Hardeman County,59504,SWPP,Southwest Power Pool
48199,TX,Hardin,Hardin County,56669,MISO,"Midcontinent Independent Transmission System Operator, Inc.."
48201,TX,Harris,Harris County,5723,ERCO,"Electric Reliability Council of Texas, Inc."
48201,TX,Harris,Harris County,56669,MISO,"Midcontinent Independent Transmission System Operator, Inc.."
48203,TX,Harrison,Harrison County,59504,SWPP,Southwest Power Pool
48205,TX,Hartley,Hartley County,15473,PNM,Public Service Company of New Mexico
48205,TX,Hartley,Hartley County,59504,SWPP,Southwest Power Pool
48207,TX,Haskell,Haskell County,5723,ERCO,"Electric Reliability Council of Texas, Inc."
48209,TX,Hays,Hays County,5723,ERCO,"Electric Reliability Council of Texas, Inc."
48211,TX,Hemphill,Hemphill County,5723,ERCO,"Electric Reliability Council of Texas, Inc."
48211,TX,Hemphill,Hemphill County,59504,SWPP,Southwest Power Pool
48213,TX,Henderson,Henderson County,5723,ERCO,"Electric Reliability Council of Texas, Inc."
48215,TX,Hidalgo,Hidalgo County,5723,ERCO,"Electric Reliability Council of Texas, Inc."
48217,TX,Hill,Hill County,5723,ERCO,"Electric Reliability Council of Texas, Inc."
48219,TX,Hockley,Hockley County,5723,ERCO,"Electric Reliability Council of Texas, Inc."
48219,TX,Hockley,Hockley County,59504,SWPP,Southwest Power Pool
48221,TX,Hood,Hood County,5723,ERCO,"Electric Reliability Council of Texas, Inc."
48223,TX,Hopkins,Hopkins County,5723,ERCO,"Electric Reliability Council of Texas, Inc."
48223,TX,Hopkins,Hopkins County,59504,SWPP,Southwest Power Pool
48225,TX,Houston,Houston County,5723,ERCO,"Electric Reliability Council of Texas, Inc."
48225,TX,Houston,Houston County,56669,MISO,"Midcontinent Independent Transmission System Operator, Inc.."
48227,TX,Howard,Howard County,5723,ERCO,"Electric Reliability Council of Texas, Inc."
48227,TX,Howard,Howard County,59504,SWPP,Southwest Power Pool
48229,TX,Hudspeth,Hudspeth County,5701,EPE,El Paso Electric Company
48229,TX,Hudspeth,Hudspeth County,5723,ERCO,"Electric Reliability Council of Texas, Inc."
48231,TX,Hunt,Hunt County,5723,ERCO,"Electric Reliability Council of Texas, Inc."
48233,TX,Hutchinson,Hutchinson County,59504,SWPP,Southwest Power Pool
48235,TX,Irion,Irion County,5723,ERCO,"Electric Reliability Council of Texas, Inc."
48237,TX,Jack,Jack County,5723,ERCO,"Electric Reliability Council of Texas, Inc."
48239,TX,Jackson,Jackson County,5723,ERCO,"Electric Reliability Council of Texas, Inc."
48241,TX,Jasper,Jasper County,56669,MISO,"Midcontinent Independent Transmission System Operator, Inc.."
48243,TX,Jeff Davis,Jeff Davis County,5723,ERCO,"Electric Reliability Council of Texas, Inc."
48245,TX,Jefferson,Jefferson County,56669,MISO,"Midcontinent Independent Transmission System Operator, Inc.."
48247,TX,Jim Hogg,Jim Hogg County,5723,ERCO,"Electric Reliability Council of Texas, Inc."
48249,TX,Jim Wells,Jim Wells County,5723,ERCO,"Electric Reliability Council of Texas, Inc."
48251,TX,Johnson,Johnson County,5723,ERCO,"Electric Reliability Council of Texas, Inc."
48253,TX,Jones,Jones County,5723,ERCO,"Electric Reliability Council of Texas, Inc."
48255,TX,Karnes,Karnes County,5723,ERCO,"Electric Reliability Council of Texas, Inc."
48257,TX,Kaufman,Kaufman County,5723,ERCO,"Electric Reliability Council of Texas, Inc."
48259,TX,Kendall,Kendall County,5723,ERCO,"Electric Reliability Council of Texas, Inc."
48261,TX,Kenedy,Kenedy County,5723,ERCO,"Electric Reliability Council of Texas, Inc."
48263,TX,Kent,Kent County,5723,ERCO,"Electric Reliability Council of Texas, Inc."
48263,TX,Kent,Kent County,59504,SWPP,Southwest Power Pool
48265,TX,Kerr,Kerr County,5723,ERCO,"Electric Reliability Council of Texas, Inc."
48267,TX,Kimble,Kimble County,5723,ERCO,"Electric Reliability Council of Texas, Inc."
48269,TX,King,King County,5723,ERCO,"Electric Reliability Council of Texas, Inc."
48269,TX,King,King County,59504,SWPP,Southwest Power Pool
48271,TX,Kinney,Kinney County,5723,ERCO,"Electric Reliability Council of Texas, Inc."
48273,TX,Kleberg,Kleberg County,5723,ERCO,"Electric Reliability Council of Texas, Inc."
48275,TX,Knox,Knox County,5723,ERCO,"Electric Reliability Council of Texas, Inc."
48277,TX,Lamar,Lamar County,5723,ERCO,"Electric Reliability Council of Texas, Inc."
48279,TX,Lamb,Lamb County,5723,ERCO,"Electric Reliability Council of Texas, Inc."
48279,TX,Lamb,Lamb County,59504,SWPP,Southwest Power Pool
48281,TX,Lampasas,Lampasas County,5723,ERCO,"Electric Reliability Council of Texas, Inc."
48283,TX,La Salle,La Salle County,5723,ERCO,"Electric Reliability Council of Texas, Inc."
48285,TX,Lavaca,Lavaca County,5723,ERCO,"Electric Reliability Council of Texas, Inc."
48287,TX,Lee,Lee County,5723,ERCO,"Electric Reliability Council of Texas, Inc."
48289,TX,Leon,Leon County,5723,ERCO,"Electric Reliability Council of Texas, Inc."
48289,TX,Leon,Leon County,56669,MISO,"Midcontinent Independent Transmission System Operator, Inc.."
48291,TX,Liberty,Liberty County,5723,ERCO,"Electric Reliability Council of Texas, Inc."
48291,TX,Liberty,Liberty County,56669,MISO,"Midcontinent Independent Transmission System Operator, Inc.."
48293,TX,Limestone,Limestone County,5723,ERCO,"Electric Reliability Council of Texas, Inc."
48293,TX,Limestone,Limestone County,56669,MISO,"Midcontinent Independent Transmission System Operator, Inc.."
48295,TX,Lipscomb,Lipscomb County,59504,SWPP,Southwest Power Pool
48297,TX,Live Oak,Live Oak County,5723,ERCO,"Electric Reliability Council of Texas, Inc."
48299,TX,Llano,Llano County,5723,ERCO,"Electric Reliability Council of Texas, Inc."
48301,TX,Loving,Loving County,5723,ERCO,"Electric Reliability Council of Texas, Inc."
48303,TX,Lubbock,Lubbock County,5723,ERCO,"Electric Reliability Council of Texas, Inc."
48303,TX,Lubbock,Lubbock County,59504,SWPP,Southwest Power Pool
48305,TX,Lynn,Lynn County,5723,ERCO,"Electric Reliability Council of Texas, Inc."
48305,TX,Lynn,Lynn County,59504,SWPP,Southwest Power Pool
48307,TX,McCulloch,McCulloch County,5723,ERCO,"Electric Reliability Council of Texas, Inc."
48309,TX,McLennan,McLennan County,5723,ERCO,"Electric Reliability Council of Texas, Inc."
48311,TX,McMullen,McMullen County,5723,ERCO,"Electric Reliability Council of Texas, Inc."
48313,TX,Madison,Madison County,5723,ERCO,"Electric Reliability Council of Texas, Inc."
48313,TX,Madison,Madison County,56669,MISO,"Midcontinent Independent Transmission System Operator, Inc.."
48315,TX,Marion,Marion County,59504,SWPP,Southwest Power Pool
48317,TX,Martin,Martin County,5723,ERCO,"Electric Reliability Council of Texas, Inc."
48317,TX,Martin,Martin County,59504,SWPP,Southwest Power Pool
48319,TX,Mason,Mason County,5723,ERCO,"Electric Reliability Council of Texas, Inc."
48321,TX,Matagorda,Matagorda County,5723,ERCO,"Electric Reliability Council of Texas, Inc."
48323,TX,Maverick,Maverick County,5723,ERCO,"Electric Reliability Council of Texas, Inc."
48325,TX,Medina,Medina County,5723,ERCO,"Electric Reliability Council of Texas, Inc."
48327,TX,Menard,Menard County,5723,ERCO,"Electric Reliability Council of Texas, Inc."
48329,TX,Midland,Midland County,5723,ERCO,"Electric Reliability Council of Texas, Inc."
48329,TX,Midland,Midland County,59504,SWPP,Southwest Power Pool
48331,TX,Milam,Milam County,5723,ERCO,"Electric Reliability Council of Texas, Inc."
48331,TX,Milam,Milam County,56669,MISO,"Midcontinent Independent Transmission System Operator, Inc.."
48333,TX,Mills,Mills County,5723,ERCO,"Electric Reliability Council of Texas, Inc."
48335,TX,Mitchell,Mitchell County,5723,ERCO,"Electric Reliability Council of Texas, Inc."
48337,TX,Montague,Montague County,5723,ERCO,"Electric Reliability Council of Texas, Inc."
48339,TX,Montgomery,Montgomery County,5723,ERCO,"Electric Reliability Council of Texas, Inc."
48339,TX,Montgomery,Montgomery County,56669,MISO,"Midcontinent Independent Transmission System Operator, Inc.."
48341,TX,Moore,Moore County,59504,SWPP,Southwest Power Pool
48343,TX,Morris,Morris County,59504,SWPP,Southwest Power Pool
48345,TX,Motley,Motley County,5723,ERCO,"Electric Reliability Council of Texas, Inc."
48345,TX,Motley,Motley County,59504,SWPP,Southwest Power Pool
48347,TX,Nacogdoches,Nacogdoches County,5723,ERCO,"Electric Reliability Council of Texas, Inc."
48347,TX,Nacogdoches,Nacogdoches County,56669,MISO,"Midcontinent Independent Transmission System Operator, Inc.."
48347,TX,Nacogdoches,Nacogdoches County,59504,SWPP,Southwest Power Pool
48349,TX,Navarro,Navarro County,5723,ERCO,"Electric Reliability Council of Texas, Inc."
48351,TX,Newton,Newton County,56669,MISO,"Midcontinent Independent Transmission System Operator, Inc.."
48353,TX,Nolan,Nolan County,5723,ERCO,"Electric Reliability Council of Texas, Inc."
48355,TX,Nueces,Nueces County,5723,ERCO,"Electric Reliability Council of Texas, Inc."
48357,TX,Ochiltree,Ochiltree County,59504,SWPP,Southwest Power Pool
48359,TX,Oldham,Oldham County,59504,SWPP,Southwest Power Pool
48361,TX,Orange,Orange County,56669,MISO,"Midcontinent Independent Transmission System Operator, Inc.."
48363,TX,Palo Pinto,Palo Pinto County,5723,ERCO,"Electric Reliability Council of Texas, Inc."
48365,TX,Panola,Panola County,56669,MISO,"Midcontinent Independent Transmission System Operator, Inc.."
48365,TX,Panola,Panola County,59504,SWPP,Southwest Power Pool
48367,TX,Parker,Parker County,5723,ERCO,"Electric Reliability Council of Texas, Inc."
48369,TX,Parmer,Parmer County,59504,SWPP,Southwest Power Pool
48371,TX,Pecos,Pecos County,5723,ERCO,"Electric Reliability Council of Texas, Inc."
48373,TX,Polk,Polk County,56669,MISO,"Midcontinent Independent Transmission System Operator, Inc.."
48375,TX,Potter,Potter County,59504,SWPP,Southwest Power Pool
48377,TX,Presidio,Presidio County,5723,ERCO,"Electric Reliability Council of Texas, Inc."
48379,TX,Rains,Rains County,5723,ERCO,"Electric Reliability Council of Texas, Inc."
48379,TX,Rains,Rains County,59504,SWPP,Southwest Power Pool
48381,TX,Randall,Randall County,5723,ERCO,"Electric Reliability Council of Texas, Inc."
48381,TX,Randall,Randall County,59504,SWPP,Southwest Power Pool
48383,TX,Reagan,Reagan County,5723,ERCO,"Electric Reliability Council of Texas, Inc."
48385,TX,Real,Real County,5723,ERCO,"Electric Reliability Council of Texas, Inc."
48387,TX,Red River,Red River County,5723,ERCO,"Electric Reliability Council of Texas, Inc."
48387,TX,Red River,Red River County,59504,SWPP,Southwest Power Pool
48389,TX,Reeves,Reeves County,5723,ERCO,"Electric Reliability Council of Texas, Inc."
48391,TX,Refugio,Refugio County,5723,ERCO,"Electric Reliability Council of Texas, Inc."
48393,TX,Roberts,Roberts County,5723,ERCO,"Electric Reliability Council of Texas, Inc."
48393,TX,Roberts,Roberts County,59504,SWPP,Southwest Power Pool
48395,TX,Robertson,Robertson County,5723,ERCO,"Electric Reliability Council of Texas, Inc."
48395,TX,Robertson,Robertson County,56669,MISO,"Midcontinent Independent Transmission System Operator, Inc.."
48397,TX,Rockwall,Rockwall County,5723,ERCO,"Electric Reliability Council of Texas, Inc."
48399,TX,Runnels,Runnels County,5723,ERCO,"Electric Reliability Council of Texas, Inc."
48401,TX,Rusk,Rusk County,5723,ERCO,"Electric Reliability Council of Texas, Inc."
48401,TX,Rusk,Rusk County,56669,MISO,"Midcontinent Independent Transmission System Operator, Inc.."
48401,TX,Rusk,Rusk County,59504,SWPP,Southwest Power Pool
48403,TX,Sabine,Sabine County,56669,MISO,"Midcontinent Independent Transmission System Operator, Inc.."
48405,TX,San Augustine,San Augustine County,56669,MISO,"Midcontinent Independent Transmission System Operator, Inc.."
48407,TX,San Jacinto,San Jacinto County,56669,MISO,"Midcontinent Independent Transmission System Operator, Inc.."
48409,TX,San Patricio,San Patricio County,5723,ERCO,"Electric Reliability Council of Texas, Inc."
48411,TX,San Saba,San Saba County,5723,ERCO,"Electric Reliability Council of Texas, Inc."
48413,TX,Schleicher,Schleicher County,5723,ERCO,"Electric Reliability Council of Texas, Inc."
48415,TX,Scurry,Scurry County,5723,ERCO,"Electric Reliability Council of Texas, Inc."
48417,TX,Shackelford,Shackelford County,5723,ERCO,"Electric Reliability Council of Texas, Inc."
48419,TX,Shelby,Shelby County,5723,ERCO,"Electric Reliability Council of Texas, Inc."
48419,TX,Shelby,Shelby County,56669,MISO,"Midcontinent Independent Transmission System Operator, Inc.."
48419,TX,Shelby,Shelby County,59504,SWPP,Southwest Power Pool
48421,TX,Sherman,Sherman County,59504,SWPP,Southwest Power Pool
48423,TX,Smith,Smith County,5723,ERCO,"Electric Reliability Council of Texas, Inc."
48423,TX,Smith,Smith County,59504,SWPP,Southwest Power Pool
48425,TX,Somervell,Somervell County,5723,ERCO,"Electric Reliability Council of Texas, Inc."
48427,TX,Starr,Starr County,5723,ERCO,"Electric Reliability Council of Texas, Inc."
48429,TX,Stephens,Stephens County,5723,ERCO,"Electric Reliability Council of Texas, Inc."
48431,TX,Sterling,Sterling County,5723,ERCO,"Electric Reliability Council of Texas, Inc."
48433,TX,Stonewall,Stonewall County,5723,ERCO,"Electric Reliability Council of Texas, Inc."
48433,TX,Stonewall,Stonewall County,59504,SWPP,Southwest Power Pool
48435,TX,Sutton,Sutton County,5723,ERCO,"Electric Reliability Council of Texas, Inc."
48437,TX,Swisher,Swisher County,5723,ERCO,"Electric Reliability Council of Texas, Inc."
48437,TX,Swisher,Swisher County,59504,SWPP,Southwest Power Pool
48439,TX,Tarrant,Tarrant County,5723,ERCO,"Electric Reliability Council of Texas, Inc."
48441,TX,Taylor,Taylor County,5723,ERCO,"Electric Reliability Council of Texas, Inc."
48443,TX,Terrell,Terrell County,5723,ERCO,"Electric Reliability Council of Texas, Inc."
48445,TX,Terry,Terry County,5723,ERCO,"Electric Reliability Council of Texas, Inc."
48445,TX,Terry,Terry County,59504,SWPP,Southwest Power Pool
48447,TX,Throckmorton,Throckmorton County,5723,ERCO,"Electric Reliability Council of Texas, Inc."
48449,TX,Titus,Titus County,5723,ERCO,"Electric Reliability Council of Texas, Inc."
48449,TX,Titus,Titus County,59504,SWPP,Southwest Power Pool
48451,TX,Tom Green,Tom Green County,5723,ERCO,"Electric Reliability Council of Texas, Inc."
48453,TX,Travis,Travis County,5723,ERCO,"Electric Reliability Council of Texas, Inc."
48455,TX,Trinity,Trinity County,5723,ERCO,"Electric Reliability Council of Texas, Inc."
48455,TX,Trinity,Trinity County,56669,MISO,"Midcontinent Independent Transmission System Operator, Inc.."
48457,TX,Tyler,Tyler County,56669,MISO,"Midcontinent Independent Transmission System Operator, Inc.."
48459,TX,Upshur,Upshur County,59504,SWPP,Southwest Power Pool
48461,TX,Upton,Upton County,5723,ERCO,"Electric Reliability Council of Texas, Inc."
48463,TX,Uvalde,Uvalde County,5723,ERCO,"Electric Reliability Council of Texas, Inc."
48465,TX,Val Verde,Val Verde County,5723,ERCO,"Electric Reliability Council of Texas, Inc."
48467,TX,Van Zandt,Van Zandt County,5723,ERCO,"Electric Reliability Council of Texas, Inc."
48467,TX,Van Zandt,Van Zandt County,59504,SWPP,Southwest Power Pool
48469,TX,Victoria,Victoria County,5723,ERCO,"Electric Reliability Council of Texas, Inc."
48471,TX,Walker,Walker County,5723,ERCO,"Electric Reliability Council of Texas, Inc."
48471,TX,Walker,Walker County,56669,MISO,"Midcontinent Independent Transmission System Operator, Inc.."
48473,TX,Waller,Waller County,5723,ERCO,"Electric Reliability Council of Texas, Inc."
48473,TX,Waller,Waller County,56669,MISO,"Midcontinent Independent Transmission System Operator, Inc.."
48475,TX,Ward,Ward County,5723,ERCO,"Electric Reliability Council of Texas, Inc."
48477,TX,Washington,Washington County,5723,ERCO,"Electric Reliability Council of Texas, Inc."
48477,TX,Washington,Washington County,56669,MISO,"Midcontinent Independent Transmission System Operator, Inc.."
48479,TX,Webb,Webb County,5723,ERCO,"Electric Reliability Council of Texas, Inc."
48481,TX,Wharton,Wharton County,5723,ERCO,"Electric Reliability Council of Texas, Inc."
48483,TX,Wheeler,Wheeler County,5723,ERCO,"Electric Reliability Council of Texas, Inc."
48483,TX,Wheeler,Wheeler County,59504,SWPP,Southwest Power Pool
48485,TX,Wichita,Wichita County,5723,ERCO,"Electric Reliability Council of Texas, Inc."
48485,TX,Wichita,Wichita County,59504,SWPP,Southwest Power Pool
48487,TX,Wilbarger,Wilbarger County,5723,ERCO,"Electric Reliability Council of Texas, Inc."
48487,TX,Wilbarger,Wilbarger County,59504,SWPP,Southwest Power Pool
48489,TX,Willacy,Willacy County,5723,ERCO,"Electric Reliability Council of Texas, Inc."
48491,TX,Williamson,Williamson County,5723,ERCO,"Electric Reliability Council of Texas, Inc."
48493,TX,Wilson,Wilson County,5723,ERCO,"Electric Reliability Council of Texas, Inc."
48495,TX,Winkler,Winkler County,5723,ERCO,"Electric Reliability Council of Texas, Inc."
48497,TX,Wise,Wise County,5723,ERCO,"Electric Reliability Council of Texas, Inc."
48499,TX,Wood,Wood County,5723,ERCO,"Electric Reliability Council of Texas, Inc."
48499,TX,Wood,Wood County,59504,SWPP,Southwest Power Pool
48501,TX,Yoakum,Yoakum County,59504,SWPP,Southwest Power Pool
48503,TX,Young,Young County,5723,ERCO,"Electric Reliability Council of Texas, Inc."
48505,TX,Zapata,Zapata County,5723,ERCO,"Electric Reliability Council of Texas, Inc."
48507,TX,Zavala,Zavala County,5723,ERCO,"Electric Reliability Council of Texas, Inc."
49001,UT,Beaver,Beaver County,14379,PACE,PacifiCorp - East
49003,UT,Box Elder,Box Elder County,1738,BPAT,Bonneville Power Administration
49003,UT,Box Elder,Box Elder County,14379,PACE,PacifiCorp - East
49005,UT,Cache,Cache County,14379,PACE,PacifiCorp - East
49007,UT,Carbon,Carbon County,14379,PACE,PacifiCorp - East
49009,UT,Daggett,Daggett County,25471,WALC,Western Area Power Administration - Desert Southwest Region
49009,UT,Daggett,Daggett County,28503,WACM,Western Area Power Administration - Rocky Mountain Region
49011,UT,Davis,Davis County,14379,PACE,PacifiCorp - East
49013,UT,Duchesne,Duchesne County,14379,PACE,PacifiCorp - East
49013,UT,Duchesne,Duchesne County,28503,WACM,Western Area Power Administration - Rocky Mountain Region
49015,UT,Emery,Emery County,14379,PACE,PacifiCorp - East
49017,UT,Garfield,Garfield County,14379,PACE,PacifiCorp - East
49017,UT,Garfield,Garfield County,25471,WALC,Western Area Power Administration - Desert Southwest Region
49017,UT,Garfield,Garfield County,28503,WACM,Western Area Power Administration - Rocky Mountain Region
49019,UT,Grand,Grand County,14379,PACE,PacifiCorp - East
49021,UT,Iron,Iron County,14379,PACE,PacifiCorp - East
49021,UT,Iron,Iron County,28503,WACM,Western Area Power Administration - Rocky Mountain Region
49023,UT,Juab,Juab County,13407,NEVP,Nevada Power Company
49023,UT,Juab,Juab County,14379,PACE,PacifiCorp - East
49025,UT,Kane,Kane County,28503,WACM,Western Area Power Administration - Rocky Mountain Region
49027,UT,Millard,Millard County,13407,NEVP,Nevada Power Company
49027,UT,Millard,Millard County,14379,PACE,PacifiCorp - East
49029,UT,Morgan,Morgan County,14379,PACE,PacifiCorp - East
49031,UT,Piute,Piute County,14379,PACE,PacifiCorp - East
49031,UT,Piute,Piute County,28503,WACM,Western Area Power Administration - Rocky Mountain Region
49033,UT,Rich,Rich County,14379,PACE,PacifiCorp - East
49035,UT,Salt Lake,Salt Lake County,14379,PACE,PacifiCorp - East
49035,UT,Salt Lake,Salt Lake County,25471,WALC,Western Area Power Administration - Desert Southwest Region
49037,UT,San Juan,San Juan County,14379,PACE,PacifiCorp - East
49037,UT,San Juan,San Juan County,25471,WALC,Western Area Power Administration - Desert Southwest Region
49037,UT,San Juan,San Juan County,28503,WACM,Western Area Power Administration - Rocky Mountain Region
49039,UT,Sanpete,Sanpete County,14379,PACE,PacifiCorp - East
49041,UT,Sevier,Sevier County,14379,PACE,PacifiCorp - East
49041,UT,Sevier,Sevier County,28503,WACM,Western Area Power Administration - Rocky Mountain Region
49043,UT,Summit,Summit County,14379,PACE,PacifiCorp - East
49043,UT,Summit,Summit County,28503,WACM,Western Area Power Administration - Rocky Mountain Region
49045,UT,Tooele,Tooele County,13407,NEVP,Nevada Power Company
49045,UT,Tooele,Tooele County,14379,PACE,PacifiCorp - East
49047,UT,Uintah,Uintah County,14379,PACE,PacifiCorp - East
49047,UT,Uintah,Uintah County,25471,WALC,Western Area Power Administration - Desert Southwest Region
49047,UT,Uintah,Uintah County,28503,WACM,Western Area Power Administration - Rocky Mountain Region
49049,UT,Utah,Utah County,14379,PACE,PacifiCorp - East
49051,UT,Wasatch,Wasatch County,14379,PACE,PacifiCorp - East
49051,UT,Wasatch,Wasatch County,28503,WACM,Western Area Power Administration - Rocky Mountain Region
49053,UT,Washington,Washington County,14379,PACE,PacifiCorp - East
49053,UT,Washington,Washington County,28503,WACM,Western Area Power Administration - Rocky Mountain Region
49055,UT,Wayne,Wayne County,28503,WACM,Western Area Power Administration - Rocky Mountain Region
49057,UT,Weber,Weber County,14379,PACE,PacifiCorp - East
50001,VT,Addison,Addison County,13434,ISNE,ISO New England Inc.
50003,VT,Bennington,Bennington County,13434,ISNE,ISO New England Inc.
50005,VT,Caledonia,Caledonia County,13434,ISNE,ISO New England Inc.
50007,VT,Chittenden,Chittenden County,13434,ISNE,ISO New England Inc.
50009,VT,Essex,Essex County,13434,ISNE,ISO New England Inc.
50011,VT,Franklin,Franklin County,13434,ISNE,ISO New England Inc.
50013,VT,Grand Isle,Grand Isle County,13434,ISNE,ISO New England Inc.
50015,VT,Lamoille,Lamoille County,13434,ISNE,ISO New England Inc.
50017,VT,Orange,Orange County,13434,ISNE,ISO New England Inc.
50019,VT,Orleans,Orleans County,13434,ISNE,ISO New England Inc.
50021,VT,Rutland,Rutland County,13434,ISNE,ISO New England Inc.
50023,VT,Washington,Washington County,13434,ISNE,ISO New England Inc.
50025,VT,Windham,Windham County,13434,ISNE,ISO New England Inc.
50027,VT,Windsor,Windsor County,13434,ISNE,ISO New England Inc.
51001,VA,Accomack,Accomack County,14725,PJM,"PJM Interconnection, LLC"
51003,VA,Albemarle,Albemarle County,14725,PJM,"PJM Interconnection, LLC"
51005,VA,Alleghany,Alleghany County,14725,PJM,"PJM Interconnection, LLC"
51007,VA,Amelia,Amelia County,14725,PJM,"PJM Interconnection, LLC"
51009,VA,Amherst,Amherst County,14725,PJM,"PJM Interconnection, LLC"
51011,VA,Appomattox,Appomattox County,14725,PJM,"PJM Interconnection, LLC"
51013,VA,Arlington,Arlington County,14725,PJM,"PJM Interconnection, LLC"
51015,VA,Augusta,Augusta County,14725,PJM,"PJM Interconnection, LLC"
51017,VA,Bath,Bath County,14725,PJM,"PJM Interconnection, LLC"
51019,VA,Bedford,Bedford County,14725,PJM,"PJM Interconnection, LLC"
51021,VA,Bland,Bland County,14725,PJM,"PJM Interconnection, LLC"
51023,VA,Botetourt,Botetourt County,14725,PJM,"PJM Interconnection, LLC"
51025,VA,Brunswick,Brunswick County,14725,PJM,"PJM Interconnection, LLC"
51027,VA,Buchanan,Buchanan County,14725,PJM,"PJM Interconnection, LLC"
51029,VA,Buckingham,Buckingham County,14725,PJM,"PJM Interconnection, LLC"
51031,VA,Campbell,Campbell County,14725,PJM,"PJM Interconnection, LLC"
51033,VA,Caroline,Caroline County,14725,PJM,"PJM Interconnection, LLC"
51035,VA,Carroll,Carroll County,14725,PJM,"PJM Interconnection, LLC"
51036,VA,Charles City,Charles City County,14725,PJM,"PJM Interconnection, LLC"
51037,VA,Charlotte,Charlotte County,14725,PJM,"PJM Interconnection, LLC"
51041,VA,Chesterfield,Chesterfield County,14725,PJM,"PJM Interconnection, LLC"
51043,VA,Clarke,Clarke County,14725,PJM,"PJM Interconnection, LLC"
51045,VA,Craig,Craig County,14725,PJM,"PJM Interconnection, LLC"
51047,VA,Culpeper,Culpeper County,14725,PJM,"PJM Interconnection, LLC"
51049,VA,Cumberland,Cumberland County,14725,PJM,"PJM Interconnection, LLC"
51051,VA,Dickenson,Dickenson County,11249,LGEE,Louisville Gas and Electric Company and Kentucky Utilities Company
51051,VA,Dickenson,Dickenson County,14725,PJM,"PJM Interconnection, LLC"
51053,VA,Dinwiddie,Dinwiddie County,14725,PJM,"PJM Interconnection, LLC"
51057,VA,Essex,Essex County,14725,PJM,"PJM Interconnection, LLC"
51061,VA,Fauquier,Fauquier County,14725,PJM,"PJM Interconnection, LLC"
51063,VA,Floyd,Floyd County,14725,PJM,"PJM Interconnection, LLC"
51065,VA,Fluvanna,Fluvanna County,14725,PJM,"PJM Interconnection, LLC"
51069,VA,Frederick,Frederick County,14725,PJM,"PJM Interconnection, LLC"
51071,VA,Giles,Giles County,14725,PJM,"PJM Interconnection, LLC"
51073,VA,Gloucester,Gloucester County,14725,PJM,"PJM Interconnection, LLC"
51075,VA,Goochland,Goochland County,14725,PJM,"PJM Interconnection, LLC"
51077,VA,Grayson,Grayson County,14725,PJM,"PJM Interconnection, LLC"
51079,VA,Greene,Greene County,14725,PJM,"PJM Interconnection, LLC"
51081,VA,Greensville,Greensville County,14725,PJM,"PJM Interconnection, LLC"
51083,VA,Halifax,Halifax County,14725,PJM,"PJM Interconnection, LLC"
51085,VA,Hanover,Hanover County,14725,PJM,"PJM Interconnection, LLC"
51087,VA,Henrico,Henrico County,14725,PJM,"PJM Interconnection, LLC"
51089,VA,Henry,Henry County,14725,PJM,"PJM Interconnection, LLC"
51091,VA,Highland,Highland County,14725,PJM,"PJM Interconnection, LLC"
51093,VA,Isle of Wight,Isle of Wight County,14725,PJM,"PJM Interconnection, LLC"
51095,VA,James City,James City County,14725,PJM,"PJM Interconnection, LLC"
51097,VA,King and Queen,King and Queen County,14725,PJM,"PJM Interconnection, LLC"
51099,VA,King George,King George County,14725,PJM,"PJM Interconnection, LLC"
51101,VA,King William,King William County,14725,PJM,"PJM Interconnection, LLC"
51103,VA,Lancaster,Lancaster County,14725,PJM,"PJM Interconnection, LLC"
51105,VA,Lee,Lee County,11249,LGEE,Louisville Gas and Electric Company and Kentucky Utilities Company
51105,VA,Lee,Lee County,18642,TVA,Tennessee Valley Authority
51107,VA,Loudoun,Loudoun County,14725,PJM,"PJM Interconnection, LLC"
51109,VA,Louisa,Louisa County,14725,PJM,"PJM Interconnection, LLC"
51111,VA,Lunenburg,Lunenburg County,14725,PJM,"PJM Interconnection, LLC"
51113,VA,Madison,Madison County,14725,PJM,"PJM Interconnection, LLC"
51115,VA,Mathews,Mathews County,14725,PJM,"PJM Interconnection, LLC"
51117,VA,Mecklenburg,Mecklenburg County,14725,PJM,"PJM Interconnection, LLC"
51119,VA,Middlesex,Middlesex County,14725,PJM,"PJM Interconnection, LLC"
51121,VA,Montgomery,Montgomery County,14725,PJM,"PJM Interconnection, LLC"
51125,VA,Nelson,Nelson County,14725,PJM,"PJM Interconnection, LLC"
51127,VA,New Kent,New Kent County,14725,PJM,"PJM Interconnection, LLC"
51131,VA,Northampton,Northampton County,14725,PJM,"PJM Interconnection, LLC"
51133,VA,Northumberland,Northumberland County,14725,PJM,"PJM Interconnection, LLC"
51135,VA,Nottoway,Nottoway County,14725,PJM,"PJM Interconnection, LLC"
51137,VA,Orange,Orange County,14725,PJM,"PJM Interconnection, LLC"
51139,VA,Page,Page County,14725,PJM,"PJM Interconnection, LLC"
51141,VA,Patrick,Patrick County,14725,PJM,"PJM Interconnection, LLC"
51143,VA,Pittsylvania,Pittsylvania County,14725,PJM,"PJM Interconnection, LLC"
51145,VA,Powhatan,Powhatan County,14725,PJM,"PJM Interconnection, LLC"
51147,VA,Prince Edward,Prince Edward County,14725,PJM,"PJM Interconnection, LLC"
51149,VA,Prince George,Prince George County,14725,PJM,"PJM Interconnection, LLC"
51153,VA,Prince William,Prince William County,14725,PJM,"PJM Interconnection, LLC"
51155,VA,Pulaski,Pulaski County,14725,PJM,"PJM Interconnection, LLC"
51157,VA,Rappahannock,Rappahannock County,14725,PJM,"PJM Interconnection, LLC"
51163,VA,Rockbridge,Rockbridge County,14725,PJM,"PJM Interconnection, LLC"
51165,VA,Rockingham,Rockingham County,14725,PJM,"PJM Interconnection, LLC"
51167,VA,Russell,Russell County,11249,LGEE,Louisville Gas and Electric Company and Kentucky Utilities Company
51167,VA,Russell,Russell County,14725,PJM,"PJM Interconnection, LLC"
51169,VA,Scott,Scott County,11249,LGEE,Louisville Gas and Electric Company and Kentucky Utilities Company
51169,VA,Scott,Scott County,14725,PJM,"PJM Interconnection, LLC"
51169,VA,Scott,Scott County,18642,TVA,Tennessee Valley Authority
51171,VA,Shenandoah,Shenandoah County,14725,PJM,"PJM Interconnection, LLC"
51173,VA,Smyth,Smyth County,14725,PJM,"PJM Interconnection, LLC"
51175,VA,Southampton,Southampton County,14725,PJM,"PJM Interconnection, LLC"
51177,VA,Spotsylvania,Spotsylvania County,14725,PJM,"PJM Interconnection, LLC"
51179,VA,Stafford,Stafford County,14725,PJM,"PJM Interconnection, LLC"
51181,VA,Surry,Surry County,14725,PJM,"PJM Interconnection, LLC"
51183,VA,Sussex,Sussex County,14725,PJM,"PJM Interconnection, LLC"
51185,VA,Tazewell,Tazewell County,14725,PJM,"PJM Interconnection, LLC"
51187,VA,Warren,Warren County,14725,PJM,"PJM Interconnection, LLC"
51191,VA,Washington,Washington County,14725,PJM,"PJM Interconnection, LLC"
51191,VA,Washington,Washington County,18642,TVA,Tennessee Valley Authority
51193,VA,Westmoreland,Westmoreland County,14725,PJM,"PJM Interconnection, LLC"
51195,VA,Wise,Wise County,11249,LGEE,Louisville Gas and Electric Company and Kentucky Utilities Company
51195,VA,Wise,Wise County,14725,PJM,"PJM Interconnection, LLC"
51195,VA,Wise,Wise County,18642,TVA,Tennessee Valley Authority
51197,VA,Wythe,Wythe County,14725,PJM,"PJM Interconnection, LLC"
51199,VA,York,York County,14725,PJM,"PJM Interconnection, LLC"
51510,VA,Alexandria City,Alexandria city,14725,PJM,"PJM Interconnection, LLC"
51515,VA,Bedford City,Bedford city,14725,PJM,"PJM Interconnection, LLC"
51520,VA,Bristol City,Bristol city,14725,PJM,"PJM Interconnection, LLC"
51520,VA,Bristol City,Bristol city,18642,TVA,Tennessee Valley Authority
51530,VA,Buena Vista City,Buena Vista city,14725,PJM,"PJM Interconnection, LLC"
51540,VA,Charlottesville City,Charlottesville city,14725,PJM,"PJM Interconnection, LLC"
51550,VA,Chesapeake City,Chesapeake city,14725,PJM,"PJM Interconnection, LLC"
51570,VA,Colonial Heights City,Colonial Heights city,14725,PJM,"PJM Interconnection, LLC"
51580,VA,Covington City,Covington city,14725,PJM,"PJM Interconnection, LLC"
51590,VA,Danville City,Danville city,14725,PJM,"PJM Interconnection, LLC"
51595,VA,Emporia City,Emporia city,14725,PJM,"PJM Interconnection, LLC"
51600,VA,Fairfax,Fairfax city,14725,PJM,"PJM Interconnection, LLC"
51610,VA,Falls Church City,Falls Church city,14725,PJM,"PJM Interconnection, LLC"
51620,VA,Franklin City,Franklin city,14725,PJM,"PJM Interconnection, LLC"
51630,VA,Fredericksburg City,Fredericksburg city,14725,PJM,"PJM Interconnection, LLC"
51640,VA,Galax City,Galax city,14725,PJM,"PJM Interconnection, LLC"
51650,VA,Hampton City,Hampton city,14725,PJM,"PJM Interconnection, LLC"
51660,VA,Harrisonburg City,Harrisonburg city,14725,PJM,"PJM Interconnection, LLC"
51670,VA,Hopewell City,Hopewell city,14725,PJM,"PJM Interconnection, LLC"
51678,VA,Lexington City,Lexington city,14725,PJM,"PJM Interconnection, LLC"
51680,VA,Lynchburg City,Lynchburg city,14725,PJM,"PJM Interconnection, LLC"
51683,VA,Manassas City,Manassas city,14725,PJM,"PJM Interconnection, LLC"
51685,VA,Manassas Park City,Manassas Park city,14725,PJM,"PJM Interconnection, LLC"
51690,VA,Martinsville City,Martinsville city,14725,PJM,"PJM Interconnection, LLC"
51700,VA,Newport News City,Newport News city,14725,PJM,"PJM Interconnection, LLC"
51710,VA,Norfolk City,Norfolk city,14725,PJM,"PJM Interconnection, LLC"
51720,VA,Norton City,Norton city,11249,LGEE,Louisville Gas and Electric Company and Kentucky Utilities Company
51730,VA,Petersburg City,Petersburg city,14725,PJM,"PJM Interconnection, LLC"
51735,VA,Poquoson City,Poquoson city,14725,PJM,"PJM Interconnection, LLC"
51740,VA,Portsmouth City,Portsmouth city,14725,PJM,"PJM Interconnection, LLC"
51750,VA,Radford City,Radford city,14725,PJM,"PJM Interconnection, LLC"
51760,VA,Richmond,Richmond city,14725,PJM,"PJM Interconnection, LLC"
51770,VA,Roanoke,Roanoke city,14725,PJM,"PJM Interconnection, LLC"
51775,VA,Salem City,Salem city,14725,PJM,"PJM Interconnection, LLC"
51790,VA,Staunton City,Staunton city,14725,PJM,"PJM Interconnection, LLC"
51800,VA,Suffolk City,Suffolk city,14725,PJM,"PJM Interconnection, LLC"
51810,VA,Virginia Beach City,Virginia Beach city,14725,PJM,"PJM Interconnection, LLC"
51820,VA,Waynesboro City,Waynesboro city,14725,PJM,"PJM Interconnection, LLC"
51830,VA,Williamsburg City,Williamsburg city,14725,PJM,"PJM Interconnection, LLC"
51840,VA,Winchester City,Winchester city,14725,PJM,"PJM Interconnection, LLC"
53001,WA,Adams,Adams County,1738,BPAT,Bonneville Power Administration
53001,WA,Adams,Adams County,14624,GCPD,"Public Utility District No. 2 of Grant County, Washington"
53001,WA,Adams,Adams County,20169,AVA,Avista Corporation
53003,WA,Asotin,Asotin County,1738,BPAT,Bonneville Power Administration
53003,WA,Asotin,Asotin County,20169,AVA,Avista Corporation
53005,WA,Benton,Benton County,1738,BPAT,Bonneville Power Administration
53005,WA,Benton,Benton County,14378,PACW,PacifiCorp - West
53007,WA,Chelan,Chelan County,1738,BPAT,Bonneville Power Administration
53007,WA,Chelan,Chelan County,3413,CHPD,Public Utility District No. 1 of Chelan County
53009,WA,Clallam,Clallam County,1738,BPAT,Bonneville Power Administration
53011,WA,Clark,Clark County,1738,BPAT,Bonneville Power Administration
53013,WA,Columbia,Columbia County,1738,BPAT,Bonneville Power Administration
53013,WA,Columbia,Columbia County,14378,PACW,PacifiCorp - West
53015,WA,Cowlitz,Cowlitz County,1738,BPAT,Bonneville Power Administration
53015,WA,Cowlitz,Cowlitz County,14378,PACW,PacifiCorp - West
53017,WA,Douglas,Douglas County,1738,BPAT,Bonneville Power Administration
53017,WA,Douglas,Douglas County,5326,DOPD,PUD No. 1 of Douglas County
53017,WA,Douglas,Douglas County,14624,GCPD,"Public Utility District No. 2 of Grant County, Washington"
53019,WA,Ferry,Ferry County,1738,BPAT,Bonneville Power Administration
53019,WA,Ferry,Ferry County,20169,AVA,Avista Corporation
53021,WA,Franklin,Franklin County,1738,BPAT,Bonneville Power Administration
53023,WA,Garfield,Garfield County,1738,BPAT,Bonneville Power Administration
53023,WA,Garfield,Garfield County,14378,PACW,PacifiCorp - West
53023,WA,Garfield,Garfield County,20169,AVA,Avista Corporation
53025,WA,Grant,Grant County,1738,BPAT,Bonneville Power Administration
53025,WA,Grant,Grant County,14624,GCPD,"Public Utility District No. 2 of Grant County, Washington"
53025,WA,Grant,Grant County,20169,AVA,Avista Corporation
53027,WA,Grays Harbor,Grays Harbor County,1738,BPAT,Bonneville Power Administration
53029,WA,Island,Island County,1738,BPAT,Bonneville Power Administration
53029,WA,Island,Island County,15500,PSEI,Puget Sound Energy
53031,WA,Jefferson,Jefferson County,1738,BPAT,Bonneville Power Administration
53033,WA,King,King County,1738,BPAT,Bonneville Power Administration
53033,WA,King,King County,3413,CHPD,Public Utility District No. 1 of Chelan County
53033,WA,King,King County,15500,PSEI,Puget Sound Energy
53033,WA,King,King County,16868,SCL,Seattle City Light
53033,WA,King,King County,18429,TPWR,"City of Tacoma, Department of Public Utilities, Light Division"
53035,WA,Kitsap,Kitsap County,1738,BPAT,Bonneville Power Administration
53035,WA,Kitsap,Kitsap County,15500,PSEI,Puget Sound Energy
53037,WA,Kittitas,Kittitas County,1738,BPAT,Bonneville Power Administration
53037,WA,Kittitas,Kittitas County,3413,CHPD,Public Utility District No. 1 of Chelan County
53037,WA,Kittitas,Kittitas County,14624,GCPD,"Public Utility District No. 2 of Grant County, Washington"
53037,WA,Kittitas,Kittitas County,15500,PSEI,Puget Sound Energy
53039,WA,Klickitat,Klickitat County,1738,BPAT,Bonneville Power Administration
53041,WA,Lewis,Lewis County,1738,BPAT,Bonneville Power Administration
53041,WA,Lewis,Lewis County,18429,TPWR,"City of Tacoma, Department of Public Utilities, Light Division"
53043,WA,Lincoln,Lincoln County,1738,BPAT,Bonneville Power Administration
53043,WA,Lincoln,Lincoln County,14624,GCPD,"Public Utility District No. 2 of Grant County, Washington"
53043,WA,Lincoln,Lincoln County,20169,AVA,Avista Corporation
53045,WA,Mason,Mason County,1738,BPAT,Bonneville Power Administration
53045,WA,Mason,Mason County,18429,TPWR,"City of Tacoma, Department of Public Utilities, Light Division"
53047,WA,Okanogan,Okanogan County,1738,BPAT,Bonneville Power Administration
53047,WA,Okanogan,Okanogan County,3413,CHPD,Public Utility District No. 1 of Chelan County
53047,WA,Okanogan,Okanogan County,5326,DOPD,PUD No. 1 of Douglas County
53049,WA,Pacific,Pacific County,1738,BPAT,Bonneville Power Administration
53051,WA,Pend Oreille,Pend Oreille County,1738,BPAT,Bonneville Power Administration
53051,WA,Pend Oreille,Pend Oreille County,20169,AVA,Avista Corporation
53053,WA,Pierce,Pierce County,1738,BPAT,Bonneville Power Administration
53053,WA,Pierce,Pierce County,15500,PSEI,Puget Sound Energy
53053,WA,Pierce,Pierce County,18429,TPWR,"City of Tacoma, Department of Public Utilities, Light Division"
53055,WA,San Juan,San Juan County,1738,BPAT,Bonneville Power Administration
53057,WA,Skagit,Skagit County,1738,BPAT,Bonneville Power Administration
53057,WA,Skagit,Skagit County,15500,PSEI,Puget Sound Energy
53059,WA,Skamania,Skamania County,1738,BPAT,Bonneville Power Administration
53061,WA,Snohomish,Snohomish County,1738,BPAT,Bonneville Power Administration
53063,WA,Spokane,Spokane County,1738,BPAT,Bonneville Power Administration
53063,WA,Spokane,Spokane County,20169,AVA,Avista Corporation
53065,WA,Stevens,Stevens County,1738,BPAT,Bonneville Power Administration
53065,WA,Stevens,Stevens County,20169,AVA,Avista Corporation
53067,WA,Thurston,Thurston County,1738,BPAT,Bonneville Power Administration
53067,WA,Thurston,Thurston County,15500,PSEI,Puget Sound Energy
53069,WA,Wahkiakum,Wahkiakum County,1738,BPAT,Bonneville Power Administration
53071,WA,Walla Walla,Walla Walla County,1738,BPAT,Bonneville Power Administration
53071,WA,Walla Walla,Walla Walla County,14378,PACW,PacifiCorp - West
53073,WA,Whatcom,Whatcom County,1738,BPAT,Bonneville Power Administration
53073,WA,Whatcom,Whatcom County,15500,PSEI,Puget Sound Energy
53075,WA,Whitman,Whitman County,1738,BPAT,Bonneville Power Administration
53075,WA,Whitman,Whitman County,20169,AVA,Avista Corporation
53077,WA,Yakima,Yakima County,1738,BPAT,Bonneville Power Administration
53077,WA,Yakima,Yakima County,14378,PACW,PacifiCorp - West
54001,WV,Barbour,Barbour County,14725,PJM,"PJM Interconnection, LLC"
54003,WV,Berkeley,Berkeley County,14725,PJM,"PJM Interconnection, LLC"
54005,WV,Boone,Boone County,14725,PJM,"PJM Interconnection, LLC"
54007,WV,Braxton,Braxton County,14725,PJM,"PJM Interconnection, LLC"
54009,WV,Brooke,Brooke County,14725,PJM,"PJM Interconnection, LLC"
54011,WV,Cabell,Cabell County,14725,PJM,"PJM Interconnection, LLC"
54013,WV,Calhoun,Calhoun County,14725,PJM,"PJM Interconnection, LLC"
54015,WV,Clay,Clay County,14725,PJM,"PJM Interconnection, LLC"
54017,WV,Doddridge,Doddridge County,14725,PJM,"PJM Interconnection, LLC"
54019,WV,Fayette,Fayette County,14725,PJM,"PJM Interconnection, LLC"
54021,WV,Gilmer,Gilmer County,14725,PJM,"PJM Interconnection, LLC"
54023,WV,Grant,Grant County,14725,PJM,"PJM Interconnection, LLC"
54025,WV,Greenbrier,Greenbrier County,14725,PJM,"PJM Interconnection, LLC"
54027,WV,Hampshire,Hampshire County,14725,PJM,"PJM Interconnection, LLC"
54029,WV,Hancock,Hancock County,14725,PJM,"PJM Interconnection, LLC"
54031,WV,Hardy,Hardy County,14725,PJM,"PJM Interconnection, LLC"
54033,WV,Harrison,Harrison County,14725,PJM,"PJM Interconnection, LLC"
54035,WV,Jackson,Jackson County,14725,PJM,"PJM Interconnection, LLC"
54037,WV,Jefferson,Jefferson County,14725,PJM,"PJM Interconnection, LLC"
54039,WV,Kanawha,Kanawha County,14725,PJM,"PJM Interconnection, LLC"
54041,WV,Lewis,Lewis County,14725,PJM,"PJM Interconnection, LLC"
54043,WV,Lincoln,Lincoln County,14725,PJM,"PJM Interconnection, LLC"
54045,WV,Logan,Logan County,14725,PJM,"PJM Interconnection, LLC"
54047,WV,McDowell,McDowell County,14725,PJM,"PJM Interconnection, LLC"
54049,WV,Marion,Marion County,14725,PJM,"PJM Interconnection, LLC"
54051,WV,Marshall,Marshall County,14725,PJM,"PJM Interconnection, LLC"
54053,WV,Mason,Mason County,14725,PJM,"PJM Interconnection, LLC"
54055,WV,Mercer,Mercer County,14725,PJM,"PJM Interconnection, LLC"
54057,WV,Mineral,Mineral County,14725,PJM,"PJM Interconnection, LLC"
54059,WV,Mingo,Mingo County,14725,PJM,"PJM Interconnection, LLC"
54061,WV,Monongalia,Monongalia County,14725,PJM,"PJM Interconnection, LLC"
54063,WV,Monroe,Monroe County,14725,PJM,"PJM Interconnection, LLC"
54065,WV,Morgan,Morgan County,14725,PJM,"PJM Interconnection, LLC"
54067,WV,Nicholas,Nicholas County,14725,PJM,"PJM Interconnection, LLC"
54069,WV,Ohio,Ohio County,14725,PJM,"PJM Interconnection, LLC"
54071,WV,Pendleton,Pendleton County,14725,PJM,"PJM Interconnection, LLC"
54073,WV,Pleasants,Pleasants County,14725,PJM,"PJM Interconnection, LLC"
54075,WV,Pocahontas,Pocahontas County,14725,PJM,"PJM Interconnection, LLC"
54077,WV,Preston,Preston County,14725,PJM,"PJM Interconnection, LLC"
54079,WV,Putnam,Putnam County,14725,PJM,"PJM Interconnection, LLC"
54081,WV,Raleigh,Raleigh County,14725,PJM,"PJM Interconnection, LLC"
54083,WV,Randolph,Randolph County,14725,PJM,"PJM Interconnection, LLC"
54085,WV,Ritchie,Ritchie County,14725,PJM,"PJM Interconnection, LLC"
54087,WV,Roane,Roane County,14725,PJM,"PJM Interconnection, LLC"
54089,WV,Summers,Summers County,14725,PJM,"PJM Interconnection, LLC"
54091,WV,Taylor,Taylor County,14725,PJM,"PJM Interconnection, LLC"
54093,WV,Tucker,Tucker County,14725,PJM,"PJM Interconnection, LLC"
54095,WV,Tyler,Tyler County,14725,PJM,"PJM Interconnection, LLC"
54097,WV,Upshur,Upshur County,14725,PJM,"PJM Interconnection, LLC"
54099,WV,Wayne,Wayne County,14725,PJM,"PJM Interconnection, LLC"
54101,WV,Webster,Webster County,14725,PJM,"PJM Interconnection, LLC"
54103,WV,Wetzel,Wetzel County,14725,PJM,"PJM Interconnection, LLC"
54105,WV,Wirt,Wirt County,14725,PJM,"PJM Interconnection, LLC"
54107,WV,Wood,Wood County,14725,PJM,"PJM Interconnection, LLC"
54109,WV,Wyoming,Wyoming County,14725,PJM,"PJM Interconnection, LLC"
55001,WI,Adams,Adams County,56669,MISO,"Midcontinent Independent Transmission System Operator, Inc.."
55003,WI,Ashland,Ashland County,56669,MISO,"Midcontinent Independent Transmission System Operator, Inc.."
55005,WI,Barron,Barron County,56669,MISO,"Midcontinent Independent Transmission System Operator, Inc.."
55007,WI,Bayfield,Bayfield County,56669,MISO,"Midcontinent Independent Transmission System Operator, Inc.."
55009,WI,Brown,Brown County,56669,MISO,"Midcontinent Independent Transmission System Operator, Inc.."
55011,WI,Buffalo,Buffalo County,56669,MISO,"Midcontinent Independent Transmission System Operator, Inc.."
55013,WI,Burnett,Burnett County,56669,MISO,"Midcontinent Independent Transmission System Operator, Inc.."
55015,WI,Calumet,Calumet County,56669,MISO,"Midcontinent Independent Transmission System Operator, Inc.."
55017,WI,Chippewa,Chippewa County,56669,MISO,"Midcontinent Independent Transmission System Operator, Inc.."
55019,WI,Clark,Clark County,56669,MISO,"Midcontinent Independent Transmission System Operator, Inc.."
55021,WI,Columbia,Columbia County,56669,MISO,"Midcontinent Independent Transmission System Operator, Inc.."
55023,WI,Crawford,Crawford County,56669,MISO,"Midcontinent Independent Transmission System Operator, Inc.."
55025,WI,Dane,Dane County,56669,MISO,"Midcontinent Independent Transmission System Operator, Inc.."
55027,WI,Dodge,Dodge County,56669,MISO,"Midcontinent Independent Transmission System Operator, Inc.."
55029,WI,Door,Door County,56669,MISO,"Midcontinent Independent Transmission System Operator, Inc.."
55031,WI,Douglas,Douglas County,56669,MISO,"Midcontinent Independent Transmission System Operator, Inc.."
55033,WI,Dunn,Dunn County,56669,MISO,"Midcontinent Independent Transmission System Operator, Inc.."
55035,WI,Eau Claire,Eau Claire County,56669,MISO,"Midcontinent Independent Transmission System Operator, Inc.."
55037,WI,Florence,Florence County,56669,MISO,"Midcontinent Independent Transmission System Operator, Inc.."
55039,WI,Fond Du Lac,Fond du Lac County,56669,MISO,"Midcontinent Independent Transmission System Operator, Inc.."
55041,WI,Forest,Forest County,56669,MISO,"Midcontinent Independent Transmission System Operator, Inc.."
55043,WI,Grant,Grant County,56669,MISO,"Midcontinent Independent Transmission System Operator, Inc.."
55045,WI,Green,Green County,56669,MISO,"Midcontinent Independent Transmission System Operator, Inc.."
55047,WI,Green Lake,Green Lake County,56669,MISO,"Midcontinent Independent Transmission System Operator, Inc.."
55049,WI,Iowa,Iowa County,56669,MISO,"Midcontinent Independent Transmission System Operator, Inc.."
55051,WI,Iron,Iron County,56669,MISO,"Midcontinent Independent Transmission System Operator, Inc.."
55053,WI,Jackson,Jackson County,56669,MISO,"Midcontinent Independent Transmission System Operator, Inc.."
55055,WI,Jefferson,Jefferson County,56669,MISO,"Midcontinent Independent Transmission System Operator, Inc.."
55057,WI,Juneau,Juneau County,56669,MISO,"Midcontinent Independent Transmission System Operator, Inc.."
55059,WI,Kenosha,Kenosha County,56669,MISO,"Midcontinent Independent Transmission System Operator, Inc.."
55061,WI,Kewaunee,Kewaunee County,56669,MISO,"Midcontinent Independent Transmission System Operator, Inc.."
55063,WI,La Crosse,La Crosse County,56669,MISO,"Midcontinent Independent Transmission System Operator, Inc.."
55065,WI,Lafayette,Lafayette County,56669,MISO,"Midcontinent Independent Transmission System Operator, Inc.."
55067,WI,Langlade,Langlade County,56669,MISO,"Midcontinent Independent Transmission System Operator, Inc.."
55069,WI,Lincoln,Lincoln County,56669,MISO,"Midcontinent Independent Transmission System Operator, Inc.."
55071,WI,Manitowoc,Manitowoc County,56669,MISO,"Midcontinent Independent Transmission System Operator, Inc.."
55073,WI,Marathon,Marathon County,56669,MISO,"Midcontinent Independent Transmission System Operator, Inc.."
55075,WI,Marinette,Marinette County,56669,MISO,"Midcontinent Independent Transmission System Operator, Inc.."
55077,WI,Marquette,Marquette County,56669,MISO,"Midcontinent Independent Transmission System Operator, Inc.."
55078,WI,Menominee,Menominee County,56669,MISO,"Midcontinent Independent Transmission System Operator, Inc.."
55079,WI,Milwaukee,Milwaukee County,56669,MISO,"Midcontinent Independent Transmission System Operator, Inc.."
55081,WI,Monroe,Monroe County,56669,MISO,"Midcontinent Independent Transmission System Operator, Inc.."
55083,WI,Oconto,Oconto County,56669,MISO,"Midcontinent Independent Transmission System Operator, Inc.."
55085,WI,Oneida,Oneida County,56669,MISO,"Midcontinent Independent Transmission System Operator, Inc.."
55087,WI,Outagamie,Outagamie County,56669,MISO,"Midcontinent Independent Transmission System Operator, Inc.."
55089,WI,Ozaukee,Ozaukee County,56669,MISO,"Midcontinent Independent Transmission System Operator, Inc.."
55091,WI,Pepin,Pepin County,56669,MISO,"Midcontinent Independent Transmission System Operator, Inc.."
55093,WI,Pierce,Pierce County,56669,MISO,"Midcontinent Independent Transmission System Operator, Inc.."
55095,WI,Polk,Polk County,56669,MISO,"Midcontinent Independent Transmission System Operator, Inc.."
55097,WI,Portage,Portage County,56669,MISO,"Midcontinent Independent Transmission System Operator, Inc.."
55099,WI,Price,Price County,56669,MISO,"Midcontinent Independent Transmission System Operator, Inc.."
55101,WI,Racine,Racine County,56669,MISO,"Midcontinent Independent Transmission System Operator, Inc.."
55103,WI,Richland,Richland County,56669,MISO,"Midcontinent Independent Transmission System Operator, Inc.."
55105,WI,Rock,Rock County,56669,MISO,"Midcontinent Independent Transmission System Operator, Inc.."
55107,WI,Rusk,Rusk County,56669,MISO,"Midcontinent Independent Transmission System Operator, Inc.."
55109,WI,St. Croix,St. Croix County,56669,MISO,"Midcontinent Independent Transmission System Operator, Inc.."
55111,WI,Sauk,Sauk County,56669,MISO,"Midcontinent Independent Transmission System Operator, Inc.."
55113,WI,Sawyer,Sawyer County,56669,MISO,"Midcontinent Independent Transmission System Operator, Inc.."
55115,WI,Shawano,Shawano County,56669,MISO,"Midcontinent Independent Transmission System Operator, Inc.."
55117,WI,Sheboygan,Sheboygan County,56669,MISO,"Midcontinent Independent Transmission System Operator, Inc.."
55119,WI,Taylor,Taylor County,56669,MISO,"Midcontinent Independent Transmission System Operator, Inc.."
55121,WI,Trempealeau,Trempealeau County,56669,MISO,"Midcontinent Independent Transmission System Operator, Inc.."
55123,WI,Vernon,Vernon County,56669,MISO,"Midcontinent Independent Transmission System Operator, Inc.."
55125,WI,Vilas,Vilas County,56669,MISO,"Midcontinent Independent Transmission System Operator, Inc.."
55127,WI,Walworth,Walworth County,56669,MISO,"Midcontinent Independent Transmission System Operator, Inc.."
55129,WI,Washburn,Washburn County,56669,MISO,"Midcontinent Independent Transmission System Operator, Inc.."
55131,WI,Washington,Washington County,56669,MISO,"Midcontinent Independent Transmission System Operator, Inc.."
55133,WI,Waukesha,Waukesha County,56669,MISO,"Midcontinent Independent Transmission System Operator, Inc.."
55135,WI,Waupaca,Waupaca County,56669,MISO,"Midcontinent Independent Transmission System Operator, Inc.."
55137,WI,Waushara,Waushara County,56669,MISO,"Midcontinent Independent Transmission System Operator, Inc.."
55139,WI,Winnebago,Winnebago County,56669,MISO,"Midcontinent Independent Transmission System Operator, Inc.."
55141,WI,Wood,Wood County,56669,MISO,"Midcontinent Independent Transmission System Operator, Inc.."
56001,WY,Albany,Albany County,14379,PACE,PacifiCorp - East
56001,WY,Albany,Albany County,28503,WACM,Western Area Power Administration - Rocky Mountain Region
56003,WY,Big Horn,Big Horn County,14379,PACE,PacifiCorp - East
56003,WY,Big Horn,Big Horn County,28503,WACM,Western Area Power Administration - Rocky Mountain Region
56005,WY,Campbell,Campbell County,19610,WAUW,Western Area Power Administration UGP West
56005,WY,Campbell,Campbell County,28503,WACM,Western Area Power Administration - Rocky Mountain Region
56007,WY,Carbon,Carbon County,14379,PACE,PacifiCorp - East
56007,WY,Carbon,Carbon County,15466,PSCO,Public Service Company of Colorado
56007,WY,Carbon,Carbon County,28503,WACM,Western Area Power Administration - Rocky Mountain Region
56009,WY,Converse,Converse County,14379,PACE,PacifiCorp - East
56009,WY,Converse,Converse County,28503,WACM,Western Area Power Administration - Rocky Mountain Region
56011,WY,Crook,Crook County,19610,WAUW,Western Area Power Administration UGP West
56011,WY,Crook,Crook County,28503,WACM,Western Area Power Administration - Rocky Mountain Region
56013,WY,Fremont,Fremont County,14379,PACE,PacifiCorp - East
56013,WY,Fremont,Fremont County,28503,WACM,Western Area Power Administration - Rocky Mountain Region
56015,WY,Goshen,Goshen County,28503,WACM,Western Area Power Administration - Rocky Mountain Region
56017,WY,Hot Springs,Hot Springs County,14379,PACE,PacifiCorp - East
56017,WY,Hot Springs,Hot Springs County,28503,WACM,Western Area Power Administration - Rocky Mountain Region
56019,WY,Johnson,Johnson County,14379,PACE,PacifiCorp - East
56019,WY,Johnson,Johnson County,28503,WACM,Western Area Power Administration - Rocky Mountain Region
56021,WY,Laramie,Laramie County,28503,WACM,Western Area Power Administration - Rocky Mountain Region
56023,WY,Lincoln,Lincoln County,1738,BPAT,Bonneville Power Administration
56023,WY,Lincoln,Lincoln County,14379,PACE,PacifiCorp - East
56023,WY,Lincoln,Lincoln County,28503,WACM,Western Area Power Administration - Rocky Mountain Region
56025,WY,Natrona,Natrona County,14379,PACE,PacifiCorp - East
56025,WY,Natrona,Natrona County,28503,WACM,Western Area Power Administration - Rocky Mountain Region
56027,WY,Niobrara,Niobrara County,28503,WACM,Western Area Power Administration - Rocky Mountain Region
56029,WY,Park,Park County,12825,NWMT,NorthWestern Energy (NWMT)
56029,WY,Park,Park County,14379,PACE,PacifiCorp - East
56029,WY,Park,Park County,28503,WACM,Western Area Power Administration - Rocky Mountain Region
56031,WY,Platte,Platte County,14379,PACE,PacifiCorp - East
56031,WY,Platte,Platte County,28503,WACM,Western Area Power Administration - Rocky Mountain Region
56033,WY,Sheridan,Sheridan County,12825,NWMT,NorthWestern Energy (NWMT)
56033,WY,Sheridan,Sheridan County,28503,WACM,Western Area Power Administration - Rocky Mountain Region
56035,WY,Sublette,Sublette County,1738,BPAT,Bonneville Power Administration
56035,WY,Sublette,Sublette County,14379,PACE,PacifiCorp - East
56037,WY,Sweetwater,Sweetwater County,14379,PACE,PacifiCorp - East
56037,WY,Sweetwater,Sweetwater County,28503,WACM,Western Area Power Administration - Rocky Mountain Region
56039,WY,Teton,Teton County,1738,BPAT,Bonneville Power Administration
56039,WY,Teton,Teton County,12825,NWMT,NorthWestern Energy (NWMT)
56039,WY,Teton,Teton County,28503,WACM,Western Area Power Administration - Rocky Mountain Region
56041,WY,Uinta,Uinta County,14379,PACE,PacifiCorp - East
56041,WY,Uinta,Uinta County,28503,WACM,Western Area Power Administration - Rocky Mountain Region
56043,WY,Washakie,Washakie County,14379,PACE,PacifiCorp - East
56043,WY,Washakie,Washakie County,28503,WACM,Western Area Power Administration - Rocky Mountain Region
56045,WY,Weston,Weston County,28503,WACM,Western Area Power Administration - Rocky Mountain Region
