project_name,state,lat,lon,stated_county,county_fips,census_county,method,stated_county_agrees,eia861_fips,eia861_match,note
"AngelTrax Data Center · Houston, AL",AL,31.231904,-85.455849,Houston,01069,Houston County,spatial_join,yes,01069,fips,
"George C. Wallace Alabama Supercomputer Center · Madison, AL",AL,34.736541,-86.673099,Madison,01089,Madison County,spatial_join,yes,01089,fips,
"Google · Jackson, AL #1",AL,34.913676,-85.745935,Jackson,01071,Jackson County,spatial_join,yes,01071,fips,
"Google · Jackson, AL #2",AL,34.913692,-85.747428,Jackson,01071,Jackson County,spatial_join,yes,01071,fips,
"Meta Huntsville Data center · Madison, AL #1",AL,34.840432,-86.628841,Madison,01089,Madison County,spatial_join,yes,01089,fips,
"Meta Huntsville Data center · Madison, AL #2",AL,34.843182,-86.628866,Madison,01089,Madison County,spatial_join,yes,01089,fips,
"Meta Huntsville Data center · Madison, AL #3",AL,34.847334,-86.626919,Madison,01089,Madison County,spatial_join,yes,01089,fips,
"SimpleHelix · Madison, AL",AL,34.745431,-86.691883,Madison,01089,Madison County,spatial_join,yes,01089,fips,
"Sungard Systems International · Jefferson, AL",AL,33.404716,-86.911457,Jefferson,01073,Jefferson County,spatial_join,yes,01073,fips,
"Searcy Information Technologies · White, AR",AR,35.249216,-91.740906,White,05145,White County,spatial_join,yes,05145,fips,
"TierPoint Little Rock · Pulaski, AR",AR,34.756236,-92.444724,Pulaski,05119,Pulaski County,spatial_join,yes,05119,fips,
"AZ Labs · Maricopa, AZ",AZ,33.306272,-111.6717,Maricopa,04013,Maricopa County,spatial_join,yes,04013,fips,
"Accelera Data Systems · Maricopa, AZ",AZ,33.664745,-112.111714,Maricopa,04013,Maricopa County,spatial_join,yes,04013,fips,
"Alembic Computer Services, Inc. · Maricopa, AZ",AZ,33.405131,-111.977335,Maricopa,04013,Maricopa County,spatial_join,yes,04013,fips,
"Aligned Energy Data Center · Maricopa, AZ",AZ,33.659041,-112.111168,Maricopa,04013,Maricopa County,spatial_join,yes,04013,fips,
"All About Serving Process Server · Maricopa, AZ",AZ,33.319916,-111.809686,Maricopa,04013,Maricopa County,spatial_join,yes,04013,fips,
"Alliance Technology · Maricopa, AZ",AZ,33.379986,-111.728405,Maricopa,04013,Maricopa County,spatial_join,yes,04013,fips,
"Apple Data Center · Maricopa, AZ",AZ,33.347019,-111.604056,Maricopa,04013,Maricopa County,spatial_join,yes,04013,fips,
"Centersquare: Phoenix - (PHX1 - Mesa) · Maricopa, AZ",AZ,33.421284,-111.858994,Maricopa,04013,Maricopa County,spatial_join,yes,04013,fips,
"Cogent Data Center · Maricopa, AZ",AZ,33.400255,-112.0479,Maricopa,04013,Maricopa County,spatial_join,yes,04013,fips,
"Comarch · Maricopa, AZ",AZ,33.356679,-111.635236,Maricopa,04013,Maricopa County,spatial_join,yes,04013,fips,
"CyrusOne PHX1 · Maricopa, AZ",AZ,33.270855,-111.881912,Maricopa,04013,Maricopa County,spatial_join,yes,04013,fips,
"CyrusOne PHX3 · Maricopa, AZ",AZ,33.271968,-111.881627,Maricopa,04013,Maricopa County,spatial_join,yes,04013,fips,
"CyrusOne PHX4 · Maricopa, AZ #1",AZ,33.268766,-111.882516,Maricopa,04013,Maricopa County,spatial_join,yes,04013,fips,
"CyrusOne PHX4 · Maricopa, AZ #2",AZ,33.271937,-111.883282,Maricopa,04013,Maricopa County,spatial_join,yes,04013,fips,
"CyrusOne PHX5 · Maricopa, AZ",AZ,33.269741,-111.881587,Maricopa,04013,Maricopa County,spatial_join,yes,04013,fips,
"CyrusOne PHX6 · Maricopa, AZ",AZ,33.267576,-111.882532,Maricopa,04013,Maricopa County,spatial_join,yes,04013,fips,
"CyrusOne PHX7 · Maricopa, AZ",AZ,33.266358,-111.881909,Maricopa,04013,Maricopa County,spatial_join,yes,04013,fips,
"CyrusOne PHX8 · Maricopa, AZ",AZ,33.266344,-111.88329,Maricopa,04013,Maricopa County,spatial_join,yes,04013,fips,
"Data Storage Centers · Maricopa, AZ",AZ,33.421693,-112.034303,Maricopa,04013,Maricopa County,spatial_join,yes,04013,fips,
"DataPro USA Web Development · Maricopa, AZ",AZ,33.611662,-111.913983,Maricopa,04013,Maricopa County,spatial_join,yes,04013,fips,
"Digital Realty Data Center · Maricopa, AZ",AZ,33.344648,-111.899227,Maricopa,04013,Maricopa County,spatial_join,yes,04013,fips,
"Digital Realty Phoenix PHX15 · Maricopa, AZ",AZ,33.274974,-111.886626,Maricopa,04013,Maricopa County,spatial_join,yes,04013,fips,
"DirecTV data center · Cochise, AZ",AZ,31.972675,-110.304752,Cochise,04003,Cochise County,spatial_join,yes,04003,fips,
"DirecTV data center · Pima, AZ",AZ,32.092706,-110.787424,Pima,04019,Pima County,spatial_join,yes,04019,fips,
"EdgeConneX Data Center · Maricopa, AZ",AZ,33.395586,-111.970076,Maricopa,04013,Maricopa County,spatial_join,yes,04013,fips,
"EdgeConneX PHX02 Data Center · Maricopa, AZ",AZ,33.352011,-111.64753,Maricopa,04013,Maricopa County,spatial_join,yes,04013,fips,
"EdgeCore · Maricopa, AZ",AZ,33.344131,-111.619553,Maricopa,04013,Maricopa County,spatial_join,yes,04013,fips,
"Emailage · Maricopa, AZ",AZ,33.302965,-111.840539,Maricopa,04013,Maricopa County,spatial_join,yes,04013,fips,
"Flexential Phoenix - Deer Valley · Maricopa, AZ",AZ,33.684674,-112.098357,Maricopa,04013,Maricopa County,spatial_join,yes,04013,fips,
"GoDaddy - Gilbert · Maricopa, AZ",AZ,33.361914,-111.839309,Maricopa,04013,Maricopa County,spatial_join,yes,04013,fips,
"H5 Phoenix · Maricopa, AZ",AZ,33.276911,-111.885909,Maricopa,04013,Maricopa County,spatial_join,yes,04013,fips,
"Iron Mountain AZP-1 · Maricopa, AZ",AZ,33.454488,-111.976455,Maricopa,04013,Maricopa County,spatial_join,yes,04013,fips,
"Iron Mountain AZP-2 · Maricopa, AZ",AZ,33.452141,-111.977305,Maricopa,04013,Maricopa County,spatial_join,yes,04013,fips,
"Iron Mountain Data Centers AZS-1 · Maricopa, AZ",AZ,33.644666,-111.896098,Maricopa,04013,Maricopa County,spatial_join,yes,04013,fips,
"Iron Mountain Records Storage · Maricopa, AZ",AZ,33.42038,-112.041326,Maricopa,04013,Maricopa County,spatial_join,yes,04013,fips,
"J-Curve Technologies · Maricopa, AZ",AZ,33.413186,-111.971154,Maricopa,04013,Maricopa County,spatial_join,yes,04013,fips,
"K-Motion Interactive · Maricopa, AZ",AZ,33.634484,-111.884346,Maricopa,04013,Maricopa County,spatial_join,yes,04013,fips,
"L3Harris Technologies Inc · Maricopa, AZ",AZ,33.305358,-111.671704,Maricopa,04013,Maricopa County,spatial_join,yes,04013,fips,
"Lumen · Maricopa, AZ",AZ,33.494336,-112.070786,Maricopa,04013,Maricopa County,spatial_join,yes,04013,fips,
"Microsoft · Maricopa, AZ",AZ,33.44634,-112.37392,Maricopa,04013,Maricopa County,spatial_join,yes,04013,fips,
"Myndshift Technologies · Maricopa, AZ",AZ,33.475421,-111.719165,Maricopa,04013,Maricopa County,spatial_join,yes,04013,fips,
"NTT PH1 Datacenter · Maricopa, AZ",AZ,33.353821,-111.612343,Maricopa,04013,Maricopa County,spatial_join,yes,04013,fips,
"Omnis Network · Maricopa, AZ",AZ,33.39441,-111.952491,Maricopa,04013,Maricopa County,spatial_join,yes,04013,fips,
"OptimumHQ · Maricopa, AZ",AZ,33.380415,-111.752668,Maricopa,04013,Maricopa County,spatial_join,yes,04013,fips,
"PHX-10 · Maricopa, AZ",AZ,33.407946,-112.36483,Maricopa,04013,Maricopa County,spatial_join,yes,04013,fips,
"PHX-11 · Maricopa, AZ",AZ,33.409031,-112.364803,Maricopa,04013,Maricopa County,spatial_join,yes,04013,fips,
"PhoenixNAP · Maricopa, AZ",AZ,33.416051,-112.009426,Maricopa,04013,Maricopa County,spatial_join,yes,04013,fips,
"Profit Finder Pro Software · Maricopa, AZ",AZ,33.627248,-111.902048,Maricopa,04013,Maricopa County,spatial_join,yes,04013,fips,
"QTS · Maricopa, AZ #1",AZ,33.460806,-111.997122,Maricopa,04013,Maricopa County,spatial_join,yes,04013,fips,
"QTS · Maricopa, AZ #2",AZ,33.464747,-111.997534,Maricopa,04013,Maricopa County,spatial_join,yes,04013,fips,
"Stream Data Centers PHX-1 · Maricopa, AZ",AZ,33.419491,-112.359988,Maricopa,04013,Maricopa County,spatial_join,yes,04013,fips,
"StrongMind · Maricopa, AZ",AZ,33.342616,-111.840974,Maricopa,04013,Maricopa County,spatial_join,yes,04013,fips,
"The Chatfield Group · Maricopa, AZ",AZ,33.380601,-111.752889,Maricopa,04013,Maricopa County,spatial_join,yes,04013,fips,
"Unnamed data center · Maricopa, AZ #1",AZ,33.346323,-111.628917,Maricopa,04013,Maricopa County,spatial_join,yes,04013,fips,
"Unnamed data center · Maricopa, AZ #2",AZ,33.347021,-111.604139,Maricopa,04013,Maricopa County,spatial_join,yes,04013,fips,
"Unnamed data center · Maricopa, AZ #3",AZ,33.347169,-111.625968,Maricopa,04013,Maricopa County,spatial_join,yes,04013,fips,
"Unnamed data center · Maricopa, AZ #4",AZ,33.347187,-111.632463,Maricopa,04013,Maricopa County,spatial_join,yes,04013,fips,
"Unnamed data center · Maricopa, AZ #5",AZ,33.35323,-111.67809,Maricopa,04013,Maricopa County,spatial_join,yes,04013,fips,
"Unnamed data center · Maricopa, AZ #6",AZ,33.439468,-112.377058,Maricopa,04013,Maricopa County,spatial_join,yes,04013,fips,
"VaultLogix · Maricopa, AZ",AZ,33.627367,-111.901703,Maricopa,04013,Maricopa County,spatial_join,yes,04013,fips,
"360 Spear Street Data Center · San Francisco, CA",CA,37.788992,-122.390137,San Francisco,06075,San Francisco County,spatial_join,yes,06075,fips,
"365 Main Street Data Center · San Francisco, CA",CA,37.788731,-122.390469,San Francisco,06075,San Francisco County,spatial_join,yes,06075,fips,
"AT&T Center · San Diego, CA",CA,32.747575,-117.158948,San Diego,06073,San Diego County,spatial_join,yes,06073,fips,
"AT&T · Los Angeles, CA",CA,34.579984,-118.114024,Los Angeles,06037,Los Angeles County,spatial_join,yes,06037,fips,
"Amazon · Santa Clara, CA",CA,37.389933,-121.96599,Santa Clara,06085,Santa Clara County,spatial_join,yes,06085,fips,
"Centurylink data center · Los Angeles, CA #1",CA,33.917729,-118.386313,Los Angeles,06037,Los Angeles County,spatial_join,yes,06037,fips,
"Centurylink data center · Los Angeles, CA #2",CA,34.199869,-118.343789,Los Angeles,06037,Los Angeles County,spatial_join,yes,06037,fips,
"Cologix Santa Clara SV1 Data Center · Santa Clara, CA",CA,37.365333,-121.9617,Santa Clara,06085,Santa Clara County,spatial_join,yes,06085,fips,
"Colovore · Santa Clara, CA",CA,37.376729,-121.953149,Santa Clara,06085,Santa Clara County,spatial_join,yes,06085,fips,
"CoreSite SV2 · Santa Clara, CA",CA,37.405683,-121.916241,Santa Clara,06085,Santa Clara County,spatial_join,yes,06085,fips,
"CoreSite SV3 · Santa Clara, CA",CA,37.375142,-121.971709,Santa Clara,06085,Santa Clara County,spatial_join,yes,06085,fips,
"CoreSite SV4 · Santa Clara, CA",CA,37.376263,-121.970684,Santa Clara,06085,Santa Clara County,spatial_join,yes,06085,fips,
"CoreSite SV5 · Santa Clara, CA",CA,37.375196,-121.97069,Santa Clara,06085,Santa Clara County,spatial_join,yes,06085,fips,
"CoreSite SV6 · Santa Clara, CA",CA,37.376302,-121.972084,Santa Clara,06085,Santa Clara County,spatial_join,yes,06085,fips,
"CoreSite SV7 · Santa Clara, CA",CA,37.376079,-121.973057,Santa Clara,06085,Santa Clara County,spatial_join,yes,06085,fips,
"CoreSite SV8 · Santa Clara, CA",CA,37.377383,-121.97184,Santa Clara,06085,Santa Clara County,spatial_join,yes,06085,fips,
"CoreSite SV9 · Santa Clara, CA",CA,37.375559,-121.96961,Santa Clara,06085,Santa Clara County,spatial_join,yes,06085,fips,
"Csquare SFO1 · Santa Clara, CA #1",CA,37.370438,-121.96983,Santa Clara,06085,Santa Clara County,spatial_join,yes,06085,fips,
"Csquare SFO1 · Santa Clara, CA #2",CA,37.371519,-121.969697,Santa Clara,06085,Santa Clara County,spatial_join,yes,06085,fips,
"Csquare SFO2 · Santa Clara, CA #1",CA,37.397579,-121.980869,Santa Clara,06085,Santa Clara County,spatial_join,yes,06085,fips,
"Csquare SFO2 · Santa Clara, CA #2",CA,37.398618,-121.981112,Santa Clara,06085,Santa Clara County,spatial_join,yes,06085,fips,
"Csquare SFO3 · Santa Clara, CA",CA,37.372104,-121.986031,Santa Clara,06085,Santa Clara County,spatial_join,yes,06085,fips,
"Csquare SFO4 · Santa Clara, CA #1",CA,37.375755,-121.956269,Santa Clara,06085,Santa Clara County,spatial_join,yes,06085,fips,
"Csquare SFO4 · Santa Clara, CA #2",CA,37.375777,-121.955193,Santa Clara,06085,Santa Clara County,spatial_join,yes,06085,fips,
"DRT LAX10 · Los Angeles, CA",CA,34.047326,-118.257514,Los Angeles,06037,Los Angeles County,spatial_join,yes,06037,fips,
"DRT LAX12 · Los Angeles, CA",CA,33.915649,-118.38463,Los Angeles,06037,Los Angeles County,spatial_join,yes,06037,fips,
"DataBank Santa Clara SFO1 · Santa Clara, CA",CA,37.407299,-121.965956,Santa Clara,06085,Santa Clara County,spatial_join,yes,06085,fips,
"Dell 350 Holger Way · Santa Clara, CA",CA,37.418407,-121.943085,Santa Clara,06085,Santa Clara County,spatial_join,yes,06085,fips,
"Digital Realty San Francisco SFO10 · San Francisco, CA",CA,37.723602,-122.397936,San Francisco,06075,San Francisco County,spatial_join,yes,06075,fips,
"Digital Realty Silicon Valley SC1 · Santa Clara, CA",CA,37.361687,-121.943911,Santa Clara,06085,Santa Clara County,spatial_join,yes,06085,fips,
"Digital Realty Silicon Valley SJC10 · Santa Clara, CA",CA,37.375823,-121.953335,Santa Clara,06085,Santa Clara County,spatial_join,yes,06085,fips,
"Digital Realty Silicon Valley SJC11 · Santa Clara, CA",CA,37.376341,-121.948531,Santa Clara,06085,Santa Clara County,spatial_join,yes,06085,fips,
"Digital Realty Silicon Valley SJC15 · Santa Clara, CA",CA,37.374997,-121.954077,Santa Clara,06085,Santa Clara County,spatial_join,yes,06085,fips,
"Digital Realty Silicon Valley SJC16 · Santa Clara, CA",CA,37.374929,-121.955986,Santa Clara,06085,Santa Clara County,spatial_join,yes,06085,fips,
"Digital Realty Silicon Valley SJC29 · Santa Clara, CA",CA,37.375023,-121.958096,Santa Clara,06085,Santa Clara County,spatial_join,yes,06085,fips,
"Digital Realty Silicon Valley SJC30 · Santa Clara, CA",CA,37.378289,-121.958105,Santa Clara,06085,Santa Clara County,spatial_join,yes,06085,fips,
"Digital Realty Silicon Valley SJC34 · Santa Clara, CA",CA,37.372388,-121.973619,Santa Clara,06085,Santa Clara County,spatial_join,yes,06085,fips,
"Digital Realty Silicon Valley SJC37 · Santa Clara, CA",CA,37.370936,-121.947216,Santa Clara,06085,Santa Clara County,spatial_join,yes,06085,fips,
"Digital West Data Center · San Luis Obispo, CA",CA,35.255316,-120.641513,San Luis Obispo,06079,San Luis Obispo County,spatial_join,yes,06079,fips,
"EdgeConneX San Diego · San Diego, CA",CA,32.842309,-117.169345,San Diego,06073,San Diego County,spatial_join,yes,06073,fips,
"EdgeCore Silicon Valley · Santa Clara, CA",CA,37.383718,-121.965388,Santa Clara,06085,Santa Clara County,spatial_join,yes,06085,fips,
"Edgeconnex Data Center · Sacramento, CA",CA,38.592297,-121.277437,Sacramento,06067,Sacramento County,spatial_join,yes,06067,fips,
"Equinix SV1 · Santa Clara, CA",CA,37.241587,-121.78332,Santa Clara,06085,Santa Clara County,spatial_join,yes,06085,fips,
"Equinix SV10 · Santa Clara, CA",CA,37.241199,-121.784763,Santa Clara,06085,Santa Clara County,spatial_join,yes,06085,fips,
"Equinix SV11 · Santa Clara, CA",CA,37.242605,-121.783999,Santa Clara,06085,Santa Clara County,spatial_join,yes,06085,fips,
"Equinix SV14 · Santa Clara, CA",CA,37.374962,-121.988509,Santa Clara,06085,Santa Clara County,spatial_join,yes,06085,fips,
"Equinix SV15 · Santa Clara, CA",CA,37.375495,-121.988406,Santa Clara,06085,Santa Clara County,spatial_join,yes,06085,fips,
"Equinix SV16 · Santa Clara, CA",CA,37.376118,-121.988688,Santa Clara,06085,Santa Clara County,spatial_join,yes,06085,fips,
"Equinix SV17 · Santa Clara, CA",CA,37.376529,-121.988584,Santa Clara,06085,Santa Clara County,spatial_join,yes,06085,fips,
"Equinix SV4 · Santa Clara, CA",CA,37.414564,-122.01458,Santa Clara,06085,Santa Clara County,spatial_join,yes,06085,fips,
"Equinix SV5 · Santa Clara, CA",CA,37.24204,-121.781839,Santa Clara,06085,Santa Clara County,spatial_join,yes,06085,fips,
"Equinix SV6 · Santa Clara, CA",CA,37.399602,-122.014563,Santa Clara,06085,Santa Clara County,spatial_join,yes,06085,fips,
"Equinix SV8 · Santa Clara, CA",CA,37.445895,-122.160782,Santa Clara,06085,Santa Clara County,spatial_join,yes,06085,fips,
"Equinix San Jose SV3 · Santa Clara, CA",CA,37.38827,-121.888429,Santa Clara,06085,Santa Clara County,spatial_join,yes,06085,fips,
"Equinix Santa Clara SV2 · Santa Clara, CA",CA,37.378434,-121.954992,Santa Clara,06085,Santa Clara County,spatial_join,yes,06085,fips,
"Evocative Santa Clara SJC11 · Santa Clara, CA",CA,37.38954,-121.961946,Santa Clara,06085,Santa Clara County,spatial_join,yes,06085,fips,
"Forescout Technologies, Inc. · Santa Clara, CA",CA,37.322868,-121.947418,Santa Clara,06085,Santa Clara County,spatial_join,yes,06085,fips,
"Hurricane Electric Fremont 1 · Alameda, CA",CA,37.489865,-121.931017,Alameda,06001,Alameda County,spatial_join,yes,06001,fips,
"Hurricane Electric Fremont 2 · Alameda, CA",CA,37.471827,-121.920311,Alameda,06001,Alameda County,spatial_join,yes,06001,fips,
"IT · Riverside, CA",CA,33.91029,-117.503021,Riverside,06065,Riverside County,spatial_join,yes,06065,fips,
"Kaiser Data Center · Napa, CA",CA,38.254085,-122.273098,Napa,06055,Napa County,spatial_join,yes,06055,fips,
"Layer42 Santa Clara · Santa Clara, CA",CA,37.37804,-121.954151,Santa Clara,06085,Santa Clara County,spatial_join,yes,06085,fips,
"LightEdge SAN1 · San Diego, CA",CA,32.827866,-117.129934,San Diego,06073,San Diego County,spatial_join,yes,06073,fips,
"Lumen Santa Clara · Santa Clara, CA",CA,37.377005,-121.952082,Santa Clara,06085,Santa Clara County,spatial_join,yes,06085,fips,
"Lumen Sunnyvale 1 · Santa Clara, CA",CA,37.373439,-121.987813,Santa Clara,06085,Santa Clara County,spatial_join,yes,06085,fips,
"Lumen Technologies · Orange, CA",CA,33.716778,-117.805801,Orange,06059,Orange County,spatial_join,yes,06059,fips,
"Lumen · Santa Clara, CA",CA,37.377585,-121.950682,Santa Clara,06085,Santa Clara County,spatial_join,yes,06085,fips,
"Microsoft · Santa Clara, CA",CA,37.362066,-121.946436,Santa Clara,06085,Santa Clara County,spatial_join,yes,06085,fips,
"Modesto Junior College West Data Center · Stanislaus, CA",CA,37.665147,-121.040037,Stanislaus,06099,Stanislaus County,spatial_join,yes,06099,fips,
"NTT Limited data center · Santa Clara, CA",CA,37.403904,-121.889297,Santa Clara,06085,Santa Clara County,spatial_join,yes,06085,fips,
"NTT Silicon Valley SV1 Data Center · Santa Clara, CA",CA,37.369053,-121.955338,Santa Clara,06085,Santa Clara County,spatial_join,yes,06085,fips,
"Northwest Data Center and Communications Hub · Santa Clara, CA",CA,37.433437,-122.180739,Santa Clara,06085,Santa Clara County,spatial_join,yes,06085,fips,
"Ntirety data center · San Francisco, CA",CA,37.779653,-122.394001,San Francisco,06075,San Francisco County,spatial_join,yes,06075,fips,
"One Wilshire · Los Angeles, CA",CA,34.047892,-118.255546,Los Angeles,06037,Los Angeles County,spatial_join,yes,06037,fips,
"Open Computing Facility · Alameda, CA",CA,37.869852,-122.259823,Alameda,06001,Alameda County,spatial_join,yes,06001,fips,
"OpenColo · Santa Clara, CA",CA,37.378816,-121.955937,Santa Clara,06085,Santa Clara County,spatial_join,yes,06085,fips,
"PG&E Datacenter · Solano, CA",CA,38.246259,-122.06721,Solano,06095,Solano County,spatial_join,yes,06095,fips,
"Prime SANTA CLARA DATA CENTER · Santa Clara, CA",CA,37.375026,-121.954881,Santa Clara,06085,Santa Clara County,spatial_join,yes,06085,fips,
"Prime Santa Clara · Santa Clara, CA #1",CA,37.366662,-121.962865,Santa Clara,06085,Santa Clara County,spatial_join,yes,06085,fips,
"Prime Santa Clara · Santa Clara, CA #2",CA,37.375017,-121.95325,Santa Clara,06085,Santa Clara County,spatial_join,yes,06085,fips,
"QES Computers · Alameda, CA",CA,37.699475,-121.903799,Alameda,06001,Alameda County,spatial_join,yes,06001,fips,
"QTS Sacramento · Sacramento, CA",CA,38.646349,-121.486223,Sacramento,06067,Sacramento County,spatial_join,yes,06067,fips,
"QTS Santa Clara 1 · Santa Clara, CA",CA,37.393984,-121.97831,Santa Clara,06085,Santa Clara County,spatial_join,yes,06085,fips,
"QTS Santa Clara 2 · Santa Clara, CA",CA,37.392722,-121.978397,Santa Clara,06085,Santa Clara County,spatial_join,yes,06085,fips,
"RagingWire CA1 · Sacramento, CA",CA,38.650432,-121.489186,Sacramento,06067,Sacramento County,spatial_join,yes,06067,fips,
"RagingWire CA2 · Sacramento, CA",CA,38.6504,-121.491946,Sacramento,06067,Sacramento County,spatial_join,yes,06067,fips,
"RagingWire CA3 · Sacramento, CA",CA,38.644239,-121.498763,Sacramento,06067,Sacramento County,spatial_join,yes,06067,fips,
"SDSU Computer Room · San Diego, CA",CA,32.775025,-117.070888,San Diego,06073,San Diego County,spatial_join,yes,06073,fips,
"STACK Infrastructure · Santa Clara, CA #1",CA,37.402634,-121.891057,Santa Clara,06085,Santa Clara County,spatial_join,yes,06085,fips,
"STACK Infrastructure · Santa Clara, CA #2",CA,37.402745,-121.891051,Santa Clara,06085,Santa Clara County,spatial_join,yes,06085,fips,
"STACK SVY02 · Santa Clara, CA",CA,37.361932,-121.953744,Santa Clara,06085,Santa Clara County,spatial_join,yes,06085,fips,
"SV Colo · Santa Clara, CA",CA,37.36431,-121.958799,Santa Clara,06085,Santa Clara County,spatial_join,yes,06085,fips,
"San Jose Colocation Center · Santa Clara, CA",CA,37.334118,-121.891646,Santa Clara,06085,Santa Clara County,spatial_join,yes,06085,fips,
"Serverfarm - LAX1 · Los Angeles, CA",CA,33.921742,-118.386436,Los Angeles,06037,Los Angeles County,spatial_join,yes,06037,fips,
"Silicon Valley SJC31 · Santa Clara, CA",CA,37.37225,-121.948329,Santa Clara,06085,Santa Clara County,spatial_join,yes,06085,fips,
"Stack Infrastructure · Santa Clara, CA #1",CA,37.402213,-121.892384,Santa Clara,06085,Santa Clara County,spatial_join,yes,06085,fips,
"Stack Infrastructure · Santa Clara, CA #2",CA,37.402559,-121.893382,Santa Clara,06085,Santa Clara County,spatial_join,yes,06085,fips,
"TPx Colocation Datacenter · Orange, CA",CA,33.707506,-117.844104,Orange,06059,Orange County,spatial_join,yes,06059,fips,
"USPO Terminal Annex · Los Angeles, CA",CA,34.058102,-118.235393,Los Angeles,06037,Los Angeles County,spatial_join,yes,06037,fips,
"Unnamed data center · San Diego, CA",CA,33.1536,-117.238846,San Diego,06073,San Diego County,spatial_join,yes,06073,fips,
"Unnamed data center · Santa Clara, CA #1",CA,37.333638,-121.887975,Santa Clara,06085,Santa Clara County,spatial_join,yes,06085,fips,
"Unnamed data center · Santa Clara, CA #2",CA,37.36114,-121.942306,Santa Clara,06085,Santa Clara County,spatial_join,yes,06085,fips,
"Unnamed data center · Santa Clara, CA #3",CA,37.370643,-121.974507,Santa Clara,06085,Santa Clara County,spatial_join,yes,06085,fips,
"Unnamed data center · Santa Clara, CA #4",CA,37.379779,-121.94991,Santa Clara,06085,Santa Clara County,spatial_join,yes,06085,fips,
"Vantage Santa Clara CA2 · Santa Clara, CA",CA,37.364032,-121.946845,Santa Clara,06085,Santa Clara County,spatial_join,yes,06085,fips,
"Vantage data center · Santa Clara, CA #1",CA,37.371779,-121.972505,Santa Clara,06085,Santa Clara County,spatial_join,yes,06085,fips,
"Vantage data center · Santa Clara, CA #2",CA,37.373386,-121.972693,Santa Clara,06085,Santa Clara County,spatial_join,yes,06085,fips,
"XO Fremont · Alameda, CA",CA,37.475337,-121.922113,Alameda,06001,Alameda County,spatial_join,yes,06001,fips,
"e360 · Contra Costa, CA",CA,37.971081,-122.043738,Contra Costa,06013,Contra Costa County,spatial_join,yes,06013,fips,
"Flexential - Denver - Aurora · Arapahoe, CO",CO,39.661049,-104.848832,Arapahoe,08005,Arapahoe County,spatial_join,yes,08005,fips,
"Flexential - Denver - Centennial Data Center · Arapahoe, CO",CO,39.593873,-104.84316,Arapahoe,08005,Arapahoe County,spatial_join,yes,08005,fips,
"Flexential Denver - Downtown · Denver, CO",CO,39.74597,-104.994159,Denver,08031,Denver County,spatial_join,yes,08031,fips,
"Flexential Denver - Englewood · Douglas, CO",CO,39.558971,-104.837553,Douglas,08035,Douglas County,spatial_join,yes,08035,fips,
"Google - Thornton · Adams, CO",CO,39.922419,-104.983245,Adams,08001,Adams County,spatial_join,yes,08001,fips,
"Insurance Exchange Building · Denver, CO",CO,39.745572,-104.995691,Denver,08031,Denver County,spatial_join,yes,08031,fips,
"JPMorgan Chase · Broomfield, CO",CO,39.989087,-105.020703,Broomfield,08014,Broomfield County,spatial_join,yes,08014,fips,
"Pearl Plaza Office Building · Denver, CO",CO,39.74523,-104.979332,Denver,08031,Denver County,spatial_join,yes,08031,fips,
"SAP COS02 · El Paso, CO",CO,38.988888,-104.786381,El Paso,08041,El Paso County,spatial_join,yes,08041,fips,
"T5@Colorado Springs · El Paso, CO",CO,38.786172,-104.788535,El Paso,08041,El Paso County,spatial_join,yes,08041,fips,
"Time Warner Datacenter · Arapahoe, CO #1",CO,39.59896,-104.860377,Arapahoe,08005,Arapahoe County,spatial_join,yes,08005,fips,
"Time Warner Datacenter · Arapahoe, CO #2",CO,39.599931,-104.860182,Arapahoe,08005,Arapahoe County,spatial_join,yes,08005,fips,
"Unnamed data center · Arapahoe, CO #1",CO,39.590131,-104.846963,Arapahoe,08005,Arapahoe County,spatial_join,yes,08005,fips,
"Unnamed data center · Arapahoe, CO #2",CO,39.729478,-104.712754,Arapahoe,08005,Arapahoe County,spatial_join,yes,08005,fips,
"Unnamed data center · Douglas, CO",CO,39.559072,-104.833588,Douglas,08035,Douglas County,spatial_join,yes,08035,fips,
"Unnamed data center · El Paso, CO",CO,38.80266,-104.521966,El Paso,08041,El Paso County,spatial_join,yes,08041,fips,
"Verizon · Arapahoe, CO",CO,39.589248,-104.877933,Arapahoe,08005,Arapahoe County,spatial_join,yes,08005,fips,
"Walmart Colorado Data Center · El Paso, CO",CO,38.985746,-104.78727,El Paso,08041,El Paso County,spatial_join,yes,08041,fips,
"Xfinity/Comcast Data Center · Arapahoe, CO",CO,39.588307,-104.832435,Arapahoe,08005,Arapahoe County,spatial_join,yes,08005,fips,
"zColo by Zayo · Arapahoe, CO",CO,39.591352,-104.847039,Arapahoe,08005,Arapahoe County,spatial_join,yes,08005,fips,
"CyrusOne Norwalk · Western Connecticut Planning Region, CT",CT,41.113092,-73.388649,Western Connecticut Planning Region,09001,Fairfield County,spatial_join,not_comparable,09001,fips,
"Digital Realty New York HVN10 · Greater Bridgeport Planning Region, CT",CT,41.240846,-73.147299,Greater Bridgeport Planning Region,09001,Fairfield County,spatial_join,not_comparable,09001,fips,
"Ergonomic Group · Capitol Planning Region, CT",CT,41.707078,-72.589864,Capitol Planning Region,09003,Hartford County,spatial_join,not_comparable,09003,fips,
"Unnamed data center · South Central Connecticut Planning Region, CT",CT,41.478807,-72.801006,South Central Connecticut Planning Region,09009,New Haven County,spatial_join,not_comparable,09009,fips,
"amnet Data Center · Western Connecticut Planning Region, CT",CT,41.091833,-73.516716,Western Connecticut Planning Region,09001,Fairfield County,spatial_join,not_comparable,09001,fips,
"CoreSite DC1 · District of Columbia, DC",DC,38.902888,-77.029149,District of Columbia,11001,District of Columbia,spatial_join,yes,11001,fips,
"Cologix Jacksonville JAX1 · Duval, FL",FL,30.33143,-81.662426,Duval,12031,Duval County,spatial_join,yes,12031,fips,
"Cyxtera Tampa TP1 · Hillsborough, FL",FL,27.945532,-82.351162,Hillsborough,12057,Hillsborough County,spatial_join,yes,12057,fips,
"E-Foam · Orange, FL",FL,28.577943,-81.564545,Orange,12095,Orange County,spatial_join,yes,12095,fips,
"Flexential Fort Lauderdale · Broward, FL",FL,26.190086,-80.193297,Broward,12011,Broward County,spatial_join,yes,12011,fips,
"Flexential Jacksonville · Duval, FL",FL,30.245748,-81.581723,Duval,12031,Duval County,spatial_join,yes,12031,fips,
"Flexential Tampa - North · Hillsborough, FL",FL,28.073856,-82.368338,Hillsborough,12057,Hillsborough County,spatial_join,yes,12057,fips,
"Flexential Tampa - West · Hillsborough, FL",FL,28.037299,-82.539978,Hillsborough,12057,Hillsborough County,spatial_join,yes,12057,fips,
"NAP of the Americas · Miami-Dade, FL",FL,25.782379,-80.193075,Miami-Dade,12086,Miami-Dade County,spatial_join,yes,12086,fips,
"NocRoom Miami IT Services · Miami-Dade, FL #1",FL,25.646562,-80.423435,Miami-Dade,12086,Miami-Dade County,spatial_join,yes,12086,fips,
"NocRoom Miami IT Services · Miami-Dade, FL #2",FL,25.791545,-80.317748,Miami-Dade,12086,Miami-Dade County,spatial_join,yes,12086,fips,
"T-Mobile Everglades MSO Data Center · Broward, FL",FL,26.184997,-80.286916,Broward,12011,Broward County,spatial_join,yes,12011,fips,
"UF Research Computing Center · Alachua, FL",FL,29.672591,-82.29993,Alachua,12001,Alachua County,spatial_join,yes,12001,fips,
"Unnamed data center · Miami-Dade, FL",FL,25.797544,-80.230034,Miami-Dade,12086,Miami-Dade County,spatial_join,yes,12086,fips,
"Unnamed data center · Orange, FL",FL,28.617468,-81.393439,Orange,12095,Orange County,spatial_join,yes,12095,fips,
"Unnamed data center · Polk, FL",FL,28.294077,-81.834848,Polk,12105,Polk County,spatial_join,yes,12105,fips,
"Ascent - Atlanta Data Center · Fulton, GA",GA,34.057137,-84.273025,Fulton,13121,Fulton County,spatial_join,yes,13121,fips,
"Atlanta ATL13 · Fulton, GA",GA,33.755519,-84.391481,Fulton,13121,Fulton County,spatial_join,yes,13121,fips,
"Centersquare Atlanta ATL1 · Douglas, GA",GA,33.744228,-84.581216,Douglas,13097,Douglas County,spatial_join,yes,13097,fips,
"CenturyLink · Fulton, GA",GA,33.765144,-84.383736,Fulton,13121,Fulton County,spatial_join,yes,13121,fips,
"CoreSite AT1 · Fulton, GA",GA,33.755986,-84.391171,Fulton,13121,Fulton County,spatial_join,yes,13121,fips,
"Cox Data Center · Fulton, GA",GA,34.036202,-84.319553,Fulton,13121,Fulton County,spatial_join,yes,13121,fips,
"DataSite Atlanta · Cobb, GA",GA,33.925511,-84.481616,Cobb,13067,Cobb County,spatial_join,yes,13067,fips,
"Digital Realty Atlanta ATL11 · Cobb, GA",GA,33.746562,-84.579738,Cobb,,Douglas County,spatial_join,no,,,"point is in Douglas County, record says Cobb; held for review, not tagged"
"Digital Realty Atlanta ATL11 · Douglas, GA",GA,33.746562,-84.579738,Douglas,13097,Douglas County,spatial_join,yes,13097,fips,
"Digital Realty Data Center · Fulton, GA",GA,33.657032,-84.415203,Fulton,13121,Fulton County,spatial_join,yes,13121,fips,
"Flexential Atlanta - Alpharetta Data Center · Fulton, GA",GA,34.087005,-84.251752,Fulton,13121,Fulton County,spatial_join,yes,13121,fips,
"Flexential Atlanta - Douglasville 1 · Douglas, GA",GA,33.731057,-84.616081,Douglas,13097,Douglas County,spatial_join,yes,13097,fips,
"Flexential Atlanta - Douglasville 2 · Douglas, GA",GA,33.730703,-84.61124,Douglas,13097,Douglas County,spatial_join,yes,13097,fips,
"Flexential Atlanta - Norcross · Gwinnett, GA",GA,33.954769,-84.198562,Gwinnett,13135,Gwinnett County,spatial_join,yes,13135,fips,
"Google Datacenter - Douglas County · Douglas, GA",GA,33.75059,-84.585223,Douglas,13097,Douglas County,spatial_join,yes,13097,fips,
"Google Fiber · Fulton, GA",GA,33.771568,-84.366859,Fulton,13121,Fulton County,spatial_join,yes,13121,fips,
"Hewlett-Packard · Fulton, GA",GA,34.082226,-84.26745,Fulton,13121,Fulton County,spatial_join,yes,13121,fips,
"Mapletree Industrial · Fulton, GA",GA,34.096584,-84.237391,Fulton,13121,Fulton County,spatial_join,yes,13121,fips,
"Meta data center · Newton, GA #1",GA,33.598021,-83.695013,Newton,13217,Newton County,spatial_join,yes,13217,fips,
"Meta data center · Newton, GA #2",GA,33.600094,-83.696839,Newton,13217,Newton County,spatial_join,yes,13217,fips,
"Meta data center · Newton, GA #3",GA,33.601371,-83.705417,Newton,13217,Newton County,spatial_join,yes,13217,fips,
"QTS Atlanta Data Center 1 · Fulton, GA",GA,33.777681,-84.4211,Fulton,13121,Fulton County,spatial_join,yes,13121,fips,
"QTS Atlanta Data Center 2 · Fulton, GA",GA,33.777505,-84.419552,Fulton,13121,Fulton County,spatial_join,yes,13121,fips,
"QTS Suwanee Data Center 1 · Gwinnett, GA",GA,34.03539,-84.061075,Gwinnett,13135,Gwinnett County,spatial_join,yes,13135,fips,
"QTS Suwanee Data Center 2 · Gwinnett, GA",GA,34.037099,-84.057703,Gwinnett,13135,Gwinnett County,spatial_join,yes,13135,fips,
"QTS · Fayette, GA #1",GA,33.448361,-84.522652,Fayette,13113,Fayette County,spatial_join,yes,13113,fips,
"QTS · Fayette, GA #2",GA,33.450932,-84.523619,Fayette,13113,Fayette County,spatial_join,yes,13113,fips,
"Secure Data Center · Fulton, GA",GA,34.093708,-84.250876,Fulton,13121,Fulton County,spatial_join,yes,13121,fips,
"Strategic Datasphere · Fulton, GA",GA,34.094797,-84.235697,Fulton,13121,Fulton County,spatial_join,yes,13121,fips,
"Switch Data Center · Douglas, GA",GA,33.755025,-84.587269,Douglas,13097,Douglas County,spatial_join,yes,13097,fips,
"T5 Data Center · Fulton, GA",GA,34.075922,-84.264316,Fulton,13121,Fulton County,spatial_join,yes,13121,fips,
"UPS Data Center · Forsyth, GA",GA,34.103383,-84.214974,Forsyth,13117,Forsyth County,spatial_join,yes,13117,fips,
"Unnamed data center · Cobb, GA",GA,34.070704,-84.675908,Cobb,13067,Cobb County,spatial_join,yes,13067,fips,
"Unnamed data center · Fulton, GA",GA,34.060985,-84.273982,Fulton,13121,Fulton County,spatial_join,yes,13121,fips,
"Unnamed data center · Muscogee, GA",GA,32.498267,-84.883571,Muscogee,13215,Muscogee County,spatial_join,yes,13215,fips,
"Apple · Dallas, IA",IA,41.616851,-93.924402,Dallas,19049,Dallas County,spatial_join,yes,19049,fips,
"Aureon · Polk, IA",IA,41.587999,-93.631009,Polk,19153,Polk County,spatial_join,yes,19153,fips,
"Facebook Altoona Data Center 1 · Polk, IA",IA,41.664241,-93.514728,Polk,19153,Polk County,spatial_join,yes,19153,fips,
"Facebook Altoona Data Center 2 · Polk, IA",IA,41.665537,-93.50817,Polk,19153,Polk County,spatial_join,yes,19153,fips,
"Facebook Altoona Data Center 3 · Polk, IA",IA,41.667071,-93.506466,Polk,19153,Polk County,spatial_join,yes,19153,fips,
"Facebook Altoona Data Center 4 · Polk, IA",IA,41.667737,-93.516399,Polk,19153,Polk County,spatial_join,yes,19153,fips,
"Facebook Altoona Data Center 5 · Polk, IA",IA,41.671173,-93.516629,Polk,19153,Polk County,spatial_join,yes,19153,fips,
"ForceAmp.com · Johnson, IA",IA,41.703998,-91.587078,Johnson,19103,Johnson County,spatial_join,yes,19103,fips,
"Geneseo Communications Inc · Scott, IA",IA,41.550269,-90.482409,Scott,19163,Scott County,spatial_join,yes,19163,fips,
"Google · Pottawattamie, IA #1",IA,41.172611,-95.801148,Pottawattamie,19155,Pottawattamie County,spatial_join,yes,19155,fips,
"Google · Pottawattamie, IA #10",IA,41.175545,-95.801119,Pottawattamie,19155,Pottawattamie County,spatial_join,yes,19155,fips,
"Google · Pottawattamie, IA #11",IA,41.175547,-95.802224,Pottawattamie,19155,Pottawattamie County,spatial_join,yes,19155,fips,
"Google · Pottawattamie, IA #12",IA,41.175554,-95.799948,Pottawattamie,19155,Pottawattamie County,spatial_join,yes,19155,fips,
"Google · Pottawattamie, IA #13",IA,41.177274,-95.80638,Pottawattamie,19155,Pottawattamie County,spatial_join,yes,19155,fips,
"Google · Pottawattamie, IA #14",IA,41.177344,-95.804857,Pottawattamie,19155,Pottawattamie County,spatial_join,yes,19155,fips,
"Google · Pottawattamie, IA #15",IA,41.177456,-95.803215,Pottawattamie,19155,Pottawattamie County,spatial_join,yes,19155,fips,
"Google · Pottawattamie, IA #16",IA,41.177483,-95.800967,Pottawattamie,19155,Pottawattamie County,spatial_join,yes,19155,fips,
"Google · Pottawattamie, IA #2",IA,41.172635,-95.804024,Pottawattamie,19155,Pottawattamie County,spatial_join,yes,19155,fips,
"Google · Pottawattamie, IA #3",IA,41.17264,-95.802521,Pottawattamie,19155,Pottawattamie County,spatial_join,yes,19155,fips,
"Google · Pottawattamie, IA #4",IA,41.173595,-95.792203,Pottawattamie,19155,Pottawattamie County,spatial_join,yes,19155,fips,
"Google · Pottawattamie, IA #5",IA,41.173597,-95.788678,Pottawattamie,19155,Pottawattamie County,spatial_join,yes,19155,fips,
"Google · Pottawattamie, IA #6",IA,41.17554,-95.805652,Pottawattamie,19155,Pottawattamie County,spatial_join,yes,19155,fips,
"Google · Pottawattamie, IA #7",IA,41.17554,-95.806763,Pottawattamie,19155,Pottawattamie County,spatial_join,yes,19155,fips,
"Google · Pottawattamie, IA #8",IA,41.175543,-95.804493,Pottawattamie,19155,Pottawattamie County,spatial_join,yes,19155,fips,
"Google · Pottawattamie, IA #9",IA,41.175544,-95.80339,Pottawattamie,19155,Pottawattamie County,spatial_join,yes,19155,fips,
"Lightedge Des Moines 1 · Polk, IA",IA,41.667657,-93.455482,Polk,19153,Polk County,spatial_join,yes,19153,fips,
"Lightedge Des Moines 2 · Polk, IA",IA,41.666799,-93.455955,Polk,19153,Polk County,spatial_join,yes,19153,fips,
"Meta · Polk, IA #1",IA,41.675572,-93.509657,Polk,19153,Polk County,spatial_join,yes,19153,fips,
"Meta · Polk, IA #2",IA,41.675823,-93.506031,Polk,19153,Polk County,spatial_join,yes,19153,fips,
"Microsoft · Dallas, IA #1",IA,41.531814,-93.863442,Dallas,19049,Dallas County,spatial_join,yes,19049,fips,
"Microsoft · Dallas, IA #2",IA,41.532838,-93.863462,Dallas,19049,Dallas County,spatial_join,yes,19049,fips,
"Microsoft · Dallas, IA #3",IA,41.533916,-93.863439,Dallas,19049,Dallas County,spatial_join,yes,19049,fips,
"Microsoft · Dallas, IA #4",IA,41.53499,-93.863444,Dallas,19049,Dallas County,spatial_join,yes,19049,fips,
"Microsoft · Dallas, IA #5",IA,41.53967,-93.828665,Dallas,19049,Dallas County,spatial_join,yes,19049,fips,
"Microsoft · Dallas, IA #6",IA,41.539814,-93.826314,Dallas,19049,Dallas County,spatial_join,yes,19049,fips,
"Microsoft · Dallas, IA #7",IA,41.540616,-93.824949,Dallas,19049,Dallas County,spatial_join,yes,19049,fips,
"Microsoft · Dallas, IA #8",IA,41.540709,-93.827895,Dallas,19049,Dallas County,spatial_join,yes,19049,fips,
"Microsoft · Polk, IA #1",IA,41.515818,-93.706301,Polk,19153,Polk County,spatial_join,yes,19153,fips,
"Microsoft · Polk, IA #2",IA,41.515843,-93.702513,Polk,19153,Polk County,spatial_join,yes,19153,fips,
"Microsoft · Polk, IA #3",IA,41.516712,-93.706351,Polk,19153,Polk County,spatial_join,yes,19153,fips,
"Microsoft · Polk, IA #4",IA,41.516741,-93.702542,Polk,19153,Polk County,spatial_join,yes,19153,fips,
"Microsoft · Polk, IA #5",IA,41.517607,-93.706312,Polk,19153,Polk County,spatial_join,yes,19153,fips,
"Microsoft · Polk, IA #6",IA,41.517641,-93.702493,Polk,19153,Polk County,spatial_join,yes,19153,fips,
"Microsoft · Polk, IA #7",IA,41.518502,-93.706331,Polk,19153,Polk County,spatial_join,yes,19153,fips,
"Microsoft · Polk, IA #8",IA,41.518538,-93.702525,Polk,19153,Polk County,spatial_join,yes,19153,fips,
"Microsoft · Warren, IA #1",IA,41.49475,-93.787021,Warren,19181,Warren County,spatial_join,yes,19181,fips,
"Microsoft · Warren, IA #2",IA,41.495806,-93.787055,Warren,19181,Warren County,spatial_join,yes,19181,fips,
"Microsoft · Warren, IA #3",IA,41.49683,-93.786996,Warren,19181,Warren County,spatial_join,yes,19181,fips,
"Microsoft · Warren, IA #4",IA,41.497871,-93.787039,Warren,19181,Warren County,spatial_join,yes,19181,fips,
"Microsoft · Warren, IA #5",IA,41.498913,-93.787075,Warren,19181,Warren County,spatial_join,yes,19181,fips,
"Unnamed data center · Polk, IA #1",IA,41.513888,-93.72141,Polk,19153,Polk County,spatial_join,yes,19153,fips,
"Unnamed data center · Polk, IA #2",IA,41.514853,-93.720886,Polk,19153,Polk County,spatial_join,yes,19153,fips,
"Unnamed data center · Polk, IA #3",IA,41.515864,-93.720312,Polk,19153,Polk County,spatial_join,yes,19153,fips,
"Unnamed data center · Polk, IA #4",IA,41.516864,-93.719767,Polk,19153,Polk County,spatial_join,yes,19153,fips,
"Unnamed data center · Polk, IA #5",IA,41.558083,-93.527662,Polk,19153,Polk County,spatial_join,yes,19153,fips,
"Unnamed data center · Polk, IA #6",IA,41.558131,-93.528157,Polk,19153,Polk County,spatial_join,yes,19153,fips,
"Unnamed data center · Pottawattamie, IA #1",IA,41.212099,-95.877914,Pottawattamie,19155,Pottawattamie County,spatial_join,yes,19155,fips,
"Unnamed data center · Pottawattamie, IA #2",IA,41.221486,-95.863822,Pottawattamie,19155,Pottawattamie County,spatial_join,yes,19155,fips,
"Family History Center · Bear Lake, ID",ID,42.317296,-111.304245,Bear Lake,16007,Bear Lake County,spatial_join,yes,16007,fips,
"Unnamed data center · Ada, ID #1",ID,43.463149,-116.268228,Ada,16001,Ada County,spatial_join,yes,16001,fips,
"Unnamed data center · Ada, ID #2",ID,43.463349,-116.272085,Ada,16001,Ada County,spatial_join,yes,16001,fips,
"VentureData · Madison, ID",ID,43.825243,-111.782093,Madison,16065,Madison County,spatial_join,yes,16065,fips,
"2425 Busse Road LLC (CenterSquare ORD2) · Elk Grove Village, IL",IL,,,,,,,,,,no coordinates and no county in the record
"4513 Western Avenue LLC (CenterSquare ORD4) · Lisle, IL",IL,,,,,,,,,,no coordinates and no county in the record
"Aligned Data Center - Chicago ORD-01 · Cook, IL",IL,41.913983,-87.917465,Cook,17031,Cook County,spatial_join,yes,17031,fips,
"Aligned Data Center - Chicago ORD-02 · Cook, IL",IL,41.912962,-87.917492,Cook,17031,Cook County,spatial_join,yes,17031,fips,
"Aligned Data Centers (EGV) PropCo · Elk Grove Village, IL",IL,,,,,,,,,,no coordinates and no county in the record
"Aligned Data Centers · Northlake, IL",IL,,,,,,,,,,no coordinates and no county in the record
"C1 Chicago 1 LLC - C1 Chicago 2 · Wood Dale, IL",IL,,,,,,,,,,no coordinates and no county in the record
"C1 Chicago Aurora III · Aurora, IL",IL,,,,,,,,,,no coordinates and no county in the record
"C1 Yorkville · Yorkville, IL",IL,,,,,,,,,,no coordinates and no county in the record
"Centersquare Elk Grove Village Data Center Campus ORD2 · DuPage, IL",IL,41.99204,-87.958172,DuPage,17043,DuPage County,spatial_join,yes,17043,fips,
"Centersquare Lisle ORD4 Data Center · DuPage, IL",IL,41.802341,-88.094886,DuPage,17043,DuPage County,spatial_join,yes,17043,fips,
"Chirisa Volo · Volo, IL",IL,,,,,,,,,,no coordinates and no county in the record
"CoreSite Chicago Data Center (CH1) · Cook, IL",IL,41.87594,-87.631466,Cook,17031,Cook County,spatial_join,yes,17031,fips,
"CoreSite Chicago Data Center (CH2) · Cook, IL",IL,41.862798,-87.641304,Cook,17031,Cook County,spatial_join,yes,17031,fips,
"Coresite · Chicago, IL",IL,,,,,,,,,,no coordinates and no county in the record
"CyrusOne (C1 Chicago) · Aurora, IL",IL,,,,,,,,,,no coordinates and no county in the record
"CyrusOne Chicago Aurora CME · DuPage, IL",IL,41.796711,-88.243603,DuPage,17043,DuPage County,spatial_join,yes,17043,fips,
"Datacenter (386) · DuPage, IL",IL,41.707134,-87.975956,DuPage,17043,DuPage County,spatial_join,yes,17043,fips,
"Digital Realty CH1 · Cook, IL",IL,41.994237,-87.962172,Cook,17031,Cook County,spatial_join,yes,17031,fips,
"Digital Realty CH2 · Cook, IL",IL,41.994464,-87.957736,Cook,17031,Cook County,spatial_join,yes,17031,fips,
"Digital Realty CH3 · Cook, IL",IL,41.994396,-87.964904,Cook,17031,Cook County,spatial_join,yes,17031,fips,
"Digital Realty Chicago ORD12 · Cook, IL",IL,41.928378,-87.859236,Cook,17031,Cook County,spatial_join,yes,17031,fips,
"Digital Realty ORD11 · Cook, IL",IL,41.874293,-87.629954,Cook,17031,Cook County,spatial_join,yes,17031,fips,
"Digital Realty Trust · Elk Grove Village, IL",IL,,,,,,,,,,no coordinates and no county in the record
"EdgeConneX CHI01 · Cook, IL",IL,42.000775,-87.950769,Cook,17031,Cook County,spatial_join,yes,17031,fips,
"EdgeConneX CHI02 · Cook, IL",IL,42.001494,-87.952563,Cook,17031,Cook County,spatial_join,yes,17031,fips,
"EdgeConneX · Elk Grove Village, IL",IL,,,,,,,,,,no coordinates and no county in the record
"EdgeConnex · Elk Grove Village, IL",IL,,,,,,,,,,no coordinates and no county in the record
"Element Critical CH1 · DuPage, IL",IL,41.975762,-87.964685,DuPage,17043,DuPage County,spatial_join,yes,17043,fips,
"Element Critical CH2 · DuPage, IL",IL,41.974227,-87.967176,DuPage,17043,DuPage County,spatial_join,yes,17043,fips,
"Elk Grove Village Property LLC (Phase 1) · Elk Grove Village, IL",IL,,,,,,,,,,no coordinates and no county in the record
"Equinix Chicago CH3 · Cook, IL",IL,42.001159,-87.955213,Cook,17031,Cook County,spatial_join,yes,17031,fips,
"Equinix Chicago Data CH7 · DuPage, IL",IL,41.812557,-87.972843,DuPage,17043,DuPage County,spatial_join,yes,17043,fips,
"Equinix · Elk Grove Village, IL",IL,,,,,,,,,,no coordinates and no county in the record
"Goldframe · DeKalb, IL",IL,,,,,,,,,,no coordinates and no county in the record
"HydraVault · Chicago, IL",IL,,,,,,,,,,no coordinates and no county in the record
"Iron Mountain Data & Record Storage · Cook, IL",IL,41.848797,-87.64551,Cook,17031,Cook County,spatial_join,yes,17031,fips,
"Iron Mountain Data Centers · Des Plaines, IL",IL,,,,,,,,,,no coordinates and no county in the record
"Lakeside Technology Center · Cook, IL",IL,41.853653,-87.618359,Cook,17031,Cook County,spatial_join,yes,17031,fips,
"Lincoln Rackhouse · DuPage, IL",IL,41.772165,-88.217091,DuPage,17043,DuPage County,spatial_join,yes,17043,fips,
"MEDP Mission Critical Facility, LLC dba Metro Edge · Chicago, IL",IL,,,,,,,,,,no coordinates and no county in the record
"Meta data center · DeKalb, IL #1",IL,41.88853,-88.721858,DeKalb,17037,DeKalb County,spatial_join,yes,17037,fips,
"Meta data center · DeKalb, IL #2",IL,41.889284,-88.731054,DeKalb,17037,DeKalb County,spatial_join,yes,17037,fips,
"Meta data center · DeKalb, IL #3",IL,41.890275,-88.726355,DeKalb,17037,DeKalb County,spatial_join,yes,17037,fips,
"Microsoft - Azure Datacenter · Cook, IL",IL,41.923006,-87.918241,Cook,17031,Cook County,spatial_join,yes,17031,fips,
"Microsoft Data Center - Hoffman Estates · Cook, IL",IL,42.076952,-88.133891,Cook,17031,Cook County,spatial_join,yes,17031,fips,
"Microsoft · Elk Grove Village, IL",IL,,,,,,,,,,no coordinates and no county in the record
"Microsoft · Hoffman Estates, IL",IL,,,,,,,,,,no coordinates and no county in the record
"Microsoft · Northlake, IL",IL,,,,,,,,,,no coordinates and no county in the record
"NCSA Petascale Computing Facility · Champaign, IL",IL,40.095259,-88.242031,Champaign,17019,Champaign County,spatial_join,yes,17019,fips,
"NTT Chicago CH1 · DuPage, IL",IL,41.987919,-88.007265,DuPage,17043,DuPage County,spatial_join,yes,17043,fips,
"NTT Chicago CH2 · DuPage, IL",IL,41.988967,-88.007257,DuPage,17043,DuPage County,spatial_join,yes,17043,fips,
"NTT Chicago CH3 · DuPage, IL",IL,41.986914,-88.008004,DuPage,17043,DuPage County,spatial_join,yes,17043,fips,
"NTT Chicago CH4 · DuPage, IL",IL,41.989095,-88.004765,DuPage,17043,DuPage County,spatial_join,yes,17043,fips,
"NTT Global Data Centers · Itasca, IL",IL,,,,,,,,,,no coordinates and no county in the record
"Netrality · Cook, IL",IL,41.872881,-87.63344,Cook,17031,Cook County,spatial_join,yes,17031,fips,
"Oracle America · Elk Grove Village, IL",IL,,,,,,,,,,no coordinates and no county in the record
"QTS Chicago · Cook, IL",IL,41.842187,-87.669008,Cook,17031,Cook County,spatial_join,yes,17031,fips,
"Quality Technology Service (QTS) · Chicago, IL",IL,,,,,,,,,,no coordinates and no county in the record
"SDC CHI I · Elk Grove Village, IL",IL,,,,,,,,,,no coordinates and no county in the record
"SDC CHI II Busse · Elk Grove Village, IL",IL,,,,,,,,,,no coordinates and no county in the record
"SDC CHI III · Elk Grove Village, IL",IL,,,,,,,,,,no coordinates and no county in the record
"STACK Chicago CHI01 · Cook, IL",IL,42.006844,-87.96519,Cook,17031,Cook County,spatial_join,yes,17031,fips,
"STACK Infrastructure · Elk Grove Village, IL",IL,,,,,,,,,,no coordinates and no county in the record
"Serverfarm CH1 · Cook, IL",IL,41.870944,-87.640141,Cook,17031,Cook County,spatial_join,yes,17031,fips,
"Serverfarm LLC dba SF CH1 · Chicago, IL",IL,,,,,,,,,,no coordinates and no county in the record
"Skybox Chicago I · Cook, IL",IL,41.993668,-87.973519,Cook,17031,Cook County,spatial_join,yes,17031,fips,
"Stream Chicago I · Cook, IL",IL,42.002601,-87.951135,Cook,17031,Cook County,spatial_join,yes,17031,fips,
"Stream Chicago II · Cook, IL",IL,41.999124,-87.957765,Cook,17031,Cook County,spatial_join,yes,17031,fips,
"T5 Chicago II · Cook, IL",IL,42.023042,-87.975557,Cook,17031,Cook County,spatial_join,yes,17031,fips,
"T5@Chicago II · Elk Grove Village, IL",IL,,,,,,,,,,no coordinates and no county in the record
"T5@Chicago III · Northlake, IL",IL,,,,,,,,,,no coordinates and no county in the record
"T5@Chicago IV · Grayslake, IL",IL,,,,,,,,,,no coordinates and no county in the record
"Unnamed data center · Cook, IL",IL,42.023143,-87.972186,Cook,17031,Cook County,spatial_join,yes,17031,fips,
"Unnamed data center · DuPage, IL #1",IL,41.795384,-88.246923,DuPage,17043,DuPage County,spatial_join,yes,17043,fips,
"Unnamed data center · DuPage, IL #2",IL,41.905355,-88.219514,DuPage,17043,DuPage County,spatial_join,yes,17043,fips,
"Unnamed data center · Madison, IL",IL,38.81056,-89.948703,Madison,17119,Madison County,spatial_join,yes,17119,fips,
"VISA · Lake, IL",IL,42.216757,-87.952847,Lake,17097,Lake County,spatial_join,yes,17097,fips,
"West Monroe · Cook, IL",IL,41.880527,-87.635938,Cook,17031,Cook County,spatial_join,yes,17031,fips,
"Agricultural and Biological Engineering · Tippecanoe, IN",IN,40.421854,-86.916545,Tippecanoe,18157,Tippecanoe County,spatial_join,yes,18157,fips,
"Amazon Data Services · Hobart, IN",IN,,,Lake,18089,Lake County,record_county,yes,18089,fips,
"Amazon Data Services · New Carlisle, IN",IN,,,St. Joseph,18141,St. Joseph County,record_county,yes,18141,fips,
"Blocke · Jeffersonville, IN",IN,,,Clark,18019,Clark County,record_county,yes,18019,fips,
"DX Hammond Opco · Indianapolis, IN",IN,,,Lake,18089,Lake County,record_county,yes,18089,fips,
"Digital Crossroad · Lake, IN",IN,41.707418,-87.520193,Lake,18089,Lake County,spatial_join,yes,18089,fips,
"Digital Egg Investments · Peru, IN",IN,,,Miami,18103,Miami County,record_county,yes,18103,fips,
"Digital Egg Investments · Rochester, IN",IN,,,Fulton,18049,Fulton County,record_county,yes,18049,fips,
"Hatchworks · Ft. Wayne, IN",IN,,,Allen,18003,Allen County,record_county,yes,18003,fips,
"IU Data Center · Monroe, IN",IN,39.174419,-86.500703,Monroe,18105,Monroe County,spatial_join,yes,18105,fips,
"Jumping Bison · Wilmington, IN",IN,,,Decatur,18031,Decatur County,record_county,yes,18031,fips,
"Lavender Fields Holdings · Michigan City, IN",IN,,,LaPorte,18091,LaPorte County,record_county,yes,18091,fips,
"Learning GIS! · Tippecanoe, IN",IN,40.42179,-86.914155,Tippecanoe,18157,Tippecanoe County,spatial_join,yes,18157,fips,
"Orla · Lebanon, IN",IN,,,Boone,18011,Boone County,record_county,yes,18011,fips,
"Terra Industry · Hillsdale, IN",IN,,,Vermillion,18165,Vermillion County,record_county,yes,18165,fips,
"Verizon Wireless data center · Hancock, IN",IN,39.717184,-85.94133,Hancock,18059,Hancock County,spatial_join,yes,18059,fips,
"Woodland Caribou · Monrovia, IN",IN,,,Morgan,18109,Morgan County,record_county,yes,18109,fips,
"Cloud Storage Corp · Ellis, KS",KS,38.872132,-99.300187,Ellis,20051,Ellis County,spatial_join,yes,20051,fips,
"Data Center Lenexa · Johnson, KS",KS,38.92517,-94.77029,Johnson,20091,Johnson County,spatial_join,yes,20091,fips,
"State Farm Data Center · Johnson, KS",KS,38.940113,-94.867688,Johnson,20091,Johnson County,spatial_join,yes,20091,fips,
"TierPoint data center · Johnson, KS",KS,38.940669,-94.755232,Johnson,20091,Johnson County,spatial_join,yes,20091,fips,
"U.S. Bank National Data Process Center · Johnson, KS",KS,38.935643,-94.864471,Johnson,20091,Johnson County,spatial_join,yes,20091,fips,
"Unnamed data center · Johnson, KS #1",KS,38.926806,-94.768373,Johnson,20091,Johnson County,spatial_join,yes,20091,fips,
"Unnamed data center · Johnson, KS #2",KS,38.9392,-94.860185,Johnson,20091,Johnson County,spatial_join,yes,20091,fips,
"Dynamics Mining · Hopkins, KY",KY,37.362991,-87.547121,Hopkins,21107,Hopkins County,spatial_join,yes,21107,fips,
"East Kentucky Network Datacenter · Floyd, KY",KY,37.600177,-82.678763,Floyd,21071,Floyd County,spatial_join,yes,21071,fips,
"Flexential Louisville - Downtown · Jefferson, KY",KY,38.242496,-85.733351,Jefferson,21111,Jefferson County,spatial_join,yes,21111,fips,
"Flexential Louisville - East · Jefferson, KY",KY,38.277198,-85.507241,Jefferson,21111,Jefferson County,spatial_join,yes,21111,fips,
"Riot Kentucky · McCracken, KY",KY,37.089239,-88.703058,McCracken,21145,McCracken County,spatial_join,yes,21145,fips,
"Center for Computation & Technology (CCT) · East Baton Rouge, LA",LA,30.407446,-91.172545,East Baton Rouge,22033,East Baton Rouge Parish,spatial_join,yes,22033,fips,
"CoreSite BO1 · Middlesex, MA",MA,42.376706,-71.079758,Middlesex,25017,Middlesex County,spatial_join,yes,25017,fips,
"Markley Data Center · Middlesex, MA",MA,42.630262,-71.304424,Middlesex,25017,Middlesex County,spatial_join,yes,25017,fips,
"TierPoint data center · Essex, MA",MA,42.685709,-71.208599,Essex,25009,Essex County,spatial_join,yes,25009,fips,
"AiNET One Market Center · Baltimore city, MD",MD,39.291758,-76.620374,Baltimore city,24510,Baltimore city,spatial_join,yes,24510,fips,
"AiNET · Prince George's, MD",MD,39.052823,-76.925908,Prince George's,24033,Prince George's County,spatial_join,yes,24033,fips,
"Baltimore Technology Park · Baltimore city, MD",MD,39.275384,-76.625527,Baltimore city,24510,Baltimore city,spatial_join,yes,24510,fips,
"Crown Castle Baltimore · Baltimore city, MD",MD,39.287702,-76.606489,Baltimore city,24510,Baltimore city,spatial_join,yes,24510,fips,
"CyberNAP Glen Burnie · Anne Arundel, MD",MD,39.140242,-76.606431,Anne Arundel,24003,Anne Arundel County,spatial_join,yes,24003,fips,
"Expedient Owings Mills · Baltimore, MD",MD,39.427318,-76.81155,Baltimore,24005,Baltimore County,spatial_join,yes,24510,county_name,
"Expedient Tidepoint · Baltimore city, MD",MD,39.274655,-76.591671,Baltimore city,24510,Baltimore city,spatial_join,yes,24510,fips,
"Johns Hopkins Data Center · Baltimore city, MD",MD,39.293559,-76.551738,Baltimore city,24510,Baltimore city,spatial_join,yes,24510,fips,
"Lincoln Rackhouse Maryland · Montgomery, MD",MD,39.058563,-76.964322,Montgomery,24031,Montgomery County,spatial_join,yes,24031,fips,
"Lumen Baltimore · Baltimore city, MD",MD,39.291759,-76.620402,Baltimore city,24510,Baltimore city,spatial_join,yes,24510,fips,
"TierPoint Baltimore BWI · Anne Arundel, MD",MD,39.213452,-76.682845,Anne Arundel,24003,Anne Arundel County,spatial_join,yes,24003,fips,
"Unnamed data center · Frederick, MD",MD,39.377776,-77.411519,Frederick,24021,Frederick County,spatial_join,yes,24021,fips,
"Unnamed data center · Howard, MD",MD,39.133685,-76.851407,Howard,24027,Howard County,spatial_join,yes,24027,fips,
"FirstLight Data Center · Cumberland, ME",ME,43.657839,-70.261379,Cumberland,23005,Cumberland County,spatial_join,yes,23005,fips,
"Oxford Networks · Cumberland, ME",ME,43.895071,-69.923151,Cumberland,23005,Cumberland County,spatial_join,yes,23005,fips,
"Chick-fil-A Hiring Center · Macomb, MI",MI,42.627942,-82.988394,Macomb,26099,Macomb County,spatial_join,yes,26099,fips,
"Comcast · Wayne, MI",MI,42.213902,-83.198214,Wayne,26163,Wayne County,spatial_join,yes,26163,fips,
"EdgeConneX Detroit DET01 · Oakland, MI",MI,42.447697,-83.262667,Oakland,26125,Oakland County,spatial_join,yes,26125,fips,
"Liquid Web · Eaton, MI",MI,42.687951,-84.642995,Eaton,26045,Eaton County,spatial_join,yes,26045,fips,
"Liquid Web, Inc · Eaton, MI",MI,42.70539,-84.666089,Eaton,26045,Eaton County,spatial_join,yes,26045,fips,
"Quicken Loans data center · Wayne, MI",MI,42.32618,-83.069759,Wayne,26163,Wayne County,spatial_join,yes,26163,fips,
"US Signal data center · Wayne, MI",MI,42.235327,-83.444141,Wayne,26163,Wayne County,spatial_join,yes,26163,fips,
"Unnamed data center · Genesee, MI",MI,42.968713,-83.779602,Genesee,26049,Genesee County,spatial_join,yes,26049,fips,
"Unnamed data center · Monroe, MI",MI,41.807282,-83.627629,Monroe,26115,Monroe County,spatial_join,yes,26115,fips,
"Verizon Wireless data center · Wayne, MI",MI,42.326266,-83.076986,Wayne,26163,Wayne County,spatial_join,yes,26163,fips,
"111 Washington Ave S. · Minneapolis, MN",MN,,,,,,,,,,no coordinates and no county in the record
"3M · Maplewood, MN",MN,,,,,,,,,,no coordinates and no county in the record
"Ark Duluth Data Center · St. Louis, MN",MN,46.827467,-92.130431,St. Louis,27137,St. Louis County,spatial_join,yes,27137,fips,
"BCBSM · Eagan, MN",MN,,,,,,,,,,no coordinates and no county in the record
"Best Buy Data Center · Bloomington, MN",MN,,,,,,,,,,no coordinates and no county in the record
"C.H. Robinson · Oronoco, MN",MN,,,,,,,,,,no coordinates and no county in the record
"Centra Digital · Eagan, MN",MN,,,,,,,,,,no coordinates and no county in the record
"Cologix - Suite 200 · Minneapolis, MN",MN,,,,,,,,,,no coordinates and no county in the record
"Compass Data Center · Shakopee, MN",MN,,,,,,,,,,no coordinates and no county in the record
"DataBank MSP III · Brooklyn Park, MN",MN,,,,,,,,,,no coordinates and no county in the record
"DataBank · Eagan, MN",MN,,,,,,,,,,no coordinates and no county in the record
"DataBank · Hennepin, MN",MN,45.143711,-93.387128,Hennepin,27053,Hennepin County,spatial_join,yes,27053,fips,
"Ecolab · Eagan, MN",MN,,,,,,,,,,no coordinates and no county in the record
"EdgeConneX · Eden Prairie, MN",MN,,,,,,,,,,no coordinates and no county in the record
"Encompass Minneapolis Facility · Anoka, MN",MN,45.132197,-93.095622,Anoka,27003,Anoka County,spatial_join,yes,27003,fips,
"Epic / Mayo Data Center · Olmsted, MN",MN,44.070816,-92.522121,Olmsted,27109,Olmsted County,spatial_join,yes,27109,fips,
"Epic Hosting · Rochester, MN",MN,,,,,,,,,,no coordinates and no county in the record
"Fastenal · Winona, MN",MN,,,,,,,,,,no coordinates and no county in the record
"Flexential Minneapolis - Chaska · Carver, MN",MN,44.851593,-93.598831,Carver,27019,Carver County,spatial_join,yes,27019,fips,
"General Mills I · Minneapolis, MN",MN,,,,,,,,,,no coordinates and no county in the record
"General Mills II · Golden Valley, MN",MN,,,,,,,,,,no coordinates and no county in the record
"H5 Minneapolis · Ramsey, MN",MN,44.972253,-93.14746,Ramsey,27123,Ramsey County,spatial_join,yes,27123,fips,
"HealthPartners, Inc. · Mendota Heights, MN",MN,,,,,,,,,,no coordinates and no county in the record
"Involta · Duluth, MN",MN,,,,,,,,,,no coordinates and no county in the record
"Irongate - MSP2 · Woodbury, MN",MN,,,,,,,,,,no coordinates and no county in the record
"Irongate - MSP3 · Eagan, MN",MN,,,,,,,,,,no coordinates and no county in the record
"Irongate - Woodbury · Woodbury, MN",MN,,,,,,,,,,no coordinates and no county in the record
"Land-O-Lakes · Arden Hills, MN",MN,,,,,,,,,,no coordinates and no county in the record
"Legacy 1001 Minneapolis Venture · Minneapolis, MN",MN,,,,,,,,,,no coordinates and no county in the record
"Medtronic, Inc · Woodbury, MN",MN,,,,,,,,,,no coordinates and no county in the record
"Minnesota Gateway Data Center · Hennepin, MN",MN,44.971302,-93.254652,Hennepin,27053,Hennepin County,spatial_join,yes,27053,fips,
"MoneyGram Payment Systems, Inc. · Minneapolis, MN",MN,,,,,,,,,,no coordinates and no county in the record
"One Neck · Eden Prairie, MN",MN,,,,,,,,,,no coordinates and no county in the record
"Prudential Data Center · Plymouth, MN",MN,,,,,,,,,,no coordinates and no county in the record
"St. Jude Medical · Little Canada, MN",MN,,,,,,,,,,no coordinates and no county in the record
"Stream II · Chaska, MN",MN,,,,,,,,,,no coordinates and no county in the record
"Stream · Chaska, MN",MN,,,,,,,,,,no coordinates and no county in the record
"Target-Brooklyn Park · Brooklyn Park, MN",MN,,,,,,,,,,no coordinates and no county in the record
"Target-Elk River · Elk River, MN",MN,,,,,,,,,,no coordinates and no county in the record
"Toro Company · Bloomington, MN",MN,,,,,,,,,,no coordinates and no county in the record
"U.S. Bank N.A. - St. Paul · St. Paul, MN",MN,,,,,,,,,,no coordinates and no county in the record
"UHG - Chaska · Chaska, MN",MN,,,,,,,,,,no coordinates and no county in the record
"UHG - Elk River · Elk River, MN",MN,,,,,,,,,,no coordinates and no county in the record
"UHG - Plymouth · Plymouth, MN",MN,,,,,,,,,,no coordinates and no county in the record
"Unnamed data center · Dakota, MN #1",MN,44.734508,-93.064881,Dakota,27037,Dakota County,spatial_join,yes,27037,fips,
"Unnamed data center · Dakota, MN #2",MN,44.734759,-93.06186,Dakota,27037,Dakota County,spatial_join,yes,27037,fips,
"Unnamed data center · Hennepin, MN",MN,44.991458,-93.280292,Hennepin,27053,Hennepin County,spatial_join,yes,27053,fips,
"Valley View Data Center · Eden Prairie, MN",MN,,,,,,,,,,no coordinates and no county in the record
"ViaWest Data Center - Chaska · Chaska, MN",MN,,,,,,,,,,no coordinates and no county in the record
"Wells Fargo Bank N.A. - Minneapolis · Minneapolis, MN",MN,,,,,,,,,,no coordinates and no county in the record
"Wells Fargo Bank N.A. - Shoreview · Shoreview, MN",MN,,,,,,,,,,no coordinates and no county in the record
"Xcel Energy · Minneapolis, MN",MN,,,,,,,,,,no coordinates and no county in the record
"Black Rock Financial Management · Platte, MO",MO,39.295492,-94.678025,Platte,29165,Platte County,spatial_join,yes,29165,fips,
"Carfax · Boone, MO",MO,38.923512,-92.288624,Boone,29019,Boone County,spatial_join,yes,29019,fips,
"CenturyLink · Caldwell, MO",MO,39.744048,-93.997376,Caldwell,29025,Caldwell County,spatial_join,yes,29025,fips,
"Genome Data Center · St. Louis city, MO",MO,38.636569,-90.255393,St. Louis city,29510,St. Louis city,spatial_join,yes,29510,fips,
"Meta Data Center · Clay, MO",MO,39.322651,-94.598064,Clay,29047,Clay County,spatial_join,yes,29047,fips,
"Netrality Data Centers · Jackson, MO",MO,39.100907,-94.581145,Jackson,29095,Jackson County,spatial_join,yes,29095,fips,
"Netrality Data Centers · St. Louis city, MO",MO,38.629262,-90.197175,St. Louis city,29510,St. Louis city,spatial_join,yes,29510,fips,
"TierPoint · St. Louis city, MO",MO,38.629761,-90.19642,St. Louis city,29510,St. Louis city,spatial_join,yes,29510,fips,
"Unnamed data center · Clay, MO",MO,39.322637,-94.594924,Clay,29047,Clay County,spatial_join,yes,29047,fips,
"Unnamed data center · Jackson, MO",MO,39.101182,-94.578821,Jackson,29095,Jackson County,spatial_join,yes,29095,fips,
"Unnamed data center · Platte, MO #1",MO,39.290121,-94.685051,Platte,29165,Platte County,spatial_join,yes,29165,fips,
"Unnamed data center · Platte, MO #2",MO,39.290601,-94.675865,Platte,29165,Platte County,spatial_join,yes,29165,fips,
"Unnamed data center · Platte, MO #3",MO,39.295658,-94.673472,Platte,29165,Platte County,spatial_join,yes,29165,fips,
"Unnamed data center · Platte, MO #4",MO,39.302406,-94.684792,Platte,29165,Platte County,spatial_join,yes,29165,fips,
"Amazon Canton Data Center · Madison, MS",MS,32.597993,-90.091852,Madison,28089,Madison County,spatial_join,yes,28089,fips,
"xAI Macrohardrr · DeSoto, MS",MS,34.993488,-90.03417,DeSoto,28033,DeSoto County,spatial_join,yes,28033,fips,
"State of Montana Data Center · Custer, MT",MT,46.406897,-105.820645,Custer,30017,Custer County,spatial_join,yes,30017,fips,
"Unnamed data center · Granite, MT",MT,46.332132,-113.292672,Granite,30039,Granite County,spatial_join,yes,30039,fips,
"BB&T Data Center · Wake, NC",NC,35.839325,-78.328127,Wake,37183,Wake County,spatial_join,yes,37183,fips,
"Brandaleone Lab for Data and Visualization · Durham, NC",NC,36.003099,-78.938532,Durham,37063,Durham County,spatial_join,yes,37063,fips,
"Flexential Charlotte - North · Mecklenburg, NC",NC,35.329754,-80.765782,Mecklenburg,37119,Mecklenburg County,spatial_join,yes,37119,fips,
"Flexential Charlotte - South · Mecklenburg, NC",NC,35.135431,-80.936872,Mecklenburg,37119,Mecklenburg County,spatial_join,yes,37119,fips,
"Flexential Raleigh · Wake, NC",NC,35.850528,-78.829143,Wake,37183,Wake County,spatial_join,yes,37183,fips,
"Google Data Center · Caldwell, NC",NC,35.894738,-81.546515,Caldwell,37027,Caldwell County,spatial_join,yes,37027,fips,
"Level 3 Communications · Durham, NC",NC,35.881364,-78.851573,Durham,37063,Durham County,spatial_join,yes,37063,fips,
"Meta Forest City datacenter · Rutherford, NC #1",NC,35.314231,-81.822139,Rutherford,37161,Rutherford County,spatial_join,yes,37161,fips,
"Meta Forest City datacenter · Rutherford, NC #2",NC,35.316555,-81.825132,Rutherford,37161,Rutherford County,spatial_join,yes,37161,fips,
"Meta Forest City datacenter · Rutherford, NC #3",NC,35.317372,-81.826327,Rutherford,37161,Rutherford County,spatial_join,yes,37161,fips,
"SEGRA · Mecklenburg, NC",NC,35.180053,-80.926357,Mecklenburg,37119,Mecklenburg County,spatial_join,yes,37119,fips,
"Segra Data Center · Wake, NC",NC,35.724992,-78.662363,Wake,37183,Wake County,spatial_join,yes,37183,fips,
"Spectrum Charlotte National Data Center · Mecklenburg, NC",NC,35.142789,-80.916208,Mecklenburg,37119,Mecklenburg County,spatial_join,yes,37119,fips,
"T5 Charlotte Campus · Cleveland, NC",NC,35.25045,-81.395009,Cleveland,37045,Cleveland County,spatial_join,yes,37045,fips,
"TierPoint - Charlotte Data Center · Mecklenburg, NC",NC,35.173195,-80.928121,Mecklenburg,37119,Mecklenburg County,spatial_join,yes,37119,fips,
"Unnamed data center · Catawba, NC #1",NC,35.58706,-81.260273,Catawba,37035,Catawba County,spatial_join,yes,37035,fips,
"Unnamed data center · Catawba, NC #2",NC,35.588013,-81.262527,Catawba,37035,Catawba County,spatial_join,yes,37035,fips,
"Unnamed data center · Catawba, NC #3",NC,35.590392,-81.26457,Catawba,37035,Catawba County,spatial_join,yes,37035,fips,
"Unnamed data center · Union, NC",NC,35.179383,-80.570175,Union,37179,Union County,spatial_join,yes,37179,fips,
"Windstream Communications · Durham, NC",NC,35.881397,-78.851552,Durham,37063,Durham County,spatial_join,yes,37063,fips,
"iGLASS Networks · Wake, NC",NC,35.766751,-78.783986,Wake,37183,Wake County,spatial_join,yes,37183,fips,
"Applied Digital / Ellendale Data Center · Dickey, ND",ND,46.013549,-98.572441,Dickey,38021,Dickey County,spatial_join,yes,38021,fips,
"Dakota Carrier Network · Cass, ND",ND,46.815097,-96.844326,Cass,38017,Cass County,spatial_join,yes,38017,fips,
"1623 Farnam · Douglas, NE",NE,41.257291,-95.937849,Douglas,31055,Douglas County,spatial_join,yes,31055,fips,
"Compute North · Buffalo, NE",NE,40.725923,-99.038329,Buffalo,31019,Buffalo County,spatial_join,yes,31019,fips,
"Fidelity · Sarpy, NE",NE,41.165469,-96.083388,Sarpy,31153,Sarpy County,spatial_join,yes,31153,fips,
"Google · Douglas, NE #1",NE,41.339142,-96.084669,Douglas,31055,Douglas County,spatial_join,yes,31055,fips,
"Google · Douglas, NE #2",NE,41.341939,-96.087719,Douglas,31055,Douglas County,spatial_join,yes,31055,fips,
"Google · Douglas, NE #3",NE,41.345162,-96.093533,Douglas,31055,Douglas County,spatial_join,yes,31055,fips,
"Google · Sarpy, NE #1",NE,41.134393,-96.155906,Sarpy,31153,Sarpy County,spatial_join,yes,31153,fips,
"Google · Sarpy, NE #2",NE,41.13492,-96.144073,Sarpy,31153,Sarpy County,spatial_join,yes,31153,fips,
"Google · Sarpy, NE #3",NE,41.134975,-96.14673,Sarpy,31153,Sarpy County,spatial_join,yes,31153,fips,
"Google · Sarpy, NE #4",NE,41.13791,-96.151431,Sarpy,31153,Sarpy County,spatial_join,yes,31153,fips,
"Meta Sarpy Data center · Sarpy, NE #1",NE,41.112163,-96.141555,Sarpy,31153,Sarpy County,spatial_join,yes,31153,fips,
"Meta Sarpy Data center · Sarpy, NE #2",NE,41.114329,-96.142836,Sarpy,31153,Sarpy County,spatial_join,yes,31153,fips,
"Meta Sarpy Data center · Sarpy, NE #3",NE,41.120732,-96.144854,Sarpy,31153,Sarpy County,spatial_join,yes,31153,fips,
"Meta Sarpy Data center · Sarpy, NE #4",NE,41.123542,-96.14419,Sarpy,31153,Sarpy County,spatial_join,yes,31153,fips,
"Meta Sarpy Data center · Sarpy, NE #5",NE,41.123573,-96.132894,Sarpy,31153,Sarpy County,spatial_join,yes,31153,fips,
"Travelers Insurance · Sarpy, NE",NE,41.127843,-96.145045,Sarpy,31153,Sarpy County,spatial_join,yes,31153,fips,
"Union Pacific Jack Koraleski Technology, Research & Development Center · Douglas, NE",NE,41.318005,-96.050345,Douglas,31055,Douglas County,spatial_join,yes,31055,fips,
"Unnamed data center · Douglas, NE",NE,41.261419,-95.936495,Douglas,31055,Douglas County,spatial_join,yes,31055,fips,
"Verizon Wireless data center · Douglas, NE",NE,41.220408,-96.147619,Douglas,31055,Douglas County,spatial_join,yes,31055,fips,
"Verizon · Douglas, NE #1",NE,41.338321,-96.027774,Douglas,31055,Douglas County,spatial_join,yes,31055,fips,
"Verizon · Douglas, NE #2",NE,41.338436,-96.028614,Douglas,31055,Douglas County,spatial_join,yes,31055,fips,
"Yahoo · Sarpy, NE",NE,41.1805,-96.084899,Sarpy,31153,Sarpy County,spatial_join,yes,31153,fips,
"FirstLight data center · Rockingham, NH",NH,43.076119,-70.808043,Rockingham,33015,Rockingham County,spatial_join,yes,33015,fips,
"Information Technology Data Center · Rockingham, NH",NH,42.982091,-70.950593,Rockingham,33015,Rockingham County,spatial_join,yes,33015,fips,
"University of New Hampshire data center · Strafford, NH",NH,43.143619,-70.952473,Strafford,33017,Strafford County,spatial_join,yes,33017,fips,
"165 Halsey / Equinix NY1 / Databank EWR1 · Essex, NJ",NJ,40.736726,-74.173925,Essex,34013,Essex County,spatial_join,yes,34013,fips,
"365 Bridgewater NJ · Somerset, NJ",NJ,40.581474,-74.573878,Somerset,34035,Somerset County,spatial_join,yes,34035,fips,
"501 West · Mercer, NJ",NJ,40.315558,-74.668851,Mercer,34021,Mercer County,spatial_join,yes,34021,fips,
"Apollo Cable Landing Station · Monmouth, NJ",NJ,40.157044,-74.101582,Monmouth,34025,Monmouth County,spatial_join,yes,34025,fips,
"BNY Mellon Somerset · Somerset, NJ",NJ,40.53602,-74.553409,Somerset,34035,Somerset County,spatial_join,yes,34035,fips,
"BT Radianz: 492 River Road · Essex, NJ",NJ,40.821454,-74.134186,Essex,34013,Essex County,spatial_join,yes,34013,fips,
"Barclays Datacenter · Middlesex, NJ",NJ,40.547244,-74.459737,Middlesex,34023,Middlesex County,spatial_join,yes,34023,fips,
"Barclays Datacenter · Union, NJ",NJ,40.643753,-74.285481,Union,34039,Union County,spatial_join,yes,34039,fips,
"Centersquare NYC3 Data Center · Hudson, NJ",NJ,40.786164,-74.069182,Hudson,34017,Hudson County,spatial_join,yes,34017,fips,
"CoreSite NY3 · Hudson, NJ",NJ,40.784904,-74.065357,Hudson,34017,Hudson County,spatial_join,yes,34017,fips,
"Credit Suisse: Clifton Data Center · Passaic, NJ",NJ,40.83345,-74.140219,Passaic,34031,Passaic County,spatial_join,yes,34031,fips,
"CyrusOne Somerset · Somerset, NJ",NJ,40.537986,-74.545659,Somerset,34035,Somerset County,spatial_join,yes,34035,fips,
"Cyxtera (Digital Realty Trust) Citibank Data Center · Hudson, NJ",NJ,40.760765,-74.025758,Hudson,34017,Hudson County,spatial_join,yes,34017,fips,
"DataBank Piscataway EWR2 · Middlesex, NJ",NJ,40.549213,-74.45821,Middlesex,34023,Middlesex County,spatial_join,yes,34023,fips,
"Digital Realty New Jersey EWR10 · Hudson, NJ",NJ,40.761831,-74.025025,Hudson,34017,Hudson County,spatial_join,yes,34017,fips,
"Digital Realty New Jersey EWR20 · Passaic, NJ",NJ,40.829929,-74.126749,Passaic,34031,Passaic County,spatial_join,yes,34031,fips,
"Digital Realty New Jersey EWR21 · Passaic, NJ",NJ,40.830586,-74.124514,Passaic,34031,Passaic County,spatial_join,yes,34031,fips,
"Digital Realty New York EWR11 · Middlesex, NJ",NJ,40.553779,-74.457179,Middlesex,34023,Middlesex County,spatial_join,yes,34023,fips,
"Digital Realty New York EWR12 · Middlesex, NJ",NJ,40.552905,-74.459301,Middlesex,34023,Middlesex County,spatial_join,yes,34023,fips,
"Digital Realty data center · Somerset, NJ",NJ,40.537538,-74.55554,Somerset,34035,Somerset County,spatial_join,yes,34035,fips,
"Equinix NY3 · Hudson, NJ",NJ,40.774852,-74.06889,Hudson,34017,Hudson County,spatial_join,yes,34017,fips,
"Equinix NY7 Data Center · Hudson, NJ",NJ,40.796864,-74.031141,Hudson,34017,Hudson County,spatial_join,yes,34017,fips,
"Equinix New York Secaucus NY2 · Hudson, NJ",NJ,40.77742,-74.075917,Hudson,34017,Hudson County,spatial_join,yes,34017,fips,
"Equinix New York Secaucus NY4 · Hudson, NJ",NJ,40.776428,-74.069776,Hudson,34017,Hudson County,spatial_join,yes,34017,fips,
"Equinix New York Secaucus NY5 · Hudson, NJ",NJ,40.778602,-74.072301,Hudson,34017,Hudson County,spatial_join,yes,34017,fips,
"Equinix Secaucus NY6 · Hudson, NJ",NJ,40.777519,-74.0727,Hudson,34017,Hudson County,spatial_join,yes,34017,fips,
"Equinix · Middlesex, NJ",NJ,40.544882,-74.495381,Middlesex,34023,Middlesex County,spatial_join,yes,34023,fips,
"Evocative Secaucus · Hudson, NJ",NJ,40.78755,-74.068048,Hudson,34017,Hudson County,spatial_join,yes,34017,fips,
"Goldman Sachs · Somerset, NJ",NJ,40.570372,-74.67033,Somerset,34035,Somerset County,spatial_join,yes,34035,fips,
"H5 Secaucus · Hudson, NJ",NJ,40.785395,-74.075012,Hudson,34017,Hudson County,spatial_join,yes,34017,fips,
"IO Datacenter · Middlesex, NJ",NJ,40.520901,-74.347317,Middlesex,34023,Middlesex County,spatial_join,yes,34023,fips,
"NYSE Data Center · Bergen, NJ",NJ,41.078302,-74.152918,Bergen,34003,Bergen County,spatial_join,yes,34003,fips,
"Open Data Centers Piscataway · Middlesex, NJ",NJ,40.55035,-74.456856,Middlesex,34023,Middlesex County,spatial_join,yes,34023,fips,
"Optimum · Middlesex, NJ",NJ,40.546826,-74.492029,Middlesex,34023,Middlesex County,spatial_join,yes,34023,fips,
"PSE&G Delivery Emergency Response Center · Somerset, NJ",NJ,40.579894,-74.519393,Somerset,34035,Somerset County,spatial_join,yes,34035,fips,
"QTS Piscataway Data Center · Middlesex, NJ",NJ,40.556965,-74.484007,Middlesex,34023,Middlesex County,spatial_join,yes,34023,fips,
"Rackspace Belmont NYC2 · Somerset, NJ",NJ,40.540839,-74.537492,Somerset,34035,Somerset County,spatial_join,yes,34035,fips,
"Rackspace Somerset NYC1 · Somerset, NJ",NJ,40.544526,-74.537758,Somerset,34035,Somerset County,spatial_join,yes,34035,fips,
"Unnamed data center · Gloucester, NJ",NJ,39.83093,-75.195323,Gloucester,34015,Gloucester County,spatial_join,yes,34015,fips,
"Unnamed data center · Hudson, NJ #1",NJ,40.784134,-74.06556,Hudson,34017,Hudson County,spatial_join,yes,34017,fips,
"Unnamed data center · Hudson, NJ #2",NJ,40.784739,-74.064358,Hudson,34017,Hudson County,spatial_join,yes,34017,fips,
"Unnamed data center · Middlesex, NJ #1",NJ,40.552819,-74.456676,Middlesex,34023,Middlesex County,spatial_join,yes,34023,fips,
"Unnamed data center · Middlesex, NJ #2",NJ,40.584343,-74.243507,Middlesex,34023,Middlesex County,spatial_join,yes,34023,fips,
"Unnamed data center · Somerset, NJ #1",NJ,40.524214,-74.54802,Somerset,34035,Somerset County,spatial_join,yes,34035,fips,
"Unnamed data center · Somerset, NJ #2",NJ,40.543339,-74.538435,Somerset,34035,Somerset County,spatial_join,yes,34035,fips,
"Unnamed data center · Somerset, NJ #3",NJ,40.599345,-74.709623,Somerset,34035,Somerset County,spatial_join,yes,34035,fips,
"Unnamed data center · Somerset, NJ #4",NJ,40.599719,-74.710112,Somerset,34035,Somerset County,spatial_join,yes,34035,fips,
"Verizon Wireless NE Headquarters · Somerset, NJ",NJ,40.555692,-74.705596,Somerset,34035,Somerset County,spatial_join,yes,34035,fips,
"Verizon Wireline Network Building · Middlesex, NJ",NJ,40.494903,-74.443095,Middlesex,34023,Middlesex County,spatial_join,yes,34023,fips,
"Verizon · Middlesex, NJ",NJ,40.544256,-74.496521,Middlesex,34023,Middlesex County,spatial_join,yes,34023,fips,
"Vital Records · Somerset, NJ",NJ,40.528072,-74.682816,Somerset,34035,Somerset County,spatial_join,yes,34035,fips,
"123 Central · Bernalillo, NM",NM,35.084449,-106.648985,Bernalillo,35001,Bernalillo County,spatial_join,yes,35001,fips,
"505 Marquette · Bernalillo, NM",NM,35.088629,-106.652646,Bernalillo,35001,Bernalillo County,spatial_join,yes,35001,fips,
"CenturyLink data center · Doña Ana, NM",NM,32.309655,-106.729171,Doña Ana,35013,Doña Ana County,spatial_join,yes,35013,fips,
"HPC · Bernalillo, NM",NM,35.049942,-106.542822,Bernalillo,35001,Bernalillo County,spatial_join,yes,35001,fips,
"John F. Simms Building · Santa Fe, NM",NM,35.672444,-105.956575,Santa Fe,35049,Santa Fe County,spatial_join,yes,35049,fips,
"Meta · Valencia, NM #1",NM,34.825823,-106.782468,Valencia,35061,Valencia County,spatial_join,yes,35061,fips,
"Meta · Valencia, NM #2",NM,34.82584,-106.778889,Valencia,35061,Valencia County,spatial_join,yes,35061,fips,
"Meta · Valencia, NM #3",NM,34.83004,-106.780347,Valencia,35061,Valencia County,spatial_join,yes,35061,fips,
"Meta · Valencia, NM #4",NM,34.830247,-106.783829,Valencia,35061,Valencia County,spatial_join,yes,35061,fips,
"Meta · Valencia, NM #5",NM,34.830283,-106.776471,Valencia,35061,Valencia County,spatial_join,yes,35061,fips,
"Molina Healthcare · Bernalillo, NM",NM,34.995446,-106.618034,Bernalillo,35001,Bernalillo County,spatial_join,yes,35001,fips,
"Oso Grande · Bernalillo, NM",NM,35.092501,-106.653671,Bernalillo,35001,Bernalillo County,spatial_join,yes,35001,fips,
"Southwest Cyberport · Bernalillo, NM",NM,35.103293,-106.589349,Bernalillo,35001,Bernalillo County,spatial_join,yes,35001,fips,
"UNM Data Center · Bernalillo, NM",NM,35.086738,-106.615348,Bernalillo,35001,Bernalillo County,spatial_join,yes,35001,fips,
"Unnamed data center · Bernalillo, NM",NM,35.048349,-106.542175,Bernalillo,35001,Bernalillo County,spatial_join,yes,35001,fips,
"CenturyLink · Clark, NV #1",NV,36.143716,-115.083386,Clark,32003,Clark County,spatial_join,yes,32003,fips,
"CenturyLink · Clark, NV #2",NV,36.182998,-115.06267,Clark,32003,Clark County,spatial_join,yes,32003,fips,
"DataBank Las Vegas LAS1 · Clark, NV",NV,36.059728,-115.147211,Clark,32003,Clark County,spatial_join,yes,32003,fips,
"Fiberhub LAS1 · Clark, NV",NV,36.065941,-115.139883,Clark,32003,Clark County,spatial_join,yes,32003,fips,
"Flexential Las Vegas - Downtown · Clark, NV",NV,36.168644,-115.143145,Clark,32003,Clark County,spatial_join,yes,32003,fips,
"Flexential Las Vegas - North · Clark, NV",NV,36.248165,-115.101261,Clark,32003,Clark County,spatial_join,yes,32003,fips,
"Google · Clark, NV #1",NV,36.056288,-115.008577,Clark,32003,Clark County,spatial_join,yes,32003,fips,
"Google · Clark, NV #2",NV,36.058802,-115.008797,Clark,32003,Clark County,spatial_join,yes,32003,fips,
"Switch Edge 1 · Clark, NV",NV,36.059149,-115.213682,Clark,32003,Clark County,spatial_join,yes,32003,fips,
"Switch Las Vegas 10 · Clark, NV",NV,36.055586,-115.223061,Clark,32003,Clark County,spatial_join,yes,32003,fips,
"Switch Las Vegas 11 · Clark, NV",NV,36.055885,-115.214137,Clark,32003,Clark County,spatial_join,yes,32003,fips,
"Switch Las Vegas 12 · Clark, NV",NV,36.05813,-115.210389,Clark,32003,Clark County,spatial_join,yes,32003,fips,
"Switch Las Vegas 14 · Clark, NV",NV,36.065208,-115.222045,Clark,32003,Clark County,spatial_join,yes,32003,fips,
"Switch Las Vegas 4 · Clark, NV",NV,36.143646,-115.076779,Clark,32003,Clark County,spatial_join,yes,32003,fips,
"Switch Las Vegas 5 · Clark, NV",NV,36.142763,-115.076696,Clark,32003,Clark County,spatial_join,yes,32003,fips,
"Switch Las Vegas 7 · Clark, NV",NV,36.059925,-115.210245,Clark,32003,Clark County,spatial_join,yes,32003,fips,
"Switch Las Vegas 8 · Clark, NV",NV,36.057834,-115.214258,Clark,32003,Clark County,spatial_join,yes,32003,fips,
"Switch Las Vegas 9 · Clark, NV",NV,36.055708,-115.219628,Clark,32003,Clark County,spatial_join,yes,32003,fips,
"Switch Tahoe Reno - The Citadel Campus · Storey, NV",NV,39.514096,-119.479592,Storey,32029,Storey County,spatial_join,yes,32029,fips,
"Switch data center · Clark, NV",NV,36.064022,-115.221112,Clark,32003,Clark County,spatial_join,yes,32003,fips,
"Switch12 · Clark, NV",NV,36.061739,-115.213292,Clark,32003,Clark County,spatial_join,yes,32003,fips,
"Unnamed data center · Storey, NV #1",NV,39.51152,-119.483305,Storey,32029,Storey County,spatial_join,yes,32029,fips,
"Unnamed data center · Storey, NV #2",NV,39.51387,-119.484853,Storey,32029,Storey County,spatial_join,yes,32029,fips,
"Unnamed data center · Storey, NV #3",NV,39.514068,-119.475514,Storey,32029,Storey County,spatial_join,yes,32029,fips,
"Unnamed data center · Washoe, NV #1",NV,39.565106,-119.54769,Washoe,32031,Washoe County,spatial_join,yes,32031,fips,
"Unnamed data center · Washoe, NV #10",NV,39.570592,-119.536034,Washoe,32031,Washoe County,spatial_join,yes,32031,fips,
"Unnamed data center · Washoe, NV #11",NV,39.570986,-119.535318,Washoe,32031,Washoe County,spatial_join,yes,32031,fips,
"Unnamed data center · Washoe, NV #2",NV,39.565758,-119.547974,Washoe,32031,Washoe County,spatial_join,yes,32031,fips,
"Unnamed data center · Washoe, NV #3",NV,39.566921,-119.545227,Washoe,32031,Washoe County,spatial_join,yes,32031,fips,
"Unnamed data center · Washoe, NV #4",NV,39.567105,-119.548574,Washoe,32031,Washoe County,spatial_join,yes,32031,fips,
"Unnamed data center · Washoe, NV #5",NV,39.56716,-119.544388,Washoe,32031,Washoe County,spatial_join,yes,32031,fips,
"Unnamed data center · Washoe, NV #6",NV,39.567501,-119.543209,Washoe,32031,Washoe County,spatial_join,yes,32031,fips,
"Unnamed data center · Washoe, NV #7",NV,39.567714,-119.542363,Washoe,32031,Washoe County,spatial_join,yes,32031,fips,
"Unnamed data center · Washoe, NV #8",NV,39.569711,-119.537859,Washoe,32031,Washoe County,spatial_join,yes,32031,fips,
"Unnamed data center · Washoe, NV #9",NV,39.570053,-119.537092,Washoe,32031,Washoe County,spatial_join,yes,32031,fips,
"Verizon North Las Vegas · Clark, NV",NV,36.221893,-115.147055,Clark,32003,Clark County,spatial_join,yes,32003,fips,
"Verizon · Clark, NV",NV,36.144733,-115.077928,Clark,32003,Clark County,spatial_join,yes,32003,fips,
"32 Avenue of the Americas · New York, NY",NY,40.719998,-74.004636,New York,36061,New York County,spatial_join,yes,36061,fips,
"33 Thomas Street · New York, NY",NY,40.716525,-74.005913,New York,36061,New York County,spatial_join,yes,36061,fips,
"Blockfusion data center · Niagara, NY",NY,43.074838,-78.944802,Niagara,36063,Niagara County,spatial_join,yes,36063,fips,
"Bloomberg Data Center · Rockland, NY",NY,41.03627,-73.987494,Rockland,36087,Rockland County,spatial_join,yes,36087,fips,
"Cable & Wireless Cable Landing Station · Suffolk, NY",NY,40.84366,-72.883345,Suffolk,36103,Suffolk County,spatial_join,yes,36103,fips,
"Databank LGA3 · Rockland, NY",NY,41.039943,-73.989651,Rockland,36087,Rockland County,spatial_join,yes,36087,fips,
"Dataverge · Kings, NY",NY,40.657696,-74.004816,Kings,36047,Kings County,spatial_join,yes,36047,fips,
"Digital Realty New York JFK12 · New York, NY",NY,40.717677,-74.008441,New York,36061,New York County,spatial_join,yes,36061,fips,
"Frontier Science · Erie, NY",NY,42.990201,-78.812384,Erie,36029,Erie County,spatial_join,yes,36029,fips,
"IBM Building · Albany, NY",NY,42.649353,-73.752745,Albany,36001,Albany County,spatial_join,yes,36001,fips,
"Lumen Albany 4 · Albany, NY",NY,42.735631,-73.818665,Albany,36001,Albany County,spatial_join,yes,36001,fips,
"Merrill Lynch Data Center · Richmond, NY",NY,40.60738,-74.17318,Richmond,36085,Richmond County,spatial_join,yes,36085,fips,
"SU Green Data Center · Onondaga, NY",NY,43.012076,-76.115925,Onondaga,36067,Onondaga County,spatial_join,yes,36067,fips,
"Telehouse Teleport · Richmond, NY",NY,40.606985,-74.174887,Richmond,36085,Richmond County,spatial_join,yes,36085,fips,
"Turnkey Internet · Albany, NY",NY,42.745441,-73.7592,Albany,36001,Albany County,spatial_join,yes,36001,fips,
"US Bitcoin data center · Niagara, NY",NY,43.082056,-79.030723,Niagara,36063,Niagara County,spatial_join,yes,36063,fips,
"Unnamed data center · Erie, NY",NY,43.044985,-78.749207,Erie,36029,Erie County,spatial_join,yes,36029,fips,
"Unnamed data center · Rockland, NY",NY,41.05233,-73.971839,Rockland,36087,Rockland County,spatial_join,yes,36087,fips,
"Unnamed data center · Westchester, NY",NY,40.95127,-73.897901,Westchester,36119,Westchester County,spatial_join,yes,36119,fips,
"fifteenfortyseven CSR ORNY1 · Rockland, NY",NY,41.034485,-73.975764,Rockland,36087,Rockland County,spatial_join,yes,36087,fips,
"Aligned Data Centers data center · Erie, OH",OH,41.43243,-82.719028,Erie,39043,Erie County,spatial_join,yes,39043,fips,
"Amazon New Albany: Jug and Beach Road · Licking, OH",OH,40.099074,-82.751474,Licking,39089,Licking County,spatial_join,yes,39089,fips,
"Amazon Web Services  CMH50 · Licking, OH",OH,40.09463,-82.751339,Licking,39089,Licking County,spatial_join,yes,39089,fips,
"Amazon Web Services  CMH53 · Licking, OH",OH,40.093616,-82.751455,Licking,39089,Licking County,spatial_join,yes,39089,fips,
"Amazon Web Services  CMH59 · Licking, OH",OH,40.094046,-82.747491,Licking,39089,Licking County,spatial_join,yes,39089,fips,
"Amazon Web Services CMH56 · Licking, OH",OH,40.096534,-82.752051,Licking,39089,Licking County,spatial_join,yes,39089,fips,
"Amazon Web Services CMH62 · Licking, OH",OH,40.092983,-82.747637,Licking,39089,Licking County,spatial_join,yes,39089,fips,
"Amazon Web Services data center · Franklin, OH",OH,40.048131,-83.175284,Franklin,39049,Franklin County,spatial_join,yes,39049,fips,
"Amazon Web Services data center · Union, OH",OH,40.1174,-83.202082,Union,39159,Union County,spatial_join,yes,39159,fips,
"Amazon Web Services · Franklin, OH #1",OH,40.016418,-83.125858,Franklin,39049,Franklin County,spatial_join,yes,39049,fips,
"Amazon Web Services · Franklin, OH #10",OH,40.06078,-83.132753,Franklin,39049,Franklin County,spatial_join,yes,39049,fips,
"Amazon Web Services · Franklin, OH #11",OH,40.061152,-83.135173,Franklin,39049,Franklin County,spatial_join,yes,39049,fips,
"Amazon Web Services · Franklin, OH #12",OH,40.099786,-83.19926,Franklin,39049,Franklin County,spatial_join,yes,39049,fips,
"Amazon Web Services · Franklin, OH #13",OH,40.100768,-83.199475,Franklin,39049,Franklin County,spatial_join,yes,39049,fips,
"Amazon Web Services · Franklin, OH #14",OH,40.101767,-83.199583,Franklin,39049,Franklin County,spatial_join,yes,39049,fips,
"Amazon Web Services · Franklin, OH #15",OH,40.102573,-83.199699,Franklin,39049,Franklin County,spatial_join,yes,39049,fips,
"Amazon Web Services · Franklin, OH #16",OH,40.103587,-83.199764,Franklin,39049,Franklin County,spatial_join,yes,39049,fips,
"Amazon Web Services · Franklin, OH #2",OH,40.021017,-83.126024,Franklin,39049,Franklin County,spatial_join,yes,39049,fips,
"Amazon Web Services · Franklin, OH #3",OH,40.04791,-83.177547,Franklin,39049,Franklin County,spatial_join,yes,39049,fips,
"Amazon Web Services · Franklin, OH #4",OH,40.049358,-83.17546,Franklin,39049,Franklin County,spatial_join,yes,39049,fips,
"Amazon Web Services · Franklin, OH #5",OH,40.050176,-83.175524,Franklin,39049,Franklin County,spatial_join,yes,39049,fips,
"Amazon Web Services · Franklin, OH #6",OH,40.051528,-83.175716,Franklin,39049,Franklin County,spatial_join,yes,39049,fips,
"Amazon Web Services · Franklin, OH #7",OH,40.058309,-83.134091,Franklin,39049,Franklin County,spatial_join,yes,39049,fips,
"Amazon Web Services · Franklin, OH #8",OH,40.059325,-83.134606,Franklin,39049,Franklin County,spatial_join,yes,39049,fips,
"Amazon Web Services · Franklin, OH #9",OH,40.060147,-83.134907,Franklin,39049,Franklin County,spatial_join,yes,39049,fips,
"Amazon Web Services · Licking, OH #1",OH,40.092158,-82.727551,Licking,39089,Licking County,spatial_join,yes,39089,fips,
"Amazon Web Services · Licking, OH #2",OH,40.092965,-82.726491,Licking,39089,Licking County,spatial_join,yes,39089,fips,
"Amazon Web Services · Licking, OH #3",OH,40.09344,-82.73216,Licking,39089,Licking County,spatial_join,yes,39089,fips,
"Amazon Web Services · Licking, OH #4",OH,40.094219,-82.732111,Licking,39089,Licking County,spatial_join,yes,39089,fips,
"Amazon Web Services · Licking, OH #5",OH,40.094378,-82.729281,Licking,39089,Licking County,spatial_join,yes,39089,fips,
"Amazon Web Services · Licking, OH #6",OH,40.095502,-82.732004,Licking,39089,Licking County,spatial_join,yes,39089,fips,
"Amazon Web Services · Licking, OH #7",OH,40.101978,-82.751912,Licking,39089,Licking County,spatial_join,yes,39089,fips,
"Amazon Web Services · Licking, OH #8",OH,40.102429,-82.750129,Licking,39089,Licking County,spatial_join,yes,39089,fips,
"Amazon Web Services · Union, OH #1",OH,40.116259,-83.201391,Union,39159,Union County,spatial_join,yes,39159,fips,
"Amazon Web Services · Union, OH #2",OH,40.118112,-83.202523,Union,39159,Union County,spatial_join,yes,39159,fips,
"Amazon Web Services · Union, OH #3",OH,40.119048,-83.20026,Union,39159,Union County,spatial_join,yes,39159,fips,
"Amazon Web Services · Union, OH #4",OH,40.119301,-83.203217,Union,39159,Union County,spatial_join,yes,39159,fips,
"Amazon Web Services · Union, OH #5",OH,40.120072,-83.199309,Union,39159,Union County,spatial_join,yes,39159,fips,
"Amazon Web Services · Union, OH #6",OH,40.13419,-83.215834,Union,39159,Union County,spatial_join,yes,39159,fips,
"Amazon Web Services · Union, OH #7",OH,40.135797,-83.212644,Union,39159,Union County,spatial_join,yes,39159,fips,
"Carrier Services Group · Mahoning, OH",OH,41.04106,-80.63309,Mahoning,39099,Mahoning County,spatial_join,yes,39099,fips,
"Compugen New Albany · Franklin, OH #1",OH,40.103677,-82.808939,Franklin,39049,Franklin County,spatial_join,yes,39049,fips,
"Compugen New Albany · Franklin, OH #2",OH,40.10455,-82.804945,Franklin,39049,Franklin County,spatial_join,yes,39049,fips,
"CyrusOne CIN2 · Hamilton, OH",OH,39.102695,-84.517898,Hamilton,39061,Hamilton County,spatial_join,yes,39061,fips,
"CyrusOne Cincinnati-Hamilton CIN4 · Butler, OH",OH,39.385239,-84.566131,Butler,39017,Butler County,spatial_join,yes,39017,fips,
"CyrusOne Cincinnati-Lebanon · Warren, OH",OH,39.389019,-84.221875,Warren,39165,Warren County,spatial_join,yes,39165,fips,
"CyrusOne Cincinnati-Mason CIN3 · Warren, OH",OH,39.303896,-84.31158,Warren,39165,Warren County,spatial_join,yes,39165,fips,
"Flexential Cincinnati · Butler, OH",OH,39.315931,-84.449464,Butler,39017,Butler County,spatial_join,yes,39017,fips,
"Google NBY-1 · Licking, OH",OH,40.061145,-82.764294,Licking,39089,Licking County,spatial_join,yes,39089,fips,
"Google NBY-2 · Licking, OH",OH,40.059633,-82.764527,Licking,39089,Licking County,spatial_join,yes,39089,fips,
"Google NBY-3 · Licking, OH",OH,40.057957,-82.765285,Licking,39089,Licking County,spatial_join,yes,39089,fips,
"Google NBY-4 · Franklin, OH",OH,40.059342,-82.771776,Franklin,39049,Franklin County,spatial_join,yes,39049,fips,
"Google NBY-5 · Franklin, OH",OH,40.05652,-82.772049,Franklin,39049,Franklin County,spatial_join,yes,39049,fips,
"Google NBY-6 · Franklin, OH",OH,40.053927,-82.767611,Franklin,39049,Franklin County,spatial_join,yes,39049,fips,
"Google NBY-6 · Licking, OH",OH,40.053927,-82.767611,Licking,,Franklin County,spatial_join,no,,,"point is in Franklin County, record says Licking; held for review, not tagged"
"Google NBY-7 · Licking, OH",OH,40.05394,-82.764447,Licking,39089,Licking County,spatial_join,yes,39089,fips,
"Google · Fairfield, OH",OH,39.72401,-82.691127,Fairfield,39045,Fairfield County,spatial_join,yes,39045,fips,
"Google · Franklin, OH",OH,39.852098,-82.994875,Franklin,39049,Franklin County,spatial_join,yes,39049,fips,
"H5 Data Center · Cuyahoga, OH",OH,41.506357,-81.683598,Cuyahoga,39035,Cuyahoga County,spatial_join,yes,39035,fips,
"Involta Independence · Cuyahoga, OH",OH,41.361062,-81.632805,Cuyahoga,39035,Cuyahoga County,spatial_join,yes,39035,fips,
"Involta-Akron · Summit, OH",OH,41.057431,-81.521972,Summit,39153,Summit County,spatial_join,yes,39153,fips,
"LexisNexus Springfield · Clark, OH",OH,39.91278,-83.723761,Clark,39023,Clark County,spatial_join,yes,39023,fips,
"Lumen Cleveland · Cuyahoga, OH",OH,41.505066,-81.657775,Cuyahoga,39035,Cuyahoga County,spatial_join,yes,39035,fips,
"Meta Bowling Green Data Center · Wood, OH",OH,41.465298,-83.638355,Wood,39173,Wood County,spatial_join,yes,39173,fips,
"Meta New Albany Data Center · Licking, OH #1",OH,40.06038,-82.750988,Licking,39089,Licking County,spatial_join,yes,39089,fips,
"Meta New Albany Data Center · Licking, OH #2",OH,40.065272,-82.74891,Licking,39089,Licking County,spatial_join,yes,39089,fips,
"Meta New Albany Data Center · Licking, OH #3",OH,40.068408,-82.750341,Licking,39089,Licking County,spatial_join,yes,39089,fips,
"Meta · Licking, OH #1",OH,40.061496,-82.740545,Licking,39089,Licking County,spatial_join,yes,39089,fips,
"Meta · Licking, OH #2",OH,40.065239,-82.741149,Licking,39089,Licking County,spatial_join,yes,39089,fips,
"Oppidan data center · Franklin, OH",OH,40.052673,-83.127423,Franklin,39049,Franklin County,spatial_join,yes,39049,fips,
"QTS NAL 2 DC1 · Licking, OH",OH,40.055684,-82.756375,Licking,39089,Licking County,spatial_join,yes,39089,fips,
"QTS NAL 2 DC2 · Licking, OH",OH,40.05312,-82.756577,Licking,39089,Licking County,spatial_join,yes,39089,fips,
"QTS NAL1 DC1 · Licking, OH",OH,40.065108,-82.758056,Licking,39089,Licking County,spatial_join,yes,39089,fips,
"QTS NAL1 DC2 · Licking, OH",OH,40.063562,-82.758169,Licking,39089,Licking County,spatial_join,yes,39089,fips,
"STACK New Albany · Franklin, OH",OH,40.106354,-82.800748,Franklin,39049,Franklin County,spatial_join,yes,39049,fips,
"T5@Cleveland · Cuyahoga, OH",OH,41.442469,-81.802154,Cuyahoga,39035,Cuyahoga County,spatial_join,yes,39035,fips,
"TJX Corporate Techno · Franklin, OH",OH,40.10386,-82.810626,Franklin,39049,Franklin County,spatial_join,yes,39049,fips,
"Unnamed data center · Delaware, OH",OH,40.224524,-83.04586,Delaware,39041,Delaware County,spatial_join,yes,39041,fips,
"Unnamed data center · Franklin, OH #1",OH,40.020761,-83.124176,Franklin,39049,Franklin County,spatial_join,yes,39049,fips,
"Unnamed data center · Franklin, OH #2",OH,40.021202,-83.123188,Franklin,39049,Franklin County,spatial_join,yes,39049,fips,
"Unnamed data center · Franklin, OH #3",OH,40.115717,-83.002565,Franklin,39049,Franklin County,spatial_join,yes,39049,fips,
"Unnamed data center · Franklin, OH #4",OH,40.115816,-83.001549,Franklin,39049,Franklin County,spatial_join,yes,39049,fips,
"Unnamed data center · Hamilton, OH",OH,39.294048,-84.412113,Hamilton,39061,Hamilton County,spatial_join,yes,39061,fips,
"Unnamed data center · Licking, OH",OH,40.059248,-82.762698,Licking,39089,Licking County,spatial_join,yes,39089,fips,
"Vantage Building 1 · Licking, OH",OH,40.102498,-82.746954,Licking,39089,Licking County,spatial_join,yes,39089,fips,
"Vantage Building 2 · Licking, OH",OH,40.100531,-82.747116,Licking,39089,Licking County,spatial_join,yes,39089,fips,
"Vantage Building 3 · Licking, OH",OH,40.098765,-82.747243,Licking,39089,Licking County,spatial_join,yes,39089,fips,
"Cherokee Data Center · Tulsa, OK",OK,36.262546,-95.910031,Tulsa,40143,Tulsa County,spatial_join,yes,40143,fips,
"Choctaw Nation of Oklahoma Data Center · Bryan, OK",OK,33.971721,-96.402855,Bryan,40013,Bryan County,spatial_join,yes,40013,fips,
"Rack59 Data Center · Oklahoma, OK",OK,35.467205,-97.649745,Oklahoma,40109,Oklahoma County,spatial_join,yes,40109,fips,
"TulsaConnect DC3 · Tulsa, OK",OK,36.099473,-95.838283,Tulsa,40143,Tulsa County,spatial_join,yes,40143,fips,
"Unnamed data center · Muskogee, OK",OK,35.568135,-95.512417,Muskogee,40101,Muskogee County,spatial_join,yes,40101,fips,
"Unnamed data center · Tulsa, OK",OK,36.081251,-95.854149,Tulsa,40143,Tulsa County,spatial_join,yes,40143,fips,
"Adobe Data Center · Washington, OR",OR,45.550182,-122.931812,Washington,41067,Washington County,spatial_join,yes,41067,fips,
"Aligned Data Centers data center · Washington, OR",OR,45.554064,-122.949312,Washington,41067,Washington County,spatial_join,yes,41067,fips,
"Amazon PDX2 · Umatilla, OR",OR,45.916404,-119.267776,Umatilla,41059,Umatilla County,spatial_join,yes,41059,fips,
"Amazon PDX51/54 · Umatilla, OR",OR,45.917448,-119.267734,Umatilla,41059,Umatilla County,spatial_join,yes,41059,fips,
"Amazon PDX57/60 · Umatilla, OR",OR,45.913883,-119.267714,Umatilla,41059,Umatilla County,spatial_join,yes,41059,fips,
"Amazon PDX63 · Umatilla, OR",OR,45.90145,-119.320522,Umatilla,41059,Umatilla County,spatial_join,yes,41059,fips,
"Amazon PDX65 · Umatilla, OR",OR,45.902763,-119.320498,Umatilla,41059,Umatilla County,spatial_join,yes,41059,fips,
"Amazon PDX67 · Umatilla, OR",OR,45.903851,-119.320487,Umatilla,41059,Umatilla County,spatial_join,yes,41059,fips,
"Amazon PDX69 · Umatilla, OR",OR,45.905094,-119.320167,Umatilla,41059,Umatilla County,spatial_join,yes,41059,fips,
"Amazon PDX80 · Umatilla, OR",OR,45.797809,-119.366616,Umatilla,41059,Umatilla County,spatial_join,yes,41059,fips,
"Amazon PDX91 · Morrow, OR",OR,45.837924,-119.688355,Morrow,41049,Morrow County,spatial_join,yes,41049,fips,
"Amazon PDX92 · Morrow, OR",OR,45.83754,-119.693129,Morrow,41049,Morrow County,spatial_join,yes,41049,fips,
"Amazon PDX93 · Morrow, OR",OR,45.836542,-119.689866,Morrow,41049,Morrow County,spatial_join,yes,41049,fips,
"Amazon Web Services us-west-2 · Morrow, OR #1",OR,45.840444,-119.654979,Morrow,41049,Morrow County,spatial_join,yes,41049,fips,
"Amazon Web Services us-west-2 · Morrow, OR #10",OR,45.852235,-119.629888,Morrow,41049,Morrow County,spatial_join,yes,41049,fips,
"Amazon Web Services us-west-2 · Morrow, OR #11",OR,45.853786,-119.630036,Morrow,41049,Morrow County,spatial_join,yes,41049,fips,
"Amazon Web Services us-west-2 · Morrow, OR #2",OR,45.841003,-119.652769,Morrow,41049,Morrow County,spatial_join,yes,41049,fips,
"Amazon Web Services us-west-2 · Morrow, OR #3",OR,45.841174,-119.655449,Morrow,41049,Morrow County,spatial_join,yes,41049,fips,
"Amazon Web Services us-west-2 · Morrow, OR #4",OR,45.841414,-119.657933,Morrow,41049,Morrow County,spatial_join,yes,41049,fips,
"Amazon Web Services us-west-2 · Morrow, OR #5",OR,45.846655,-119.605645,Morrow,41049,Morrow County,spatial_join,yes,41049,fips,
"Amazon Web Services us-west-2 · Morrow, OR #6",OR,45.846655,-119.603709,Morrow,41049,Morrow County,spatial_join,yes,41049,fips,
"Amazon Web Services us-west-2 · Morrow, OR #7",OR,45.846668,-119.607038,Morrow,41049,Morrow County,spatial_join,yes,41049,fips,
"Amazon Web Services us-west-2 · Morrow, OR #8",OR,45.846754,-119.609063,Morrow,41049,Morrow County,spatial_join,yes,41049,fips,
"Amazon Web Services us-west-2 · Morrow, OR #9",OR,45.850881,-119.630524,Morrow,41049,Morrow County,spatial_join,yes,41049,fips,
"Amazon Web Services · Morrow, OR #1",OR,45.818696,-119.636269,Morrow,41049,Morrow County,spatial_join,yes,41049,fips,
"Amazon Web Services · Morrow, OR #10",OR,45.858038,-119.604872,Morrow,41049,Morrow County,spatial_join,yes,41049,fips,
"Amazon Web Services · Morrow, OR #11",OR,45.85875,-119.605096,Morrow,41049,Morrow County,spatial_join,yes,41049,fips,
"Amazon Web Services · Morrow, OR #12",OR,45.860083,-119.605134,Morrow,41049,Morrow County,spatial_join,yes,41049,fips,
"Amazon Web Services · Morrow, OR #13",OR,45.860969,-119.605153,Morrow,41049,Morrow County,spatial_join,yes,41049,fips,
"Amazon Web Services · Morrow, OR #14",OR,45.862253,-119.605112,Morrow,41049,Morrow County,spatial_join,yes,41049,fips,
"Amazon Web Services · Morrow, OR #2",OR,45.818707,-119.632005,Morrow,41049,Morrow County,spatial_join,yes,41049,fips,
"Amazon Web Services · Morrow, OR #3",OR,45.819931,-119.632086,Morrow,41049,Morrow County,spatial_join,yes,41049,fips,
"Amazon Web Services · Morrow, OR #4",OR,45.819957,-119.636287,Morrow,41049,Morrow County,spatial_join,yes,41049,fips,
"Amazon Web Services · Morrow, OR #5",OR,45.836184,-119.694048,Morrow,41049,Morrow County,spatial_join,yes,41049,fips,
"Amazon Web Services · Morrow, OR #6",OR,45.84067,-119.651302,Morrow,41049,Morrow County,spatial_join,yes,41049,fips,
"Amazon Web Services · Morrow, OR #7",OR,45.841481,-119.651777,Morrow,41049,Morrow County,spatial_join,yes,41049,fips,
"Amazon Web Services · Morrow, OR #8",OR,45.851731,-119.619663,Morrow,41049,Morrow County,spatial_join,yes,41049,fips,
"Amazon Web Services · Morrow, OR #9",OR,45.8531,-119.619685,Morrow,41049,Morrow County,spatial_join,yes,41049,fips,
"Amazon Web Services · Umatilla, OR #1",OR,45.797739,-119.35892,Umatilla,41059,Umatilla County,spatial_join,yes,41059,fips,
"Amazon Web Services · Umatilla, OR #10",OR,45.882525,-119.33969,Umatilla,41059,Umatilla County,spatial_join,yes,41059,fips,
"Amazon Web Services · Umatilla, OR #11",OR,45.919515,-119.22609,Umatilla,41059,Umatilla County,spatial_join,yes,41059,fips,
"Amazon Web Services · Umatilla, OR #12",OR,45.92056,-119.227004,Umatilla,41059,Umatilla County,spatial_join,yes,41059,fips,
"Amazon Web Services · Umatilla, OR #13",OR,45.920597,-119.228805,Umatilla,41059,Umatilla County,spatial_join,yes,41059,fips,
"Amazon Web Services · Umatilla, OR #14",OR,45.920637,-119.231831,Umatilla,41059,Umatilla County,spatial_join,yes,41059,fips,
"Amazon Web Services · Umatilla, OR #15",OR,45.920647,-119.229981,Umatilla,41059,Umatilla County,spatial_join,yes,41059,fips,
"Amazon Web Services · Umatilla, OR #2",OR,45.797775,-119.361959,Umatilla,41059,Umatilla County,spatial_join,yes,41059,fips,
"Amazon Web Services · Umatilla, OR #3",OR,45.799021,-119.361733,Umatilla,41059,Umatilla County,spatial_join,yes,41059,fips,
"Amazon Web Services · Umatilla, OR #4",OR,45.799165,-119.366658,Umatilla,41059,Umatilla County,spatial_join,yes,41059,fips,
"Amazon Web Services · Umatilla, OR #5",OR,45.799687,-119.358445,Umatilla,41059,Umatilla County,spatial_join,yes,41059,fips,
"Amazon Web Services · Umatilla, OR #6",OR,45.808273,-119.268613,Umatilla,41059,Umatilla County,spatial_join,yes,41059,fips,
"Amazon Web Services · Umatilla, OR #7",OR,45.809637,-119.268615,Umatilla,41059,Umatilla County,spatial_join,yes,41059,fips,
"Amazon Web Services · Umatilla, OR #8",OR,45.879533,-119.341636,Umatilla,41059,Umatilla County,spatial_join,yes,41059,fips,
"Amazon Web Services · Umatilla, OR #9",OR,45.882518,-119.341652,Umatilla,41059,Umatilla County,spatial_join,yes,41059,fips,
"Apple data center · Crook, OR",OR,44.289416,-120.875077,Crook,41013,Crook County,spatial_join,yes,41013,fips,
"CenturyLink · Marion, OR",OR,44.93803,-123.033685,Marion,41047,Marion County,spatial_join,yes,41047,fips,
"Data Center · Washington, OR",OR,45.526684,-122.875504,Washington,41067,Washington County,spatial_join,yes,41067,fips,
"Digital Realty PDX10 Data Center · Washington, OR",OR,45.547617,-122.891958,Washington,41067,Washington County,spatial_join,yes,41067,fips,
"Digital Realty PDX11 Data Center · Washington, OR #1",OR,45.567993,-122.916853,Washington,41067,Washington County,spatial_join,yes,41067,fips,
"Digital Realty PDX11 Data Center · Washington, OR #2",OR,45.568459,-122.919969,Washington,41067,Washington County,spatial_join,yes,41067,fips,
"EarthClick.net LLC · Lane, OR",OR,43.797155,-123.055946,Lane,41039,Lane County,spatial_join,yes,41039,fips,
"EdgeConneX Data Center · Washington, OR",OR,45.556621,-122.912213,Washington,41067,Washington County,spatial_join,yes,41067,fips,
"FCR · Josephine, OR",OR,42.437882,-123.32863,Josephine,41033,Josephine County,spatial_join,yes,41033,fips,
"Flexential Portland - Hillsboro 1 · Washington, OR",OR,45.550334,-122.892202,Washington,41067,Washington County,spatial_join,yes,41067,fips,
"Flexential Portland - Hillsboro 2 · Washington, OR",OR,45.558286,-122.917092,Washington,41067,Washington County,spatial_join,yes,41067,fips,
"Flexential Portland - Hillsboro 3 · Washington, OR",OR,45.559469,-122.938247,Washington,41067,Washington County,spatial_join,yes,41067,fips,
"Flexential Portland - Hillsboro 4 Expansion · Washington, OR",OR,45.555391,-122.941087,Washington,41067,Washington County,spatial_join,yes,41067,fips,
"Flexential Portland - Hillsboro 4 · Washington, OR",OR,45.555205,-122.939884,Washington,41067,Washington County,spatial_join,yes,41067,fips,
"Flexential Portland - Hillsboro 5 · Washington, OR",OR,45.556424,-122.939296,Washington,41067,Washington County,spatial_join,yes,41067,fips,
"Flexential · Washington, OR",OR,45.549821,-122.890851,Washington,41067,Washington County,spatial_join,yes,41067,fips,
"Google Data Center The Dalles Oregon · Wasco, OR",OR,45.632048,-121.201302,Wasco,41065,Wasco County,spatial_join,yes,41065,fips,
"Google Taylor Lake Data Center · Wasco, OR",OR,45.638529,-121.202404,Wasco,41065,Wasco County,spatial_join,yes,41065,fips,
"Juniper · Clackamas, OR",OR,45.318731,-122.765874,Clackamas,41005,Clackamas County,spatial_join,yes,41005,fips,
"NTT RagingWire Data Center · Washington, OR",OR,45.549584,-122.937393,Washington,41067,Washington County,spatial_join,yes,41067,fips,
"Oregon State Data Center · Marion, OR",OR,44.926549,-123.001861,Marion,41047,Marion County,spatial_join,yes,41047,fips,
"PTC · Linn, OR",OR,44.775219,-122.615931,Linn,41043,Linn County,spatial_join,yes,41043,fips,
"Pittock Block · Multnomah, OR",OR,45.521544,-122.680704,Multnomah,41051,Multnomah County,spatial_join,yes,41051,fips,
"QTS Data Center Bld 1 · Washington, OR",OR,45.558767,-122.92783,Washington,41067,Washington County,spatial_join,yes,41067,fips,
"QTS Data Center Bld 2 · Washington, OR",OR,45.558764,-122.929631,Washington,41067,Washington County,spatial_join,yes,41067,fips,
"QTS Data Center Bld 3 · Washington, OR",OR,45.55878,-122.931906,Washington,41067,Washington County,spatial_join,yes,41067,fips,
"QTS Data Center Bld 4 · Washington, OR",OR,45.558781,-122.932946,Washington,41067,Washington County,spatial_join,yes,41067,fips,
"QTS Data Center Bld 5 · Washington, OR",OR,45.558801,-122.93522,Washington,41067,Washington County,spatial_join,yes,41067,fips,
"QTS North HIL3 North Building · Washington, OR",OR,45.572028,-122.918489,Washington,41067,Washington County,spatial_join,yes,41067,fips,
"QTS North HIL3 South Building · Washington, OR",OR,45.570077,-122.919898,Washington,41067,Washington County,spatial_join,yes,41067,fips,
"Stack Infrastructure Portland 2 Data Center · Washington, OR",OR,45.547312,-122.897449,Washington,41067,Washington County,spatial_join,yes,41067,fips,
"Stack Infrastructure Portland 3 Data Center -Bld POR3a · Washington, OR",OR,45.554197,-122.937912,Washington,41067,Washington County,spatial_join,yes,41067,fips,
"Stack Infrastructure Portland 3 Data Center -Bld POR3b · Washington, OR",OR,45.554216,-122.939427,Washington,41067,Washington County,spatial_join,yes,41067,fips,
"Stack Infrastructure Portland 3 Data Center -Bld POR3c · Washington, OR",OR,45.554217,-122.940939,Washington,41067,Washington County,spatial_join,yes,41067,fips,
"Unnamed data center · Crook, OR #1",OR,44.285754,-120.869921,Crook,41013,Crook County,spatial_join,yes,41013,fips,
"Unnamed data center · Crook, OR #10",OR,44.301672,-120.894596,Crook,41013,Crook County,spatial_join,yes,41013,fips,
"Unnamed data center · Crook, OR #2",OR,44.287277,-120.870216,Crook,41013,Crook County,spatial_join,yes,41013,fips,
"Unnamed data center · Crook, OR #3",OR,44.288882,-120.870125,Crook,41013,Crook County,spatial_join,yes,41013,fips,
"Unnamed data center · Crook, OR #4",OR,44.293683,-120.881519,Crook,41013,Crook County,spatial_join,yes,41013,fips,
"Unnamed data center · Crook, OR #5",OR,44.294894,-120.883998,Crook,41013,Crook County,spatial_join,yes,41013,fips,
"Unnamed data center · Crook, OR #6",OR,44.295883,-120.887261,Crook,41013,Crook County,spatial_join,yes,41013,fips,
"Unnamed data center · Crook, OR #7",OR,44.299095,-120.879435,Crook,41013,Crook County,spatial_join,yes,41013,fips,
"Unnamed data center · Crook, OR #8",OR,44.299288,-120.894595,Crook,41013,Crook County,spatial_join,yes,41013,fips,
"Unnamed data center · Crook, OR #9",OR,44.301255,-120.889884,Crook,41013,Crook County,spatial_join,yes,41013,fips,
"Unnamed data center · Deschutes, OR",OR,44.047407,-121.32855,Deschutes,41017,Deschutes County,spatial_join,yes,41017,fips,
"Unnamed data center · Umatilla, OR #1",OR,45.91571,-119.269981,Umatilla,41059,Umatilla County,spatial_join,yes,41059,fips,
"Unnamed data center · Umatilla, OR #2",OR,45.915832,-119.267512,Umatilla,41059,Umatilla County,spatial_join,yes,41059,fips,
"Unnamed data center · Umatilla, OR #3",OR,45.915836,-119.266726,Umatilla,41059,Umatilla County,spatial_join,yes,41059,fips,
"Unnamed data center · Umatilla, OR #4",OR,45.915836,-119.267717,Umatilla,41059,Umatilla County,spatial_join,yes,41059,fips,
"Unnamed data center · Umatilla, OR #5",OR,45.915836,-119.267112,Umatilla,41059,Umatilla County,spatial_join,yes,41059,fips,
"Unnamed data center · Umatilla, OR #6",OR,45.915836,-119.266527,Umatilla,41059,Umatilla County,spatial_join,yes,41059,fips,
"Unnamed data center · Umatilla, OR #7",OR,45.915836,-119.266324,Umatilla,41059,Umatilla County,spatial_join,yes,41059,fips,
"Unnamed data center · Umatilla, OR #8",OR,45.915843,-119.267316,Umatilla,41059,Umatilla County,spatial_join,yes,41059,fips,
"Allentown-TekPark · Lehigh, PA",PA,40.544236,-75.654313,Lehigh,42077,Lehigh County,spatial_join,yes,42077,fips,
"DataBank Pittsburgh PIT2 · Allegheny, PA",PA,40.451369,-80.190118,Allegheny,42003,Allegheny County,spatial_join,yes,42003,fips,
"DāStor: 3400 Horizon Drive · Montgomery, PA",PA,40.087919,-75.33972,Montgomery,42091,Montgomery County,spatial_join,yes,42091,fips,
"Expedient Pittsburgh South · Allegheny, PA",PA,40.427377,-80.042532,Allegheny,42003,Allegheny County,spatial_join,yes,42003,fips,
"Flexential Allentown data center · Lehigh, PA",PA,40.635695,-75.457573,Lehigh,42077,Lehigh County,spatial_join,yes,42077,fips,
"Flexential Philadelphia - Collegeville · Montgomery, PA",PA,40.15222,-75.477629,Montgomery,42091,Montgomery County,spatial_join,yes,42091,fips,
"Lumen Norristown · Montgomery, PA",PA,40.127058,-75.408638,Montgomery,42091,Montgomery County,spatial_join,yes,42091,fips,
"Terminal Commerce Building · Philadelphia, PA",PA,39.95981,-75.160832,Philadelphia,42101,Philadelphia County,spatial_join,yes,42101,fips,
"TierPoint Valley Forge · Montgomery, PA",PA,40.121879,-75.420877,Montgomery,42091,Montgomery County,spatial_join,yes,42091,fips,
"Claro data center · San Juan, PR",PR,18.446827,-66.051687,San Juan,72127,San Juan Municipio,spatial_join,yes,,,
"Microsoft · Guaynabo, PR",PR,18.417436,-66.10899,Guaynabo,72061,Guaynabo Municipio,spatial_join,yes,,,
"DC BLOX Myrtle Beach Cable Landing Station · Horry, SC",SC,33.674583,-78.943696,Horry,45051,Horry County,spatial_join,yes,45051,fips,
"Google data center · Berkeley, SC",SC,33.062022,-80.038316,Berkeley,45015,Berkeley County,spatial_join,yes,45015,fips,
"Google · Berkeley, SC #1",SC,33.062001,-80.045057,Berkeley,45015,Berkeley County,spatial_join,yes,45015,fips,
"Google · Berkeley, SC #2",SC,33.062053,-80.041154,Berkeley,45015,Berkeley County,spatial_join,yes,45015,fips,
"Google · Berkeley, SC #3",SC,33.062174,-80.03966,Berkeley,45015,Berkeley County,spatial_join,yes,45015,fips,
"Google · Berkeley, SC #4",SC,33.064157,-80.043575,Berkeley,45015,Berkeley County,spatial_join,yes,45015,fips,
"Google · Berkeley, SC #5",SC,33.064272,-80.041453,Berkeley,45015,Berkeley County,spatial_join,yes,45015,fips,
"Google · Berkeley, SC #6",SC,33.064312,-80.038456,Berkeley,45015,Berkeley County,spatial_join,yes,45015,fips,
"Google · Berkeley, SC #7",SC,33.064435,-80.046068,Berkeley,45015,Berkeley County,spatial_join,yes,45015,fips,
"Google · Berkeley, SC #8",SC,33.066436,-80.038428,Berkeley,45015,Berkeley County,spatial_join,yes,45015,fips,
"Meta Aiken Data Center · Aiken, SC",SC,33.642273,-81.842627,Aiken,45003,Aiken County,spatial_join,yes,45003,fips,
"ADP South Dakota · Minnehaha, SD",SD,43.599915,-96.794707,Minnehaha,46099,Minnehaha County,spatial_join,yes,46099,fips,
"TierPoint Sioux Falls West Data Center · Minnehaha, SD",SD,43.606971,-96.809195,Minnehaha,46099,Minnehaha County,spatial_join,yes,46099,fips,
"BNYM data center · Davidson, TN",TN,36.215352,-86.783684,Davidson,47037,Davidson County,spatial_join,yes,47037,fips,
"Flexential Nashville - Brentwood · Williamson, TN",TN,35.972729,-86.808495,Williamson,47187,Williamson County,spatial_join,yes,47187,fips,
"Flexential Nashville - Cool Springs · Williamson, TN",TN,35.951041,-86.833381,Williamson,47187,Williamson County,spatial_join,yes,47187,fips,
"Flexential Nashville - Franklin · Williamson, TN",TN,35.920459,-86.815574,Williamson,47187,Williamson County,spatial_join,yes,47187,fips,
"Frontier (supercomputer) · Roane, TN",TN,35.929513,-84.310567,Roane,47145,Roane County,spatial_join,yes,47145,fips,
"Google · Montgomery, TN #1",TN,36.624582,-87.261296,Montgomery,47125,Montgomery County,spatial_join,yes,47125,fips,
"Google · Montgomery, TN #2",TN,36.62483,-87.263515,Montgomery,47125,Montgomery County,spatial_join,yes,47125,fips,
"Meta Gallatin Data Center · Sumner, TN #1",TN,36.406049,-86.366608,Sumner,47165,Sumner County,spatial_join,yes,47165,fips,
"Meta Gallatin Data Center · Sumner, TN #2",TN,36.411351,-86.366012,Sumner,47165,Sumner County,spatial_join,yes,47165,fips,
"Meta Gallatin Data Center · Sumner, TN #3",TN,36.411865,-86.369661,Sumner,47165,Sumner County,spatial_join,yes,47165,fips,
"Newrays Two LLC Mining · Henry, TN",TN,36.327032,-88.320073,Henry,47079,Henry County,spatial_join,yes,47079,fips,
"SPC3A · Montgomery, TN",TN,36.624303,-87.259027,Montgomery,47125,Montgomery County,spatial_join,yes,47125,fips,
"SPC4A · Montgomery, TN",TN,36.624055,-87.256917,Montgomery,47125,Montgomery County,spatial_join,yes,47125,fips,
"TierPoint · Williamson, TN",TN,35.92451,-86.855687,Williamson,47187,Williamson County,spatial_join,yes,47187,fips,
"Unnamed data center · Davidson, TN #1",TN,36.032681,-86.637798,Davidson,47037,Davidson County,spatial_join,yes,47037,fips,
"Unnamed data center · Davidson, TN #2",TN,36.140481,-86.764147,Davidson,47037,Davidson County,spatial_join,yes,47037,fips,
"Unnamed data center · Grainger, TN",TN,36.328074,-83.376704,Grainger,47057,Grainger County,spatial_join,yes,47057,fips,
"Unnamed data center · Williamson, TN",TN,36.023219,-86.791532,Williamson,47187,Williamson County,spatial_join,yes,47187,fips,
"xAI Colossus · Shelby, TN",TN,35.05996,-90.156452,Shelby,47157,Shelby County,spatial_join,yes,47157,fips,
"xAI Macrohard Colossus 2 · Shelby, TN",TN,34.997983,-90.034867,Shelby,47157,Shelby County,spatial_join,yes,47157,fips,
1102 McKinzie LLC Data Center,TX,27.8006,-97.3964,Nueces,48355,Nueces County,spatial_join,yes,48355,fips,
1242 McKinzie LLC Data Center,TX,27.8012,-97.397,Nueces,48355,Nueces County,spatial_join,yes,48355,fips,
3301 Hibbetts Road Data Center,TX,32.4487,-99.7331,Taylor,48441,Taylor County,spatial_join,yes,48441,fips,
5MW Temple Data Center (Temple),TX,,,Bell,48027,Bell County,record_county,yes,48027,fips,
ALE60 Data Center,TX,29.450833,-98.638472,Bexar,48029,Bexar County,spatial_join,yes,48029,fips,
ALE61 Data Center,TX,29.3812,-98.4201,Bexar,48029,Bexar County,spatial_join,yes,48029,fips,
ALE62 Data Center,TX,,,,,,,,,,no coordinates and no county in the record
AREP Power House Grand Prairie (Midlothian),TX,,,Ellis,48139,Ellis County,record_county,yes,48139,fips,
AREP Powerhouse Las Colinas (Irving),TX,,,Dallas,48113,Dallas County,record_county,yes,48113,fips,
AUS 01 02 03 Data Center,TX,,,Caldwell,48055,Caldwell County,record_county,yes,48055,fips,
Alamo Data Center,TX,32.4754,-97.0046,Ellis,48139,Ellis County,spatial_join,yes,48139,fips,
"Alinged Data Center · Tarrant, TX",TX,32.549823,-97.074855,Tarrant,48439,Tarrant County,spatial_join,yes,48439,fips,
"Alpheus DataCenter · Travis, TX",TX,30.261043,-97.722102,Travis,48453,Travis County,spatial_join,yes,48453,fips,
Austin Data Center 2 LLC,TX,30.4388,-97.6197,Travis,48453,Travis County,spatial_join,yes,48453,fips,
BT Gateway Data Center (Royse City),TX,,,Hunt,48231,Hunt County,record_county,yes,48231,fips,
Bastrop Project One,TX,30.3352,-97.4118,Bastrop,48021,Bastrop County,spatial_join,yes,48021,fips,
Beacon Point 1 Data Center,TX,,,Nueces,48355,Nueces County,record_county,yes,48355,fips,
Bexar 1,TX,,,,,,,,,,no coordinates and no county in the record
Borden County Data Center,TX,,,,,,,,,,no coordinates and no county in the record
Borden County Data Center Phase 2,TX,,,,,,,,,,no coordinates and no county in the record
Bull Data Center,TX,34.0633,-100.2203,Childress,,Cottle County,spatial_join,no,,,"point is in Cottle County, record says Childress; held for review, not tagged"
C1 Bosque I,TX,,,,,,,,,,no coordinates and no county in the record
C1 Bosque II LLC,TX,,,,,,,,,,no coordinates and no county in the record
C1 Dallas - Allen (LOT 1) LLC,TX,33.1067,-96.6442,Collin,48085,Collin County,spatial_join,yes,48085,fips,
C1 Fort Worth LLC,TX,,,,,,,,,,no coordinates and no county in the record
C1 Richardson LLC Data Center,TX,,,Dallas,48113,Dallas County,record_county,yes,48113,fips,
"CHRISTUS Health data center · Bexar, TX",TX,29.470344,-98.68621,Bexar,48029,Bexar County,spatial_join,yes,48029,fips,
"CITIGROUP TECHNOLOGY INC · Denton, TX",TX,33.006381,-97.24529,Denton,48121,Denton County,spatial_join,yes,48121,fips,
Canadian Breaks Data Center,TX,35.2451,-102.9637,Oldham,48359,Oldham County,spatial_join,yes,48359,fips,
"Cedarvale, Barslow/Pyote TX Data Center",TX,31.4871,-103.3905,Ward,48475,Ward County,spatial_join,yes,48475,fips,
"Charles Schwab Data Center · Denton, TX",TX,33.004502,-97.246155,Denton,48121,Denton County,spatial_join,yes,48121,fips,
Childress Data Center,TX,,,Childress,48075,Childress County,record_county,yes,48075,fips,
Cinco Data Center,TX,,,,,,,,,,no coordinates and no county in the record
Cipher Barber Lake LLC Data Center,TX,32.3821,-100.8912,Mitchell,48335,Mitchell County,spatial_join,yes,48335,fips,
Cipher Black Pearl LLC Data Center,TX,31.7526,-103.1578,Winkler,48495,Winkler County,spatial_join,yes,48495,fips,
Cipher Mining Technologies Inc. - Odessa Site,TX,31.8457,-102.3676,Ector,48135,Ector County,spatial_join,yes,48135,fips,
"Cisco Allen · Collin, TX",TX,33.13598,-96.660952,Collin,48085,Collin County,spatial_join,yes,48085,fips,
Colovore Alliance (Fort Worth),TX,,,Denton,48121,Denton County,record_county,yes,48121,fips,
Colovore Hutto (Hutto),TX,,,Williamson,48491,Williamson County,record_county,yes,48491,fips,
"Compass Data Center · Ellis, TX #1",TX,32.538722,-96.804396,Ellis,48139,Ellis County,spatial_join,yes,48139,fips,
"Compass Data Center · Ellis, TX #10",TX,32.545297,-96.793648,Ellis,48139,Ellis County,spatial_join,yes,48139,fips,
"Compass Data Center · Ellis, TX #11",TX,32.545518,-96.802099,Ellis,48139,Ellis County,spatial_join,yes,48139,fips,
"Compass Data Center · Ellis, TX #2",TX,32.54029,-96.802106,Ellis,48139,Ellis County,spatial_join,yes,48139,fips,
"Compass Data Center · Ellis, TX #3",TX,32.541602,-96.802099,Ellis,48139,Ellis County,spatial_join,yes,48139,fips,
"Compass Data Center · Ellis, TX #4",TX,32.542674,-96.79361,Ellis,48139,Ellis County,spatial_join,yes,48139,fips,
"Compass Data Center · Ellis, TX #5",TX,32.542913,-96.802085,Ellis,48139,Ellis County,spatial_join,yes,48139,fips,
"Compass Data Center · Ellis, TX #6",TX,32.543965,-96.788507,Ellis,48139,Ellis County,spatial_join,yes,48139,fips,
"Compass Data Center · Ellis, TX #7",TX,32.543993,-96.793611,Ellis,48139,Ellis County,spatial_join,yes,48139,fips,
"Compass Data Center · Ellis, TX #8",TX,32.544205,-96.802081,Ellis,48139,Ellis County,spatial_join,yes,48139,fips,
"Compass Data Center · Ellis, TX #9",TX,32.545297,-96.788491,Ellis,48139,Ellis County,spatial_join,yes,48139,fips,
Confidential Data Center (Floydada),TX,,,Floyd,48153,Floyd County,record_county,yes,48153,fips,
"CoreSpace Dallas · Dallas, TX",TX,32.817559,-96.873065,Dallas,48113,Dallas County,spatial_join,yes,48113,fips,
"Cortex supercomputer · Travis, TX",TX,30.215399,-97.61896,Travis,48453,Travis County,spatial_join,yes,48453,fips,
Cottonwood Data Center,TX,31.4258,-103.4936,Reeves,48389,Reeves County,spatial_join,yes,48389,fips,
Cutten Data Center,TX,30.0074,-95.521,Harris,48201,Harris County,spatial_join,yes,48201,fips,
"CyrusOne Allen · Collin, TX",TX,33.138521,-96.659952,Collin,48085,Collin County,spatial_join,yes,48085,fips,
"CyrusOne Austin Data Center II · Travis, TX",TX,30.20593,-97.697965,Travis,48453,Travis County,spatial_join,yes,48453,fips,
"CyrusOne Austin Data Center III · Travis, TX",TX,30.206994,-97.701114,Travis,48453,Travis County,spatial_join,yes,48453,fips,
"CyrusOne San Antonio I · Bexar, TX",TX,29.466555,-98.68811,Bexar,48029,Bexar County,spatial_join,yes,48029,fips,
"CyrusOne San Antonio II · Bexar, TX",TX,29.470849,-98.672999,Bexar,48029,Bexar County,spatial_join,yes,48029,fips,
"CyrusOne San Antonio III · Bexar, TX",TX,29.470044,-98.672193,Bexar,48029,Bexar County,spatial_join,yes,48029,fips,
"CyrusOne San Antonio IV · Bexar, TX",TX,29.470679,-98.67063,Bexar,48029,Bexar County,spatial_join,yes,48029,fips,
Cyrusone LLC - Houston West III Data Center,TX,29.7858,-95.5765,Harris,48201,Harris County,spatial_join,yes,48201,fips,
"Cyxtera Dallas-Fort Worth Data Center · Tarrant, TX",TX,32.832718,-97.041042,Tarrant,48439,Tarrant County,spatial_join,yes,48439,fips,
DFW 10,TX,32.5228,-96.7724,Ellis,48139,Ellis County,spatial_join,yes,48139,fips,
DFW 11,TX,32.5215,-96.7714,Ellis,48139,Ellis County,spatial_join,yes,48139,fips,
DFW 12,TX,32.521,-96.7708,Ellis,48139,Ellis County,spatial_join,yes,48139,fips,
DFW 37,TX,32.9012,-96.6138,Dallas,48113,Dallas County,spatial_join,yes,48113,fips,
DFW 9,TX,32.5221,-96.7719,Ellis,48139,Ellis County,spatial_join,yes,48139,fips,
DFW-04 Data Center,TX,33.0531,-96.7021,Collin,48085,Collin County,spatial_join,yes,48085,fips,
DFW02 LANCASTER (STACK),TX,,,,,,,,,,no coordinates and no county in the record
"DXC Technology data center · Harris, TX #1",TX,29.995201,-95.563254,Harris,48201,Harris County,spatial_join,yes,48201,fips,
"DXC Technology data center · Harris, TX #2",TX,29.997307,-95.563985,Harris,48201,Harris County,spatial_join,yes,48201,fips,
"DXC Technology data center · Harris, TX #3",TX,30.018698,-95.863676,Harris,48201,Harris County,spatial_join,yes,48201,fips,
"Data Foundry - Texas 1 · Travis, TX",TX,30.198926,-97.713788,Travis,48453,Travis County,spatial_join,yes,48453,fips,
"Data Foundry - Texas 2 · Travis, TX",TX,30.199588,-97.713076,Travis,48453,Travis County,spatial_join,yes,48453,fips,
"Data Foundry Austin 1 Data Center · Travis, TX",TX,30.215504,-97.696074,Travis,48453,Travis County,spatial_join,yes,48453,fips,
"DataBank Dallas Empire Central Data Center · Dallas, TX",TX,32.821738,-96.873598,Dallas,48113,Dallas County,spatial_join,yes,48113,fips,
"DataBank Plano Data Center · Collin, TX",TX,33.087569,-96.815131,Collin,48085,Collin County,spatial_join,yes,48085,fips,
"DataBank · Dallas, TX",TX,32.778301,-96.798437,Dallas,48113,Dallas County,spatial_join,yes,48113,fips,
Denton Data Center,TX,,,Denton,48121,Denton County,record_county,yes,48121,fips,
Digital Garland,TX,32.9025,-96.6132,Dallas,48113,Dallas County,spatial_join,yes,48113,fips,
"Digital Realty Austin AUS11 · Travis, TX",TX,30.212176,-97.695781,Travis,48453,Travis County,spatial_join,yes,48453,fips,
"Digital Realty DFW36 · Dallas, TX",TX,32.82755,-96.87375,Dallas,48113,Dallas County,spatial_join,yes,48113,fips,
"Digital Realty Dallas DFW16 · Dallas, TX",TX,32.966077,-96.715587,Dallas,48113,Dallas County,spatial_join,yes,48113,fips,
"Digital Realty Dallas DFW17 · Dallas, TX",TX,32.966281,-96.713212,Dallas,48113,Dallas County,spatial_join,yes,48113,fips,
"Digital Realty Dallas DFW18 · Dallas, TX",TX,32.965204,-96.712609,Dallas,48113,Dallas County,spatial_join,yes,48113,fips,
"Digital Realty Dallas DFW28 · Dallas, TX",TX,32.967241,-96.713308,Dallas,48113,Dallas County,spatial_join,yes,48113,fips,
"Digital Realty Dallas DFW29 · Dallas, TX",TX,32.967233,-96.710546,Dallas,48113,Dallas County,spatial_join,yes,48113,fips,
"Digital Realty Dallas DFW35 · Dallas, TX",TX,32.965046,-96.710291,Dallas,48113,Dallas County,spatial_join,yes,48113,fips,
Dory Creek LLC Data Center,TX,30.662,-97.0091,Milam,48331,Milam County,spatial_join,yes,48331,fips,
ECX AUS11-16,TX,,,,,,,,,,no coordinates and no county in the record
ECX AUS31-36,TX,,,,,,,,,,no coordinates and no county in the record
"EDC AUSTIN, LLC",TX,,,,,,,,,,no coordinates and no county in the record
"EDC Fort Worth, LLC",TX,,,,,,,,,,no coordinates and no county in the record
EX West Green Data Center (San Antonio),TX,,,Bexar,48029,Bexar County,record_county,yes,48029,fips,
EdgeConneX AU02,TX,30.2301,-97.6891,Travis,48453,Travis County,spatial_join,yes,48453,fips,
"Element Critical · Travis, TX",TX,30.3428,-97.696176,Travis,48453,Travis County,spatial_join,yes,48453,fips,
"Equinix Infomart · Dallas, TX",TX,32.800943,-96.819511,Dallas,48113,Dallas County,spatial_join,yes,48113,fips,
"Evoque Allen DA1 · Collin, TX",TX,33.095064,-96.683764,Collin,48085,Collin County,spatial_join,yes,48085,fips,
"Experian McKinney Data Center · Collin, TX",TX,33.171796,-96.725505,Collin,48085,Collin County,spatial_join,yes,48085,fips,
"Facebook Fort Worth Datacenter · Tarrant, TX #1",TX,32.983784,-97.259343,Tarrant,48439,Tarrant County,spatial_join,yes,48439,fips,
"Facebook Fort Worth Datacenter · Tarrant, TX #2",TX,32.984994,-97.255075,Tarrant,48439,Tarrant County,spatial_join,yes,48439,fips,
"Facebook Fort Worth Datacenter · Tarrant, TX #3",TX,32.988296,-97.25546,Tarrant,48439,Tarrant County,spatial_join,yes,48439,fips,
Fermi Data Center 1,TX,,,,,,,,,,no coordinates and no county in the record
Flamingo,TX,,,,,,,,,,no coordinates and no county in the record
"Flexential Dallas - Plano · Collin, TX",TX,33.007052,-96.666354,Collin,48085,Collin County,spatial_join,yes,48085,fips,
"Flexential Dallas - Richardson · Collin, TX",TX,32.994813,-96.752502,Collin,48085,Collin County,spatial_join,yes,48085,fips,
Fluidstack Abernathy Data Center,TX,,,,,,,,,,no coordinates and no county in the record
Fort Blocks LLC Data Center,TX,30.8971,-102.8839,Pecos,48371,Pecos County,spatial_join,yes,48371,fips,
Fort Haskell Data Center,TX,33.1584,-99.734,Haskell,48207,Haskell County,spatial_join,yes,48207,fips,
Freestone Data Center,TX,,,,,,,,,,no coordinates and no county in the record
"Frost Bank data center · Bexar, TX",TX,29.470223,-98.68765,Bexar,48029,Bexar County,spatial_join,yes,48029,fips,
"GVTC · Bexar, TX",TX,29.686403,-98.462647,Bexar,48029,Bexar County,spatial_join,yes,48029,fips,
Giga Texas Datacenter,TX,30.2172,-97.6323,Travis,48453,Travis County,spatial_join,yes,48453,fips,
Gulf Horizon Data Center,TX,,,,,,,,,,no coordinates and no county in the record
"H5 Data Centers San Antonio · Bexar, TX",TX,29.429371,-98.486906,Bexar,48029,Bexar County,spatial_join,yes,48029,fips,
"HEB data center · Bexar, TX",TX,29.580141,-98.541327,Bexar,48029,Bexar County,spatial_join,yes,48029,fips,
HEL02 DC,TX,33.6118,-100.8393,Dickens,48125,Dickens County,spatial_join,yes,48125,fips,
HELO1 DC,TX,33.6061,-100.8371,Dickens,48125,Dickens County,spatial_join,yes,48125,fips,
Hackberry Data Center,TX,,,,,,,,,,no coordinates and no county in the record
Hicks Field Data Center,TX,,,,,,,,,,no coordinates and no county in the record
Hockley Data Center,TX,29.9891,-95.843,Harris,48201,Harris County,spatial_join,yes,48201,fips,
Horizon,TX,34.0625,-100.2195,Childress,,Cottle County,spatial_join,no,,,"point is in Cottle County, record says Childress; held for review, not tagged"
Hutto Data Center 3 LLC,TX,,,Williamson,48491,Williamson County,record_county,yes,48491,fips,
Hutto Data Center 4 LLC,TX,,,,,,,,,,no coordinates and no county in the record
Hutto Data Center Campus LLC,TX,30.5432,-97.5477,Williamson,48491,Williamson County,spatial_join,yes,48491,fips,
"IONIC Digital Cedarvale · Ward, TX",TX,31.513474,-103.448621,Ward,48475,Ward County,spatial_join,yes,48475,fips,
Independence Data Center,TX,33.0137,-96.6997,Collin,48085,Collin County,spatial_join,yes,48085,fips,
LBB01 Data Center,TX,,,,,,,,,,no coordinates and no county in the record
Lancium Abilene Clean Campus,TX,32.4002,-99.6629,Taylor,48441,Taylor County,spatial_join,yes,48441,fips,
Lancium Abilene Clean Campus II,TX,,,,,,,,,,no coordinates and no county in the record
Lancium Abilene Clean Campus III,TX,32.4008,-99.6632,Taylor,48441,Taylor County,spatial_join,yes,48441,fips,
Lancium Abilene Clean Campus IV,TX,32.4014,-99.6635,Taylor,48441,Taylor County,spatial_join,yes,48441,fips,
Lancium Abilene Clean Campus IX,TX,32.4044,-99.665,Taylor,48441,Taylor County,spatial_join,yes,48441,fips,
Lancium Abilene Clean Campus V,TX,32.402,-99.6638,Taylor,48441,Taylor County,spatial_join,yes,48441,fips,
Lancium Abilene Clean Campus VI,TX,32.4026,-99.6641,Taylor,48441,Taylor County,spatial_join,yes,48441,fips,
Lancium Abilene Clean Campus VII,TX,32.4032,-99.6644,Taylor,48441,Taylor County,spatial_join,yes,48441,fips,
Lancium Abilene Clean Campus VIII,TX,32.4038,-99.6647,Taylor,48441,Taylor County,spatial_join,yes,48441,fips,
Lancium Abilene Clean Campus X,TX,32.405,-99.6653,Taylor,48441,Taylor County,spatial_join,yes,48441,fips,
Lancium Clean Campus - Childress 1,TX,,,,,,,,,,no coordinates and no county in the record
Lancium Clean Campus - Turkey 1,TX,,,,,,,,,,no coordinates and no county in the record
Lancium Fort Stockton Clean Campus,TX,30.9301,-102.8821,Pecos,48371,Pecos County,spatial_join,yes,48371,fips,
Leon Creek,TX,,,,,,,,,,no coordinates and no county in the record
Lewisville DFW38,TX,33.0462,-97.0072,Denton,48121,Denton County,spatial_join,yes,48121,fips,
"LightEdge Austin I · Travis, TX",TX,30.214297,-97.712668,Travis,48453,Travis County,spatial_join,yes,48453,fips,
"LightEdge Austin II · Travis, TX",TX,30.200676,-97.707044,Travis,48453,Travis County,spatial_join,yes,48453,fips,
Lincoln Rackhouse,TX,33.0141,-96.7001,Collin,48085,Collin County,spatial_join,yes,48085,fips,
LinkedIn Richardson Texas Data Center,TX,,,Dallas,48113,Dallas County,record_county,yes,48113,fips,
"Live Oak Data Center · Dallas, TX",TX,32.783712,-96.794575,Dallas,48113,Dallas County,spatial_join,yes,48113,fips,
Lonestar Taproot LLC - Pyote,TX,31.5382,-103.1221,Ward,48475,Ward County,spatial_join,yes,48475,fips,
Lonestar Taproot LLC - Tarbush,TX,31.4412,-103.4881,Reeves,48389,Reeves County,spatial_join,yes,48389,fips,
Long Draw Data Center,TX,,,,,,,,,,no coordinates and no county in the record
"Lowe's Data Center · Bexar, TX",TX,29.472846,-98.689547,Bexar,48029,Bexar County,spatial_join,yes,48029,fips,
"Lumen Austin 1 · Travis, TX",TX,30.196499,-97.7124,Travis,48453,Travis County,spatial_join,yes,48453,fips,
"Lumen Austin 3 · Travis, TX",TX,30.261396,-97.723597,Travis,48453,Travis County,spatial_join,yes,48453,fips,
"Lumen Dallas - 3180 Irving Blvd. · Dallas, TX",TX,32.806955,-96.868589,Dallas,48113,Dallas County,spatial_join,yes,48113,fips,
"Lumen Dallas 6 · Dallas, TX",TX,32.827998,-96.884382,Dallas,48113,Dallas County,spatial_join,yes,48113,fips,
"Lumen San Antonio 2 · Bexar, TX",TX,29.438279,-98.506522,Bexar,48029,Bexar County,spatial_join,yes,48029,fips,
"MARA Data Center · Hood, TX",TX,32.341745,-97.731228,Hood,48221,Hood County,spatial_join,yes,48221,fips,
Meitner Data Center,TX,,,,,,,,,,no coordinates and no county in the record
Microsoft Corporation,TX,29.4862,-98.6201,Bexar,48029,Bexar County,spatial_join,yes,48029,fips,
Microsoft Corporation (SAT 15-17),TX,,,Bexar,48029,Bexar County,record_county,yes,48029,fips,
Microsoft Corporation (SAT 80-85),TX,,,Medina,48325,Medina County,record_county,yes,48325,fips,
Microsoft Corporation (SAT 89-90),TX,,,Medina,48325,Medina County,record_county,yes,48325,fips,
Microsoft Corporation (SAT09 - SAT13),TX,29.4851,-98.6512,Bexar,48029,Bexar County,spatial_join,yes,48029,fips,
Microsoft San Antonio (SAT14),TX,,,Bexar,48029,Bexar County,record_county,yes,48029,fips,
Milam County Data Center,TX,,,Milam,48331,Milam County,record_county,yes,48331,fips,
Milam County Data Center Phase 2,TX,,,,,,,,,,no coordinates and no county in the record
NADC,TX,29.5021,-98.6501,Bexar,48029,Bexar County,spatial_join,yes,48029,fips,
NTT Global Data Centers Americas - Dallas TX2,TX,,,Dallas,48113,Dallas County,record_county,yes,48113,fips,
NTT Global Data Centers Americas - Dallas TX3,TX,,,Dallas,48113,Dallas County,record_county,yes,48113,fips,
NTT Global Data Centers Americas - Dallas TX4,TX,32.9165,-96.6118,Dallas,48113,Dallas County,spatial_join,yes,48113,fips,
Nexus Data Centers,TX,,,,,,,,,,no coordinates and no county in the record
"Novartis · Tarrant, TX",TX,32.651234,-97.319709,Tarrant,48439,Tarrant County,spatial_join,yes,48439,fips,
Oppidan 5MW Data Center (El Paso),TX,,,El Paso,48141,El Paso County,record_county,yes,48141,fips,
Pecos County Data Center (Fort Stockton),TX,,,Pecos,48371,Pecos County,record_county,yes,48371,fips,
Pecos Ranch Data Center,TX,,,,,,,,,,no coordinates and no county in the record
Polmer LLC Data Center,TX,31.0982,-97.3428,Bell,48027,Bell County,spatial_join,yes,48027,fips,
"Poolside Data Center, Pecos County I",TX,30.8946,-102.8868,Pecos,48371,Pecos County,spatial_join,yes,48371,fips,
"Poolside Data Center, Pecos County II",TX,,,,,,,,,,no coordinates and no county in the record
PowerCampus Dallas by Lancaster Data Center Campus LP,TX,32.5901,-96.7572,Dallas,48113,Dallas County,spatial_join,yes,48113,fips,
"Prime DFW01-01 · Dallas, TX #1",TX,32.837814,-96.879846,Dallas,48113,Dallas County,spatial_join,yes,48113,fips,
"Prime DFW01-01 · Dallas, TX #2",TX,32.837967,-96.878393,Dallas,48113,Dallas County,spatial_join,yes,48113,fips,
Prime Data Center (Dallas),TX,,,Dallas,48113,Dallas County,record_county,yes,48113,fips,
Princeton ProjectCo LLC,TX,,,,,,,,,,no coordinates and no county in the record
Project Ditto (Corsicana),TX,,,Navarro,48349,Navarro County,record_county,yes,48349,fips,
Project Dorothy 3A,TX,,,,,,,,,,no coordinates and no county in the record
Project Eagle (Boling),TX,,,Wharton,48481,Wharton County,record_county,yes,48481,fips,
Project Goldeneye,TX,,,,,,,,,,no coordinates and no county in the record
Project Goodnight,TX,34.8668,-101.3624,Armstrong,48011,Armstrong County,spatial_join,yes,48011,fips,
Project Lightning,TX,,,,,,,,,,no coordinates and no county in the record
Project Pumpkin (Miami),TX,,,Gray,48179,Gray County,record_county,yes,48179,fips,
Project Star,TX,,,,,,,,,,no coordinates and no county in the record
Project Watertower,TX,,,,,,,,,,no coordinates and no county in the record
Project Woodrow,TX,,,,,,,,,,no coordinates and no county in the record
Pyote Data Center,TX,31.5219,-103.1289,Ward,48475,Ward County,spatial_join,yes,48475,fips,
"QTS Data Center · Tarrant, TX",TX,32.988855,-97.259202,Tarrant,48439,Tarrant County,spatial_join,yes,48439,fips,
"QTS Irving - Dallas Data Center Campus · Dallas, TX",TX,32.897283,-96.982788,Dallas,48113,Dallas County,spatial_join,yes,48113,fips,
QTS Irving 1,TX,,,Dallas,48113,Dallas County,record_county,yes,48113,fips,
QTS Irving DC3 Data Center,TX,32.8701,-96.9812,Dallas,48113,Dallas County,spatial_join,yes,48113,fips,
"QTS San Antonio II · Bexar, TX",TX,29.449156,-98.653145,Bexar,48029,Bexar County,spatial_join,yes,48029,fips,
"Rackspace Richardson DFW3 · Dallas, TX",TX,32.964789,-96.715877,Dallas,48113,Dallas County,spatial_join,yes,48113,fips,
Red Oak Texas Data Center,TX,32.5221,-96.7719,Ellis,48139,Ellis County,spatial_join,yes,48139,fips,
Red Oak Texas Data Center 2,TX,,,Ellis,48139,Ellis County,record_county,yes,48139,fips,
Rellis Campus Data and Research Center,TX,,,Brazos,48041,Brazos County,record_county,yes,48041,fips,
"Rice Data Center · Harris, TX",TX,29.658146,-95.443328,Harris,48201,Harris County,spatial_join,yes,48201,fips,
"Riot Corsiana · Navarro, TX",TX,31.969859,-96.513289,Navarro,48349,Navarro County,spatial_join,yes,48349,fips,
Riot Corsicana Data Center,TX,32.0757,-96.4688,Navarro,48349,Navarro County,spatial_join,yes,48349,fips,
Riot Corsicana Data Center 02,TX,,,,,,,,,,no coordinates and no county in the record
Riot Corsicana Data Center I,TX,,,,,,,,,,no coordinates and no county in the record
Riot Rockdale,TX,30.6548,-97.0009,Milam,48331,Milam County,spatial_join,yes,48331,fips,
Riot Rockdale Data Center 1,TX,30.6544,-97.0005,Milam,48331,Milam County,spatial_join,yes,48331,fips,
Riot Rockdale Data Center 2,TX,,,,,,,,,,no coordinates and no county in the record
"Riot Rockdale · Milam, TX",TX,30.573315,-97.080185,Milam,48331,Milam County,spatial_join,yes,48331,fips,
Rise Data Center,TX,,,,,,,,,,no coordinates and no county in the record
SAT40 (San Antonio),TX,,,Bexar,48029,Bexar County,record_county,yes,48029,fips,
SAT93 / SAT94 (Medina),TX,,,Medina,48325,Medina County,record_county,yes,48325,fips,
SDC - Austin Tandem Data Center,TX,30.5081,-97.6792,Williamson,48491,Williamson County,spatial_join,yes,48491,fips,
SDC Austin III LLC dba SDC Austin IV LLC,TX,,,,,,,,,,no coordinates and no county in the record
"SDC DFW VIII, L.P.",TX,32.5891,-96.6821,Dallas,48113,Dallas County,spatial_join,yes,48113,fips,
SDC SATB1,TX,29.5018,-98.7205,Bexar,48029,Bexar County,spatial_join,yes,48029,fips,
STN OD1 - Project Landman,TX,,,,,,,,,,no coordinates and no county in the record
San Antonio Data Center II,TX,29.4748,-98.6842,Bexar,48029,Bexar County,spatial_join,yes,48029,fips,
San Antonio Data Center III,TX,29.5012,-98.7201,Bexar,48029,Bexar County,spatial_join,yes,48029,fips,
Scurry County Data Center Building 2,TX,,,,,,,,,,no coordinates and no county in the record
Sharka Data Center,TX,,,Ellis,48139,Ellis County,record_county,yes,48139,fips,
"Skybox Houston One · Harris, TX",TX,29.802868,-95.75545,Harris,48201,Harris County,spatial_join,yes,48201,fips,
Skybox-Austin 1-Data Center Upfit (Pflugerville),TX,,,Travis,48453,Travis County,record_county,yes,48453,fips,
Spectrum Data Center,TX,,,,,,,,,,no coordinates and no county in the record
Stampede Data Center,TX,,,,,,,,,,no coordinates and no county in the record
State Farm Richardson Data Center,TX,32.954,-96.6895,Dallas,48113,Dallas County,spatial_join,yes,48113,fips,
Stingray,TX,,,,,,,,,,no coordinates and no county in the record
"Stream DFW IV · Collin, TX",TX,33.000144,-96.661646,Collin,48085,Collin County,spatial_join,yes,48085,fips,
Stream DFW VII Data Center,TX,,,Dallas,48113,Dallas County,record_county,yes,48113,fips,
Stream Data Centers - DFWC1 (Wilmer),TX,,,Dallas,48113,Dallas County,record_county,yes,48113,fips,
"Stream Data Centers Houston · Montgomery, TX",TX,30.178137,-95.486046,Montgomery,48339,Montgomery County,spatial_join,yes,48339,fips,
"Stream Data Centers · Dallas, TX",TX,32.983668,-96.654273,Dallas,48113,Dallas County,spatial_join,yes,48113,fips,
"Stream San Antonio II · Bexar, TX",TX,29.472017,-98.671737,Bexar,48029,Bexar County,spatial_join,yes,48029,fips,
Sweetwater II,TX,32.9579,-99.7452,Fisher,,Jones County,spatial_join,no,,,"point is in Jones County, record says Fisher; held for review, not tagged"
Switch AUS 4,TX,30.5021,-97.6712,Travis,,Williamson County,spatial_join,no,,,"point is in Williamson County, record says Travis; held for review, not tagged"
TX 301 Data Center,TX,,,,,,,,,,no coordinates and no county in the record
TX 302 Data Center,TX,,,,,,,,,,no coordinates and no county in the record
TX 303 Data Center,TX,,,,,,,,,,no coordinates and no county in the record
TX 304 Data Center,TX,,,,,,,,,,no coordinates and no county in the record
TX 305 Data Center,TX,,,,,,,,,,no coordinates and no county in the record
TX 306 Data Center,TX,,,,,,,,,,no coordinates and no county in the record
TX 307 Data Center,TX,,,,,,,,,,no coordinates and no county in the record
TX 308 Data Center,TX,,,,,,,,,,no coordinates and no county in the record
TX 309 Data Center,TX,,,,,,,,,,no coordinates and no county in the record
TX 310 Data Center,TX,,,,,,,,,,no coordinates and no county in the record
TX11 Data Center,TX,,,Bexar,48029,Bexar County,record_county,yes,48029,fips,
TX11-12 Data Center,TX,,,Bexar,48029,Bexar County,record_county,yes,48029,fips,
TX21-22 Data Center,TX,,,Bexar,48029,Bexar County,record_county,yes,48029,fips,
Temple Data Center,TX,,,Bell,48027,Bell County,record_county,yes,48027,fips,
Temple Data Center (Bell County),TX,,,Bell,48027,Bell County,record_county,yes,48027,fips,
Temple Green Data Center,TX,31.0521,-97.3681,Bell,48027,Bell County,spatial_join,yes,48027,fips,
Terisys Thompsons,TX,,,,,,,,,,no coordinates and no county in the record
Thelma Data Center,TX,,,Haskell,48207,Haskell County,record_county,yes,48207,fips,
"Thin-nology · Travis, TX",TX,30.421141,-97.591603,Travis,48453,Travis County,spatial_join,yes,48453,fips,
"TierPoint Dallas Data Center · Dallas, TX",TX,32.807973,-96.857355,Dallas,48113,Dallas County,spatial_join,yes,48113,fips,
"Tierpoint Dallas-Allen · Collin, TX",TX,33.137934,-96.657376,Collin,48085,Collin County,spatial_join,yes,48085,fips,
USBTC Pecos Data Center,TX,,,,,,,,,,no coordinates and no county in the record
"Unnamed data center · Angelina, TX",TX,31.194176,-94.796772,Angelina,48005,Angelina County,spatial_join,yes,48005,fips,
"Unnamed data center · Bexar, TX #1",TX,29.418454,-98.788808,Bexar,48029,Bexar County,spatial_join,yes,48029,fips,
"Unnamed data center · Bexar, TX #2",TX,29.418988,-98.787471,Bexar,48029,Bexar County,spatial_join,yes,48029,fips,
"Unnamed data center · Bexar, TX #3",TX,29.446674,-98.64069,Bexar,48029,Bexar County,spatial_join,yes,48029,fips,
"Unnamed data center · Bexar, TX #4",TX,29.447199,-98.640993,Bexar,48029,Bexar County,spatial_join,yes,48029,fips,
"Unnamed data center · Bexar, TX #5",TX,29.447922,-98.641129,Bexar,48029,Bexar County,spatial_join,yes,48029,fips,
"Unnamed data center · Bexar, TX #6",TX,29.44968,-98.714387,Bexar,48029,Bexar County,spatial_join,yes,48029,fips,
"Unnamed data center · Bexar, TX #7",TX,29.450931,-98.713891,Bexar,48029,Bexar County,spatial_join,yes,48029,fips,
"Unnamed data center · Bexar, TX #8",TX,29.452231,-98.714047,Bexar,48029,Bexar County,spatial_join,yes,48029,fips,
"Unnamed data center · Collin, TX #1",TX,33.009299,-96.676544,Collin,48085,Collin County,spatial_join,yes,48085,fips,
"Unnamed data center · Collin, TX #2",TX,33.095994,-96.681565,Collin,48085,Collin County,spatial_join,yes,48085,fips,
"Unnamed data center · Collin, TX #3",TX,33.137805,-96.655926,Collin,48085,Collin County,spatial_join,yes,48085,fips,
"Unnamed data center · Dallas, TX #1",TX,32.894762,-96.981946,Dallas,48113,Dallas County,spatial_join,yes,48113,fips,
"Unnamed data center · Dallas, TX #2",TX,32.966254,-96.711196,Dallas,48113,Dallas County,spatial_join,yes,48113,fips,
"Unnamed data center · Harris, TX",TX,29.821506,-95.570785,Harris,48201,Harris County,spatial_join,yes,48201,fips,
"Unnamed data center · Montgomery, TX",TX,30.177783,-95.486526,Montgomery,48339,Montgomery County,spatial_join,yes,48339,fips,
"Unnamed data center · Wichita, TX",TX,33.953378,-98.524731,Wichita,48485,Wichita County,spatial_join,yes,48485,fips,
"VIRTBIZ · Dallas, TX",TX,32.782546,-96.782815,Dallas,48113,Dallas County,spatial_join,yes,48113,fips,
"Valero Wiserman · Bexar, TX",TX,29.474285,-98.680064,Bexar,48029,Bexar County,spatial_join,yes,48029,fips,
"Verizon Wireless Mew Building · Tarrant, TX",TX,32.972155,-97.156611,Tarrant,48439,Tarrant County,spatial_join,yes,48439,fips,
Walnut Springs ProjectCo LLC,TX,,,,,,,,,,no coordinates and no county in the record
West Texas Data Center,TX,,,,,,,,,,no coordinates and no county in the record
Whinstone US Data Center,TX,30.6552,-97.0013,Milam,48331,Milam County,spatial_join,yes,48331,fips,
Winner LLC d/b/a Ernst LLC,TX,32.7555,-97.3308,Tarrant,48439,Tarrant County,spatial_join,yes,48439,fips,
Wurldwide LLC DBA Statue LLC,TX,,,,,,,,,,no coordinates and no county in the record
"Ebay · Salt Lake, UT",UT,40.564095,-112.050628,Salt Lake,49035,Salt Lake County,spatial_join,yes,49035,fips,
"Flexential Salt Lake City - Downtown · Salt Lake, UT",UT,40.756307,-111.954838,Salt Lake,49035,Salt Lake County,spatial_join,yes,49035,fips,
"Flexential Salt Lake City - Fair Park · Salt Lake, UT",UT,40.766786,-111.920292,Salt Lake,49035,Salt Lake County,spatial_join,yes,49035,fips,
"Flexential Salt Lake City - Lindon · Utah, UT",UT,40.332648,-111.727875,Utah,49049,Utah County,spatial_join,yes,49049,fips,
"Flexential Salt Lake City - Millcreek · Salt Lake, UT",UT,40.685525,-111.885044,Salt Lake,49035,Salt Lake County,spatial_join,yes,49035,fips,
"Flexential Salt Lake City - South Valley · Salt Lake, UT",UT,40.620352,-111.986047,Salt Lake,49035,Salt Lake County,spatial_join,yes,49035,fips,
"Lumen · Washington, UT",UT,37.062799,-113.544749,Washington,49053,Washington County,spatial_join,yes,49053,fips,
"Meta Eagle Mountain Data Center · Utah, UT #1",UT,40.265564,-112.015127,Utah,49049,Utah County,spatial_join,yes,49049,fips,
"Meta Eagle Mountain Data Center · Utah, UT #2",UT,40.268288,-112.015077,Utah,49049,Utah County,spatial_join,yes,49049,fips,
"Meta Eagle Mountain Data Center · Utah, UT #3",UT,40.272334,-112.015055,Utah,49049,Utah County,spatial_join,yes,49049,fips,
"Strata Networks · Uintah, UT",UT,40.456593,-109.528999,Uintah,49047,Uintah County,spatial_join,yes,49047,fips,
"Unnamed data center · Utah, UT #1",UT,40.265856,-112.01942,Utah,49049,Utah County,spatial_join,yes,49049,fips,
"Unnamed data center · Utah, UT #2",UT,40.269876,-112.019453,Utah,49049,Utah County,spatial_join,yes,49049,fips,
"eBay · Salt Lake, UT",UT,40.563749,-112.047725,Salt Lake,49035,Salt Lake County,spatial_join,yes,49035,fips,
"42254 THUNDERBALL DR · Loudoun, VA",VA,39.043502,-77.540874,Loudoun,51107,Loudoun County,spatial_join,yes,51107,fips,
"42255 THUNDERBALL DR · Loudoun, VA",VA,39.041623,-77.539224,Loudoun,51107,Loudoun County,spatial_join,yes,51107,fips,
"42310 THUNDERBALL DR · Loudoun, VA",VA,39.044099,-77.539674,Loudoun,51107,Loudoun County,spatial_join,yes,51107,fips,
"42311 THUNDERBALL DR · Loudoun, VA",VA,39.042553,-77.5383,Loudoun,51107,Loudoun County,spatial_join,yes,51107,fips,
"AWS Building E · Loudoun, VA",VA,39.005052,-77.485612,Loudoun,51107,Loudoun County,spatial_join,yes,51107,fips,
"AWS IAD104 · Prince William, VA",VA,38.748374,-77.520705,Prince William,51153,Prince William County,spatial_join,yes,51153,fips,
"AWS IAD105 · Prince William, VA",VA,38.747596,-77.519475,Prince William,51153,Prince William County,spatial_join,yes,51153,fips,
"AWS IAD106 · Prince William, VA",VA,38.746975,-77.518528,Prince William,51153,Prince William County,spatial_join,yes,51153,fips,
"Aligned Ashburn · Loudoun, VA",VA,39.01362,-77.470578,Loudoun,51107,Loudoun County,spatial_join,yes,51107,fips,
"Aligned IAD02 · Loudoun, VA",VA,39.010411,-77.475189,Loudoun,51107,Loudoun County,spatial_join,yes,51107,fips,
"Aligned IAD03 · Loudoun, VA",VA,38.988621,-77.440752,Loudoun,51107,Loudoun County,spatial_join,yes,51107,fips,
"Amazon IAD-1 · Fairfax, VA",VA,38.897859,-77.454075,Fairfax,51059,Fairfax County,spatial_join,yes,51600,county_name,
"Amazon IAD-55 · Prince William, VA",VA,38.815062,-77.648764,Prince William,51153,Prince William County,spatial_join,yes,51153,fips,
"Amazon IAD-61 · Loudoun, VA",VA,38.915805,-77.491987,Loudoun,51107,Loudoun County,spatial_join,yes,51107,fips,
"Amazon IAD-9 · Fairfax, VA",VA,38.899652,-77.45344,Fairfax,51059,Fairfax County,spatial_join,yes,51600,county_name,
"Amazon IAD10 · Loudoun, VA",VA,39.021646,-77.432876,Loudoun,51107,Loudoun County,spatial_join,yes,51107,fips,
"Amazon IAD100 · Prince William, VA",VA,38.734598,-77.506642,Prince William,51153,Prince William County,spatial_join,yes,51153,fips,
"Amazon IAD101 · Prince William, VA",VA,38.73544,-77.505695,Prince William,51153,Prince William County,spatial_join,yes,51153,fips,
"Amazon IAD102 · Prince William, VA",VA,38.73597,-77.504901,Prince William,51153,Prince William County,spatial_join,yes,51153,fips,
"Amazon IAD103 · Prince William, VA",VA,38.736984,-77.504075,Prince William,51153,Prince William County,spatial_join,yes,51153,fips,
"Amazon IAD11 · Prince William, VA",VA,38.7905,-77.541111,Prince William,51153,Prince William County,spatial_join,yes,51153,fips,
"Amazon IAD114 · Loudoun, VA",VA,39.035494,-77.450699,Loudoun,51107,Loudoun County,spatial_join,yes,51107,fips,
"Amazon IAD115 · Loudoun, VA",VA,39.036294,-77.449795,Loudoun,51107,Loudoun County,spatial_join,yes,51107,fips,
"Amazon IAD118 · Loudoun, VA",VA,39.018507,-77.438839,Loudoun,51107,Loudoun County,spatial_join,yes,51107,fips,
"Amazon IAD119 · Loudoun, VA",VA,39.01693,-77.439387,Loudoun,51107,Loudoun County,spatial_join,yes,51107,fips,
"Amazon IAD12 · Loudoun, VA",VA,38.988723,-77.447671,Loudoun,51107,Loudoun County,spatial_join,yes,51107,fips,
"Amazon IAD120 · Loudoun, VA",VA,38.957922,-77.498061,Loudoun,51107,Loudoun County,spatial_join,yes,51107,fips,
"Amazon IAD121 · Loudoun, VA",VA,38.956783,-77.497787,Loudoun,51107,Loudoun County,spatial_join,yes,51107,fips,
"Amazon IAD122 · Loudoun, VA",VA,38.955863,-77.49718,Loudoun,51107,Loudoun County,spatial_join,yes,51107,fips,
"Amazon IAD124 · Loudoun, VA",VA,38.949895,-77.560452,Loudoun,51107,Loudoun County,spatial_join,yes,51107,fips,
"Amazon IAD125 · Loudoun, VA",VA,38.94809,-77.560545,Loudoun,51107,Loudoun County,spatial_join,yes,51107,fips,
"Amazon IAD128 · Loudoun, VA",VA,39.016082,-77.438384,Loudoun,51107,Loudoun County,spatial_join,yes,51107,fips,
"Amazon IAD130 · Prince William, VA",VA,38.760361,-77.519302,Prince William,51153,Prince William County,spatial_join,yes,51153,fips,
"Amazon IAD131 · Prince William, VA",VA,38.761105,-77.518221,Prince William,51153,Prince William County,spatial_join,yes,51153,fips,
"Amazon IAD14 · Prince William, VA",VA,38.789932,-77.548217,Prince William,51153,Prince William County,spatial_join,yes,51153,fips,
"Amazon IAD140 · Loudoun, VA",VA,38.981455,-77.41755,Loudoun,51107,Loudoun County,spatial_join,yes,51107,fips,
"Amazon IAD141 · Loudoun, VA",VA,38.982388,-77.416786,Loudoun,51107,Loudoun County,spatial_join,yes,51107,fips,
"Amazon IAD144 · Loudoun, VA",VA,38.981643,-77.427422,Loudoun,51107,Loudoun County,spatial_join,yes,51107,fips,
"Amazon IAD145 · Loudoun, VA",VA,38.982552,-77.424625,Loudoun,51107,Loudoun County,spatial_join,yes,51107,fips,
"Amazon IAD146 · Loudoun, VA",VA,38.996725,-77.435598,Loudoun,51107,Loudoun County,spatial_join,yes,51107,fips,
"Amazon IAD147 · Loudoun, VA",VA,38.995012,-77.435359,Loudoun,51107,Loudoun County,spatial_join,yes,51107,fips,
"Amazon IAD15 · Loudoun, VA",VA,38.991693,-77.44858,Loudoun,51107,Loudoun County,spatial_join,yes,51107,fips,
"Amazon IAD150 · Loudoun, VA",VA,38.916076,-77.477251,Loudoun,51107,Loudoun County,spatial_join,yes,51107,fips,
"Amazon IAD151 · Loudoun, VA",VA,38.916151,-77.478705,Loudoun,51107,Loudoun County,spatial_join,yes,51107,fips,
"Amazon IAD152 · Loudoun, VA",VA,38.916576,-77.479742,Loudoun,51107,Loudoun County,spatial_join,yes,51107,fips,
"Amazon IAD16 · Loudoun, VA",VA,38.990699,-77.448825,Loudoun,51107,Loudoun County,spatial_join,yes,51107,fips,
"Amazon IAD163 · Loudoun, VA",VA,39.032305,-77.429702,Loudoun,51107,Loudoun County,spatial_join,yes,51107,fips,
"Amazon IAD164 · Loudoun, VA",VA,39.030473,-77.428942,Loudoun,51107,Loudoun County,spatial_join,yes,51107,fips,
"Amazon IAD174 · Loudoun, VA",VA,39.028916,-77.427473,Loudoun,51107,Loudoun County,spatial_join,yes,51107,fips,
"Amazon IAD175 · Loudoun, VA",VA,38.979868,-77.42548,Loudoun,51107,Loudoun County,spatial_join,yes,51107,fips,
"Amazon IAD192 · Loudoun, VA",VA,38.989554,-77.434801,Loudoun,51107,Loudoun County,spatial_join,yes,51107,fips,
"Amazon IAD214 · Loudoun, VA",VA,38.986526,-77.435176,Loudoun,51107,Loudoun County,spatial_join,yes,51107,fips,
"Amazon IAD22 · Fairfax, VA",VA,38.897902,-77.455102,Fairfax,51059,Fairfax County,spatial_join,yes,51600,county_name,
"Amazon IAD24 · Prince William, VA",VA,38.79035,-77.540006,Prince William,51153,Prince William County,spatial_join,yes,51153,fips,
"Amazon IAD32 · Loudoun, VA",VA,39.021569,-77.434794,Loudoun,51107,Loudoun County,spatial_join,yes,51107,fips,
"Amazon IAD50 · Loudoun, VA",VA,39.02957,-77.459683,Loudoun,51107,Loudoun County,spatial_join,yes,51107,fips,
"Amazon IAD51 · Loudoun, VA",VA,38.991414,-77.436507,Loudoun,51107,Loudoun County,spatial_join,yes,51107,fips,
"Amazon IAD52 · Prince William, VA",VA,38.791069,-77.548372,Prince William,51153,Prince William County,spatial_join,yes,51153,fips,
"Amazon IAD56 · Loudoun, VA",VA,38.990568,-77.437062,Loudoun,51107,Loudoun County,spatial_join,yes,51107,fips,
"Amazon IAD57 · Loudoun, VA",VA,38.986997,-77.442638,Loudoun,51107,Loudoun County,spatial_join,yes,51107,fips,
"Amazon IAD58 · Loudoun, VA",VA,38.986279,-77.441842,Loudoun,51107,Loudoun County,spatial_join,yes,51107,fips,
"Amazon IAD59 · Prince William, VA",VA,38.792226,-77.54845,Prince William,51153,Prince William County,spatial_join,yes,51153,fips,
"Amazon IAD60 · Loudoun, VA",VA,39.028774,-77.458246,Loudoun,51107,Loudoun County,spatial_join,yes,51107,fips,
"Amazon IAD601 · Loudoun, VA",VA,39.015263,-77.43777,Loudoun,51107,Loudoun County,spatial_join,yes,51107,fips,
"Amazon IAD601 · Prince William, VA",VA,38.778857,-77.557115,Prince William,51153,Prince William County,spatial_join,yes,51153,fips,
"Amazon IAD603 · Loudoun, VA",VA,38.981546,-77.419357,Loudoun,51107,Loudoun County,spatial_join,yes,51107,fips,
"Amazon IAD62 · Loudoun, VA",VA,38.949322,-77.519875,Loudoun,51107,Loudoun County,spatial_join,yes,51107,fips,
"Amazon IAD63 · Loudoun, VA",VA,38.916885,-77.493251,Loudoun,51107,Loudoun County,spatial_join,yes,51107,fips,
"Amazon IAD64 · Prince William, VA",VA,38.815132,-77.652919,Prince William,51153,Prince William County,spatial_join,yes,51153,fips,
"Amazon IAD65 · Loudoun, VA",VA,38.917011,-77.494366,Loudoun,51107,Loudoun County,spatial_join,yes,51107,fips,
"Amazon IAD68 · Loudoun, VA",VA,38.948687,-77.520952,Loudoun,51107,Loudoun County,spatial_join,yes,51107,fips,
"Amazon IAD7 · Prince William, VA",VA,38.791204,-77.538277,Prince William,51153,Prince William County,spatial_join,yes,51153,fips,
"Amazon IAD71 · Loudoun, VA",VA,39.027908,-77.457503,Loudoun,51107,Loudoun County,spatial_join,yes,51107,fips,
"Amazon IAD73 · Prince William, VA",VA,38.777979,-77.559099,Prince William,51153,Prince William County,spatial_join,yes,51153,fips,
"Amazon IAD74 · Prince William, VA",VA,38.777437,-77.557891,Prince William,51153,Prince William County,spatial_join,yes,51153,fips,
"Amazon IAD76 · Loudoun, VA",VA,38.993785,-77.450509,Loudoun,51107,Loudoun County,spatial_join,yes,51107,fips,
"Amazon IAD78 · Loudoun, VA",VA,39.026368,-77.44952,Loudoun,51107,Loudoun County,spatial_join,yes,51107,fips,
"Amazon IAD79 · Loudoun, VA",VA,39.026357,-77.45087,Loudoun,51107,Loudoun County,spatial_join,yes,51107,fips,
"Amazon IAD80 · Loudoun, VA",VA,39.027109,-77.452829,Loudoun,51107,Loudoun County,spatial_join,yes,51107,fips,
"Amazon IAD81 · Loudoun, VA",VA,38.948386,-77.521831,Loudoun,51107,Loudoun County,spatial_join,yes,51107,fips,
"Amazon IAD83 · Loudoun, VA",VA,38.947946,-77.523108,Loudoun,51107,Loudoun County,spatial_join,yes,51107,fips,
"Amazon IAD84 · Prince William, VA",VA,38.816103,-77.652499,Prince William,51153,Prince William County,spatial_join,yes,51153,fips,
"Amazon IAD86 · Loudoun, VA",VA,38.917256,-77.495674,Loudoun,51107,Loudoun County,spatial_join,yes,51107,fips,
"Amazon IAD87 · Loudoun, VA",VA,38.991814,-77.441168,Loudoun,51107,Loudoun County,spatial_join,yes,51107,fips,
"Amazon IAD88 · Loudoun, VA",VA,38.990964,-77.44187,Loudoun,51107,Loudoun County,spatial_join,yes,51107,fips,
"Amazon IAD90 · Loudoun, VA",VA,38.988603,-77.411652,Loudoun,51107,Loudoun County,spatial_join,yes,51107,fips,
"Amazon IAD91 · Loudoun, VA",VA,38.987847,-77.411119,Loudoun,51107,Loudoun County,spatial_join,yes,51107,fips,
"Amazon IAD92 · Loudoun, VA",VA,38.986943,-77.410475,Loudoun,51107,Loudoun County,spatial_join,yes,51107,fips,
"Amazon IAD98 · Loudoun, VA",VA,39.020225,-77.433886,Loudoun,51107,Loudoun County,spatial_join,yes,51107,fips,
"Amazon IAD99 · Loudoun, VA",VA,39.019169,-77.43403,Loudoun,51107,Loudoun County,spatial_join,yes,51107,fips,
"Amazon Web Services Building C · Loudoun, VA",VA,39.002752,-77.485449,Loudoun,51107,Loudoun County,spatial_join,yes,51107,fips,
"Amazon Web Services IAD116 · Loudoun, VA",VA,39.024346,-77.420439,Loudoun,51107,Loudoun County,spatial_join,yes,51107,fips,
"Amazon Web Services IAD117 · Loudoun, VA",VA,39.023698,-77.419095,Loudoun,51107,Loudoun County,spatial_join,yes,51107,fips,
"Amazon Web Services · Fairfax, VA #1",VA,38.904346,-77.452473,Fairfax,51059,Fairfax County,spatial_join,yes,51600,county_name,
"Amazon Web Services · Fairfax, VA #2",VA,38.904837,-77.45476,Fairfax,51059,Fairfax County,spatial_join,yes,51600,county_name,
"Amazon Web Services · Loudoun, VA #1",VA,38.91499,-77.490976,Loudoun,51107,Loudoun County,spatial_join,yes,51107,fips,
"Amazon Web Services · Loudoun, VA #10",VA,38.995094,-77.471072,Loudoun,51107,Loudoun County,spatial_join,yes,51107,fips,
"Amazon Web Services · Loudoun, VA #11",VA,38.995848,-77.471291,Loudoun,51107,Loudoun County,spatial_join,yes,51107,fips,
"Amazon Web Services · Loudoun, VA #12",VA,38.996608,-77.473262,Loudoun,51107,Loudoun County,spatial_join,yes,51107,fips,
"Amazon Web Services · Loudoun, VA #13",VA,39.015886,-77.453145,Loudoun,51107,Loudoun County,spatial_join,yes,51107,fips,
"Amazon Web Services · Loudoun, VA #14",VA,39.016744,-77.452001,Loudoun,51107,Loudoun County,spatial_join,yes,51107,fips,
"Amazon Web Services · Loudoun, VA #2",VA,38.915905,-77.490552,Loudoun,51107,Loudoun County,spatial_join,yes,51107,fips,
"Amazon Web Services · Loudoun, VA #3",VA,38.921314,-77.4858,Loudoun,51107,Loudoun County,spatial_join,yes,51107,fips,
"Amazon Web Services · Loudoun, VA #4",VA,38.946539,-77.522188,Loudoun,51107,Loudoun County,spatial_join,yes,51107,fips,
"Amazon Web Services · Loudoun, VA #5",VA,38.947361,-77.520226,Loudoun,51107,Loudoun County,spatial_join,yes,51107,fips,
"Amazon Web Services · Loudoun, VA #6",VA,38.949135,-77.52358,Loudoun,51107,Loudoun County,spatial_join,yes,51107,fips,
"Amazon Web Services · Loudoun, VA #7",VA,38.979147,-77.419905,Loudoun,51107,Loudoun County,spatial_join,yes,51107,fips,
"Amazon Web Services · Loudoun, VA #8",VA,38.979557,-77.41749,Loudoun,51107,Loudoun County,spatial_join,yes,51107,fips,
"Amazon Web Services · Loudoun, VA #9",VA,38.983575,-77.417527,Loudoun,51107,Loudoun County,spatial_join,yes,51107,fips,
"Amazon Web Services · Prince William, VA #1",VA,38.743053,-77.533384,Prince William,51153,Prince William County,spatial_join,yes,51153,fips,
"Amazon Web Services · Prince William, VA #10",VA,38.801857,-77.62121,Prince William,51153,Prince William County,spatial_join,yes,51153,fips,
"Amazon Web Services · Prince William, VA #11",VA,38.802897,-77.622127,Prince William,51153,Prince William County,spatial_join,yes,51153,fips,
"Amazon Web Services · Prince William, VA #12",VA,38.814598,-77.654331,Prince William,51153,Prince William County,spatial_join,yes,51153,fips,
"Amazon Web Services · Prince William, VA #13",VA,38.816968,-77.652159,Prince William,51153,Prince William County,spatial_join,yes,51153,fips,
"Amazon Web Services · Prince William, VA #2",VA,38.744286,-77.533322,Prince William,51153,Prince William County,spatial_join,yes,51153,fips,
"Amazon Web Services · Prince William, VA #3",VA,38.74512,-77.533094,Prince William,51153,Prince William County,spatial_join,yes,51153,fips,
"Amazon Web Services · Prince William, VA #4",VA,38.746146,-77.517215,Prince William,51153,Prince William County,spatial_join,yes,51153,fips,
"Amazon Web Services · Prince William, VA #5",VA,38.778451,-77.539427,Prince William,51153,Prince William County,spatial_join,yes,51153,fips,
"Amazon Web Services · Prince William, VA #6",VA,38.779343,-77.542896,Prince William,51153,Prince William County,spatial_join,yes,51153,fips,
"Amazon Web Services · Prince William, VA #7",VA,38.779382,-77.541725,Prince William,51153,Prince William County,spatial_join,yes,51153,fips,
"Amazon Web Services · Prince William, VA #8",VA,38.780151,-77.539884,Prince William,51153,Prince William County,spatial_join,yes,51153,fips,
"Amazon Web Services · Prince William, VA #9",VA,38.801257,-77.620481,Prince William,51153,Prince William County,spatial_join,yes,51153,fips,
"Bank of America Data Center · Henrico, VA",VA,37.495809,-77.238286,Henrico,51087,Henrico County,spatial_join,yes,51087,fips,
"COPT Data Center Bldg 2 · Prince William, VA",VA,38.744055,-77.529196,Prince William,51153,Prince William County,spatial_join,yes,51153,fips,
"COPT Data Center · Prince William, VA",VA,38.747281,-77.531845,Prince William,51153,Prince William County,spatial_join,yes,51153,fips,
"COPT Innovation Park Data Center · Prince William, VA",VA,38.743886,-77.530625,Prince William,51153,Prince William County,spatial_join,yes,51153,fips,
"Centersquare IAD1-A · Loudoun, VA",VA,39.023321,-77.413201,Loudoun,51107,Loudoun County,spatial_join,yes,51107,fips,
"Centersquare IAD1-B · Loudoun, VA",VA,39.023907,-77.41519,Loudoun,51107,Loudoun County,spatial_join,yes,51107,fips,
"Centersquare IAD1-C · Loudoun, VA",VA,39.024756,-77.412204,Loudoun,51107,Loudoun County,spatial_join,yes,51107,fips,
"Centersquare IAD2-A · Loudoun, VA",VA,38.984418,-77.423817,Loudoun,51107,Loudoun County,spatial_join,yes,51107,fips,
"Centersquare IAD2-B · Loudoun, VA",VA,38.983604,-77.424105,Loudoun,51107,Loudoun County,spatial_join,yes,51107,fips,
"Centersquare IAD3 · Loudoun, VA",VA,38.980925,-77.444247,Loudoun,51107,Loudoun County,spatial_join,yes,51107,fips,
"Centersquare IAD4-A · Loudoun, VA",VA,39.021734,-77.452747,Loudoun,51107,Loudoun County,spatial_join,yes,51107,fips,
"Centersquare IAD4-B · Loudoun, VA",VA,39.02214,-77.45361,Loudoun,51107,Loudoun County,spatial_join,yes,51107,fips,
"CloudHQ LC1 · Loudoun, VA",VA,39.010157,-77.462785,Loudoun,51107,Loudoun County,spatial_join,yes,51107,fips,
"CloudHQ LC2 · Loudoun, VA",VA,39.011764,-77.462457,Loudoun,51107,Loudoun County,spatial_join,yes,51107,fips,
"CloudHQ LC3 · Loudoun, VA",VA,39.011212,-77.460405,Loudoun,51107,Loudoun County,spatial_join,yes,51107,fips,
"CloudHQ MCC1 · Prince William, VA",VA,38.717028,-77.499897,Prince William,51153,Prince William County,spatial_join,yes,51153,fips,
"CloudHQ MCC2 · Prince William, VA",VA,38.723182,-77.499009,Prince William,51153,Prince William County,spatial_join,yes,51153,fips,
"CloudHQ MCC3 · Prince William, VA",VA,38.71497,-77.495128,Prince William,51153,Prince William County,spatial_join,yes,51153,fips,
"CloudHQ data center · Loudoun, VA",VA,39.002357,-77.471993,Loudoun,51107,Loudoun County,spatial_join,yes,51107,fips,
"CoreSite Reston Campus VA1 · Fairfax, VA",VA,38.950586,-77.364548,Fairfax,51059,Fairfax County,spatial_join,yes,51600,county_name,
"CoreSite Reston Campus VA2 · Fairfax, VA",VA,38.951451,-77.364004,Fairfax,51059,Fairfax County,spatial_join,yes,51600,county_name,
"CoreSite Reston VA3 · Fairfax, VA",VA,38.948468,-77.37237,Fairfax,51059,Fairfax County,spatial_join,yes,51600,county_name,
"CyrusOne NVA1, NVA2 & NVA3 · Loudoun, VA",VA,39.025947,-77.414523,Loudoun,51107,Loudoun County,spatial_join,yes,51107,fips,
"CyrusOne NVA5 · Loudoun, VA",VA,39.024327,-77.434034,Loudoun,51107,Loudoun County,spatial_join,yes,51107,fips,
"CyrusOne NVA7 · Loudoun, VA",VA,39.026301,-77.434028,Loudoun,51107,Loudoun County,spatial_join,yes,51107,fips,
"CyrusOne NVA8 · Loudoun, VA",VA,39.021167,-77.41322,Loudoun,51107,Loudoun County,spatial_join,yes,51107,fips,
"CyrusOne Sterling IX · Loudoun, VA",VA,38.958308,-77.50575,Loudoun,51107,Loudoun County,spatial_join,yes,51107,fips,
"CyrusOne data center · Loudoun, VA",VA,38.984887,-77.425649,Loudoun,51107,Loudoun County,spatial_join,yes,51107,fips,
"DBT Data - Harrisonburg Center · Harrisonburg city, VA",VA,38.462545,-78.856797,Harrisonburg city,51660,Harrisonburg city,spatial_join,yes,51660,fips,
"DataBank Ashburn IAD3 · Loudoun, VA",VA,39.017878,-77.481828,Loudoun,51107,Loudoun County,spatial_join,yes,51107,fips,
"DataBank McLean IAD2 · Fairfax, VA",VA,38.919905,-77.213585,Fairfax,51059,Fairfax County,spatial_join,yes,51600,county_name,
"Databank Ashburn IAD1 · Loudoun, VA",VA,39.015549,-77.482138,Loudoun,51107,Loudoun County,spatial_join,yes,51107,fips,
"Digital Realty ACC10 · Loudoun, VA",VA,39.012707,-77.465536,Loudoun,51107,Loudoun County,spatial_join,yes,51107,fips,
"Digital Realty ACC3 · Loudoun, VA",VA,39.019936,-77.459842,Loudoun,51107,Loudoun County,spatial_join,yes,51107,fips,
"Digital Realty ACC4 · Loudoun, VA",VA,39.017902,-77.462549,Loudoun,51107,Loudoun County,spatial_join,yes,51107,fips,
"Digital Realty ACC5 · Loudoun, VA",VA,39.020113,-77.463071,Loudoun,51107,Loudoun County,spatial_join,yes,51107,fips,
"Digital Realty ACC6 · Loudoun, VA",VA,39.021068,-77.46359,Loudoun,51107,Loudoun County,spatial_join,yes,51107,fips,
"Digital Realty ACC7 · Loudoun, VA",VA,39.017532,-77.465643,Loudoun,51107,Loudoun County,spatial_join,yes,51107,fips,
"Digital Realty ACC9 · Loudoun, VA",VA,39.015466,-77.467319,Loudoun,51107,Loudoun County,spatial_join,yes,51107,fips,
"Digital Realty Building A · Loudoun, VA",VA,39.002755,-77.481954,Loudoun,51107,Loudoun County,spatial_join,yes,51107,fips,
"Digital Realty IAD41 (Building P) · Loudoun, VA",VA,39.008677,-77.458221,Loudoun,51107,Loudoun County,spatial_join,yes,51107,fips,
"Digital Realty IAD42 · Loudoun, VA",VA,39.005719,-77.449449,Loudoun,51107,Loudoun County,spatial_join,yes,51107,fips,
"Digital Realty IAD55 · Loudoun, VA",VA,38.992269,-77.433932,Loudoun,51107,Loudoun County,spatial_join,yes,51107,fips,
"Digital Realty Northern Virginia IAD12 · Loudoun, VA",VA,39.002022,-77.483345,Loudoun,51107,Loudoun County,spatial_join,yes,51107,fips,
"Digital Realty Northern Virginia IAD14 · Loudoun, VA",VA,39.003336,-77.487093,Loudoun,51107,Loudoun County,spatial_join,yes,51107,fips,
"Digital Realty Northern Virginia IAD24 · Loudoun, VA",VA,39.004292,-77.484355,Loudoun,51107,Loudoun County,spatial_join,yes,51107,fips,
"Digital Realty Northern Virginia IAD35 · Loudoun, VA",VA,39.000511,-77.480595,Loudoun,51107,Loudoun County,spatial_join,yes,51107,fips,
"Digital Realty Northern Virginia IAD36 · Loudoun, VA",VA,39.001552,-77.479344,Loudoun,51107,Loudoun County,spatial_join,yes,51107,fips,
"Digital Realty Northern Virginia IAD37 · Loudoun, VA",VA,39.00001,-77.47807,Loudoun,51107,Loudoun County,spatial_join,yes,51107,fips,
"Digital Realty Northern Virginia IAD38 · Loudoun, VA",VA,39.00111,-77.477184,Loudoun,51107,Loudoun County,spatial_join,yes,51107,fips,
"Digital Realty Northern Virginia IAD39 · Loudoun, VA",VA,39.007718,-77.467623,Loudoun,51107,Loudoun County,spatial_join,yes,51107,fips,
"Digital Realty Northern Virginia IAD40 · Loudoun, VA",VA,39.006454,-77.467254,Loudoun,51107,Loudoun County,spatial_join,yes,51107,fips,
"Digital Realty Northern Virginia IAD44 · Loudoun, VA",VA,38.960856,-77.491432,Loudoun,51107,Loudoun County,spatial_join,yes,51107,fips,
"Digital Realty · Fairfax, VA",VA,38.910133,-77.47258,Fairfax,51059,Fairfax County,spatial_join,yes,51600,county_name,
"Element Critical VA1 · Fairfax, VA",VA,38.908367,-77.219744,Fairfax,51059,Fairfax County,spatial_join,yes,51600,county_name,
"Equinix Ashburn DC1 · Loudoun, VA",VA,39.01556,-77.460327,Loudoun,51107,Loudoun County,spatial_join,yes,51107,fips,
"Equinix Ashburn DC10 · Loudoun, VA",VA,39.021014,-77.451513,Loudoun,51107,Loudoun County,spatial_join,yes,51107,fips,
"Equinix Ashburn DC11 · Loudoun, VA",VA,39.014931,-77.458804,Loudoun,51107,Loudoun County,spatial_join,yes,51107,fips,
"Equinix Ashburn DC12 · Loudoun, VA",VA,39.023007,-77.449758,Loudoun,51107,Loudoun County,spatial_join,yes,51107,fips,
"Equinix Ashburn DC15 · Loudoun, VA",VA,39.0225,-77.450256,Loudoun,51107,Loudoun County,spatial_join,yes,51107,fips,
"Equinix Ashburn DC16 · Loudoun, VA",VA,39.024257,-77.452327,Loudoun,51107,Loudoun County,spatial_join,yes,51107,fips,
"Equinix Ashburn DC2 · Loudoun, VA",VA,39.016471,-77.459006,Loudoun,51107,Loudoun County,spatial_join,yes,51107,fips,
"Equinix Ashburn DC21 · Loudoun, VA",VA,39.011823,-77.454558,Loudoun,51107,Loudoun County,spatial_join,yes,51107,fips,
"Equinix Ashburn DC3 · Loudoun, VA",VA,39.021948,-77.460287,Loudoun,51107,Loudoun County,spatial_join,yes,51107,fips,
"Equinix Ashburn DC4 · Loudoun, VA",VA,39.016408,-77.461887,Loudoun,51107,Loudoun County,spatial_join,yes,51107,fips,
"Equinix Ashburn DC5 · Loudoun, VA",VA,39.015987,-77.461248,Loudoun,51107,Loudoun County,spatial_join,yes,51107,fips,
"Equinix Ashburn DC6 · Loudoun, VA",VA,39.015198,-77.459538,Loudoun,51107,Loudoun County,spatial_join,yes,51107,fips,
"Equinix CU2 · Culpeper, VA",VA,38.454937,-77.978187,Culpeper,51047,Culpeper County,spatial_join,yes,51047,fips,
"Equinix DC13 · Loudoun, VA",VA,39.012537,-77.475393,Loudoun,51107,Loudoun County,spatial_join,yes,51107,fips,
"Equinix DC7 · Fairfax, VA",VA,38.909139,-77.220557,Fairfax,51059,Fairfax County,spatial_join,yes,51600,county_name,
"Equinix DC97 · Fairfax, VA",VA,38.961571,-77.377423,Fairfax,51059,Fairfax County,spatial_join,yes,51600,county_name,
"Equinix · Loudoun, VA",VA,39.013792,-77.453798,Loudoun,51107,Loudoun County,spatial_join,yes,51107,fips,
"Flexential - Richmond · Henrico, VA",VA,37.64689,-77.438695,Henrico,51087,Henrico County,spatial_join,yes,51087,fips,
"GI Partners data center · Loudoun, VA",VA,39.000655,-77.43982,Loudoun,51107,Loudoun County,spatial_join,yes,51107,fips,
"Golds Gym Ashburn · Loudoun, VA",VA,39.015601,-77.483271,Loudoun,51107,Loudoun County,spatial_join,yes,51107,fips,
"Google Data Center · Loudoun, VA",VA,39.052641,-77.539577,Loudoun,51107,Loudoun County,spatial_join,yes,51107,fips,
"Google · Loudoun, VA",VA,38.943154,-77.524369,Loudoun,51107,Loudoun County,spatial_join,yes,51107,fips,
"Google · Prince William, VA #1",VA,38.774417,-77.585627,Prince William,51153,Prince William County,spatial_join,yes,51153,fips,
"Google · Prince William, VA #2",VA,38.776123,-77.582524,Prince William,51153,Prince William County,spatial_join,yes,51153,fips,
"Google · Prince William, VA #3",VA,38.779293,-77.58634,Prince William,51153,Prince William County,spatial_join,yes,51153,fips,
"Google: Arcola 2 · Loudoun, VA",VA,38.941821,-77.527429,Loudoun,51107,Loudoun County,spatial_join,yes,51107,fips,
"H5 Data Centers Ashburn · Loudoun, VA",VA,39.013675,-77.45172,Loudoun,51107,Loudoun County,spatial_join,yes,51107,fips,
"IAD1 · Fairfax, VA",VA,38.948816,-77.32941,Fairfax,51059,Fairfax County,spatial_join,yes,51600,county_name,
"Iron Mountain VA-1 · Prince William, VA",VA,38.777917,-77.547073,Prince William,51153,Prince William County,spatial_join,yes,51153,fips,
"Iron Mountain VA-2 · Prince William, VA",VA,38.777249,-77.545965,Prince William,51153,Prince William County,spatial_join,yes,51153,fips,
"Iron Mountain VA-3 · Prince William, VA",VA,38.775507,-77.5452,Prince William,51153,Prince William County,spatial_join,yes,51153,fips,
"Iron Mountain VA-4 · Prince William, VA",VA,38.774423,-77.542221,Prince William,51153,Prince William County,spatial_join,yes,51153,fips,
"Iron Mountain VA-5 · Prince William, VA",VA,38.773043,-77.541169,Prince William,51153,Prince William County,spatial_join,yes,51153,fips,
"Iron Mountain VA-6 · Prince William, VA",VA,38.768143,-77.538648,Prince William,51153,Prince William County,spatial_join,yes,51153,fips,
"Level 3 Ashburn · Loudoun, VA",VA,39.022173,-77.457595,Loudoun,51107,Loudoun County,spatial_join,yes,51107,fips,
"Lumen McLean · Fairfax, VA #1",VA,38.920021,-77.211619,Fairfax,51059,Fairfax County,spatial_join,yes,51600,county_name,
"Lumen McLean · Fairfax, VA #2",VA,38.920854,-77.211571,Fairfax,51059,Fairfax County,spatial_join,yes,51600,county_name,
"Lumos Networks · Lynchburg city, VA",VA,37.415688,-79.142706,Lynchburg city,51680,Lynchburg city,spatial_join,yes,51680,fips,
"Meta Henrico Data Center · Henrico, VA #1",VA,37.477845,-77.226455,Henrico,51087,Henrico County,spatial_join,yes,51087,fips,
"Meta Henrico Data Center · Henrico, VA #2",VA,37.481963,-77.233805,Henrico,51087,Henrico County,spatial_join,yes,51087,fips,
"Meta Henrico Data Center · Henrico, VA #3",VA,37.483928,-77.237311,Henrico,51087,Henrico County,spatial_join,yes,51087,fips,
"Microsoft Boydton Data Center · Mecklenburg, VA",VA,36.685374,-78.376553,Mecklenburg,51117,Mecklenburg County,spatial_join,yes,51117,fips,
"Microsoft Data Center 1 · Prince William, VA",VA,38.802411,-77.582379,Prince William,51153,Prince William County,spatial_join,yes,51153,fips,
"Microsoft Data Center 2 · Prince William, VA",VA,38.799956,-77.58338,Prince William,51153,Prince William County,spatial_join,yes,51153,fips,
"Microsoft IAD11 · Loudoun, VA",VA,38.948258,-77.555911,Loudoun,51107,Loudoun County,spatial_join,yes,51107,fips,
"Microsoft · Loudoun, VA #1",VA,39.074787,-77.564129,Loudoun,51107,Loudoun County,spatial_join,yes,51107,fips,
"Microsoft · Loudoun, VA #2",VA,39.075508,-77.563035,Loudoun,51107,Loudoun County,spatial_join,yes,51107,fips,
"Middletown Data Center · Frederick, VA",VA,39.017644,-78.29096,Frederick,51069,Frederick County,spatial_join,yes,51069,fips,
"NTT Ashburn VA1 Data Center · Loudoun, VA",VA,39.022764,-77.454869,Loudoun,51107,Loudoun County,spatial_join,yes,51107,fips,
"NTT Ashburn VA2 Data Center · Loudoun, VA",VA,39.02501,-77.457639,Loudoun,51107,Loudoun County,spatial_join,yes,51107,fips,
"NTT Ashburn VA3 Data Center · Loudoun, VA",VA,39.017182,-77.470376,Loudoun,51107,Loudoun County,spatial_join,yes,51107,fips,
"NTT Ashburn VA4 Data Center · Loudoun, VA",VA,39.019869,-77.472595,Loudoun,51107,Loudoun County,spatial_join,yes,51107,fips,
"NTT Ashburn VA5 Data Center · Loudoun, VA",VA,39.018296,-77.472614,Loudoun,51107,Loudoun County,spatial_join,yes,51107,fips,
"NTT Ashburn VA7 Data Center · Loudoun, VA",VA,39.016014,-77.471954,Loudoun,51107,Loudoun County,spatial_join,yes,51107,fips,
"NTT Ashburn VA8 Data Centre · Loudoun, VA",VA,39.02019,-77.475531,Loudoun,51107,Loudoun County,spatial_join,yes,51107,fips,
"NTT VA11 Data Center · Prince William, VA",VA,38.799973,-77.609964,Prince William,51153,Prince William County,spatial_join,yes,51153,fips,
"OVH US East Vint Hill · Fauquier, VA",VA,38.747445,-77.674454,Fauquier,51061,Fauquier County,spatial_join,yes,51061,fips,
"PowerHouse ABX-1 · Loudoun, VA",VA,39.019578,-77.450465,Loudoun,51107,Loudoun County,spatial_join,yes,51107,fips,
"QTS Ashburn 1 · Loudoun, VA",VA,38.999515,-77.450171,Loudoun,51107,Loudoun County,spatial_join,yes,51107,fips,
"QTS Ashburn Lockridge · Loudoun, VA #1",VA,38.995199,-77.456888,Loudoun,51107,Loudoun County,spatial_join,yes,51107,fips,
"QTS Ashburn Lockridge · Loudoun, VA #2",VA,38.995355,-77.455183,Loudoun,51107,Loudoun County,spatial_join,yes,51107,fips,
"QTS Ashburn-Shellhorn DC1 · Loudoun, VA",VA,38.998079,-77.475571,Loudoun,51107,Loudoun County,spatial_join,yes,51107,fips,
"QTS Ashburn-Shellhorn DC2 · Loudoun, VA",VA,38.998772,-77.474264,Loudoun,51107,Loudoun County,spatial_join,yes,51107,fips,
"QTS Data Centers data center · Loudoun, VA",VA,38.994637,-77.447902,Loudoun,51107,Loudoun County,spatial_join,yes,51107,fips,
"QTS Manassas DC1 · Prince William, VA #1",VA,38.752517,-77.513111,Prince William,51153,Prince William County,spatial_join,yes,51153,fips,
"QTS Manassas DC1 · Prince William, VA #2",VA,38.752551,-77.512523,Prince William,51153,Prince William County,spatial_join,yes,51153,fips,
"QTS Manassas DC2 · Prince William, VA",VA,38.753195,-77.510797,Prince William,51153,Prince William County,spatial_join,yes,51153,fips,
"QTS Manassas DC5 · Prince William, VA",VA,38.754693,-77.517447,Prince William,51153,Prince William County,spatial_join,yes,51153,fips,
"QTS Richmond Data Center · Henrico, VA",VA,37.489001,-77.245886,Henrico,51087,Henrico County,spatial_join,yes,51087,fips,
"STACK NVA01A - Northern Virginia · Loudoun, VA",VA,39.004699,-77.441764,Loudoun,51107,Loudoun County,spatial_join,yes,51107,fips,
"Sabey Intergate.Ashburn (Building A) · Loudoun, VA",VA,39.014498,-77.479988,Loudoun,51107,Loudoun County,spatial_join,yes,51107,fips,
"TikTok Data Center · Loudoun, VA",VA,39.044247,-77.537998,Loudoun,51107,Loudoun County,spatial_join,yes,51107,fips,
"Unnamed data center · Fairfax, VA #1",VA,38.750817,-77.196273,Fairfax,51059,Fairfax County,spatial_join,yes,51600,county_name,
"Unnamed data center · Fairfax, VA #2",VA,38.909245,-77.472245,Fairfax,51059,Fairfax County,spatial_join,yes,51600,county_name,
"Unnamed data center · Fairfax, VA #3",VA,38.909798,-77.473466,Fairfax,51059,Fairfax County,spatial_join,yes,51600,county_name,
"Unnamed data center · Fairfax, VA #4",VA,38.913702,-77.225838,Fairfax,51059,Fairfax County,spatial_join,yes,51600,county_name,
"Unnamed data center · Fairfax, VA #5",VA,38.921125,-77.426554,Fairfax,51059,Fairfax County,spatial_join,yes,51600,county_name,
"Unnamed data center · Fairfax, VA #6",VA,38.922692,-77.426307,Fairfax,51059,Fairfax County,spatial_join,yes,51600,county_name,
"Unnamed data center · Fairfax, VA #7",VA,38.922773,-77.427871,Fairfax,51059,Fairfax County,spatial_join,yes,51600,county_name,
"Unnamed data center · Fairfax, VA #8",VA,38.923101,-77.424979,Fairfax,51059,Fairfax County,spatial_join,yes,51600,county_name,
"Unnamed data center · Fairfax, VA #9",VA,38.936479,-77.424691,Fairfax,51059,Fairfax County,spatial_join,yes,51600,county_name,
"Unnamed data center · Fauquier, VA #1",VA,38.737213,-77.826249,Fauquier,51061,Fauquier County,spatial_join,yes,51061,fips,
"Unnamed data center · Fauquier, VA #2",VA,38.738222,-77.825806,Fauquier,51061,Fauquier County,spatial_join,yes,51061,fips,
"Unnamed data center · Loudoun, VA #1",VA,38.948017,-77.558987,Loudoun,51107,Loudoun County,spatial_join,yes,51107,fips,
"Unnamed data center · Loudoun, VA #10",VA,39.017948,-77.459474,Loudoun,51107,Loudoun County,spatial_join,yes,51107,fips,
"Unnamed data center · Loudoun, VA #11",VA,39.050608,-77.540026,Loudoun,51107,Loudoun County,spatial_join,yes,51107,fips,
"Unnamed data center · Loudoun, VA #12",VA,39.051021,-77.534749,Loudoun,51107,Loudoun County,spatial_join,yes,51107,fips,
"Unnamed data center · Loudoun, VA #13",VA,39.054122,-77.545995,Loudoun,51107,Loudoun County,spatial_join,yes,51107,fips,
"Unnamed data center · Loudoun, VA #14",VA,39.055261,-77.544822,Loudoun,51107,Loudoun County,spatial_join,yes,51107,fips,
"Unnamed data center · Loudoun, VA #15",VA,39.055994,-77.547338,Loudoun,51107,Loudoun County,spatial_join,yes,51107,fips,
"Unnamed data center · Loudoun, VA #16",VA,39.057819,-77.546733,Loudoun,51107,Loudoun County,spatial_join,yes,51107,fips,
"Unnamed data center · Loudoun, VA #17",VA,39.058427,-77.549757,Loudoun,51107,Loudoun County,spatial_join,yes,51107,fips,
"Unnamed data center · Loudoun, VA #18",VA,39.066015,-77.558569,Loudoun,51107,Loudoun County,spatial_join,yes,51107,fips,
"Unnamed data center · Loudoun, VA #19",VA,39.069647,-77.560771,Loudoun,51107,Loudoun County,spatial_join,yes,51107,fips,
"Unnamed data center · Loudoun, VA #2",VA,38.949862,-77.549509,Loudoun,51107,Loudoun County,spatial_join,yes,51107,fips,
"Unnamed data center · Loudoun, VA #20",VA,39.069654,-77.559433,Loudoun,51107,Loudoun County,spatial_join,yes,51107,fips,
"Unnamed data center · Loudoun, VA #21",VA,39.082191,-77.565112,Loudoun,51107,Loudoun County,spatial_join,yes,51107,fips,
"Unnamed data center · Loudoun, VA #3",VA,38.950065,-77.55887,Loudoun,51107,Loudoun County,spatial_join,yes,51107,fips,
"Unnamed data center · Loudoun, VA #4",VA,38.994227,-77.448189,Loudoun,51107,Loudoun County,spatial_join,yes,51107,fips,
"Unnamed data center · Loudoun, VA #5",VA,38.999113,-77.460867,Loudoun,51107,Loudoun County,spatial_join,yes,51107,fips,
"Unnamed data center · Loudoun, VA #6",VA,39.000446,-77.460774,Loudoun,51107,Loudoun County,spatial_join,yes,51107,fips,
"Unnamed data center · Loudoun, VA #7",VA,39.012027,-77.471561,Loudoun,51107,Loudoun County,spatial_join,yes,51107,fips,
"Unnamed data center · Loudoun, VA #8",VA,39.015417,-77.478273,Loudoun,51107,Loudoun County,spatial_join,yes,51107,fips,
"Unnamed data center · Loudoun, VA #9",VA,39.017102,-77.473267,Loudoun,51107,Loudoun County,spatial_join,yes,51107,fips,
"Unnamed data center · Manassas city, VA",VA,38.740436,-77.503984,Manassas city,51683,Manassas city,spatial_join,yes,51683,fips,
"Unnamed data center · Prince William, VA #1",VA,38.745959,-77.537509,Prince William,51153,Prince William County,spatial_join,yes,51153,fips,
"Unnamed data center · Prince William, VA #2",VA,38.758875,-77.516652,Prince William,51153,Prince William County,spatial_join,yes,51153,fips,
"Unnamed data center · Prince William, VA #3",VA,38.803415,-77.510577,Prince William,51153,Prince William County,spatial_join,yes,51153,fips,
"VA 4 · Prince William, VA",VA,38.778111,-77.594876,Prince William,51153,Prince William County,spatial_join,yes,51153,fips,
"VA3 · Fairfax, VA",VA,38.948464,-77.327295,Fairfax,51059,Fairfax County,spatial_join,yes,51600,county_name,
"VISA Data Center · Loudoun, VA",VA,39.048728,-77.445416,Loudoun,51107,Loudoun County,spatial_join,yes,51107,fips,
"Vantage VA11 · Loudoun, VA",VA,39.002395,-77.437661,Loudoun,51107,Loudoun County,spatial_join,yes,51107,fips,
"Vantage VA12 · Loudoun, VA",VA,39.001779,-77.438071,Loudoun,51107,Loudoun County,spatial_join,yes,51107,fips,
"Vantage VA13 · Loudoun, VA",VA,39.003108,-77.439851,Loudoun,51107,Loudoun County,spatial_join,yes,51107,fips,
"Vantage VA2 · Loudoun, VA",VA,38.997959,-77.430254,Loudoun,51107,Loudoun County,spatial_join,yes,51107,fips,
"CSSNW Bellingham · Whatcom, WA",WA,48.757268,-122.480548,Whatcom,53073,Whatcom County,spatial_join,yes,53073,fips,
"CTI Biopharma · King, WA",WA,47.617788,-122.356693,King,53033,King County,spatial_join,yes,53033,fips,
"Centeris SH1 Colocation · Pierce, WA",WA,47.160855,-122.279306,Pierce,53053,Pierce County,spatial_join,yes,53053,fips,
"Centeris SH2 Build-to-Suit · Pierce, WA",WA,47.158844,-122.279862,Pierce,53053,Pierce County,spatial_join,yes,53053,fips,
"Centersquare Lynnwood SE1 · Snohomish, WA",WA,47.841811,-122.30169,Snohomish,53061,Snohomish County,spatial_join,yes,53061,fips,
"Comcast data center · King, WA",WA,47.693324,-122.317317,King,53033,King County,spatial_join,yes,53033,fips,
"Digital Fortress Lynnwood · Snohomish, WA",WA,47.822425,-122.289561,Snohomish,53061,Snohomish County,spatial_join,yes,53061,fips,
"EAT12 · Chelan, WA",WA,47.357433,-120.159546,Chelan,53007,Chelan County,spatial_join,yes,53007,fips,
"EAT13 · Chelan, WA",WA,47.358426,-120.159976,Chelan,53007,Chelan County,spatial_join,yes,53007,fips,
"EAT14 · Chelan, WA",WA,47.359497,-120.160091,Chelan,53007,Chelan County,spatial_join,yes,53007,fips,
"Equinix SE3 Data Center · King, WA",WA,47.614423,-122.339743,King,53033,King County,spatial_join,yes,53033,fips,
"Intergate Columbia A · Douglas, WA",WA,47.408714,-120.189294,Douglas,53017,Douglas County,spatial_join,yes,53017,fips,
"Intergate Columbia B · Douglas, WA",WA,47.407164,-120.18749,Douglas,53017,Douglas County,spatial_join,yes,53017,fips,
"Intergate Columbia D · Douglas, WA",WA,47.407585,-120.191601,Douglas,53017,Douglas County,spatial_join,yes,53017,fips,
"Intergate Seattle East Building 1 · King, WA",WA,47.49486,-122.288194,King,53033,King County,spatial_join,yes,53033,fips,
"Intergate Seattle East Building 2 · King, WA",WA,47.495031,-122.29057,King,53033,King County,spatial_join,yes,53033,fips,
"Intergate Seattle East Building 3 · King, WA",WA,47.493556,-122.290302,King,53033,King County,spatial_join,yes,53033,fips,
"Intergate Seattle East Building 4 · King, WA",WA,47.493411,-122.288858,King,53033,King County,spatial_join,yes,53033,fips,
"Intergate Seattle East Building 5 · King, WA",WA,47.49192,-122.289736,King,53033,King County,spatial_join,yes,53033,fips,
"Intergate Seattle West Building A · King, WA",WA,47.492148,-122.29332,King,53033,King County,spatial_join,yes,53033,fips,
"Intergate Seattle West Building B · King, WA",WA,47.493076,-122.293684,King,53033,King County,spatial_join,yes,53033,fips,
"Intergate Seattle West Building C · King, WA",WA,47.494131,-122.294407,King,53033,King County,spatial_join,yes,53033,fips,
"Iron Mountain · Spokane, WA",WA,47.594616,-117.537148,Spokane,53063,Spokane County,spatial_join,yes,53063,fips,
"KOMO Plaza East · King, WA",WA,47.619325,-122.348153,King,53033,King County,spatial_join,yes,53033,fips,
"KOMO Plaza West · King, WA",WA,47.61892,-122.348596,King,53033,King County,spatial_join,yes,53033,fips,
"Lumen · Spokane, WA",WA,47.654226,-117.420003,Spokane,53063,Spokane County,spatial_join,yes,53063,fips,
"Microsoft EAT02 · Douglas, WA",WA,47.416868,-120.207688,Douglas,53017,Douglas County,spatial_join,yes,53017,fips,
"Microsoft EAT03 · Douglas, WA",WA,47.418324,-120.20771,Douglas,53017,Douglas County,spatial_join,yes,53017,fips,
"Microsoft EAT04 · Douglas, WA",WA,47.419637,-120.213821,Douglas,53017,Douglas County,spatial_join,yes,53017,fips,
"Microsoft · Grant, WA #1",WA,47.236722,-119.88329,Grant,53025,Grant County,spatial_join,yes,53025,fips,
"Microsoft · Grant, WA #2",WA,47.236737,-119.887476,Grant,53025,Grant County,spatial_join,yes,53025,fips,
"Microsoft · Grant, WA #3",WA,47.237628,-119.883198,Grant,53025,Grant County,spatial_join,yes,53025,fips,
"Microsoft · Grant, WA #4",WA,47.237657,-119.887573,Grant,53025,Grant County,spatial_join,yes,53025,fips,
"Microsoft · Grant, WA #5",WA,47.238575,-119.883084,Grant,53025,Grant County,spatial_join,yes,53025,fips,
"Microsoft · Grant, WA #6",WA,47.238592,-119.887412,Grant,53025,Grant County,spatial_join,yes,53025,fips,
"Microsoft · Grant, WA #7",WA,47.239479,-119.882998,Grant,53025,Grant County,spatial_join,yes,53025,fips,
"Microsoft · Grant, WA #8",WA,47.239487,-119.887407,Grant,53025,Grant County,spatial_join,yes,53025,fips,
"NTT Data Quincy · Grant, WA",WA,47.243588,-119.865712,Grant,53025,Grant County,spatial_join,yes,53025,fips,
"Norma Beach Cable Landing Station · Snohomish, WA",WA,47.864698,-122.284158,Snohomish,53061,Snohomish County,spatial_join,yes,53061,fips,
"The Seattle Times · King, WA",WA,47.618985,-122.336462,King,53033,King County,spatial_join,yes,53033,fips,
"TierPoint · Spokane, WA",WA,47.671917,-117.095935,Spokane,53063,Spokane County,spatial_join,yes,53063,fips,
"Unnamed data center · Douglas, WA #1",WA,47.391757,-120.217514,Douglas,53017,Douglas County,spatial_join,yes,53017,fips,
"Unnamed data center · Douglas, WA #2",WA,47.391759,-120.216901,Douglas,53017,Douglas County,spatial_join,yes,53017,fips,
"Unnamed data center · Douglas, WA #3",WA,47.391794,-120.217877,Douglas,53017,Douglas County,spatial_join,yes,53017,fips,
"Unnamed data center · Douglas, WA #4",WA,47.392149,-120.217462,Douglas,53017,Douglas County,spatial_join,yes,53017,fips,
"Unnamed data center · Douglas, WA #5",WA,47.407243,-120.213965,Douglas,53017,Douglas County,spatial_join,yes,53017,fips,
"Unnamed data center · Grant, WA #1",WA,47.237098,-119.895156,Grant,53025,Grant County,spatial_join,yes,53025,fips,
"Unnamed data center · Grant, WA #10",WA,47.244811,-119.817984,Grant,53025,Grant County,spatial_join,yes,53025,fips,
"Unnamed data center · Grant, WA #11",WA,47.245989,-119.828159,Grant,53025,Grant County,spatial_join,yes,53025,fips,
"Unnamed data center · Grant, WA #12",WA,47.245989,-119.82917,Grant,53025,Grant County,spatial_join,yes,53025,fips,
"Unnamed data center · Grant, WA #13",WA,47.245991,-119.829791,Grant,53025,Grant County,spatial_join,yes,53025,fips,
"Unnamed data center · Grant, WA #14",WA,47.246003,-119.827542,Grant,53025,Grant County,spatial_join,yes,53025,fips,
"Unnamed data center · Grant, WA #15",WA,47.246067,-119.828662,Grant,53025,Grant County,spatial_join,yes,53025,fips,
"Unnamed data center · Grant, WA #16",WA,47.246168,-119.815756,Grant,53025,Grant County,spatial_join,yes,53025,fips,
"Unnamed data center · Grant, WA #17",WA,47.246212,-119.813229,Grant,53025,Grant County,spatial_join,yes,53025,fips,
"Unnamed data center · Grant, WA #18",WA,47.246736,-119.828866,Grant,53025,Grant County,spatial_join,yes,53025,fips,
"Unnamed data center · Grant, WA #19",WA,47.247601,-119.825429,Grant,53025,Grant County,spatial_join,yes,53025,fips,
"Unnamed data center · Grant, WA #2",WA,47.237633,-119.864487,Grant,53025,Grant County,spatial_join,yes,53025,fips,
"Unnamed data center · Grant, WA #20",WA,47.247652,-119.813187,Grant,53025,Grant County,spatial_join,yes,53025,fips,
"Unnamed data center · Grant, WA #21",WA,47.252574,-119.819665,Grant,53025,Grant County,spatial_join,yes,53025,fips,
"Unnamed data center · Grant, WA #3",WA,47.238262,-119.859366,Grant,53025,Grant County,spatial_join,yes,53025,fips,
"Unnamed data center · Grant, WA #4",WA,47.238561,-119.864453,Grant,53025,Grant County,spatial_join,yes,53025,fips,
"Unnamed data center · Grant, WA #5",WA,47.238819,-119.859359,Grant,53025,Grant County,spatial_join,yes,53025,fips,
"Unnamed data center · Grant, WA #6",WA,47.239488,-119.859406,Grant,53025,Grant County,spatial_join,yes,53025,fips,
"Unnamed data center · Grant, WA #7",WA,47.240179,-119.863207,Grant,53025,Grant County,spatial_join,yes,53025,fips,
"Unnamed data center · Grant, WA #8",WA,47.243645,-119.869051,Grant,53025,Grant County,spatial_join,yes,53025,fips,
"Unnamed data center · Grant, WA #9",WA,47.244276,-119.814813,Grant,53025,Grant County,spatial_join,yes,53025,fips,
"Unnamed data center · Snohomish, WA",WA,47.958744,-122.191532,Snohomish,53061,Snohomish County,spatial_join,yes,53061,fips,
"Vantage WA11 · Grant, WA",WA,47.250165,-119.81449,Grant,53025,Grant County,spatial_join,yes,53025,fips,
"Vantage WA12 · Grant, WA",WA,47.253946,-119.813721,Grant,53025,Grant County,spatial_join,yes,53025,fips,
"Vantage WA13 · Grant, WA",WA,47.252528,-119.813623,Grant,53025,Grant County,spatial_join,yes,53025,fips,
"Wave Broadband Tahoma Terra Facility · Thurston, WA",WA,46.941424,-122.625044,Thurston,53067,Thurston County,spatial_join,yes,53067,fips,
"Westin Building · King, WA",WA,47.614355,-122.338864,King,53033,King County,spatial_join,yes,53033,fips,
"Central Office · Walworth, WI",WI,42.833654,-88.73398,Walworth,55127,Walworth County,spatial_join,yes,55127,fips,
"Data Holdings Data Center · Milwaukee, WI",WI,43.043941,-87.953979,Milwaukee,55079,Milwaukee County,spatial_join,yes,55079,fips,
"Degas · Beaver Dam, WI",WI,,,,,,,,,,no coordinates and no county in the record
"Epic Hosting · Verona, WI",WI,,,,,,,,,,no coordinates and no county in the record
"Expedient Milwaukee · Milwaukee, WI",WI,42.863177,-87.977858,Milwaukee,55079,Milwaukee County,spatial_join,yes,55079,fips,
"Involta data center · Calumet, WI",WI,44.204455,-88.344876,Calumet,55015,Calumet County,spatial_join,yes,55015,fips,
"Lumen Madison 1 Data Center · Dane, WI",WI,43.067716,-89.392279,Dane,55025,Dane County,spatial_join,yes,55025,fips,
"Marquette-Adams Telephone Coop · Marquette, WI",WI,43.782184,-89.574809,Marquette,55077,Marquette County,spatial_join,yes,55077,fips,
"Meta Beaver Dam Data Center · Dodge, WI",WI,43.510374,-88.816522,Dodge,55027,Dodge County,spatial_join,yes,55027,fips,
"Microsoft · Mount Pleasant, WI",WI,,,,,,,,,,no coordinates and no county in the record
"Oracle America Cloud Services · Port Washington, WI",WI,,,,,,,,,,no coordinates and no county in the record
"Pewaukee Data Center · Waukesha, WI",WI,43.051389,-88.216665,Waukesha,55133,Waukesha County,spatial_join,yes,55133,fips,
"TierPoint Milwaukee · Milwaukee, WI",WI,43.009378,-87.961062,Milwaukee,55079,Milwaukee County,spatial_join,yes,55079,fips,
"Unnamed data center · Columbia, WI",WI,43.638333,-89.721403,Columbia,55021,Columbia County,spatial_join,yes,55021,fips,
"Unnamed data center · Dane, WI",WI,43.067289,-89.436736,Dane,55025,Dane County,spatial_join,yes,55025,fips,
"Unnamed data center · Racine, WI",WI,42.675665,-87.918405,Racine,55101,Racine County,spatial_join,yes,55101,fips,
"West Wisconsin Telcom data center · Dunn, WI",WI,44.877165,-91.919999,Dunn,55033,Dunn County,spatial_join,yes,55033,fips,
"Morgan Wireless · Morgan, WV",WV,39.630985,-78.22532,Morgan,54065,Morgan County,spatial_join,yes,54065,fips,
"CYS41 Datacenter · Laramie, WY",WY,41.124393,-104.897013,Laramie,56021,Laramie County,spatial_join,yes,56021,fips,
"CYS42 Datacenter · Laramie, WY",WY,41.125383,-104.90891,Laramie,56021,Laramie County,spatial_join,yes,56021,fips,
"Meta Cheyenne Data Center · Laramie, WY",WY,41.077903,-104.825498,Laramie,56021,Laramie County,spatial_join,yes,56021,fips,
"MineOne Wyoming Data Center · Laramie, WY",WY,41.125124,-104.894984,Laramie,56021,Laramie County,spatial_join,yes,56021,fips,
"NCAR-Wyoming Supercomputing Center · Laramie, WY",WY,41.12879,-104.897487,Laramie,56021,Laramie County,spatial_join,yes,56021,fips,
"Unnamed data center · Campbell, WY",WY,44.189237,-105.61048,Campbell,56005,Campbell County,spatial_join,yes,56005,fips,
"Unnamed data center · Laramie, WY #1",WY,41.122246,-104.909517,Laramie,56021,Laramie County,spatial_join,yes,56021,fips,
"Unnamed data center · Laramie, WY #10",WY,41.12646,-104.899537,Laramie,56021,Laramie County,spatial_join,yes,56021,fips,
"Unnamed data center · Laramie, WY #2",WY,41.122266,-104.908142,Laramie,56021,Laramie County,spatial_join,yes,56021,fips,
"Unnamed data center · Laramie, WY #3",WY,41.124033,-104.898089,Laramie,56021,Laramie County,spatial_join,yes,56021,fips,
"Unnamed data center · Laramie, WY #4",WY,41.124037,-104.899269,Laramie,56021,Laramie County,spatial_join,yes,56021,fips,
"Unnamed data center · Laramie, WY #5",WY,41.125284,-104.899271,Laramie,56021,Laramie County,spatial_join,yes,56021,fips,
"Unnamed data center · Laramie, WY #6",WY,41.125287,-104.898083,Laramie,56021,Laramie County,spatial_join,yes,56021,fips,
"Unnamed data center · Laramie, WY #7",WY,41.125399,-104.907516,Laramie,56021,Laramie County,spatial_join,yes,56021,fips,
"Unnamed data center · Laramie, WY #8",WY,41.125411,-104.901978,Laramie,56021,Laramie County,spatial_join,yes,56021,fips,
"Unnamed data center · Laramie, WY #9",WY,41.126231,-104.901876,Laramie,56021,Laramie County,spatial_join,yes,56021,fips,
"Windbreak Cable · Laramie, WY",WY,41.182601,-104.068498,Laramie,56021,Laramie County,spatial_join,yes,56021,fips,
