Project Number,Registration Date,Project Name,Facility Name,Address,City,State,ZIP,County,Estimated Cost (USD),Start Date,Completion Date,Status,Tenant Name,Owner Name,Square Footage,Work Type,Private Funds from Tenant,Funding Type,Scope of Work,Design Firm,Source URL,Retrieved
EABPRJA9800080,2008-09-03,DATA CENTER FINISH OUT - SUITE 220,MIDWAY DATA CENTER,4025 MIDWAY ROAD,Carrollton,TX,75007,Dallas,300000,2008-10-01,2009-05-01,Project Closed,Not Assigned,DIGITAL REALTY TRUST,,Renovation/Alteration,Not available,"This project is privately funded, on private land for private use.",Finish out of a second floor lease space for use as a data center. Interior work only.,GOOD FULTON & FARRELL ARCHITECTS,https://www.tdlr.texas.gov/TABS/Search/Project/EABPRJA9800080,2026-09-26
EABPRJA9800883,2008-09-16,HP AUSTIN CONSOLIDATION,HP FREESCALE DATA CENTER,3301 HIBBETS RD,Austin,TX,78725,Travis,600000,2008-10-01,2008-12-01,Project Closed,Not Assigned,HEWLETT PACKARD,,Renovation/Alteration,Not available,"This project is privately funded, on private land for private use.",4.1.6 Renovation/Alteration of existing storage & work areas,PAGE SOUTHERLAND PAGE LLP,https://www.tdlr.texas.gov/TABS/Search/Project/EABPRJA9800883,2026-09-26
EABPRJA9802806,2008-10-20,DLR MARSH LANE DATA CENTER STE. 120,DLR MARSH LANE DATA CENTER,2440 MARSH LANE,Carrollton,TX,75006,Dallas,5000000,2008-10-01,2009-01-01,Project Closed,Not Assigned,DIGITAL REALTY TRUST,,Renovation/Alteration,Not available,"This project is privately funded, on private land for private use.",Renovation of shell building space to a data center.,CORGAN ASSOCIATES,https://www.tdlr.texas.gov/TABS/Search/Project/EABPRJA9802806,2026-09-26
EABPRJA9803234,2008-10-27,IBC TESORO DATA CENTER REMODEL,IBC,8770 TESORO DR,San Antonio,TX,78217,Bexar,275000,2008-11-01,2009-07-01,Project Closed,Not Assigned,IBC,,Renovation/Alteration,Not available,"This project is privately funded, on private land for private use.",Interior Remodel,WKMC ARCHITECTS INC,https://www.tdlr.texas.gov/TABS/Search/Project/EABPRJA9803234,2026-09-26
EABPRJA9803328,2008-10-28,CAPITAL GROUP - DATA CENTER,HIGHPOINT TOWERS,"8415 DATAPOINT, STE B-400",San Antonio,TX,78229,Bexar,150000,2008-11-01,2009-01-01,Project Closed,Not Assigned,HIGHPOINT TOWERS LLC,,Renovation/Alteration,Not available,"This project involves public funds, public land, or is a Federally funded roadway project.",Interior Finish out for Data Center,REHLER VAUGHN & KOONE INC.,https://www.tdlr.texas.gov/TABS/Search/Project/EABPRJA9803328,2026-09-26
EABPRJA9803739,2008-11-05,CBEYOND DATA CENTER EXPANSION,INFORMART,1950 STEMMONS FREEWAY Suite 3010,Dallas,TX,75207,Dallas,2000000,2008-11-01,2009-02-01,Project Closed,Not Assigned,DCI TECH INFOMART L.P.,,Renovation/Alteration,Not available,"This project is privately funded, on private land for private use.",Renovation to an existing space within an existing building.,WADDILL GROUP,https://www.tdlr.texas.gov/TABS/Search/Project/EABPRJA9803739,2026-09-26
EABPRJA9804301,2008-11-17,DLR MARSH LANE DATA CENTER STE. 110,DLR MARSH LANE DATA CENTER,2440 MARSH LANE,Carrollton,TX,75006,Dallas,5000000,2008-12-01,2009-04-01,Project Closed,Not Assigned,DIGITAL REALTY TRUST,,Renovation/Alteration,Not available,"This project is privately funded, on private land for private use.",renovation of shell building space to data center.,CORGAN ASSOCIATES,https://www.tdlr.texas.gov/TABS/Search/Project/EABPRJA9804301,2026-09-26
EABPRJA9804671,2008-11-24,A NEW DATA CENTER FOR DFW AIRPORT,VERIZON CENTRAL OFFICE,2740 SOUTH SERVICE ROAD,Dfw Airport,TX,75261,Dallas,8600000,2009-01-01,2009-08-01,Project Closed,Not Assigned,VERIZON TELECOMMUNICATIONS,,Renovation/Alteration,Not available,"This project is privately funded, on private land for private use.",Construct new Data Center on 3rd floor of existing telecommunications facility; including new standby generator,WTA INC. CONSULTING ENGINEERS,https://www.tdlr.texas.gov/TABS/Search/Project/EABPRJA9804671,2026-09-26
EABPRJA9804907,2008-12-01,DATA CENTER INTERIOR RENOVATION,COMPUTING CENTER,7701 LEGACY DRIVE,Plano,TX,75024,Collin,450000,2008-12-01,2009-04-01,Project Closed,Not Assigned,PEPSICO,,Renovation/Alteration,Not available,"This project is privately funded, on private land for private use.",Interior renovation.BI/ VAR175,NELSON,https://www.tdlr.texas.gov/TABS/Search/Project/EABPRJA9804907,2026-09-26
EABPRJA9805421,2008-12-16,"DLR MARSH LANE CENTER, STE. 100",DLR MARSH LANE DATA CENTER,2440 MARSH LANE,Carrollton,TX,75006,Dallas,75000,2009-01-01,2009-03-01,Project Closed,Not Assigned,DIGITAL REALTY TRUST,,Renovation/Alteration,Not available,"This project is privately funded, on private land for private use.",Renovation of shell building space to office.,CORGAN ASSOCIATES,https://www.tdlr.texas.gov/TABS/Search/Project/EABPRJA9805421,2026-09-26
EABPRJA9805942,2008-12-19,TDA CARROLLTON DATA CENTER OFFICES,DLR,2440 MARSH LANE,Carrollton,TX,75006,Dallas,120000,2009-01-01,2009-04-01,Project Closed,Not Assigned,DIGITAL REALTY TRUST,,Renovation/Alteration,Not available,"This project is privately funded, on private land for private use.",Renovation to exist office and support spaces for the data center.,MPI ARCHITECTS,https://www.tdlr.texas.gov/TABS/Search/Project/EABPRJA9805942,2026-09-26
EABPRJA9806998,2009-01-19,CISCO DRT DATA CENTER,DLR SUITE 130,2440 MARSH LANE,Carrollton,TX,75006,Dallas,145000,2009-02-01,2009-05-01,Project Closed,Not Assigned,DIGITAL REALTY TRUST,,Renovation/Alteration,Not available,"This project is privately funded, on private land for private use.",Renovation of non-accessible data equipment room and work room.,CORGAN ASSOCIATES,https://www.tdlr.texas.gov/TABS/Search/Project/EABPRJA9806998,2026-09-26
EABPRJA9807587,2009-02-02,CAPITAL GROUP - DATA CENTER EXPANSION,CAPITAL GROUP - DATA CENTER EXPANSION,3500 WISEMAN BLVD.,San Antonio,TX,78251,Bexar,4600000,2009-04-01,2011-12-31,Project Closed,Not Assigned,"CAPITAL GROUP COMPANIES INC., THE",,Renovation/Alteration,Not available,"This project is privately funded, on private land for private use.",Expansion of Data Center and Office Remodel,REHLER VAUGHN & KOONE INC.,https://www.tdlr.texas.gov/TABS/Search/Project/EABPRJA9807587,2026-09-26
EABPRJA9808867,2009-02-27,U. OF TEXAS DATA CENTER @ CRB,CENTRAL RECEIVING BUILDING AT U. TEXAS,2200 COMAL STREET,Austin,TX,78722,Travis,23000000,2009-07-01,2010-04-01,Project Closed,Not Assigned,UNIVERSITY OF TEXAS AT AUSTIN,,Renovation/Alteration,Not available,"This project is privately funded, on private land for private use.",Partial renovation of exisiting warehouse.VAR175 VAR175,PAGE SOUTHERLAND PAGE,https://www.tdlr.texas.gov/TABS/Search/Project/EABPRJA9808867,2026-09-26
EABPRJA9811432,2009-04-27,DLR MARSH LANE DATA CENTER STE. 140,DLR MARSH LANE DATA CENTER,2440 MARSH LANE,Carrollton,TX,75006,Dallas,5000000,2009-05-01,2009-11-01,Project Closed,Not Assigned,DIGITAL REALTY TRUST,,Renovation/Alteration,Not available,"This project is privately funded, on private land for private use.",Renovation of shell building space to date center.,CORGAN ASSOCIATES,https://www.tdlr.texas.gov/TABS/Search/Project/EABPRJA9811432,2026-09-26
EABPRJA9812035,2009-05-08,WACO DATA CENTER,WACO DATA CENTER,700 AUSTIN AVE,Waco,TX,76701,McLennan,750000,2009-05-01,2009-12-01,Inspection Complete,Not Assigned,FARSITE PROPERTIES,,Renovation/Alteration,Not available,"This project is privately funded, on private land for private use.",General office renovation,PAUL KITE COMPANY,https://www.tdlr.texas.gov/TABS/Search/Project/EABPRJA9812035,2026-09-26
EABPRJA9813954,2009-06-18,ATMOS DATA CENTER,ATMOS DATA CENTER,4500 GREENVILLE AVE.,Dallas,TX,75221,Dallas,7515802,2009-06-01,2009-12-01,Project Closed,Not Assigned,ATMOS ENERGY,,Renovation/Alteration,Not available,"This project is privately funded, on private land for private use.",Renovation of existing data facility.,CORGAN ASSOCIATES,https://www.tdlr.texas.gov/TABS/Search/Project/EABPRJA9813954,2026-09-26
EABPRJA9814318,2009-06-26,REALPAGE DATA CENTER,4120 INTERNATIONAL PARKWAY,"4120 INTERNATIONAL PARKWAY 1st floor, Data Center",Carrollton,TX,75007,Dallas,104000,2009-06-01,2009-09-01,Project Closed,Not Assigned,BILLINGSLEY,,Renovation/Alteration,Not available,"This project is privately funded, on private land for private use.",Remodel of Data Center,ERIN STONE,https://www.tdlr.texas.gov/TABS/Search/Project/EABPRJA9814318,2026-09-26
EABPRJA9814534,2009-07-06,EXXONMOBIL HOUSTON DATA CENTER EXPANSION,1301 FANNIN BUILDING,1301 FANNIN SUITE 725,Houston,TX,77002,Harris,5000000,2009-07-01,2010-01-01,Project Closed,Not Assigned,UCM/GP 1301 FANNIN L.P.,,Renovation/Alteration,Not available,"This project is privately funded, on private land for private use.",tennant leasehold fitout for data and MEP equipment spaces. No restrooms or building core are part of this proj,PLANNIN DESIGN RESEARCH CORP,https://www.tdlr.texas.gov/TABS/Search/Project/EABPRJA9814534,2026-09-26
EABPRJA9814652,2009-07-07,"DATA CENTER, PHASE II",BUILDING 'K',2300 W. PLANO PARKWAY,Plano,TX,75075,Collin,22000000,2009-08-01,2010-01-01,Project Closed,Not Assigned,PEROT SYSTEMS,,Renovation/Alteration,Not available,"This project is privately funded, on private land for private use.","16,485sf addition of raised floor area to existing 2nd floor data center and build out associated mechanical, el",PARSONS CORP.,https://www.tdlr.texas.gov/TABS/Search/Project/EABPRJA9814652,2026-09-26
EABPRJA9815580,2009-07-29,TW TELECOM DATA CENTER,EMPIRE CENTRAL BUILDING,7060 EMPIRE CENTRAL,Houston,TX,77040,Harris,1000000,2009-08-01,2010-02-01,Project Closed,Not Assigned,TW TELECOM,,Renovation/Alteration,Not available,"This project is privately funded, on private land for private use.","3,000 sf data center build out; 1,000 sf training room;MISC. RECEPTION, SECURITY AND OFFICE AREAS RV380",EVOLVE CONSULTING GROUP,https://www.tdlr.texas.gov/TABS/Search/Project/EABPRJA9815580,2026-09-26
EABPRJA9816262,2009-08-13,DATABANK - FIRST FLOOR DATA CENTER,DATABANK,400 S AKARD ST,Dallas,TX,75202,Dallas,100000,2009-08-01,2010-03-01,Project Closed,Not Assigned,DALLAS EXCHANGE,,Renovation/Alteration,Not available,"This project is privately funded, on private land for private use.",Interior finish out for a data center.,GOOD FULTON & FARRELL ARCHITECTS,https://www.tdlr.texas.gov/TABS/Search/Project/EABPRJA9816262,2026-09-26
EABPRJA9816386,2009-08-17,DALLAS DATA CENTER EXPANSION,DALLAS DATA CENTER,2993 IRVING BLVD. BUILDING B-3,Dallas,TX,75247,Dallas,9500000,2009-09-01,2010-03-01,Project Closed,Not Assigned,EXXONMOBIL,,Renovation/Alteration,Not available,"This project is privately funded, on private land for private use.","Data Hall expansion within an existing building(approx.11,500sf)",PLANNING DESIGN RESEARCH CORPORATION,https://www.tdlr.texas.gov/TABS/Search/Project/EABPRJA9816386,2026-09-26
EABPRJB0800328,2009-09-09,DART SECONDARY DATA CENTER,PITTMAN ATRIUM TOWER,1255 W.15TH STREET Suite 570,Plano,TX,75075,Collin,150000,2009-09-01,2010-01-01,Project Closed,Not Assigned,NORTH CENTRAL TOWER LP,,Renovation/Alteration,Not available,"This project is privately funded, on private land for private use.",Finish out existing data center into a smaller computerroom for use as a secndary data center.,CHR SOLUTIONS INC.,https://www.tdlr.texas.gov/TABS/Search/Project/EABPRJB0800328,2026-09-26
EABPRJB0802199,2009-10-21,CISCO SYSTEMS DATA CENTER,CISCO SYSTEMS DATA CENTER,2260 CHELSEA BLVD.,Allen,TX,75013,Collin,85000000,2009-10-01,2010-08-01,Project Closed,Not Assigned,CISCO SYSTEMS INC.,,New Construction,Not available,"This project is privately funded, on private land for private use.","New construction of 162,000 sf data center.",CORGAN ASSCOCIATES,https://www.tdlr.texas.gov/TABS/Search/Project/EABPRJB0802199,2026-09-26
EABPRJB0804905,2009-12-22,LOWES DATA CENTER 10K EXPANSION,LOWES DATA CENTER,3822 ROGERS RUN,San Antonio,TX,78251,Bexar,200000,2010-01-01,2010-04-01,Project Closed,Not Assigned,LOWE'S HOME CENTERS INC,,Renovation/Alteration,Not available,"This project is privately funded, on private land for private use.",Interior Finish-out in a new shell building.,CARSON DESIGN ASSOCIATES,https://www.tdlr.texas.gov/TABS/Search/Project/EABPRJB0804905,2026-09-26
EABPRJB0805296,2010-01-12,SAXON MORTGAGE DATA CENTER RENOVATION,MERCANTILE CENTER,4718 MERCANTILE DRIVE,Fort Worth,TX,76137,Tarrant,164000,2010-02-01,2010-08-01,Project Closed,Not Assigned,MERCANTILE PARTNERS LP.,,Renovation/Alteration,Not available,"This project is privately funded, on private land for private use.","MISC. PARTITION MDFCTNS,RELOCATE EXSTNG A/C, REWORK PWRDISTRIBUTION IN DATA CENTER. RV250 IN350",FACILITY SUPPORT INC.,https://www.tdlr.texas.gov/TABS/Search/Project/EABPRJB0805296,2026-09-26
EABPRJB0805725,2010-01-18,HCL DATA CENTER RENOVATION,HCL DATA CENTER,2947 EXECUTIVE BLVD.,Mesquite,TX,75149,Dallas,350000,2010-01-01,2010-04-01,Project Closed,Not Assigned,EFH CG HOLDINGS COMPANY LP,,Renovation/Alteration,Not available,"This project is privately funded, on private land for private use.",Renovation of approximately 6000 SF of existing office space and conversion to computer room space. Creation of,CORFT & ASSOCIATES PC,https://www.tdlr.texas.gov/TABS/Search/Project/EABPRJB0805725,2026-09-26
EABPRJB0806043,2010-01-25,DLR MARSH LANE DATA CENTER-SUITE 120 GEN,DLR MARSH LANE DATA CENTER,2440 MARSH LANE,Carrollton,TX,75006,Dallas,100000,2010-01-01,2010-04-01,Project Closed,Not Assigned,DIGITAL REALTY TRUST,,Renovation/Alteration,Not available,"This project is privately funded, on private land for private use.",This project will add an additional redundant generatorto an operational data center. This includes a foundati,CORGAN ASSOCIATES INC.,https://www.tdlr.texas.gov/TABS/Search/Project/EABPRJB0806043,2026-09-26
EABPRJB0806106,2010-01-26,GSA TIMPO DATA CENTER,BANK OF AMERICAN PLAZA,300 CONVENT,San Antonio,TX,78205,Bexar,5000000,2010-02-01,2010-06-01,Project Closed,Not Assigned,TALCOTT II ALAMO LIMITED PARTNERSHIP,,Renovation/Alteration,Not available,"This project is privately funded, on private land for private use.",renovation of 3rd floor existing office space into a computer server room and 1st floor garage level existing dr,CARSON DESIGN ASSOCIATES,https://www.tdlr.texas.gov/TABS/Search/Project/EABPRJB0806106,2026-09-26
EABPRJB0807292,2010-02-23,ADVANCED MICRO DEVICES/DATA CENTER B3,ADVANCED MICRO DEVICES/DATA CENTER B3,"5900 E BEN WHIE BLVD, BLDG B-3",Austin,TX,78741,Travis,280000,2010-02-01,2010-06-01,Project Closed,Not Assigned,ADVANCED MICRO DEVICES,,Renovation/Alteration,Not available,"This project is privately funded, on private land for private use.",Renovation of existing space,AO3 INC,https://www.tdlr.texas.gov/TABS/Search/Project/EABPRJB0807292,2026-09-26
EABPRJB0807946,2010-03-09,DLR - SUITE 120 OFFICE RENOVATION,DLR MARSH LANE DATA CENTER,2440 MARSH LN,Carrollton,TX,75006,Dallas,80000,2010-03-01,2010-06-01,Project Closed,Not Assigned,DIGITAL REALTY TRUST,,Renovation/Alteration,Not available,"This project is privately funded, on private land for private use.",Office finish out for shell space,CORGAN ASSOCIATES INC,https://www.tdlr.texas.gov/TABS/Search/Project/EABPRJB0807946,2026-09-26
EABPRJB0808364,2010-03-17,LE CORDON BLEU,DALLAS DATA CENTER,11830 WEBB CHAPEL ROAD suite 1200,Dallas,TX,75234,Dallas,51000,2010-05-01,2010-08-30,Project Closed,Not Assigned,DIGITAL REALTY TRUST,,Renovation/Alteration,Not available,"This project is privately funded, on private land for private use.","Tenant improvement of roughly 1200 square feet. scope ofwork is: replacing kitchen equipment with new, 1 new ki",VALERIO DEWALT TRAIN,https://www.tdlr.texas.gov/TABS/Search/Project/EABPRJB0808364,2026-09-26
EABPRJB0808569,2010-03-23,UNITRIN SHADOW DATA CENTER,TOWERS AT PARK CENTRAL,12790 MERIT DRIVE SUITE 101,Dallas,TX,75251,Dallas,2000000,2010-04-01,2010-07-01,Project Closed,Not Assigned,PARMENTER REALTY PARTNERS,,Renovation/Alteration,Not available,"This project is privately funded, on private land for private use.",INTERIOR FINISHOUT OF DATA CENTER AND SUPPORTING OFFICE.,STAFFELBACH INC.,https://www.tdlr.texas.gov/TABS/Search/Project/EABPRJB0808569,2026-09-26
EABPRJB0808661,2010-03-24,ENTERPRISE PRODUCTS PARTNERS-DATA CENTER,WEST POINTE CENTER,9420 WEST SAM HOUSTON PKWY N,Houston,TX,77040,Harris,1206000,2010-05-01,2010-12-01,Project Closed,Not Assigned,ROB JOHNSON,,New Construction,Not available,"This project is privately funded, on private land for private use.",New Interior Construction to Existing Tilt-Wall Construction.,ZIEGLER COOPER ARCHITECTS,https://www.tdlr.texas.gov/TABS/Search/Project/EABPRJB0808661,2026-09-26
EABPRJB0808669,2010-03-24,MANSFIELD ISD DATA CENTER RENOVATIONS,DATA CENTER,1522 NORTH WALNUT CREEK,Mansfield,TX,76063,Tarrant,320000,2010-05-01,2011-03-31,Project Closed,Not Assigned,MANSFIELD ISD,,Renovation/Alteration,Not available,"This project involves public funds, public land, or is a Federally funded roadway project.",Data center renovations.,HUCKABEE & ASSOCIATES INC.,https://www.tdlr.texas.gov/TABS/Search/Project/EABPRJB0808669,2026-09-26
EABPRJB0808880,2010-03-29,DATA CENTER EXPANSION,METCENTER 8,7401-1 EAST BEN WHITE BLVD,Austin,TX,78744,Travis,6599355,2010-04-01,2010-09-01,Project Closed,Not Assigned,TRANSWESTERN,,Renovation/Alteration,Not available,"This project is privately funded, on private land for private use.",Renovation of existing data center space.,GENSLER,https://www.tdlr.texas.gov/TABS/Search/Project/EABPRJB0808880,2026-09-26
EABPRJB0808970,2010-03-31,FARM CRECIT BANK DATA CENTER RENOVATION,FARM CREDIT BANK,4801 PLAZA ON THE LAKE DR,Austin,TX,78746,Travis,210000,2010-04-01,2010-08-01,Project Closed,Not Assigned,FARM CREDIT BANK OF TEXAS,,Renovation/Alteration,Not available,"This project is privately funded, on private land for private use.",partition wall and door addition to existing data room on 2nd floor of existing office building,FATTER & EVANS ARCHITECTS,https://www.tdlr.texas.gov/TABS/Search/Project/EABPRJB0808970,2026-09-26
EABPRJB0809253,2010-04-07,NOKIA SIEMENS NETWORKS DATA CENTER 1W,NOKIA SIEMENS NETWORKS,6000 CONNECTION DRIVE,Irving,TX,75039,Dallas,400000,2010-06-01,2010-08-01,Project Closed,Not Assigned,DIVIDEND CAPITAL TOTAL REALTY TRUST,,Renovation/Alteration,Not available,"This project is privately funded, on private land for private use.","Work includes renovation to tenants lease space on floor1 W, data center and associated office space.",GENSLER,https://www.tdlr.texas.gov/TABS/Search/Project/EABPRJB0809253,2026-09-26
EABPRJB0810703,2010-05-07,LONE STAR COLLEGE DATA CENTER,CCA-11,20515 SH 249,Houston,TX,77070,Harris,500000,2010-05-01,2010-09-01,Project Closed,Not Assigned,LONE STAR COLLEGE SYSTEM,,Renovation/Alteration,Not available,"This project is privately funded, on private land for private use.",Install new infrastructure equipment for new campus datacenter.,EVOLVE CONSULTING GROUP,https://www.tdlr.texas.gov/TABS/Search/Project/EABPRJB0810703,2026-09-26
EABPRJB0811418,2010-05-21,UTSW DATA CENTER,BASS CENTER,6333 FORREST PARK LANE,Dallas,TX,75390,Dallas,10000000,2010-04-01,2010-09-01,Project Closed,Not Assigned,UT SOUTHWESTERN,,Renovation/Alteration,Not available,"This project is privately funded, on private land for private use.",Renovation of existing data center,CORGAN ASSOCIATES,https://www.tdlr.texas.gov/TABS/Search/Project/EABPRJB0811418,2026-09-26
EABPRJB0811484,2010-05-24,NISD RICHLAND HILLS DATA CENTER,607 RICHLAND HILLS DRIVE,607 RICHLAND HILLS DR.,San Antonio,TX,78254,Bexar,1215000,2010-07-01,2011-01-01,Project Closed,Not Assigned,NORTHSIDE INDEPENDENT SCHOOL DISTRICT,,Renovation/Alteration,Not available,"This project involves public funds, public land, or is a Federally funded roadway project.",Renovation of existing approximate 2600 SF Data Center to increase system redundancy and reliability. Single Dat,ENERGY SYSTEMS ASSOCIATES,https://www.tdlr.texas.gov/TABS/Search/Project/EABPRJB0811484,2026-09-26
EABPRJB0812066,2010-06-07,INTERNAP 11TH FL. DATA CTR. PHASE 1 EXP.,INTERNAP DATA CENTER,1301 FANNIN,Houston,TX,77002,Harris,525000,2010-06-01,2010-08-01,Project Closed,Not Assigned,GRIFFIN PARTNERS INC.,,Renovation/Alteration,Not available,"This project is privately funded, on private land for private use.",Renovation of an existing space in suite 1150 to be usedAS A COLOCATION DATA CENTER. RV380,BICK GROUP,https://www.tdlr.texas.gov/TABS/Search/Project/EABPRJB0812066,2026-09-26
EABPRJB0813156,2010-06-29,MICRON DATA CENTER,MICRON DATA CENTER,805 CENTRAL EXPRESSWAY Suite 118,Allen,TX,75013,Collin,100000,2010-06-01,2010-09-01,Project Closed,Not Assigned,WERELDHAVE MANAGEMENT USA,,Renovation/Alteration,Not available,"This project is privately funded, on private land for private use.","2,000 square foot data center of tenant space",STEPHENS MARKS ARCHITECTS,https://www.tdlr.texas.gov/TABS/Search/Project/EABPRJB0813156,2026-09-26
EABPRJB0815770,2010-08-25,LANDMARK DATA CENTER,GLOBAL GEOPHYSICAL,13927 S GESSNER,Missouri City,TX,77489,Fort Bend,620000,2010-09-01,2010-11-01,Project Closed,Not Assigned,GLOBAL GEOPHYSICAL,,Renovation/Alteration,Not available,"This project is privately funded, on private land for private use.",Installation of Data Center and assoicated HVAC and electrical infrastructure,HOK,https://www.tdlr.texas.gov/TABS/Search/Project/EABPRJB0815770,2026-09-26
EABPRJB1801377,2010-09-30,4200 LEELAND DATA CENTER MODIFICATIONS,COH PUBLIC WORKS AND ENGINEERING BLDG,4200 LEELAND STREET,Houston,TX,77023,Harris,200000,2010-11-01,2011-06-30,Project Closed,Not Assigned,COH PUBLIC WORKS AND ENGINEERING,,Renovation/Alteration,Not available,"This project involves public funds, public land, or is a Federally funded roadway project.","The scope of work consists of the removal and addition of partitions, replacement of raised flooring and ceiling",BRAVE/ARCHITECTURE,https://www.tdlr.texas.gov/TABS/Search/Project/EABPRJB1801377,2026-09-26
EABPRJB1802285,2010-10-20,WACO DATA CENTER,WACO DATA CENTER,700 AUSTIN AVE,Waco,TX,76701,McLennan,150000,2010-11-01,2011-01-01,Project Closed,Not Assigned,PKCV WACO DATA PARTNERS LLC,,Renovation/Alteration,Not available,"This project is privately funded, on private land for private use.",ist Floor renovations,LAMSON & CONDON INC,https://www.tdlr.texas.gov/TABS/Search/Project/EABPRJB1802285,2026-09-26
EABPRJB1802461,2010-10-22,VOL EXPANSION PHASE 3,VALWOOD DATA CENTER,2001 WESTGATE DRIVE,Carrollton,TX,75006,Dallas,400000,2010-10-01,2010-12-01,Project Closed,Not Assigned,CCD CARROLLTON LLC,,Renovation/Alteration,Not available,"This project is privately funded, on private land for private use.","Preparatory work for 2011 construction project - interior improvements including restroom, ramp & entry and temp",WTA INC.,https://www.tdlr.texas.gov/TABS/Search/Project/EABPRJB1802461,2026-09-26
EABPRJB1802973,2010-11-03,TELX FIRST FLOOR DATA CENTER,8435 STEMMONS,8435 NORTH STEMMONS FREEWAY,Dallas,TX,75247,Dallas,1100000,2010-11-01,2011-03-01,Project Closed,Not Assigned,TELX,,Renovation/Alteration,Not available,"This project is privately funded, on private land for private use.","renovation of approximately 5,700 square feet of existing data floor space on first floor.",CORGAN,https://www.tdlr.texas.gov/TABS/Search/Project/EABPRJB1802973,2026-09-26
EABPRJB1803202,2010-11-08,DLR ALPHA ROAD STE 110,DLR ALPHA ROAD DATA CENTER,4349 ALPHA RD,Farmers Branch,TX,75244,Dallas,5000000,2010-11-01,2011-04-01,Project Closed,Not Assigned,DIGITAL REALTY TRUST,,Renovation/Alteration,Not available,"This project is privately funded, on private land for private use.",Conversion of first floor office space in to data centerspace.,CORGAN ASSOCIATES,https://www.tdlr.texas.gov/TABS/Search/Project/EABPRJB1803202,2026-09-26
EABPRJB1804436,2010-12-07,AIG COMPUTER LAB,AIGGS DATA CENTER,13701 INDEPENDENCE PARKWAY,Fort Worth,TX,76177,Tarrant,120000,2010-12-01,2010-12-01,Project Closed,Not Assigned,EASTGREEN INC.,,Renovation/Alteration,Not available,"This project is privately funded, on private land for private use.",remodel of existing office space.,INTERPRISE DESIGN,https://www.tdlr.texas.gov/TABS/Search/Project/EABPRJB1804436,2026-09-26
EABPRJB1805256,2010-12-23,HCA FT WORTH RENOVATION-DATA CENTER,HCA FT WORTH DATA CENTER,4160 INTERNATIONAL PLAZA,Fort Worth,TX,76109,Tarrant,5000000,2011-01-01,2011-05-01,Project Closed,Not Assigned,HOLT LUNSFORD,,Renovation/Alteration,Not available,"This project is privately funded, on private land for private use.",Renovation and installation of new equipment for data center,PME/PHILL MUDD ENGINEERING LLC,https://www.tdlr.texas.gov/TABS/Search/Project/EABPRJB1805256,2026-09-26
EABPRJB1806350,2011-01-24,GTECH BACK UP DATA CENTER,CROSSWINDS,"11827 TECH COM RD. Bldg D, Ste 210",San Antonio,TX,78233,Bexar,700000,2011-01-01,2011-08-01,Project Closed,Not Assigned,WEINGARTEN REALTY,,Renovation/Alteration,Not available,"This project is privately funded, on private land for private use.",4.1.6 Renovation Alteration of existing lease space,KAMPFE DE STIJL,https://www.tdlr.texas.gov/TABS/Search/Project/EABPRJB1806350,2026-09-26
EABPRJB1806826,2011-02-03,N. FREEWAY DATA CENTER,DIGITAL REALTY TRUST,12031 N. FREEWAY,Houston,TX,77067,Harris,10000000,2011-02-01,2011-06-01,Project Closed,Not Assigned,DIGITAL REALTY TRUST,,Renovation/Alteration,Not available,"This project is privately funded, on private land for private use.",Renovation of a former call center space into a data center.,M. ARTHUR GENSLER,https://www.tdlr.texas.gov/TABS/Search/Project/EABPRJB1806826,2026-09-26
EABPRJB1807706,2011-02-22,PATRIOT BANK DATA CENTER BUILD OUT,PATRIOT BANK DATA CENTER,7500 SAN FELIPE Suite 345,Houston,TX,77063,Harris,239677,2011-02-01,2011-04-01,Project Closed,Not Assigned,SAN VOSS PROPERTIES LP,,Renovation/Alteration,Not available,"This project is privately funded, on private land for private use.",build out of existing 600 sf to become a data center,EVOLVE CONSULTING GROUP,https://www.tdlr.texas.gov/TABS/Search/Project/EABPRJB1807706,2026-09-26
EABPRJB1807838,2011-02-24,MHMRTC DATA CENTER FINISH-OUT,TARRANT COUNTY PLAZA,200 TAYLOR ST SECOND FLOOR,Fort Worth,TX,76102,Tarrant,250000,2011-04-01,2011-09-01,Project Closed,Not Assigned,TARRANT COUNTY,,Renovation/Alteration,Not available,"This project involves public funds, public land, or is a Federally funded roadway project.","RENOVATION OF 2,950 SF OF EXISTING SPACE TO PREPARE FORUSE AS DATA PROCESSING EQUIPMENT SUITE.",JACOBS ENGINEERING GROUP,https://www.tdlr.texas.gov/TABS/Search/Project/EABPRJB1807838,2026-09-26
EABPRJB1808214,2011-03-04,BUMC-DATA CENTER IMPROVEMENTS,BUMC MAIN STREET ANNEX,125 N. WASHINGTON,Dallas,TX,75246,Dallas,150000,2011-04-01,2012-07-09,Project Closed,Not Assigned,BAYLOR HEALTHCARE SYSTEM; JEFF COKER,,Renovation/Alteration,Not available,"This project is privately funded, on private land for private use.",Renovate existing Data Center.,HDR ARCHITECTURE INC.,https://www.tdlr.texas.gov/TABS/Search/Project/EABPRJB1808214,2026-09-26
EABPRJB1809776,2011-03-31,POLYCOM DATA CENTER,BUILDING C,7700 W. PARMER LANE Bldg C,Austin,TX,78729,Travis,250000,2011-04-01,2011-08-01,Project Closed,Not Assigned,SPEER STREET CAPITAL C/O CUSHMAN WAKEFIE,,Renovation/Alteration,Not available,"This project is privately funded, on private land for private use.","4.1.6 Renovation Alteration for Data Center and new corridor, total work is 5,000 sf.",STUDIO 8 ARCHITECTS,https://www.tdlr.texas.gov/TABS/Search/Project/EABPRJB1809776,2026-09-26
EABPRJB1809965,2011-04-06,SOUTHERN UNION ARDMORE,SOUTHERN UNION DATA CENTER,7210 ARDMORE,Houston,TX,77054,Harris,75000,2011-04-01,2011-06-01,Project Closed,Not Assigned,ENERGY TRANSFER DATA CENTER,,Renovation/Alteration,Not available,"This project is privately funded, on private land for private use.","Renovation of existing kitchen and office, re-paint entire exterior, and renovate existing restrooms with ADA mo",GENSLER,https://www.tdlr.texas.gov/TABS/Search/Project/EABPRJB1809965,2026-09-26
EABPRJB1810490,2011-04-14,ARMC DATA CENTER EXPANSION,ABILENE REGIONAL MEDICAL CENTER,6250 US HIGHWAY 83-84,Abilene,TX,79606,Taylor,250000,2011-05-01,2011-08-01,Project Closed,Not Assigned,ABILENE REGIONAL MEDICAL CENTER,,Renovation/Alteration,Not available,"This project is privately funded, on private land for private use.",600 sf of IT/Data center expansion,ASCENSION GROUP ARCHITECTS,https://www.tdlr.texas.gov/TABS/Search/Project/EABPRJB1810490,2026-09-26
EABPRJB1811088,2011-04-26,BBVA DATA CENTER AUSTIN,AUSTIN CENTRE,"704 BRAZOS, STE. 410",Austin,TX,78701,Travis,70000,2011-05-01,2011-08-01,Project Closed,Not Assigned,T. STACY & ASSOCIATES,,Renovation/Alteration,Not available,"This project is privately funded, on private land for private use.",Interior build out of office space,KIRKSEY,https://www.tdlr.texas.gov/TABS/Search/Project/EABPRJB1811088,2026-09-26
EABPRJB1812511,2011-05-23,VLAB RELOCATION FROM 4055 CORP DR,VALWOOD DATA CENTER,2001 WESTGATE DRIVE,Carrollton,TX,75006,Dallas,200353,2011-06-01,2011-08-01,Project Closed,Not Assigned,CCD CARROLLTON LLC,,Renovation/Alteration,Not available,"This project is privately funded, on private land for private use.","Minor raised access floor, UPS & power improvements in Computer Room to house 18 additional computer cabinets/ha",WTA INC.,https://www.tdlr.texas.gov/TABS/Search/Project/EABPRJB1812511,2026-09-26
EABPRJB1812777,2011-05-27,DATA CENTER - SUITE 340,FPMC PHASE III MOB,11970 N. CENTRAL EXPRESSWAY,Dallas,TX,75243,Dallas,339100,2011-06-01,2011-08-01,Project Closed,Not Assigned,BRIAN A. JARRETT,,Renovation/Alteration,Not available,"This project is privately funded, on private land for private use.",Tenant finish out for a data center on the third floor of shell building,ASCENSION GROUP ARCHITECTS,https://www.tdlr.texas.gov/TABS/Search/Project/EABPRJB1812777,2026-09-26
EABPRJB1813135,2011-06-06,LOWE'S DATA CENTER EXPANSION,LOWE'S,10045 ROGERS RUN,San Antonio,TX,78251,Bexar,25200000,2011-07-01,2012-05-01,Project Closed,Not Assigned,LOWE'S,,Additions to Existing Building,Not available,"This project is privately funded, on private land for private use.",Expansion to the existing data center.,RVK ARCHITECTS,https://www.tdlr.texas.gov/TABS/Search/Project/EABPRJB1813135,2026-09-26
EABPRJB1813171,2011-06-06,UTSA MS BLDG RESEARCH DATA CENTER,UTSA MS BLDG,ONE UTSA CIRCLE,San Antonio,TX,78249,Bexar,2500000,2011-07-01,2012-01-01,Project Closed,Not Assigned,UTSA,,Renovation/Alteration,Not available,"This project involves public funds, public land, or is a Federally funded roadway project.","Renovation of computer lab to computer data center, approximately 3,100 sq.ft.",CHESNEY MORALES,https://www.tdlr.texas.gov/TABS/Search/Project/EABPRJB1813171,2026-09-26
EABPRJB1813378,2011-06-09,INFOSYS - PLANO DATA CENTER,TENNYSON OFFICE CENTER,6100 TENNYSON PARKWAY Suite 200,Plano,TX,75024,Collin,1000000,2011-07-01,2011-11-01,Project Closed,Not Assigned,ADLER REALTY INVESTMENTS INC.,,Renovation/Alteration,Not available,"This project is privately funded, on private land for private use.",Interior demolition and construction Data Center and exterior construction of emergency generator/chiller equipm,ARCHITERIORS PLLC,https://www.tdlr.texas.gov/TABS/Search/Project/EABPRJB1813378,2026-09-26
EABPRJB1813437,2011-06-10,AIG DATA CENTER,AIG DATA CENTER,13701 INDEPENDENCE PKWY,Fort Worth,TX,76177,Tarrant,2150000,2011-07-01,2011-09-01,Project Closed,Not Assigned,AIG/CBRE,,Renovation/Alteration,Not available,"This project is privately funded, on private land for private use.","Interior remodel of data center, storage room and staging area.",GENSLER,https://www.tdlr.texas.gov/TABS/Search/Project/EABPRJB1813437,2026-09-26
EABPRJB1814645,2011-07-06,DLR ALPHA ROAD SUITE 100,DLR ALPHA ROAD DATA CENTER,4349 ALPHA ROAD,Farmers Branch,TX,75244,Dallas,6000000,2011-07-01,2011-11-01,Project Closed,Not Assigned,DIGITAL REALTY TRUST,,Renovation/Alteration,Not available,"This project is privately funded, on private land for private use.",renovation of data center,CORGAN ASSOCIATES,https://www.tdlr.texas.gov/TABS/Search/Project/EABPRJB1814645,2026-09-26
EABPRJB1815124,2011-07-13,PARKING GARAGE/DATA CENTER,PARKING GARAGE/DATA CENTER,UNIVERSITY DR. AT N. LBJ ST.,San Marcos,TX,78766,Hays,12300000,2011-09-01,2012-11-01,Project Closed,Not Assigned,TEXAS STATE UNIVERSITY-SAN MARCOS,,New Construction,Not available,"This project involves public funds, public land, or is a Federally funded roadway project.",New parking garage to serve the new Performing Arts Center. A Data Center is located on the first level of the,MORRIS ARCHITECTS,https://www.tdlr.texas.gov/TABS/Search/Project/EABPRJB1815124,2026-09-26
EABPRJB1815931,2011-07-28,DOLAN CARROLLTON DATA CENTER RENOVATION,3000 KELLWAY,3000 KELLWAY DR. Suite 110,Carrollton,TX,75006,Dallas,1190000,2011-07-01,2012-09-01,Project Closed,Not Assigned,3000 KELLWAY DRIVE GENERAL PARTNER HOLDG,,Renovation/Alteration,Not available,"This project is privately funded, on private land for private use.",Renovate existing interior for new Electrical Room for UPS system and modify existing Data center floor space,JEK ARCHITECTS & ENGINEERS INC.,https://www.tdlr.texas.gov/TABS/Search/Project/EABPRJB1815931,2026-09-26
EABPRJB1816227,2011-08-04,DLR ALPHA ROAD 2ND FLOOR RESTROOM RENOV,DLR ALPHA ROAD DATA CENTER,4849 ALPHA ROAD,Farmers Branch,TX,75244,Dallas,5000000,2011-08-01,2011-10-01,Project Closed,Not Assigned,DIGITAL REALTY,,Renovation/Alteration,Not available,"This project is privately funded, on private land for private use.",Renovation of restrooms on the second floor,CORGAN ASSOCIATES INC,https://www.tdlr.texas.gov/TABS/Search/Project/EABPRJB1816227,2026-09-26
EABPRJB1816627,2011-08-11,WTX MODULAR DATA CENTER,WTX MODULAR DATA CENTER,3510 WYNDHAM LANE,Richardson,TX,75082,Dallas,17000000,2011-08-01,2012-05-01,Project Closed,Not Assigned,BRACEBRIDGE CORPORATION C/O BOA,,New Construction,Not available,"This project is privately funded, on private land for private use.",New Building and site improvements.,INTEGRATED DESIGN GROUP INC.,https://www.tdlr.texas.gov/TABS/Search/Project/EABPRJB1816627,2026-09-26
EABPRJB1817634,2011-08-29,SITE 1 CONTAINER SOLUTION,HEWLETT-PACKARD AUSTIN DATA CENTER,3301 HIBBETS ROAD,Austin,TX,78725,Travis,3000000,2011-07-01,2011-12-01,Project Closed,Not Assigned,HEWLETT PACKARD,,Additions to Existing Building,Not available,"This project is privately funded, on private land for private use.","Create a vestibule for covered/conditioned access to twonew modular equipment enclosures, and associated site p",PAGE SOUTHERLAND PAGE,https://www.tdlr.texas.gov/TABS/Search/Project/EABPRJB1817634,2026-09-26
EABPRJB2800102,2011-09-02,UTSA RESEARCH DATA CENTER PACKAGE,UTSA MULTIDISCIPLINARY STUDIES BUILDING,ONE UTSA CIRCLE,San Antonio,TX,78249,Bexar,2700000,2011-10-01,2012-07-01,Project Closed,Not Assigned,UTSA,,Renovation/Alteration,Not available,"This project involves public funds, public land, or is a Federally funded roadway project.","Remodel for research data center, new office area, renovations to existing toilet rooms, and new faculty instruc",CHESNEY MORALES,https://www.tdlr.texas.gov/TABS/Search/Project/EABPRJB2800102,2026-09-26
EABPRJB2800159,2011-09-06,GUHN ROAD EMERGENCY GENERATOR FUEL TANK,M. D. ANDERSON DATA BACKUP DATA CENTER,5610 GUHN ROAD,Houston,TX,77040,Harris,400000,2011-10-01,2012-01-01,Project Closed,Not Assigned,M. D. ANDERSON CANCER CENTER,,Renovation/Alteration,Not available,"This project is privately funded, on private land for private use.",ADDING FUEL TANK FOR M D ANDERSON BACKUP DATA CENTER,E & C ENGINEERS & CONSULTANTS INC.,https://www.tdlr.texas.gov/TABS/Search/Project/EABPRJB2800159,2026-09-26
EABPRJB2800842,2011-09-20,SMU PLANO RECOVERY DATA CENTER,BUILDING 1,5236 TENNYSON PARKWAY,Plano,TX,75024,Collin,1500000,2011-10-01,2011-12-01,Project Closed,Not Assigned,SMU,,Renovation/Alteration,Not available,"This project is privately funded, on private land for private use.",Renovation of an existing building lease space and turning into a data center for the university.,PGAL,https://www.tdlr.texas.gov/TABS/Search/Project/EABPRJB2800842,2026-09-26
EABPRJB2801929,2011-10-12,SAVVIS DL2 DATA CENTER EXPANSION,DL DATA CENTER,14901 FAA BLVD,Fort Worth,TX,76155,Tarrant,8000000,2011-10-01,2012-05-01,Project Closed,Not Assigned,SAVVIS,,Renovation/Alteration,Not available,"This project is privately funded, on private land for private use.","Fit out of an existing shell space for a data center that will include a mezzanine, rooftop equipment, and servi",CORGAN ASSOCIATES,https://www.tdlr.texas.gov/TABS/Search/Project/EABPRJB2801929,2026-09-26
EABPRJB2802738,2011-10-28,EXXONMOBILE - DATA CENTER ELECTRICAL,1301 FANNIN,1301 FANNIN STREET Level 13.5,Houston,TX,77002,Harris,4000000,2011-11-01,2012-05-01,Project Closed,Not Assigned,UCM / GP 1301 FANNIN LP,,Renovation/Alteration,Not available,"This project is privately funded, on private land for private use.",Interior renovation for electrical capacity upgrades within an existing mechanical room,PDR CORP,https://www.tdlr.texas.gov/TABS/Search/Project/EABPRJB2802738,2026-09-26
EABPRJB2803066,2011-11-04,COLOGIX DATA CENTER,DALLAS INFOMART,1950 N. STEMMONS FREEWAY,Dallas,TX,75207,Dallas,4000000,2011-11-01,2012-06-01,Project Closed,Not Assigned,DCI TECHNOLOGY SERVICES LLC,,Renovation/Alteration,Not available,"This project is privately funded, on private land for private use.",Build a new Data Center on the 2nd floor with new elevator access.,TECHNOLOGY MANAGEMENT INC.,https://www.tdlr.texas.gov/TABS/Search/Project/EABPRJB2803066,2026-09-26
EABPRJB2804376,2011-12-02,T5@DALLAS WHOLESALE DATA CENTER,T5@DALLAS WHOLESALE DATA CENTER,6653 PINECREST DRIVE,Plano,TX,75024,Collin,24000000,2011-12-01,2012-06-01,Project Closed,Not Assigned,T5 PARTNERS LLC,,Renovation/Alteration,Not available,"This project is privately funded, on private land for private use.","Interior finish out of an existing 150,000 sf facility with the addition of a 30,000 sf exterior equipment yard",CORGAN ASSOCIATES,https://www.tdlr.texas.gov/TABS/Search/Project/EABPRJB2804376,2026-09-26
EABPRJB2804550,2011-12-07,HAYS SECONDARY DATA CENTER,HAYS SECONDARY DATA CENTER,110 N CAMINO REAL,Kyle,TX,78640,Hays,2000000,2012-01-01,2012-08-01,Project Closed,Not Assigned,CLAYCOMB ASSOCIATES,,New Construction,Not available,"This project involves public funds, public land, or is a Federally funded roadway project.",new one story masonry/ metal roof and panel building.,CLAYCOMB ASSOCIATES ARCHITECTS,https://www.tdlr.texas.gov/TABS/Search/Project/EABPRJB2804550,2026-09-26
EABPRJB2805938,2012-01-06,DATA CENTER EXPANSION,TEXAS CHILDREN'S HOSPITAL WEST CAMPUS,18200 KATY FREEWAY,Houston,TX,77094,Harris,2000000,2012-02-01,2012-07-18,Project Closed,Not Assigned,TEXAS CHILDREN'S HOSPITAL,,Renovation/Alteration,Not available,"This project is privately funded, on private land for private use.",Expand existing data center into existing shell space. The build-out does not introduce any new stairs or elevat,PAGESOUTHERLANDPAGE LLP,https://www.tdlr.texas.gov/TABS/Search/Project/EABPRJB2805938,2026-09-26
EABPRJB2806151,2012-01-11,NEISD DATA CENTER HVAC RENOVATION,NEISD,8961 TESORO DR. Suite 300,San Antonio,TX,78217,Bexar,1100000,2012-01-01,2012-06-01,Project Closed,Not Assigned,NORTH EAST INDEPENDENT SCHOOL DISTRICT,,Renovation/Alteration,Not available,"This project involves public funds, public land, or is a Federally funded roadway project.","Replace existing A/C units, add diesel generator and separate server/power/printing areas with new walls.",MEP ENGINEERING INC.,https://www.tdlr.texas.gov/TABS/Search/Project/EABPRJB2806151,2026-09-26
EABPRJB2000126,2012-01-26,DATA CENTER BUILD-OUT,GREENSPOINT TECHNOLOGY CENTER,12167 NORTH FWY,Houston,TX,77060,Harris,1900000,2012-01-01,2012-05-01,Project Closed,Not Assigned,DIGITAL REALTY TRUST,,Renovation/Alteration,Not available,"This project is privately funded, on private land for private use.","MODIFICATION TO EXISTING PARTITIONS, NEW DOORS, REMOVEFL, INSTALL RAMS , NEW OFFICE,BREAK RM PF175 RV445",ARCH TECH DESIGN LLC,https://www.tdlr.texas.gov/TABS/Search/Project/EABPRJB2000126,2026-09-26
EABPRJB2807214,2012-02-01,SMU DATA CENTER,SMU DATA CENTER,HWY 75 & MOCKINGBIRD LANE,Dallas,TX,75275,Dallas,12500000,2012-03-01,2013-01-01,Project Closed,Not Assigned,SOUTHERN METHODIST UNIVERSITY,,New Construction,Not available,"This project is privately funded, on private land for private use.","Proposed 20,500 sq. ft. data center to be built on triangular site at the southwest corner of Highway 75 and Moc",RTKL ASSOCIATES,https://www.tdlr.texas.gov/TABS/Search/Project/EABPRJB2807214,2026-09-26
EABPRJB2807725,2012-02-10,CYRUSONE CARROLLTON DATA CENTER,CYRUSONE CARROLLTON DATA CENTER,1649 WEST FRANKFORD RD.,Carrollton,TX,75007,Dallas,22800000,2012-02-01,2012-07-24,Project Closed,Not Assigned,CYRUSONE,,Renovation/Alteration,Not available,"This project is privately funded, on private land for private use.","Partial alteration/renovation to existing one-story warehouse at 1649 West Frankford Road, Carrollton, Tx.",,https://www.tdlr.texas.gov/TABS/Search/Project/EABPRJB2807725,2026-09-26
EABPRJB2809012,2012-03-06,DATA CENTER EXPANSION - SUITE 330,FPMC PHASE III MOB,11970 N. CENTRAL EXPRESSWAY,Dallas,TX,75243,Dallas,163540,2012-03-01,2012-05-01,Project Closed,Not Assigned,JHEVASSE MITCHELL,,Renovation/Alteration,Not available,"This project is privately funded, on private land for private use.",TENANT FINISH OUT ON THIRD FLOOR OF A SHELL BUILDING,ASCENSION GROUP ARCHITECTS,https://www.tdlr.texas.gov/TABS/Search/Project/EABPRJB2809012,2026-09-26
EABPRJB2809440,2012-03-13,DATA CENTER - GENERATOR #2,MAIN ST. ANNEX,125 N. WASHINGTON ST.,Dallas,TX,75246,Dallas,1000000,2012-04-01,2012-10-01,Project Closed,Not Assigned,BAYLOR HEALTHCARE,,Renovation/Alteration,Not available,"This project is privately funded, on private land for private use.","Add 2nd emergency generator, add internal windows at Network Operation Center on the second floor.",HDR ARCHITECTURE,https://www.tdlr.texas.gov/TABS/Search/Project/EABPRJB2809440,2026-09-26
EABPRJB2809452,2012-03-14,STREAM HOUSTON PRIVATE DATA CENTER I,STREAM HOUSTON PRIVATE DATA CENTER I,"4001 TECHNOLOGY FOREST BLVD.,",The Woodlands,TX,77381,Montgomery,35000000,2012-05-01,2013-02-01,Inspection Complete,Not Assigned,IP STREAM HOUSTON LLC,,New Construction,Not available,"This project is privately funded, on private land for private use.",75000 square foot Commercial Data Center,CORGAN ASSOCIATES INC.,https://www.tdlr.texas.gov/TABS/Search/Project/EABPRJB2809452,2026-09-26
EABPRJB2810521,2012-04-03,DATA CENTER RENOVATION,ROSS AVENUE,3700 ROSS AVENUE,Dallas,TX,75204,Dallas,1400000,2012-04-01,2013-01-15,Project Closed,Not Assigned,DALLAS INDEPENDENT SCHOOL DISTRICT,,Renovation/Alteration,Not available,"This project involves public funds, public land, or is a Federally funded roadway project.","renovation of mechanical, electrical and some wall demo.Includes one (1) new 20 ton AC",BICK GROUP,https://www.tdlr.texas.gov/TABS/Search/Project/EABPRJB2810521,2026-09-26
EABPRJB2810538,2012-04-03,BUCKNER DATA CENTER RENOVATION,BUCKNER,2909 N. BUCKNER BLVD.,Dallas,TX,75228,Dallas,850000,2012-04-01,2014-05-31,Project Closed,Not Assigned,DALLAS INDEPENDENT SCHOOL DISTRICT,,Renovation/Alteration,Not available,"This project involves public funds, public land, or is a Federally funded roadway project.",Project involves replacement of existing mechanical andelectrical equipment. also includes three (3) new four t,BICK GROUP INC.,https://www.tdlr.texas.gov/TABS/Search/Project/EABPRJB2810538,2026-09-26
EABPRJB2811457,2012-04-18,MERIPLEX DC EQUIPMENT UPGRADE,MERIPLEX DATA CENTER,1001 TEXAS AVENUE,Houston,TX,77002,Harris,530000,2012-04-01,2013-04-01,Project Closed,Not Assigned,MERIPLEX,,Renovation/Alteration,Not available,"This project is privately funded, on private land for private use.","Upgrade data center electrical equipment (UPS, server cabinets, etc.",,https://www.tdlr.texas.gov/TABS/Search/Project/EABPRJB2811457,2026-09-26
EABPRJB2811544,2012-04-19,BNSF FWDC EXPANSION,BNSF FORT WORTH DATA CENTER,6651 BURLINGTON BLVD,Fort Worth,TX,76131,Tarrant,400000,2012-05-01,2013-06-30,Project Closed,Not Assigned,BNSF RAILWAY,,Additions to Existing Building,Not available,"This project is privately funded, on private land for private use.",Mechanical equipment room expansion to existing building,BENNETT BENNER PETTIT,https://www.tdlr.texas.gov/TABS/Search/Project/EABPRJB2811544,2026-09-26
EABPRJB2811609,2012-04-20,DELLRR56 MOBILE DATA CENTER,DELL RR56,2300 GREEB,Round Rock,TX,78682,Williamson,300000,2012-05-01,2012-08-01,Project Closed,Not Assigned,DELL INC.,,Renovation/Alteration,Not available,"This project is privately funded, on private land for private use.",Exterior concrete slab.,CTA ARCHIECTS ENGINEERS,https://www.tdlr.texas.gov/TABS/Search/Project/EABPRJB2811609,2026-09-26
EABPRJB2811729,2012-04-23,NATIONSTAR-DATA CENTER EXPANSION,OFFICE CENTER NORTH,350 HIGHLAND DRIVE,Lewisville,TX,75067,Denton,780000,2012-05-01,2012-06-01,Project Closed,Not Assigned,LEWISVILLE PEAK LP,,Renovation/Alteration,Not available,"This project is privately funded, on private land for private use.",DATA CENTER EXPANSION,STAFFELBACH INC.,https://www.tdlr.texas.gov/TABS/Search/Project/EABPRJB2811729,2026-09-26
EABPRJB2813522,2012-05-23,CHRISTUS ITC PHASE I,CHRISTUS DATA CENTER,10002 ROGERS RUN,San Antonio,TX,78251,Bexar,125000,2012-07-01,2012-12-01,Project Closed,Not Assigned,CHRISTUS HEALTH,,Renovation/Alteration,Not available,"This project is privately funded, on private land for private use.",Remodel to include an accessible restroom & remodel datacall center.,CHESNEY MORALES,https://www.tdlr.texas.gov/TABS/Search/Project/EABPRJB2813522,2026-09-26
EABPRJB2814444,2012-06-11,NEDDERMAN HALL DATA CENTER RMS 114 & 115,NEDDERMAN HALL,416 S. YATES ST.,Arlington,TX,76019,Tarrant,173000,2012-05-01,2012-08-01,Project Closed,Not Assigned,UNIVERSITY OF TEXAS AT ARLINGTON,,Renovation/Alteration,Not available,"This project involves public funds, public land, or is a Federally funded roadway project.","Renovating an existing computer room with a new raised floor, ceiling, wall finish and HVAC system.",UNIVERSITY OF TEXA AT ARLINGTON,https://www.tdlr.texas.gov/TABS/Search/Project/EABPRJB2814444,2026-09-26
EABPRJB2814650,2012-06-13,HCHD-HOLLY HALL-LEVEL2-DATA CENTER,HARRIS COUNTY HOSPITAL DISTRICT,"2550 HOLLY HALL STREET, LEVEL",Houston,TX,77054,Harris,3000000,2012-11-01,2013-08-01,Project Closed,Not Assigned,HARRIS COUNTY HOSPITAL DISTRICT,,Renovation/Alteration,Not available,"This project involves public funds, public land, or is a Federally funded roadway project.","3,500 sf build out of a data center with support facilities.",WILSON ARCHITECTURAL GROUP,https://www.tdlr.texas.gov/TABS/Search/Project/EABPRJB2814650,2026-09-26
EABPRJB2814884,2012-06-18,TOTAL - DATA CENTER EXPANSION LVL 1,TOTAL,1201 LOUSIANA AVENUE Suite 1800,Houston,TX,77002,Harris,900000,2012-07-01,2012-09-01,Project Closed,Not Assigned,BROOKFIELD OFFICE PROPERTIES,,Renovation/Alteration,Not available,"This project is privately funded, on private land for private use.",PROVIDE NW RM ON 1ST FL STE120 TO HOUSE NEW HEAT EXCHGERPUMPS & STRGE TNK TO PROVIDE COOLING WATER TO NW SGI,GENSLER,https://www.tdlr.texas.gov/TABS/Search/Project/EABPRJB2814884,2026-09-26
EABPRJB2815675,2012-06-29,CYRUSONE CARROLLTON DATA CENTER OFFICE,CYRUSONE CARROLLTON DATA CENTER,1649 FRANKFORD ROAD WEST,Carrollton,TX,75007,Dallas,1500000,2012-07-01,2013-09-30,Project Closed,Not Assigned,CYRUSONE,,Renovation/Alteration,Not available,"This project is privately funded, on private land for private use.",Interior Renovation of Existing Building,CORGAN ASSOCIATES INC,https://www.tdlr.texas.gov/TABS/Search/Project/EABPRJB2815675,2026-09-26
EABPRJB2000319,2012-07-11,TECHNOLOGY SERVICES DATA CENTER PHASE 1,MUNICIPAL CENTER ANNEX,1117 E 15TH ST,Plano,TX,75074,Collin,4800000,2012-07-01,2014-05-01,Project Closed,Not Assigned,CITY OF PLANO,,Renovation/Alteration,Not available,"This project involves public funds, public land, or is a Federally funded roadway project.","INTERIOR & EXTERIOR RENOVATION OF 8,000 SF OF EXISTINGSPACE WITHIN 17,000 SF BLDG PF175 RV445",ALLIANCE ARCHITECTS INC,https://www.tdlr.texas.gov/TABS/Search/Project/EABPRJB2000319,2026-09-26
EABPRJB2817236,2012-07-31,IBM BELLEVIEW DALLAS DATA CENTER,IBM DATA CENTER,1000 BELLEVIEW,Dallas,TX,75215,Dallas,1350000,2012-08-01,2012-11-01,Project Closed,Not Assigned,IBM,,Renovation/Alteration,Not available,"This project is privately funded, on private land for private use.","The scope of work includes renovating 5,550 SF of officespace within an existing office space on the third floo",ALLIANCE ARCHITECTS INC.,https://www.tdlr.texas.gov/TABS/Search/Project/EABPRJB2817236,2026-09-26
EABPRJB2817237,2012-07-31,"IBM BELLEVIEW DALLAS DATA CENTER, 4TH",IBM DATA CENTER,1000 BELLEVIEW,Dallas,TX,75215,Dallas,1055000,2012-08-01,2013-02-01,Project Closed,Not Assigned,IBM,,Renovation/Alteration,Not available,"This project is privately funded, on private land for private use.","Scope of work involves renovating approx. 26,415 SF office space on the 4th floor.",ALLIANCE ARCHITECTS INC.,https://www.tdlr.texas.gov/TABS/Search/Project/EABPRJB2817237,2026-09-26
EABPRJB2818037,2012-08-14,DIGITAL REALTY AT MIDWAY ROAD,FIRST FLOOR NORTH DATA CENTER,4025 MIDWAY,Carrollton,TX,75007,Denton,4600000,2012-08-01,2012-11-01,Project Closed,Not Assigned,DIGITAL REALTY,,Renovation/Alteration,Not available,"This project is privately funded, on private land for private use.",Renovation of a first level shell space into a data center hall and additional exterior screen walls for new mec,,https://www.tdlr.texas.gov/TABS/Search/Project/EABPRJB2818037,2026-09-26
EABPRJB2818148,2012-08-15,AIG–FT. WORTH DATA CENTER–OFFICE DENSIFI,AIG DATA CENTER II,13701 INDEPENDENCE PARKWAY,Fort Worth,TX,76178,Tarrant,1200000,2012-09-01,2012-12-01,Project Closed,Not Assigned,EASTGREEN INC,,Renovation/Alteration,Not available,"This project is privately funded, on private land for private use.","Interior fit out of existing space. Demoed existing light fixtures, doors, and chain link divider. Added new wal",GENSLER - HOUSTON,https://www.tdlr.texas.gov/TABS/Search/Project/EABPRJB2818148,2026-09-26
EABPRJB2818848,2012-08-29,DATACENTER PARK HOUSTON GUARDHOSE,DATACENTER PARK HOUSTON,12211 NORTH FWY,Houston,TX,77060,Harris,85000,2012-09-01,2012-10-01,Project Closed,Not Assigned,DIGITAL GREENSPOINT,,New Construction,Not available,"This project is privately funded, on private land for private use.",New Building and associated site work.,INTERGRATED DESIGN GROUP INC.,https://www.tdlr.texas.gov/TABS/Search/Project/EABPRJB2818848,2026-09-26
EABPRJB2818928,2012-08-30,SACU DATA CENTER - TOYOTA BRANCH,SACU DATA CENTER - TOYOTA BRANCH,15611 APPLEWHITE ROAD,San Antonio,TX,78264,Bexar,450000,2012-10-01,2013-01-01,Project Closed,Not Assigned,SAN ANTONIO CREDIT UNION,,Renovation/Alteration,Not available,"This project is privately funded, on private land for private use.","Data Center Finish-out, 1,196 sq. ft.",RVK ARCHITECTS INC.,https://www.tdlr.texas.gov/TABS/Search/Project/EABPRJB2818928,2026-09-26
EABPRJB3801789,2012-10-09,T5@DALLAS WHOLESALE DATA CENTER PHASE I,T5@DALLAS WHOLESALE DATA CENTER,6653 PINECREST DRIVE,Dallas,TX,75024,Dallas,900000,2012-10-01,2012-11-01,Project Closed,Not Assigned,T5 PARTNERS LLC,,Renovation/Alteration,Not available,"This project is privately funded, on private land for private use.",The project is a partial interior fit out of an existingbuilding.,CORGAN ASSOCIATES INC,https://www.tdlr.texas.gov/TABS/Search/Project/EABPRJB3801789,2026-09-26
EABPRJB3801857,2012-10-09,T5@DALLAS WHOLESALE DATA CENTER PHASE II,T5@DALLAS WHOLESALE DATA CENTER,6653 PINECREST DRIVE,Dallas,TX,75024,Dallas,2500000,2012-10-01,2013-02-01,Project Closed,Not Assigned,T5 PARTNERS LLC,,Renovation/Alteration,Not available,"This project is privately funded, on private land for private use.",The project is a partial interior fit out of an existingbuilding,CORGAN ASSOCIATES INC,https://www.tdlr.texas.gov/TABS/Search/Project/EABPRJB3801857,2026-09-26
EABPRJB3801952,2012-10-10,DATA CENTER RENOVATION,TOMBALL REGIONAL MEDICAL CENTER,605 HOLDERRIETH BLVD.,Tomball,TX,77375,Harris,375000,2012-10-01,2012-11-01,Project Closed,Not Assigned,COMMUNITY HEALTH SYSTEMS PSC,,Renovation/Alteration,Not available,"This project is privately funded, on private land for private use.",Expanding computer room. Removing portion of walls forexpansion and providing a new ramp to access the elevate,THOMAS MILLER & PARTNERS PLLC,https://www.tdlr.texas.gov/TABS/Search/Project/EABPRJB3801952,2026-09-26
EABPRJB3803075,2012-10-31,T5@DALLAS EXPANSION,T5@DALLAS WHOLESALE DATA CENTER,6653 PINECREST DRIVE,Plano,TX,75024,Collin,30000000,2013-01-01,2013-12-01,Review Complete,Not Assigned,T5 PARTNERS LLC,,Renovation/Alteration,Not available,"This project is privately funded, on private land for private use.",Partial interior fit-out of an existing building as wellas a new building addition. Total interior fit-out is a,CORGAN ASSOCIATES,https://www.tdlr.texas.gov/TABS/Search/Project/EABPRJB3803075,2026-09-26
EABPRJB3803318,2012-11-05,AIG FT. WORTH DATA CENTER - PARKING LOT,AIG DATA CENTER III,13701 INDEPENDENCE PARKWAY,Fort Worth,TX,76178,Tarrant,1250000,2013-01-01,2013-08-01,Project Closed,Not Assigned,EASTGREEN INC.,,Renovation/Alteration,Not available,"This project is privately funded, on private land for private use.","Parking lot expansion on an adjacent lot owned by AIG, increase parking spaces to 448.",GENSLER,https://www.tdlr.texas.gov/TABS/Search/Project/EABPRJB3803318,2026-09-26
EABPRJB3806607,2013-01-11,CYRUSONE CARROLLTON DATA CENTER PHASE II,CYRUSONE CARROLLTON DATA CENTER,1649 WEST FRANKFORD ROAD,Carrollton,TX,75007,Dallas,9595456,2013-02-01,2013-12-01,Project Closed,Not Assigned,CYRUSONE,,Renovation/Alteration,Not available,"This project is privately funded, on private land for private use.",Partial alteration/renovation to existing one-story warehouse,CORGAN ASSOCIATES,https://www.tdlr.texas.gov/TABS/Search/Project/EABPRJB3806607,2026-09-26
EABPRJB3807871,2013-02-04,290 EJC DATA CENTER,290 EAST JOHN CARPENTER,290 EAST JOHN CARPENTER FRWY,Irving,TX,75062,Dallas,850000,2013-02-01,2013-06-01,Project Closed,Not Assigned,FAIRWAY JC SERVICES,,Additions to Existing Building,Not available,"This project is privately funded, on private land for private use.","Addition of ne 2,110 sf Data Center to be located on 5thfloor of Decor Tower",STAFFELBACH,https://www.tdlr.texas.gov/TABS/Search/Project/EABPRJB3807871,2026-09-26
EABPRJB3810342,2013-03-19,ONRAMP DATA CENTER,ONRAMP DATA CENTER,"7000 BURLESON Building B, Suite 400",Austin,TX,78744,Travis,4000000,2013-05-01,2014-01-01,Project Closed,Not Assigned,"REALTY ASSOCIATES FUND IX LP, THE",,Renovation/Alteration,Not available,"This project is privately funded, on private land for private use.",Tenant fit-up of existing office/warehouose,PAGE SOUTHERLAND PAGE,https://www.tdlr.texas.gov/TABS/Search/Project/EABPRJB3810342,2026-09-26
EABPRJB3813376,2013-05-09,KCI DATA CENTER UPGRADE,KCI,6103 FARINON DRIVE,San Antonio,TX,78249,Bexar,250000,2013-06-01,2013-09-01,Project Closed,Not Assigned,J & L FARINON LLC.,,Renovation/Alteration,Not available,"This project is privately funded, on private land for private use.",UPGRADE EXISTING DATA CENTER. RV315,PACIFIC DESIGN GROUP,https://www.tdlr.texas.gov/TABS/Search/Project/EABPRJB3813376,2026-09-26
EABPRJB3816521,2013-07-02,AIG - FORT WORTH DATA CENTER,AIG DATA CENTER II,13701 INDEPENDENCE PARKWAY,Fort Worth,TX,76178,Tarrant,2500000,2013-07-01,2013-11-01,Project Closed,Not Assigned,EASTGREEN INC.,,Renovation/Alteration,Not available,"This project is privately funded, on private land for private use.","Interior office renovation 53,267 SF.",GENSLER,https://www.tdlr.texas.gov/TABS/Search/Project/EABPRJB3816521,2026-09-26
EABPRJB4803214,2013-10-25,DATA CENTERS UPS UPGRADE,WEST DATA CENTER/BLDG B EAST DATA CENTER,6201 SOUTH FREEWAY,Fort Worth,TX,76134,Tarrant,1400000,2013-11-01,2014-02-01,Project Closed,Not Assigned,ALCON LABS,,Renovation/Alteration,Not available,"This project is privately funded, on private land for private use.",UPS Upgrade to the existing East and West Data Centers,JACOBS,https://www.tdlr.texas.gov/TABS/Search/Project/EABPRJB4803214,2026-09-26
EABPRJB4804304,2013-11-13,THIN-NOLOGY,DATA CENTER,3804 HELIOS WAY,Pflugerville,TX,78660,Travis,400000,2013-12-01,2014-04-01,Project Closed,Not Assigned,NORTH FOREST OFFICE SPACE - AUSTIN LLC,,New Construction,Not available,"This project is privately funded, on private land for private use.",Shell and Interior Buildout,,https://www.tdlr.texas.gov/TABS/Search/Project/EABPRJB4804304,2026-09-26
EABPRJB4804966,2013-11-25,COH- DATA CENTER,1301 FANNIN,1301 FANNIN,Houston,TX,77002,Harris,800000,2014-01-01,2014-04-01,Project Closed,Not Assigned,GRIFFIN PARTNERS,,Renovation/Alteration,Not available,"This project involves public funds, public land, or is a Federally funded roadway project.",Addition of electrical and HVAC system in preparation for installation of data center racks.,MORRIS ARCHITECTS,https://www.tdlr.texas.gov/TABS/Search/Project/EABPRJB4804966,2026-09-26
EABPRJB4804986,2013-11-25,COH- DATA CENTER-PHASE II,1301 FANNIN,1301 FANNIN,Houston,TX,77002,Harris,800000,2014-01-01,2014-04-01,Project Closed,Not Assigned,GRIFFIN PARTNERS,,Renovation/Alteration,Not available,"This project involves public funds, public land, or is a Federally funded roadway project.",Electrical and HVAC work for data rack installation,MORRIS ARCHITECTS,https://www.tdlr.texas.gov/TABS/Search/Project/EABPRJB4804986,2026-09-26
EABPRJB4808302,2014-01-29,CYRUSONE CARROLLTON PHASE III DH 6,CYRUSONE CARROLLTON DATA CENTER,1649 W FRANKFORD ROAD,Carrollton,TX,75007,Dallas,9000000,2014-02-01,2014-06-01,Project Closed,Not Assigned,CYRUSONE,,Renovation/Alteration,Not available,"This project is privately funded, on private land for private use.","Partial alteration/renovation to the existing one-storywarehouse at 1649 W Frankford Road, Carrollton, Tx",CORGAN ASSOCIATES,https://www.tdlr.texas.gov/TABS/Search/Project/EABPRJB4808302,2026-09-26
EABPRJB4808308,2014-01-29,CYRUSONE CARROLLTON CUST/CLIENT ENTRANCE,CYRUSONE CARROLLTON DATA CENTER,1649 W FRANKFORD ROAD,Carrollton,TX,75007,Dallas,175000,2014-02-01,2014-06-01,Project Closed,Not Assigned,CYRUSONE,,Renovation/Alteration,Not available,"This project is privately funded, on private land for private use.","Partial alteration/renovation effecting approximately 2,700 SF of the existing one- story warehouse at 1649 W Fr",CORGAN ASSOCIATES,https://www.tdlr.texas.gov/TABS/Search/Project/EABPRJB4808308,2026-09-26
EABPRJB4808315,2014-01-29,CYRUSONE CARROLLTON TOUR PATH CORRIDOR,CYRUSONE CARROLLTON DATA CENTER,1649 W FRANKFORD ROAD,Carrollton,TX,75007,Dallas,1000000,2014-02-01,2014-08-31,Project Closed,Not Assigned,CYRUSONE,,Renovation/Alteration,Not available,"This project is privately funded, on private land for private use.","Partial alteration/renovation to the existing one-storywarehouse at 1649 W Frankford Road, Carrollton, Tx",CORGAN ASSOCIATES,https://www.tdlr.texas.gov/TABS/Search/Project/EABPRJB4808315,2026-09-26
EABPRJB4808833,2014-02-06,AN4 DATA CENTER RENOVATION,INTEL CORPORATION,1300 SOUTH MO PAC EXPRESSWAY,Austin,TX,78746,Travis,4000000,2014-03-01,2014-08-01,Project Closed,Not Assigned,INTEL AN4,,Renovation/Alteration,Not available,"This project is privately funded, on private land for private use.",INTERIOR FINISH OUT OF EXISTING SPACE TO ACCOMODATE A DATA CENTER AND SUPPORT SPACES. WILL INCLUDE INSTALLATION,PBK,https://www.tdlr.texas.gov/TABS/Search/Project/EABPRJB4808833,2026-09-26
EABPRJB4808885,2014-02-07,USAA B-SERVICE DATA CENTER EXPANSION,USAA B-SERVICE DATA CENTER,9800 FREDERICKSBURG ROAD San Antonio,San Antonio,TX,78288,Bexar,1115000,2014-01-01,2014-08-01,Project Closed,Not Assigned,STANTEC,,Renovation/Alteration,Not available,"This project is privately funded, on private land for private use.","Add +/- 3,000 sq. ft. from adjacent office space to increase exiting 14,300 sq. ft. data center. Expansion consi",SHW GROUP,https://www.tdlr.texas.gov/TABS/Search/Project/EABPRJB4808885,2026-09-26
EABPRJB4810337,2014-03-04,TESORO DATA CENTER REMODEL,TESORO DATA CENTER,5730 TRI COUNTY PARKWAY,Schertz,TX,78154,Guadalupe,368000,2014-03-01,2014-05-01,Project Closed,Not Assigned,TITAN TRI-COUNTY 1 & 2 LTD. PARTNERSHIP,,Renovation/Alteration,Not available,"This project is privately funded, on private land for private use.",Remodeling of existing room into two separate rooms.,RVK ARCHITECTS INC.,https://www.tdlr.texas.gov/TABS/Search/Project/EABPRJB4810337,2026-09-26
EABPRJB4813061,2014-04-15,VALERO HQ DATA CENTER CRAHU REPLACEMENT,VALERO ENERGY CORPORATION,ONE VALERO WAY,San Antonio,TX,78249,Bexar,1700000,2014-04-01,2014-08-01,Project Closed,Not Assigned,VALERO ENERGY CORPORATION,,Renovation/Alteration,Not available,"This project is privately funded, on private land for private use.",Replacement of data center HVAC and associated wall relocation.,RVK ARCHITECTS INC.,https://www.tdlr.texas.gov/TABS/Search/Project/EABPRJB4813061,2026-09-26
EABPRJB4813229,2014-04-16,STRATITSPHERE POD C BUILDOUT,STRATITSPHERE DATA CENTER,1510 PRIME WEST PKWY.,Katy,TX,77449,Harris,969247,2014-04-01,2017-07-01,Project Closed,Not Assigned,DARIN COOK,,Renovation/Alteration,Not available,"This project is privately funded, on private land for private use.",Build out of additional data center pod in existing colocation data center,EVOLVE CONSULTING GROUP,https://www.tdlr.texas.gov/TABS/Search/Project/EABPRJB4813229,2026-09-26
EABPRJB4814643,2014-05-06,GHC 9-1-1 DATA CENTER,GHC 9-1-1 DATA CENTER,2280 SH 75 NORTH,Huntsville,TX,77852,Walker,4500000,2014-05-01,2015-02-01,Project Closed,Not Assigned,GHC 9-1-1,,New Construction,Not available,"This project involves public funds, public land, or is a Federally funded roadway project.",New data center and related site work,PGAL,https://www.tdlr.texas.gov/TABS/Search/Project/EABPRJB4814643,2026-09-26
EABPRJB4815098,2014-05-14,TCU WORTH HILLS DATA CENTER,TCU WORTH HILLS DATA CENTER,3504 POND DRIVE,Fort Worth,TX,76129,Tarrant,6200000,2014-06-01,2015-02-01,Project Closed,Not Assigned,TEXAS CHRISTIAN UNIVERSITY,,Renovation/Alteration,Not available,"This project involves public funds, public land, or is a Federally funded roadway project.",RENOVATE EXISTING BUILDING FOR DATA CENTER USE,RTKL ASSOCIATES,https://www.tdlr.texas.gov/TABS/Search/Project/EABPRJB4815098,2026-09-26
EABPRJB4815340,2014-05-19,RICE UNIVERSITY CHILLER ADDITION,RICE UNIVERSITY DATA CENTER,11620 MAIN ST.,Houston,TX,77025,Harris,120000,2014-06-01,2014-10-01,Project Closed,Not Assigned,RICE UNIVERSITY,,Renovation/Alteration,Not available,"This project is privately funded, on private land for private use.",Chiller addition and associated mechanical and electrical work,EVOLVE CONSULTING GROUP,https://www.tdlr.texas.gov/TABS/Search/Project/EABPRJB4815340,2026-09-26
EABPRJB4816693,2014-06-09,AT&T IDC INTERIOR FACELIFT,AT&T DATA CENTER,900 VENTURE DRIVE,Allen,TX,75013,Collin,750000,2014-05-01,2015-01-01,Project Closed,Not Assigned,SCOTT CLINE,,Renovation/Alteration,Not available,"This project is privately funded, on private land for private use.","Interior renovation to replace finishes, furniture and millwork, replace some light fixtures with new lay-in, co",GSB ARCHITECTS INC.,https://www.tdlr.texas.gov/TABS/Search/Project/EABPRJB4816693,2026-09-26
EABPRJB4817421,2014-06-19,ORACLE WAREHOUSE EXPANSION,ORACLE - AUSTIN DATA CENTER,11400 N. LAMAR BLVD,Austin,TX,78753,Travis,900000,2014-07-01,2014-10-01,Project Closed,Not Assigned,ORACLE AMERICA,,Renovation/Alteration,Not available,"This project is privately funded, on private land for private use.","Internal Expansion of existing warehouse space, for highdensity shelving",PAGE,https://www.tdlr.texas.gov/TABS/Search/Project/EABPRJB4817421,2026-09-26
EABPRJB4819032,2014-07-16,EPCC DATA CONTROL CENTER RENOVATIONS,EPCC ADMINISTRATIVE SERVICES CENTER,9050 VISCOUNT BLVD. BUILDING A,El Paso,TX,79925,El Paso,800000,2014-08-01,2014-12-01,Project Closed,Not Assigned,EL PASO COMMUNITY COLLEGE,,Renovation/Alteration,Not available,"This project is privately funded, on private land for private use.",Interior renovation of an existing building to be used as office space for the El Paso Community College.,MIJARES-MORA ARCHITECTS INC.,https://www.tdlr.texas.gov/TABS/Search/Project/EABPRJB4819032,2026-09-26
EABPRJB4819467,2014-07-23,ANB DATA CENTER- 2014 RENOVATIONS,ANB PLAZA ONE,410 S. TAYLOR,Amarillo,TX,79101,Potter,250000,2014-08-01,2015-02-01,Project Closed,Not Assigned,J I WILLIAMS AIA,,Renovation/Alteration,Not available,"This project is privately funded, on private land for private use.",Update and improve layout of existing data center.,DEKKER/PERICH/SABATINI,https://www.tdlr.texas.gov/TABS/Search/Project/EABPRJB4819467,2026-09-26
EABPRJB4821777,2014-08-28,APACHE DATA CENTER,EILAN,17802 IH-10W,San Antonio,TX,78256,Bexar,2000000,2014-09-01,2014-10-01,Project Closed,Not Assigned,LSREF2 WINDMILL REO LLC,,Renovation/Alteration,Not available,"This project is privately funded, on private land for private use.",Existing demised space - tenant finish out,,https://www.tdlr.texas.gov/TABS/Search/Project/EABPRJB4821777,2026-09-26
EABPRJB5800272,2014-09-05,WIRELINE NETWORK DATA CENTER BUILDOUT,VERIZON (AAPNTX),903 113TH STREET,Arlington,TX,76011,Tarrant,1450000,2014-09-01,2014-12-01,Project Closed,Not Assigned,WTA INC.,,Renovation/Alteration,Not available,"This project is privately funded, on private land for private use.","Buildout data center space, install new UPS and accessories, install redundant generator",WTA INC.,https://www.tdlr.texas.gov/TABS/Search/Project/EABPRJB5800272,2026-09-26
EABPRJB5800364,2014-09-08,DATA CENTER INC.,THE MADISON,15851 N. DALLAS PARKWAY SUITE 360,Addison,TX,75082,Dallas,55000,2014-09-01,2014-11-01,Project Closed,Not Assigned,GRANITE PROPERTIES,,Renovation/Alteration,Not available,"This project is privately funded, on private land for private use.",TENANT FINISH OUT,STAFFELBACH INC.,https://www.tdlr.texas.gov/TABS/Search/Project/EABPRJB5800364,2026-09-26
EABPRJB5802044,2014-10-02,ZCOLO - DATA CENTER RENOVATION,INFOMART,1950 STEMMONS FRWY STE 4006,Dallas,TX,75207,Dallas,1900000,2014-10-01,2015-03-01,Project Closed,Not Assigned,DCI TECHNOLOGY,,Renovation/Alteration,Not available,"This project is privately funded, on private land for private use.",WORK WILL INCLUDE DEMO OF EXISTING ELEMENTS TO ALLOW FORNEW INTERIOR FINISH OUT.UTILITY SCOPE TO INCLUDE NEW HV,PAGE,https://www.tdlr.texas.gov/TABS/Search/Project/EABPRJB5802044,2026-09-26
EABPRJB5803748,2014-10-28,JOINT 911 EMERG. COMM.& INFOR.DATA CTR,CITY OF BAYTOWN 911/DATA CENTER,7800 N MAIN ST,Baytown,TX,77521,Harris,7000000,2015-01-01,2015-10-01,Project Closed,Not Assigned,CITY OF BAYTOWN,,New Construction,Not available,"This project involves public funds, public land, or is a Federally funded roadway project.","One story, 17,900sq.ft.,new construction for a joint 911emergency communications and information data services",PGAL,https://www.tdlr.texas.gov/TABS/Search/Project/EABPRJB5803748,2026-09-26
EABPRJB5804305,2014-11-05,POWERED BASE BLDG.& TKF UNDERGROUND,DATACENTER PARK-907 SECURITY ROW,907 SECURITY ROW,Richardson,TX,75081,Dallas,487750,2014-12-01,2015-03-01,Project Closed,Not Assigned,DIGITAL REALTY,,New Construction,Not available,"This project is privately funded, on private land for private use.",Installation of electrical conduit and plumbing lines beneath concrete slab on grade. Slab on grade installatio,HIGHLAND ASSOCIATES,https://www.tdlr.texas.gov/TABS/Search/Project/EABPRJB5804305,2026-09-26
EABPRJB5804628,2014-11-11,ECTOR COUNTY ISD DATA CENTER REMODEL,ECTOR COUNTY ISD DATA CENTER,806 N LEE AVE.,Odessa,TX,79761,Ector,2500000,2014-11-01,2015-09-01,Inspection Complete,Not Assigned,ECTOR COUNTY INDEPENDENT SCHOOL DISTRICT,,Renovation/Alteration,Not available,"This project involves public funds, public land, or is a Federally funded roadway project.",Renovations to an existing data center to enlarge the server room.,GSC ARCHITECTS,https://www.tdlr.texas.gov/TABS/Search/Project/EABPRJB5804628,2026-09-26
EABPRJB5805048,2014-11-18,TENARIS BAY CITY - BUILDING DC,DATA CENTER,7960 STATE HIGHWAY 35,Bay City,TX,77414,Matagorda,1950000,2015-01-01,2017-09-18,Inspection Complete,Not Assigned,TENARIS BAY CITY,,New Construction,Not available,"This project is privately funded, on private land for private use.","New construction a 6,578 SF. data center.",ESPA CORP,https://www.tdlr.texas.gov/TABS/Search/Project/EABPRJB5805048,2026-09-26
EABPRJB5806036,2014-12-05,SMU DATA CENTER GENERATOR,SMU DATA CENTER GENERATOR,5555 N. CENTRAL EXPRESSWAY,Dallas,TX,75205,Dallas,2800000,2015-01-01,2015-07-01,Project Closed,Not Assigned,SOUTHERN METHODIST UNIVERSITY,,New Construction,Not available,"This project is privately funded, on private land for private use.",Emergency generator infrastructure and brick wall enclosure,RTKL,https://www.tdlr.texas.gov/TABS/Search/Project/EABPRJB5806036,2026-09-26
EABPRJB5809350,2015-02-04,ALTERNATE DATA CENTER,BUILDING F,2200F WEST AIRFIELD DRIVE,Dfw Airport,TX,75261,Dallas,2600000,2015-03-01,2015-08-01,Project Closed,Not Assigned,WTA INC,,Renovation/Alteration,Not available,"This project is privately funded, on private land for private use.",Remodel approx. 8600 SF of existing structure on VZN campus for use as Alternate Data Center for DFW IT. SOW inc,WTA INC.,https://www.tdlr.texas.gov/TABS/Search/Project/EABPRJB5809350,2026-09-26
EABPRJB5809410,2015-02-05,RENOVATION FOR MEDSTAR DATA CENTER,MEDSTAR BACKUP DATA CENTER,2944 GROVE STREET,Fort Worth,TX,76104,Tarrant,1100000,2015-02-01,2015-08-01,Project Closed,Not Assigned,MEDSTAR,,Renovation/Alteration,Not available,"This project is privately funded, on private land for private use.","Revise interior wall layout, add raised access floor, enclose existing metal building with masonry walls and con",QUORUM ARCHITECTS INC.,https://www.tdlr.texas.gov/TABS/Search/Project/EABPRJB5809410,2026-09-26
EABPRJB5811193,2015-03-05,SWIFT ENERGY DATA CENTER RELOCATION,5 GREENSPOINT PLAZA,17001 NORTHCHASE Suite 1639,Houston,TX,77060,Harris,475000,2015-03-01,2015-12-01,Project Closed,Not Assigned,GREENSPOINT PLAZA LTD PARTNERS,,Renovation/Alteration,Not available,"This project is privately funded, on private land for private use.",Build out of data center suite including new UPS and CRAC units,EVOLVE CONSULTING GROUP,https://www.tdlr.texas.gov/TABS/Search/Project/EABPRJB5811193,2026-09-26
EABPRJB5811854,2015-03-16,PARTS 360 DATA CENTER RENOVATION,AMERICAN AIRLINES HEADQUARTERS 2,4255 AMON CARTER BLVD.,Fort Worth,TX,76155,Tarrant,1887900,2015-04-01,2015-06-01,Project Closed,Not Assigned,AMERICAN AIRLINES GROUP,,Renovation/Alteration,Not available,"This project is privately funded, on private land for private use.",Existing data center space being converted into office space.,CORGAN ASSOCIATES,https://www.tdlr.texas.gov/TABS/Search/Project/EABPRJB5811854,2026-09-26
EABPRJB5812983,2015-04-01,DRIPPING SPRINGS ISD | HS DATA CENTER AD,DRIPPING SPRINGS HIGH SCHOOL DATA CENTER,940 HIGHWAY 290 WEST,Dripping Springs,TX,78620,Hays,750000,2015-06-01,2016-07-01,Project Closed,Not Assigned,DRIPPING SPRINGS ISD,,Additions to Existing Building,Not available,"This project involves public funds, public land, or is a Federally funded roadway project.",Data Center addition to Dripping Springs High School.,HUCKABEE & ASSOCIATES INC,https://www.tdlr.texas.gov/TABS/Search/Project/EABPRJB5812983,2026-09-26
EABPRJB5813034,2015-04-02,DNV GL DATA CENTER EXPANSION,DNV,1400 RAVELLO,Katy,TX,77449,Harris,200000,2015-04-01,2015-10-01,Project Closed,Not Assigned,RT KATY LLC,,Renovation/Alteration,Not available,"This project is privately funded, on private land for private use.",Expansion of existing Data Center Pod in existing structure.,,https://www.tdlr.texas.gov/TABS/Search/Project/EABPRJB5813034,2026-09-26
EABPRJB5815346,2015-05-07,VERIZON WIRELESS RESTROOM EXPANSION,VERIZON WIRELESS DATA CENTER,500 DOVE ROAD,Southlake,TX,76092,Tarrant,55000,2015-05-01,2015-08-01,Project Closed,Not Assigned,VERIZON WIRELESS COMMUNICTIONS,,Renovation/Alteration,Not available,"This project is privately funded, on private land for private use.","Renovation of existing restrooms on first and second floors include replacing all plumbing fixtures, floor tiles",CORGAN ASSOCIATES,https://www.tdlr.texas.gov/TABS/Search/Project/EABPRJB5815346,2026-09-26
EABPRJB5815819,2015-05-13,CFISD ISC DATA CENTER REMODEL,INSTRUCTIONAL SUPPORT CENTER,10300 JONES ROAD,Houston,TX,77065,Harris,875000,2015-05-01,2015-12-01,Project Closed,Not Assigned,CYPRESS FAIRBANKS ISD,,Renovation/Alteration,Not available,"This project involves public funds, public land, or is a Federally funded roadway project.","Renovation of existing data center in existing structure. Buildout includes electrical, HVAC, fire protection al",EVOLVE CONSULTING GROUP,https://www.tdlr.texas.gov/TABS/Search/Project/EABPRJB5815819,2026-09-26
EABPRJB5817452,2015-06-08,HILL COUNTRY TELEPHONE COOP-DATA CENTER,DATA CENTER,220 CAROLYN STREET,Ingram,TX,78025,Kerr,1730070,2015-06-01,2015-10-01,Project Closed,Not Assigned,HILL COUNTRY TELEPHONE COOPERATIVE,,New Construction,Not available,"This project is privately funded, on private land for private use.",New fiber optic distribution building,PETER LEWIS ARCHITECT + ASSOCIATES,https://www.tdlr.texas.gov/TABS/Search/Project/EABPRJB5817452,2026-09-26
EABPRJB5822665,2015-08-26,VIAWEST SHILOH DATA CENTER,VIAWEST SHILOH DATA CENTER,PLANO PKWY & SHILOH ROAD,Plano,TX,75074,Collin,20000000,2015-11-01,2016-07-01,Inspection Complete,Not Assigned,VIAWEST INC,,New Construction,Not available,"This project is privately funded, on private land for private use.","New construction of a 101,324 GSF tilt-up concrete one-story data center and one-story office with a mezzanine,",CORGAN ASSOCIATES,https://www.tdlr.texas.gov/TABS/Search/Project/EABPRJB5822665,2026-09-26
EABPRJB6800807,2015-09-15,DPS DATA CENTER,DPS HEADQUARTERS BUILDING A,5805 N. LAMAR BLVD,Austin,TX,78752,Travis,1800000,2015-10-01,2017-06-01,Review Complete,Not Assigned,DPS,,Renovation/Alteration,Not available,"This project involves public funds, public land, or is a Federally funded roadway project.",Renovation to existing data center.,STUDIO D CONSULTING + DESIGN LLC,https://www.tdlr.texas.gov/TABS/Search/Project/EABPRJB6800807,2026-09-26
EABPRJB6804327,2015-11-06,BLUE BOX DATA CENTER,BLUE BOX,418 SOUTH TYLER,Amarillo,TX,79101,Potter,300000,2015-12-01,2016-06-01,Project Closed,Not Assigned,AMARILLO NATIONAL BANK,,Renovation/Alteration,Not available,"This project is privately funded, on private land for private use.",Interior renovation to an existing storage facility to add a data center.,,https://www.tdlr.texas.gov/TABS/Search/Project/EABPRJB6804327,2026-09-26
EABPRJB6806352,2015-12-11,BAB BUILDING DATA CENTER MODIFICATIONS,THE BOEING COMPANY BAB BUILDING,3700 BAY AREA BOULEVARD,Pasadena,TX,77058,Harris,50000,2016-01-01,2016-04-01,Project Closed,Not Assigned,"BOEING COMPANY, THE",,Renovation/Alteration,Not available,"This project is privately funded, on private land for private use.","Adding three training labs to the Date Center Room, includes new partitions, doors, and modifying power, data, l",MOLINA WALKER ARCHITECTS INC.,https://www.tdlr.texas.gov/TABS/Search/Project/EABPRJB6806352,2026-09-26
EABPRJB6806743,2015-12-17,WELLMED CALL CENTER & DATARAPS DEPART,THE OAKS 3,12459 NETWORK BLVD. Level 2,San Antonio,TX,78249,Bexar,1150000,2016-01-01,2016-03-01,Project Closed,Not Assigned,BUILDING THREE OAKS LLC,,New Construction,Not available,"This project is privately funded, on private land for private use.",New tenant finish out in an existing building,"DAWLEY GROUP, THE",https://www.tdlr.texas.gov/TABS/Search/Project/EABPRJB6806743,2026-09-26
EABPRJB6806840,2015-12-18,NEW DATA CENTER,HELEN OF TROY,1 HELEN OF TROY PLAZA,El Paso,TX,79912,El Paso,250000,2016-01-01,2016-03-01,Project Closed,Not Assigned,HELEN OF TROY LP.,,Renovation/Alteration,Not available,"This project is privately funded, on private land for private use.",INTERIOR RENOVATION FOR A NEW 950 SF DATA ROOM FOR THE HELEN OF TROY FACILITY,FOKUS ON ARCHITECTURE INC.,https://www.tdlr.texas.gov/TABS/Search/Project/EABPRJB6806840,2026-09-26
EABPRJB6809164,2016-02-01,FORECPOINT- DATA CENTER,QUARRY OAK ATRIUM,10900 STONELAKE BLVD. Suite 130,Austin,TX,78759,Travis,2100000,2016-03-01,2017-05-01,Project Closed,Not Assigned,LINCOLN PROPERTY COMPANY,,Renovation/Alteration,Not available,"This project is privately funded, on private land for private use.",This project includes the renovation of a space for a data center.,STG DESIGN,https://www.tdlr.texas.gov/TABS/Search/Project/EABPRJB6809164,2026-09-26
EABPRJB6811202,2016-03-02,CARRIER-1 DATA CENTER EXPANSION,CARRIER-1 ROUND TABLE,1515 ROUND TABLE DR.,Dallas,TX,75247,Dallas,947000,2016-03-01,2016-08-01,Project Closed,Not Assigned,DALLAS INFRASTRUCTURE SERVICES LLC,,Renovation/Alteration,Not available,"This project is privately funded, on private land for private use.","Convert approximately 9,000 square feet of existing warehouse space to data center.",CDWARCH,https://www.tdlr.texas.gov/TABS/Search/Project/EABPRJB6811202,2026-09-26
EABPRJB6811562,2016-03-07,HDQ2 DATA CENTER RENOVATION,AMERICAN AIRLINES HEADQUARTERS 2,4255 AMON CARTER BLVD.,Fort Worth,TX,76155,Tarrant,1887900,2016-04-01,2016-06-01,Project Closed,Not Assigned,AMERICAN AIRLINES HEADQUARTERS 2,,Renovation/Alteration,Not available,"This project is privately funded, on private land for private use.",Existing data center space being converted into office space.,CORGAN ASSOCIATES,https://www.tdlr.texas.gov/TABS/Search/Project/EABPRJB6811562,2026-09-26
EABPRJB6812288,2016-03-15,CITY NTIONAL BANK DATA CENTER,CITY NATIONAL BANK DATA CENTER,1039 MAIN STREET,Sulphur Springs,TX,75482,Hopkins,750000,2016-03-01,2016-10-01,Project Closed,Not Assigned,CITY NATIONAL BANK,,Renovation/Alteration,Not available,"This project is privately funded, on private land for private use.","Stucco exterior all sides, new interior walls, finish work including MEP.",DYNAMIC ENGINEERING CONSULTANTS,https://www.tdlr.texas.gov/TABS/Search/Project/EABPRJB6812288,2026-09-26
EABPRJB6812686,2016-03-22,DEL VALLE ISD DATA CENTER EXPANSION,DEL VALLE ISD ADMINISTRATION BUILDING,5301 ROSS ROAD,Del Valle,TX,78617,Travis,1000000,2016-06-01,2017-01-01,Project Closed,Not Assigned,DEL VALLE INDEPENDENT SCHOOL DISTRICT,,Additions to Existing Building,Not available,"This project involves public funds, public land, or is a Federally funded roadway project.",2400 SF addition to existing administration building fordata center and new office space. Renovate 3600 SF of,FUSE ARCHITECTURE STUDIO,https://www.tdlr.texas.gov/TABS/Search/Project/EABPRJB6812686,2026-09-26
EABPRJB6812931,2016-03-24,TRG DATACENTER,SPRING CYPRESS DATACENTER,2626 SPRING CYPRESS ROAD,Spring,TX,77388,Harris,2000000,2016-02-01,2017-02-28,Project Closed,Not Assigned,TECHNICAL REALTY GROUP OF TEXAS LLC,,New Construction,Not available,"This project is privately funded, on private land for private use.",New datacenter.,TREY LUCAS ARCHITECTURE,https://www.tdlr.texas.gov/TABS/Search/Project/EABPRJB6812931,2026-09-26
EABPRJB6814671,2016-04-19,GCCISD | NEW DATA CENTER,NEW DATA CENTER,NORTH MAIN ST & ARCHER RD,Baytown,TX,77521,Harris,11125000,2016-06-01,2017-05-01,Project Closed,Not Assigned,GOOSE CREEK CISD,,New Construction,Not available,"This project involves public funds, public land, or is a Federally funded roadway project.",A New Data Center for Goose Creek CISD.,HUCKABEE & ASSOCIATES INC,https://www.tdlr.texas.gov/TABS/Search/Project/EABPRJB6814671,2026-09-26
EABPRJB6814690,2016-04-20,INFOMART LOBBY RENOVATION,INFORMART DATA CENTERS,1950 STEMMONS FREEWAY,Dallas,TX,75207,Dallas,2200000,2016-05-01,2016-09-01,Project Closed,Not Assigned,DCI SERVICES,,Renovation/Alteration,Not available,"This project is privately funded, on private land for private use.",Interior renovation of a commercial building,WADDILL GROUP,https://www.tdlr.texas.gov/TABS/Search/Project/EABPRJB6814690,2026-09-26
EABPRJB6815017,2016-04-25,SHC DATA CENTER REVISIONS,SHC/CPL LABORATORY BUILDING,9200 WALL STREET Data Center and Support Space,Austin,TX,78731,Travis,891000,2016-05-01,2016-08-01,Project Closed,Not Assigned,SHC/CPL LABORATORIES,,Renovation/Alteration,Not available,"This project is privately funded, on private land for private use.","Revisions to existing Data Center and support spaces forFire Protection, Network Communications, Electrical Ser",RL VICKERS ARCHITECT LLC,https://www.tdlr.texas.gov/TABS/Search/Project/EABPRJB6815017,2026-09-26
EABPRJB6817101,2016-05-23,FIBERNET DATA CENTER,FAIRBANKS 8,7220 NORTH SAM HOUSTON PARKWAY SUITE 500,Houston,TX,77040,Harris,925000,2016-05-01,2016-09-01,Project Closed,Not Assigned,DCT INDUSTRIAL,,Renovation/Alteration,Not available,"This project is privately funded, on private land for private use.",TENANT REMODEL IN EXISTING SHELL BUILDING,,https://www.tdlr.texas.gov/TABS/Search/Project/EABPRJB6817101,2026-09-26
EABPRJB6817790,2016-06-02,ARDC RESTROOM ADA/TAS RENOVATIONS,ARLINGTON REGIONAL DATA CENTER,200 E. LOOP 820,Fort Worth,TX,76112,Tarrant,150000,2016-06-01,2016-09-01,Review Complete,Not Assigned,UNIVERSITY OF TEXAS AT ARLINGTON,,Renovation/Alteration,Not available,"This project involves public funds, public land, or is a Federally funded roadway project.",Renovate (3) sets of existing restrooms to be ADA and TAS compliant.,UNIVERSITY OF TEXAS AT ARLINGTON,https://www.tdlr.texas.gov/TABS/Search/Project/EABPRJB6817790,2026-09-26
EABPRJB6818759,2016-06-16,VCHNGE DATA CENTER RENOVATION,,8025 N. IH 35,Austin,TX,78753,Travis,3000000,2016-08-01,2017-06-01,Project Closed,Not Assigned,SMBC LEASING AND FINANCE INC VXCHANGE AUSTIN DATA CNTR C/O ELEMENT CRITICAL,,Renovation/Alteration,Not available,"This project is privately funded, on private land for private use.",interior renovation of existing space to be data centerand associated mecahnical and electrical support spaces.,GENSLER,https://www.tdlr.texas.gov/TABS/Search/Project/EABPRJB6818759,2026-09-26
EABPRJB6820639,2016-07-14,SDC DFW VI,STREAM DATA CENTER,DOMINION PARKWAY,Plano,TX,75024,Collin,14500000,2016-08-01,2017-09-30,Project Closed,Not Assigned,STREAM DATA CENTERS,,New Construction,Not available,"This project is privately funded, on private land for private use.",This project is a ground up two story office and one story data hall facility. The office will have a small port,CORGAN ASSOCIATES,https://www.tdlr.texas.gov/TABS/Search/Project/EABPRJB6820639,2026-09-26
EABPRJB6820694,2016-07-15,QTS DFW-DATA CENTER 2,QTS DFW - BUILDING 2,6431 LONGHORN DRIVE,Irving,TX,75063,Dallas,20000000,2016-10-01,2017-07-01,Project Closed,Not Assigned,QTS DATA CENTERS,,Renovation/Alteration,Not available,"This project is privately funded, on private land for private use.","The project includes demolition and renovation of an existing portion of the building, as well as a one story ad",CORGAN ASSOCIATES,https://www.tdlr.texas.gov/TABS/Search/Project/EABPRJB6820694,2026-09-26
EABPRJB6822297,2016-08-09,CITI SOUTHWEST DATA CENTER KIOSK MODS,CITI SOUTHWEST DATA CENTER,931 LITSEY ROAD,Roanoke,TX,76262,Denton,800000,2016-09-01,2017-03-01,Project Closed,Not Assigned,CITIBANK,,Renovation/Alteration,Not available,"This project is privately funded, on private land for private use.",Add Mantrap and replace turnstile in existing secured entry kiosk,JACOBS,https://www.tdlr.texas.gov/TABS/Search/Project/EABPRJB6822297,2026-09-26
EABPRJB6822676,2016-08-15,DCG DATA CENTER UPDATE CAMERA SYSTEM,M.D. ANDERSON CANCER CENTER,5610 GUHN ROAD,Houston,TX,77040,Harris,95000,2016-10-01,2017-05-01,Project Closed,Not Assigned,M.D. ANDERSON CANCER CENTER,,Renovation/Alteration,Not available,"This project is privately funded, on private land for private use.",Renovating of existing space that includes architecturaland electrical.,COURTNEY HARPER + PARTNERS,https://www.tdlr.texas.gov/TABS/Search/Project/EABPRJB6822676,2026-09-26
EABPRJB6822756,2016-08-15,SC-III DATA CENTER,SWBC,4500 LOCKHILL SELMA,San Antonio,TX,78249,Bexar,3000000,2016-09-01,2016-12-01,Project Closed,Not Assigned,SOUTHWEST BUSINESS CORPORATION,,Renovation/Alteration,Not available,"This project is privately funded, on private land for private use.",Interior finishout,LK DESIGN GROUP INC.,https://www.tdlr.texas.gov/TABS/Search/Project/EABPRJB6822756,2026-09-26
EABPRJB6823643,2016-08-29,DALLAS IDC PHASE 4 BUILDOUT,AT&T DALLAS INTERNET DATA CENTER,11830 WEBB CHAPEL RD.,Dallas,TX,75081,Dallas,500000,2016-08-01,2017-09-01,Review Complete,Not Assigned,GLOBAL WEBB LP,,Renovation/Alteration,Not available,"This project is privately funded, on private land for private use.","Creation of an enclosed room within an already larger occupied space. New walls, doors, raised floor / ramps and",GENSLER,https://www.tdlr.texas.gov/TABS/Search/Project/EABPRJB6823643,2026-09-26
EABPRJB7804118,2016-11-04,KBR LEVEL 26 DATA CENTER DECOMMISSIONING,KBR TOWER,601 JEFFERSON,Houston,TX,77002,Harris,1045000,2016-12-01,2017-02-01,Project Closed,Not Assigned,BROOKFIELD PROPERTIES,,Renovation/Alteration,Not available,"This project is privately funded, on private land for private use.",Tenant improvement of existing floor area.,ENGLISH + ASSOCIATES ARCHITECTS INC.,https://www.tdlr.texas.gov/TABS/Search/Project/EABPRJB7804118,2026-09-26
EABPRJB7813194,2017-03-21,INTERNAP SECURITY FENCING RENOVATION,INTERNAP DATA CENTER,1221 COIT ROAD,Plano,TX,75093,Collin,500000,2017-04-01,2017-07-01,Project Registered,Not Assigned,Denali Dc Assets LLC,,Renovation/Alteration,Not available,"This project is privately funded, on private land for private use.",Removal of existing precast concrete screenwall. Replace with new Ameristar security fencing.,CHARLES J. O'BRIEN ARCHITECT,https://www.tdlr.texas.gov/TABS/Search/Project/EABPRJB7813194,2026-09-26
EABPRJB7813220,2017-03-21,PROJECT EAGLE,AE PLANO DATA CENTER,2800 SUMMIT BLVD,Plano,TX,85074,Collin,140000,2017-04-01,2017-08-01,Project Registered,Not Assigned,Aligned Data Centers (Dfw) Propco LLC,,Renovation/Alteration,Not available,"This project is privately funded, on private land for private use.","New Data Center POD, New office area for ~13 people andnew conference room for ~8 people",DIMOVSKI ARCHITECTURE PLLC,https://www.tdlr.texas.gov/TABS/Search/Project/EABPRJB7813220,2026-09-26
EABPRJB7816897,2017-05-11,DEMO POD 5-10-2017,AE PLANO DATA CENTER,2800 SUMMIT BLVD,Plano,TX,85074,Collin,200000,2017-05-01,2017-11-01,Project Registered,Not Assigned,Aligned Data Centers (Dfw) Propco LLC,,Renovation/Alteration,Not available,"This project is privately funded, on private land for private use.",New Demo Pod and associated infrastructure,DIMOVSKI ARCHITECTURE PLLC,https://www.tdlr.texas.gov/TABS/Search/Project/EABPRJB7816897,2026-09-26
EABPRJB7817943,2017-05-25,DALLAS IDC LOBBY REMODEL,DALLAS INTERNET DATA CENTER,11830 WEBB CHAPEL RD,Dallas,TX,75081,Dallas,650000,2017-07-01,2021-05-15,Project Closed,Not Assigned,GLOBAL WEBB LP,2500,Renovation/Alteration,Not available,"This project is privately funded, on private land for private use.","Remodel of existing customer service area, restrooms andconference rooms.",GENSLER,https://www.tdlr.texas.gov/TABS/Search/Project/EABPRJB7817943,2026-09-26
EABPRJB7824091,2017-08-28,DFW II A,COMPASS DATACENTER DFW II A,ALLEN COMMERCE PARKWAY,Allen,TX,75013,Collin,15000000,2017-09-01,2018-05-01,Inspection Complete,Not Assigned,COMPASS DATACENTERS,,New Construction,Not available,"This project is privately funded, on private land for private use.",Property development to include teh construction of a new datacenter facility.,DLB ASSOCIATES,https://www.tdlr.texas.gov/TABS/Search/Project/EABPRJB7824091,2026-09-26
EABPRJB8800877,2017-09-15,EMPIRE CENTRAL DATA CENTER,EMPIRE CENTRAL DATA CENTER,1100 EMPIRE CENTRAL PLACE,Dallas,TX,75247,Dallas,125000,2017-10-01,2018-12-11,Project Closed,Not Assigned,ZAYO,,Renovation/Alteration,Not available,"This project is privately funded, on private land for private use.","Renovation of existing office space (approx. 6,500sf) toinclude a new lab, two offices, storage area, and empty",HKS INC.,https://www.tdlr.texas.gov/TABS/Search/Project/EABPRJB8800877,2026-09-26
EABPRJB8803933,2017-10-31,CYRUSONE CARROLLTON DATA CENTER DH-2,CYRUSONE CARROLLTON,1649 WEST FRANKFORD ROAD,Carrollton,TX,75007,Dallas,8481592,2017-10-01,2018-02-01,Project Closed,Not Assigned,CYRUSONE,,Renovation/Alteration,Not available,"This project is privately funded, on private land for private use.",Partial alteration/renovation to the existing one storywarehouse and service yards,CORGAN ASSOCIATES,https://www.tdlr.texas.gov/TABS/Search/Project/EABPRJB8803933,2026-09-26
EABPRJB8806780,2017-12-14,EMPIRE CENTER DATA CENTER D2 D3,EMPIRE CENTREAL DATA CENTER,1100 EMPIRE CENTRAL PLACE,Dallas,TX,75247,Dallas,150000,2017-12-01,2018-03-01,Project Registered,Not Assigned,ZAYO,,Renovation/Alteration,Not available,"This project is privately funded, on private land for private use.",renovation of existing office and data hall space to newdata hall space,HKS INC.,https://www.tdlr.texas.gov/TABS/Search/Project/EABPRJB8806780,2026-09-26
EABPRJB8808155,2018-01-10,DALLAS DATA CENTER,EXXON MOBIL DALLAS DATA CENTER,2993 IRVING BOULEVARD,Dallas,TX,75247,Dallas,12500000,2018-02-01,2018-11-01,Review Complete,Not Assigned,CHERYL ROSS,,Renovation/Alteration,Not available,"This project is privately funded, on private land for private use.",Upgrade MEP systems indicated on drawings.,GENSLER,https://www.tdlr.texas.gov/TABS/Search/Project/EABPRJB8808155,2026-09-26
EABPRJB8812271,2018-03-10,ELLIOTT ELECTRIC DATA CENTER,ELLIOTT ELECTRIC DATA CENTER,2400 N. STALLINGS,Nacogdoches,TX,75964,Nacogdoches,2700000,2018-03-01,2019-03-01,Project Closed,Not Assigned,ELLIOTT ELECTRIC,10000,New Construction,Not available,"This project is privately funded, on private land for private use.",New Building,BURRIS ARCHITECTURE,https://www.tdlr.texas.gov/TABS/Search/Project/EABPRJB8812271,2026-09-26
EABPRJB8812604,2018-03-15,CYRUSONE CARROLLTON DATA CENTER-FLOATER,CYRUSONE CARROLLTON,1649 WEST FRANKFORD RD,Carrollton,TX,75007,Dallas,2000000,2018-05-01,2018-08-01,Project Closed,Not Assigned,CYRUSONE,,Renovation/Alteration,Not available,"This project is privately funded, on private land for private use.",Partial Alteration/renovation to the existing service yard,CORGAN ASSOCIATES INC,https://www.tdlr.texas.gov/TABS/Search/Project/EABPRJB8812604,2026-09-26
EABPRJB8816497,2018-05-04,CHALICE,ALIGNED PLANO DATA CENTER,2800 SUMMIT AVE,Plano,TX,75074,Collin,500000,2018-05-01,2018-08-01,Review Complete,Not Assigned,JACK KOCH,,Renovation/Alteration,Not available,"This project is privately funded, on private land for private use.","Partitioning of an office into a small office using existing doors, new paint, lay in ceiling, lights. Finishes",CORGAN ASSOCIATES INC,https://www.tdlr.texas.gov/TABS/Search/Project/EABPRJB8816497,2026-09-26
EABPRJB8816773,2018-05-09,EDGECORE DATA CENTERS - COLD SHELL,BUILDING 1 - COLD SHELL,3051 RESEARCH DRIVE (NEC Shiloh Rd and Research),Richardson,TX,75082,Dallas,32000000,2018-05-01,2019-03-01,Project Closed,Not Assigned,Lit Industrial Limited Partnership C/O Clarion Partners,,New Construction,Not available,"This project is privately funded, on private land for private use.","EdgeCore Dallas, Building 1 Cold Shell is the first phase of a data center campus in Richardson, Texas. This po",DLR GROUP INC. OF TEXAS,https://www.tdlr.texas.gov/TABS/Search/Project/EABPRJB8816773,2026-09-26
EABPRJB8819506,2018-06-14,COMAL ISD DATA CENTER RELOCATION,COMAL ISD SUPPORT SERVICES BUILDING,1404 I-35 NORTH,New Braunfels,TX,78130,Comal,1400000,2018-07-01,2018-12-01,Review Complete,Not Assigned,COMAL INDEPENDENT SCHOOL DISTRICT,,Renovation/Alteration,Not available,"This project involves public funds, public land, or is a Federally funded roadway project.","Relocation of existing server room within same building.Scope within new space includes interior finish out, ne",LPA INC.,https://www.tdlr.texas.gov/TABS/Search/Project/EABPRJB8819506,2026-09-26
EABPRJB8820869,2018-07-05,EX WEST GREEN DATA CENTER,EX WEST GREEN DATA CENTER,1050 DEMOCRACY,San Antonio,TX,78251,Bexar,22500000,2018-08-01,2019-04-01,Project Closed,Not Assigned,COPT SAN ANTONIO II L.P.,,New Construction,Not available,"This project is privately funded, on private land for private use.","New 6,781 SF Data Center administration building on a 28.05 acre greenfield site. The majority of the facility i",PAGE,https://www.tdlr.texas.gov/TABS/Search/Project/EABPRJB8820869,2026-09-26
EABPRJB8822788,2018-07-31,DELL PC-1 DATA CENTER REMODEL,PARK CENTER 1,1404 PARK CENTER DRIVE,Austin,TX,78753,Travis,2500000,2018-08-01,2018-11-01,Project Closed,Not Assigned,PARK CENTER 1,,Renovation/Alteration,Not available,"This project is privately funded, on private land for private use.",Additional equipment and containment with associated MEPwork. New chase walls added,CTA ARCHITECT AND ENGINEERS,https://www.tdlr.texas.gov/TABS/Search/Project/EABPRJB8822788,2026-09-26
EABPRJB8824712,2018-08-28,SHARKA DATA CENTER,SHARKA DATA CENTER,3441 RAILPORT PARKWAY,Midlothian,TX,76065,Ellis,300000000,2018-10-01,2020-03-01,Project Closed,Not Assigned,SHARKA LLC C/O CORPORATION SERVICES CO.,,New Construction,Not available,"This project is privately funded, on private land for private use.","2-story Data Center (approx. 281,792 sf) with associatedcentral utility buildings.",HDR,https://www.tdlr.texas.gov/TABS/Search/Project/EABPRJB8824712,2026-09-26
EABPRJB8825011,2018-08-30,COMPASS DATACENTER,FOURTEEN555 NDP,14555 NDP Suite 125,Addison,TX,75254,Dallas,468000,2018-09-01,2018-11-01,Project Closed,Not Assigned,CAWLEY PARTNERS,,New Construction,Not available,"This project is privately funded, on private land for private use.",Tenant finish-out to 1st generation shell space in existing building,SCHWABAUER DESIGN,https://www.tdlr.texas.gov/TABS/Search/Project/EABPRJB8825011,2026-09-26
EABPRJB9800302,2018-09-06,PROJECT LONESTAR PHASE 2,QTS DATA CENTER,14100 PARK VISTA,Fort Worth,TX,76177,Denton,24000000,2018-10-01,2019-03-01,Project Closed,Not Assigned,QUALITY TECHNOLOGY SERVICES,,Renovation/Alteration,Not available,"This project is privately funded, on private land for private use.",Data hall fit out in existing shell space,CORGAN,https://www.tdlr.texas.gov/TABS/Search/Project/EABPRJB9800302,2026-09-26
EABPRJB9802845,2018-10-11,DE GAULLE,ALIGNED PLANO DATA CENTER,2800 SUMMIT AVE,Plano,TX,75074,Collin,500000,2018-11-01,2019-01-01,Review Complete,Not Assigned,ALIGNED DATA CENTERS,,Renovation/Alteration,Not available,"This project is privately funded, on private land for private use.","Interior partitions for Data center compartmentalizationfrom mechanical gallery, new ceiling w/lights, new fans",CORGAN,https://www.tdlr.texas.gov/TABS/Search/Project/EABPRJB9802845,2026-09-26
EABPRJB9804282,2018-11-01,COLOGIX DAL3 (EQUINIX DATA CENTER),EQUINIX DATA CENTER,1950 N STEMMONS FRWY,Dallas,TX,75207,Dallas,25000000,2019-01-01,2019-07-01,Inspection Complete,Not Assigned,COLOGIX INC.,,Renovation/Alteration,Not available,"This project is privately funded, on private land for private use.","Renovation; partial second floor for data hall, mezzanine for mechanical and electrical equipment, generator equ",PAGE,https://www.tdlr.texas.gov/TABS/Search/Project/EABPRJB9804282,2026-09-26
EABPRJB9805926,2018-11-27,RICHARDSON DATA CENTER,RICHARDSON DATA CENTER,EAST LOOKOUT DRIVE,Richardson,TX,75082,Collin,12000000,2018-12-01,2019-10-01,Project Closed,Not Assigned,KDC REAL ESTATE DEVELOPMENT & INVESTMENT,,New Construction,Not available,"This project is privately funded, on private land for private use.","130,000 sf data center shell building....elevator, 2nd stair and interior finish-out will be future scope, build",ALLIANCE ARCHITECTS INC.,https://www.tdlr.texas.gov/TABS/Search/Project/EABPRJB9805926,2026-09-26
TABS2019000114,2018-12-04,Cyrusone Carrollton Data Center - Floater Yard 02,Cyrusone Carrollton,1649 West Frankford Rd,Carrollton,TX,75007,Dallas,4000000,2019-01-01,2019-07-31,Project Closed,Not Assigned,Cyrusone,5200,Renovation/Alteration,No,"This project is privately funded, on private land for private use.",Partial alteration/renovation to the existing service yard,Corgan Associates Inc,https://www.tdlr.texas.gov/TABS/Search/Project/TABS2019000114,2026-09-26
TABS2019003857,2019-01-31,Valero HQ Stabilization and Data Center Construction,Valero Energy Building A,One Valero Way,San Antonio,TX,78249,Bexar,600000,2019-08-01,2020-05-01,Project Closed,Not Assigned,Valero Energy,25416,Renovation/Alteration,No,"This project is privately funded, on private land for private use.",Remodel of second floor,RVK,https://www.tdlr.texas.gov/TABS/Search/Project/TABS2019003857,2026-09-26
TABS2019004243,2019-02-06,Shared Data Center Capacity Enhancement,UT System Arlington Regional Data Center,200 East Loop 820,Fort Worth,TX,76112,Tarrant,3500000,2019-04-01,2020-04-01,Review Complete,Not Assigned,"The University of Texas, Board of Regents c/o Dayle Pettus",25600,Renovation/Alteration,No,"This project is privately funded, on private land for private use.",Mostly mechanical upgrades to provide redundant chiller water and chiller capacity to provide continuous data center operation; miscellaneous lobby entry upgrades for facility security,"Page Southerland Page, Inc",https://www.tdlr.texas.gov/TABS/Search/Project/TABS2019004243,2026-09-26
TABS2019008945,2019-04-09,Sharka Data Center - Phase 2,Sharka Data Center,3441 Railport Parkway,Midlothian,TX,76065,Ellis,300000000,2019-04-09,2020-10-01,Project Closed,Not Assigned,Sharka LLC c/o Corporation Services Co,300000,New Construction,No,"This project is privately funded, on private land for private use.","2-story Data Center (approx. 281,792 s/f) with associated central utility buildings.",HDR,https://www.tdlr.texas.gov/TABS/Search/Project/TABS2019008945,2026-09-26
TABS2019012848,2019-05-30,MDN Sharka Data Center - Building 3,Sharka Data Center,3441 Railport Parkway,Midlothian,TX,76065,Ellis,300000000,2019-07-01,2027-03-31,Project Closed,Not Assigned,Sharka LLC c/o Corporation Services Co,288000,New Construction,No,"This project is privately funded, on private land for private use.","New one-story Data Center (approx. 288K sf). Data Center will include Core, Shell and interior FO. Foundations and Pads for remainder of the central utly plant will be installed with this project.",HDR,https://www.tdlr.texas.gov/TABS/Search/Project/TABS2019012848,2026-09-26
TABS2019013659,2019-06-11,Cyrusone Carrollton Data Center-DH6 Load Adder,Cyrusone Carrollton,1649 West Frankford Rd,Carrollton,TX,75007,Denton,765000,2019-07-01,2019-10-01,Project Closed,Not Assigned,Cyrusone,300,Renovation/Alteration,No,"This project is privately funded, on private land for private use.",Partial renovation to the existing service yard and one UPS room renovation,Corgan Associates,https://www.tdlr.texas.gov/TABS/Search/Project/TABS2019013659,2026-09-26
TABS2019016507,2019-07-19,3rd Floor VA Data Center,Brookhollow I,2301 Lamar Blvd. Suite 395,Arlington,TX,76006,Tarrant,200000,2019-08-15,2019-10-15,Project Closed,Not Assigned,H.W. Kaufman Group,536,Renovation/Alteration,No,"This project is privately funded, on private land for private use.",Renovation of existing interior space.,Entos Design,https://www.tdlr.texas.gov/TABS/Search/Project/TABS2019016507,2026-09-26
TABS2019016833,2019-07-24,Digital Realty Suite 160,Digital Realty Data Center Solutions,1210 Integrity Drive,Richardson,TX,75081,Dallas,14500000,2019-10-01,2020-06-01,Project Closed,Not Assigned,Digital Realty,62690,Renovation/Alteration,No,"This project is privately funded, on private land for private use.",Suite build out in an existing shell building for data center,Jacobs Engineering,https://www.tdlr.texas.gov/TABS/Search/Project/TABS2019016833,2026-09-26
TABS2019016836,2019-07-24,Digital Realty-Suite 260,Digital Realty Data Center Solutions,1210 Integrity Drive,Richardson,TX,75081,Dallas,14500000,2019-10-01,2020-06-01,Project Closed,Not Assigned,Digital Realty,62690,Renovation/Alteration,No,"This project is privately funded, on private land for private use.",Suite build out in an existing shell building for data center,Jacobs Engineering,https://www.tdlr.texas.gov/TABS/Search/Project/TABS2019016836,2026-09-26
TABS2019017721,2019-08-05,10th Floor Renovation To Colocation Data Center,Digital Realty,"2323 Bryan Street, Ste 1000",Dallas,TX,75201,Dallas,6000000,2019-08-15,2020-07-30,Project Closed,Not Assigned,Digital Realty,1000,Renovation/Alteration,No,"This project is privately funded, on private land for private use.",Remodel 10th floor of an existing multi-story building into a data hall and associated spaces.,Page,https://www.tdlr.texas.gov/TABS/Search/Project/TABS2019017721,2026-09-26
TABS2019018578,2019-08-16,Sharka Data Center Building 1 Spoke,Sharka Data Center,3441 Railport Parkway,Midlothian,TX,76065,Ellis,850000,2019-08-01,2020-03-01,Project Closed,Not Assigned,Sharka LLC c/o Corporation Services Co.; Barry King,3113,Renovation/Alteration,No,"This project is privately funded, on private land for private use.","Fit-up of a shelled space on Level 1 that includes: small microkitchen and nook, microkitchen storage room, small conference room, 2 phone roos, 2 restrooms, a mother's room, and an office work space.",HDR,https://www.tdlr.texas.gov/TABS/Search/Project/TABS2019018578,2026-09-26
TABS2019018997,2019-08-22,Evoque Data Center Solutions,Riverside Commons Building 2,5030 Riverside Drive Suite 250,Irving,TX,75039,Dallas,360000,2019-08-15,2019-11-15,Project Closed,Not Assigned,"BSREP Riverside, LLC",8640,Renovation/Alteration,No,"This project is privately funded, on private land for private use.",Interior Finish-out of Existing Office Space,Interprise Design,https://www.tdlr.texas.gov/TABS/Search/Project/TABS2019018997,2026-09-26
TABS2019019675,2019-08-30,INMAR Data Center Addition,Grand lakes Distribution Center,3845 Gifford Steet,Grand Prairie,TX,75050,Dallas,243000,2019-09-09,2019-11-29,Project Closed,Not Assigned,Grand Lakes Industrial LLC,3163,Renovation/Alteration,Yes,"This project is privately funded, on private land for private use.","Add interior walls to enclose area for Control room, server room, storage area. HVAC and Power added to support rooms and equipment.","DP-NXA Consultants, LLC",https://www.tdlr.texas.gov/TABS/Search/Project/TABS2019019675,2026-09-26
TABS2020000787,2019-09-12,Spear Street Capital Data Center Decomissioning 10000 Energy Drive,1000 Energy Drive,10000 Energy Drive,Spring,TX,77389,Harris,100000,2019-09-30,2020-02-29,Project Closed,Not Assigned,Spear Street Capital,28000,Renovation/Alteration,No,"This project is privately funded, on private land for private use.","Decomissioning and demolition of existing data center on level 02. Restoration of the space to ""white box"" core & shell, ready for future tenant build out.",Gensler,https://www.tdlr.texas.gov/TABS/Search/Project/TABS2020000787,2026-09-26
TABS2020001812,2019-09-26,FSCU - Data Center,First Service Credit Union Main Building,16430 Park Ten Place,Houston,TX,77084,Harris,75000,2019-10-01,2019-12-16,Project Closed,Not Assigned,First Service Credit Union,3171,Renovation/Alteration,No,"This project is privately funded, on private land for private use.",Consolidate existing data/ server/electrical room. MEP; Convert portion to tenant space; some walls + doors.,Abel Design Group,https://www.tdlr.texas.gov/TABS/Search/Project/TABS2020001812,2026-09-26
TABS2020003701,2019-10-22,"Lonza Biologics, Inc - Data Center (Build-Out) - PL1","Lonza Biologics, Inc","14905 Kirby Dr., Suite 100",Houston,TX,77047,Harris,300000,2019-11-04,2020-01-15,Project Closed,Not Assigned,[person name withheld],160,Renovation/Alteration,No,"This project is privately funded, on private land for private use.",A portion of an existing mechanical mezzanine room in an existing building will be built-out to accommodate a data center for servers. This roughly 160 square foot room will require new 1-hr. fire rated walls up against existing walls. An interior 1,"Browne McGregor Architects, Inc.",https://www.tdlr.texas.gov/TABS/Search/Project/TABS2020003701,2026-09-26
TABS2020003703,2019-10-22,"Lonza Biologics, Inc - Data Center (Build-Out) - PL2","Lonza Biologics, Inc","14905 Kirby Dr., Suite 200",Houston,TX,77047,Harris,150000,2019-11-04,2020-01-15,Project Closed,Not Assigned,[person name withheld],648,Renovation/Alteration,No,"This project is privately funded, on private land for private use.","Portions of existing closed off spaces (Storage and IDF Room) will be re-configured to accommodate a designated data center room, and two new paths (one being egress designated) to newly permitted office space on the second floor of PL2. The scope of","Browne McGregor Architects, Inc.",https://www.tdlr.texas.gov/TABS/Search/Project/TABS2020003703,2026-09-26
TABS2020004089,2019-10-28,MSFT SAT20 Office Build Out,Stream San Antonio Private Data Center,9550 Westover Hills Boulevard,San Antonio,TX,78521,Bexar,390000,2019-11-01,2019-12-31,Project Closed,Not Assigned,[person name withheld],2500,Renovation/Alteration,Yes,"This project is privately funded, on private land for private use.","This is a renovation of 2,500 open office into (2) private offices and storage space. This scope also includes (2) door relocations in existing storage space.",Corgan,https://www.tdlr.texas.gov/TABS/Search/Project/TABS2020004089,2026-09-26
TABS2020008045,2019-12-21,Sharka Data Center Building 2 Spoke,Sharka Data Center,3441 Railport Rarkway,Midlothian,TX,76065,Ellis,850000,2020-01-01,2020-08-01,Project Closed,Not Assigned,Sharka LLC c/o Corporation Services Co; Stephen Barber,3113,Renovation/Alteration,No,"This project is privately funded, on private land for private use.","Fit-up of a shelled space on Level 1 that includes: breakroom, storage room, small conference room, 2 small phone rooms, 2 restrooms, a mother's room and an office work space.",HDR,https://www.tdlr.texas.gov/TABS/Search/Project/TABS2020008045,2026-09-26
TABS2020008466,2020-01-06,FHLB - DATA CENTER/LEASE CONVERSION,FEDERAL HOME LOAN BANK,8500 FREEPORT PARKWAY SOUTH,Irving,TX,75063,Dallas,340000,2020-01-15,2020-04-15,Project Closed,Not Assigned,FEDERAL HOME LOAN BANK,2937,Renovation/Alteration,Yes,"This project is privately funded, on private land for private use.",RENOVATION OF EXISTING SPACE,"MJDII ARCHITECTS, INC.",https://www.tdlr.texas.gov/TABS/Search/Project/TABS2020008466,2026-09-26
TABS2020009827,2020-01-23,Cyrusone Carrollton Data Center-DH1 AHU Build-Out,Cyrusone Carrollton,1649 West Frankford Rd,Carrollton,TX,75007,Denton,1000000,2020-03-01,2020-06-01,Project Closed,Not Assigned,CyrusOne,35000,Renovation/Alteration,No,"This project is privately funded, on private land for private use.",Partial renovation to existing service yard,Corgan Associates,https://www.tdlr.texas.gov/TABS/Search/Project/TABS2020009827,2026-09-26
TABS2020011706,2020-02-17,DLR 1210 Office Fit-Out,1210 Integrity Data Center,1210 Integrity Drive,Richardson,TX,75081,Dallas,303000,2020-03-01,2020-05-01,Project Closed,Not Assigned,"Collins Technology Park Partners, LLC. c/o Digital Realty Trust, Inc.",1750,Renovation/Alteration,No,"This project is privately funded, on private land for private use.",Fit-out of office space inside an existing building shell.,Jacobs Engineering Group,https://www.tdlr.texas.gov/TABS/Search/Project/TABS2020011706,2026-09-26
TABS2020011720,2020-02-17,BBT Midland Data Center,BBT,2909 Wright Drive,Midland,TX,79706,Midland,1100000,2020-04-06,2020-08-31,Review Complete,Not Assigned,Big Bend Telephone Company,5200,Renovation/Alteration,Yes,"This project is privately funded, on private land for private use.",Refit of existing buildings to be UPS electrical room and Data Center. Building of interconnection between two existing buildings.,Ridgeline Design Architects,https://www.tdlr.texas.gov/TABS/Search/Project/TABS2020011720,2026-09-26
TABS2020016824,2020-05-05,H5 Data Center Renovations,H5 Data Center,323 Broadway St,San Antonio,TX,78205,Bexar,1000000,2020-06-01,2020-12-01,Project Closed,Not Assigned,H5 Data Center,8245,Renovation/Alteration,Yes,"This project is privately funded, on private land for private use.","Interior alteration to include new server area, supporting electrical rooms and interior generator room",Evolve,https://www.tdlr.texas.gov/TABS/Search/Project/TABS2020016824,2026-09-26
TABS2020017176,2020-05-12,CyrusOne Carrollton Data Center-Floater Yard 03,CyrusOne Carrollton,1649 West Frankford Rd,Carrollton,TX,75007,Denton,25000000,2020-06-01,2020-12-01,Project Closed,Not Assigned,CyrusOne,21188,Renovation/Alteration,No,"This project is privately funded, on private land for private use.",Partial alteration/renovation to existing service yard,Corgan Associates,https://www.tdlr.texas.gov/TABS/Search/Project/TABS2020017176,2026-09-26
TABS2020019011,2020-06-15,BCS Data Center Operations,Millennium Tower,15455 Dallas Parkway Suite 1300,Addison,TX,75001,Dallas,310361,2020-06-15,2020-08-31,Project Closed,Not Assigned,Gadeke Group,8149,Renovation/Alteration,No,"This project is privately funded, on private land for private use.",Renovation/Alteration,Interprise,https://www.tdlr.texas.gov/TABS/Search/Project/TABS2020019011,2026-09-26
TABS2020019741,2020-06-29,"Compass Datacenters DFW III-I, LLC",DFW III-I,300 Houston School Road,Red Oak,TX,75154,Ellis,5000000,2019-11-14,2020-06-10,Project Closed,Not Assigned,Compass Datacenters,980849,New Construction,No,"This project is privately funded, on private land for private use.",Datacenter,KFM Engineering and Design,https://www.tdlr.texas.gov/TABS/Search/Project/TABS2020019741,2026-09-26
TABS2020019742,2020-06-29,"Compass Datacenters DFW I-II, LLC",DFW I-II,820 Allen Commerce Parkway,Allen,TX,75013,Collin,1000000,2020-08-01,2021-08-02,Project Closed,Not Assigned,Compass Datacenters,1503933,New Construction,No,"This project is privately funded, on private land for private use.",Datacenter,KFM Engineering and Design,https://www.tdlr.texas.gov/TABS/Search/Project/TABS2020019742,2026-09-26
TABS2021001306,2020-09-23,FTW4 Data Center,4500 Like Way,4500 Like Way,Fort Worth,TX,76101,Tarrant,6000000,2020-11-07,2022-09-26,Review Complete,Not Assigned,"Winner, LLC",277513,New Construction,No,"This project is privately funded, on private land for private use.",Underground and Site Utilities,Sheehan Nagle Hartray Architects,https://www.tdlr.texas.gov/TABS/Search/Project/TABS2021001306,2026-09-26
TABS2021008977,2021-02-08,EX West Green Data Center Phase 2,EX West Green Data Center,1050 Democracy,San Antonio,TX,78251,Bexar,279988945,2021-01-31,2023-03-27,Project Closed,Not Assigned,"COPT San Antonio II, LP",88980,New Construction,No,"This project is privately funded, on private land for private use.","Phase 2 of project on 28.05 acre greenfield site. Includes small one story Ops Office Building, storage containers, modular data center containers (MDCs; equipment) with supporting elec and mech equipment, exterior yards, and covered walkways.",Page,https://www.tdlr.texas.gov/TABS/Search/Project/TABS2021008977,2026-09-26
TABS2021015470,2021-05-12,School of Data Science and National Security Collaboration Center,School of Data Science and National Security Collaboration Center,506 Dolorosa Street,San Antonio,TX,78204,Bexar,64000000,2021-04-23,2022-07-31,Project Closed,Not Assigned,University of Texas at San Antonio,165000,New Construction,No,"This project involves public funds, public land, or is a Federally funded roadway project.","New academic building of offices, lab and research space, a collaborative entry zone with access to elevator, stairs, restrooms, a large multi-purpose room and other building services. It will be six stories in height with various design strategies","Jacobs, Inc.",https://www.tdlr.texas.gov/TABS/Search/Project/TABS2021015470,2026-09-26
TABS2021016220,2021-05-24,PEC Control and Data Center,Pedernales Electric Cooperative Control and Data Center,8796 183A Toll Road,Leander,TX,78641,Williamson,22000000,2021-08-01,2022-12-31,Project Closed,Not Assigned,Pedernales Electric Cooperative,22900,New Construction,No,"This project is privately funded, on private land for private use.",A 24-hour control and data center and generator yard,Corgan Associates,https://www.tdlr.texas.gov/TABS/Search/Project/TABS2021016220,2026-09-26
TABS2021018723,2021-06-29,Alcon Data Center TI,Alcon Data Center,6549 South Freeway,Fort Worth,TX,76134,Tarrant,325000,2021-08-01,2021-12-31,Project Closed,Not Assigned,Alcon Vision,1200,Renovation/Alteration,No,"This project is privately funded, on private land for private use.",Subdivide existing data center technical floor with wire mesh partition. Add doors and walls to subdivide adjoining office spaces.,BOKA Powell,https://www.tdlr.texas.gov/TABS/Search/Project/TABS2021018723,2026-09-26
TABS2021019142,2021-07-06,SAT14 - Phase 1,SAT14 Data Center,3545 Wiseman Boulevard,San Antonio,TX,78251,Bexar,154900000,2021-10-01,2022-12-01,Project Closed,Not Assigned,Microsoft,259000,New Construction,No,"This project is privately funded, on private land for private use.","Site and two building shells (152,000 sf and 107,000 sf). Each structure includes an adminstrative component as well as data center. Finish-out of one administrative areas as well as 2 of 5 colo facilities.",Page Southerland Page (Page),https://www.tdlr.texas.gov/TABS/Search/Project/TABS2021019142,2026-09-26
TABS2021019471,2021-07-09,SAT14 - Phase 2,SAT14 Data Center,3545 Wiseman Boulevard,San Antonio,TX,78251,Bexar,26800000,2021-10-01,2026-03-31,Inspection Complete,Not Assigned,Microsoft,46000,New Construction,No,"This project is privately funded, on private land for private use.",Finish-out / fit-out of one colo of data center within shell facility.,Page Southerland Page,https://www.tdlr.texas.gov/TABS/Search/Project/TABS2021019471,2026-09-26
TABS2021019574,2021-07-12,Arlington Data Center,Arlington Data Center,1411 wet n wild way,Arlington,TX,76011,Tarrant,15000000,2021-09-01,2022-11-18,Project Closed,Not Assigned,"D.R. Horton, Inc",15767,New Construction,No,"This project is privately funded, on private land for private use.",new construction for new data center,NO 10 DESIGN GROUP,https://www.tdlr.texas.gov/TABS/Search/Project/TABS2021019574,2026-09-26
TABS2021019588,2021-07-12,SAT14 - Phase 3,SAT14 Data Center,3545 Wiseman Boulevard,San Antonio,TX,78251,Bexar,31300000,2021-10-01,2026-03-31,Inspection Complete,Not Assigned,Microsoft,60000,New Construction,No,"This project is privately funded, on private land for private use.",Finish-out / fit-out of admin area and one data center colo within shell facility.,Page Southerland Page,https://www.tdlr.texas.gov/TABS/Search/Project/TABS2021019588,2026-09-26
TABS2021019686,2021-07-13,SAT14 - Phase 4,SAT14 Data Center,3545 Wiseman Boulevard,San Antonio,TX,78251,Bexar,27200000,2021-10-01,2026-03-31,Inspection Complete,Not Assigned,Microsoft,46000,New Construction,No,"This project is privately funded, on private land for private use.",Finish-out / fit-out of one colo of data center within shell facility.,Page Southerland Page,https://www.tdlr.texas.gov/TABS/Search/Project/TABS2021019686,2026-09-26
TABS2021019796,2021-07-14,Informart Seventh Floor Alterations (EQ DA-99),Informart Equinix Data Center,"1950 N STEMMONS FWY, 7th FL",Dallas,TX,75207,Dallas,232000,2021-07-26,2021-10-01,Project Closed,Not Assigned,EQUINIX LLC,9000,Renovation/Alteration,Yes,"This project is privately funded, on private land for private use.","Minor change of occupancy (3 spaces), 3 partitions and doors, illuminated exit signage and lights, metal guards, exterior stairs and railings.",Margulies Hoelzli Architecture,https://www.tdlr.texas.gov/TABS/Search/Project/TABS2021019796,2026-09-26
TABS2021021927,2021-08-12,Compass Datacenter,Fourteen555,14555 North Dallas Parkway Suite 146,Dallas,TX,75254,Dallas,300000,2021-08-16,2021-10-29,Review Complete,Not Assigned,Cawley Partners,3252,Renovation/Alteration,Yes,"This project is privately funded, on private land for private use.",Interior Finish out,Schwabauer Design,https://www.tdlr.texas.gov/TABS/Search/Project/TABS2021021927,2026-09-26
TABS2022000947,2021-09-15,BCS Data Center Operations Expansion,Millennium Tower,"15455 Dallas Parkway, Suite 1300 & 1350",Addison,TX,75001,Dallas,645206,2021-09-20,2022-01-28,Project Closed,Not Assigned,Gadeke Group,9594,Renovation/Alteration,No,"This project is privately funded, on private land for private use.",Renovation/ Alteration,Interprise,https://www.tdlr.texas.gov/TABS/Search/Project/TABS2022000947,2026-09-26
TABS2022003099,2021-10-14,Core Scientific Denton Data Center South Parcel Tech Building,Core Scientific Denton Data Center South Parcel Tech Building,8161 Jim Christal Rd,Denton,TX,76207,Denton,1000000,2021-10-18,2023-12-31,Review Complete,Not Assigned,CITY OF DENTON,8000,New Construction,No,"This project is privately funded, on private land for private use.","New ground-up Tech building to support surrounding buildings housing data servers. This tech building contains office space, warehouse space, restrooms, etc.","MJDII Architects, Inc.",https://www.tdlr.texas.gov/TABS/Search/Project/TABS2022003099,2026-09-26
TABS2022003102,2021-10-14,Core Scientific Denton Data Center South Parcel Guard Station,Core Scientific Denton Data Center South Parcel Guard Station,8161 Jim Christal Rd,Denton,TX,76207,Denton,50000,2021-10-18,2023-12-31,Review Complete,Not Assigned,CITY OF DENTON,150,New Construction,No,"This project is privately funded, on private land for private use.",New Guard Station to control access to new multi-building data center site.,"MJDII Architects, Inc.",https://www.tdlr.texas.gov/TABS/Search/Project/TABS2022003102,2026-09-26
TABS2022003527,2021-10-20,Woodlands Data Center C118,The Woodlands Enterprises,4000 Technology Forest Blvd,The Woodlands,TX,77831,Montgomery,8967629,2021-11-15,2022-10-31,Project Closed,Not Assigned,The Woodlands Enterprises LLC,8600,Renovation/Alteration,No,"This project is privately funded, on private land for private use.",interior build-out of existing shell space into data center,HLW International,https://www.tdlr.texas.gov/TABS/Search/Project/TABS2022003527,2026-09-26
TABS2022005461,2021-11-16,Core Scientific Denton Data Center North Parcel Tech Building,Core Scientific Denton Data Center North Parcel Tech Building,8161 Jim Christal Rd,Denton,TX,76207,Denton,1000000,2021-11-22,2023-12-31,Review Complete,Not Assigned,CITY OF DENTON,8000,New Construction,No,"This project is privately funded, on private land for private use.","New ground-up Tech Building to support surrounding data server buildings. This Tech Building contains office space, warehouse space, restrooms, etc.","MJDII Architects, Inc.",https://www.tdlr.texas.gov/TABS/Search/Project/TABS2022005461,2026-09-26
TABS2022005463,2021-11-16,Core Scientific Denton Data Center North Parcel Guard Station,Core Scientific Denton Data Center North Parcel Guard Station,8161 Jim Christal Rd,Denton,TX,76207,Denton,50000,2021-11-22,2023-12-31,Review Complete,Not Assigned,CITY OF DENTON,150,New Construction,No,"This project is privately funded, on private land for private use.",New Guard Station to control access to new multi-building data center site.,"MJDII Architects, Inc.",https://www.tdlr.texas.gov/TABS/Search/Project/TABS2022005463,2026-09-26
TABS2022005637,2021-11-18,DFW 07 - Phase 3,Stream Data Centers - DFW VII,1717 Lookout Drive,Garland,TX,75044,Dallas,5000000,2021-12-15,2022-04-15,Project Closed,Not Assigned,Stream Data Centers,75000,Renovation/Alteration,No,"This project is privately funded, on private land for private use.","This is a fitout of an existing data center to complete the rest of the data halls, mechanical, and electrical spaces of the facility.",,https://www.tdlr.texas.gov/TABS/Search/Project/TABS2022005637,2026-09-26
TABS2022006398,2021-12-01,DPN Data Center,DPN Data Center Facility,984 County Road 112 Suite A,Afton,TX,79412,Dickens,7000000,2021-12-06,2022-03-31,Inspection Complete,Not Assigned,GALAXY DIGITAL LLC,129000,New Construction,No,"This project is privately funded, on private land for private use.",New 126000 SF Computer Data Center with a 2500 SF Office and 150 SF Guard Shack,"WCA Design Studio, LLC",https://www.tdlr.texas.gov/TABS/Search/Project/TABS2022006398,2026-09-26
TABS2022006854,2021-12-08,OLR ZGD1,Stream Data Centers DFW VII,1813 Lookout Drive,Garland,TX,75201,Dallas,15000000,2022-01-07,2022-06-30,Project Closed,Not Assigned,SDC DFW VII LP,138000,Renovation/Alteration,Yes,"This project is privately funded, on private land for private use.","Interior build out including office, support, and data hall spaces",,https://www.tdlr.texas.gov/TABS/Search/Project/TABS2022006854,2026-09-26
TABS2022007939,2021-12-21,Temple Data Center,Temple Data Center,2810 Bob White Road,Unknown,TX,76501,Bell,70000000,2021-10-11,2023-03-01,Project Closed,[person name withheld],Temple Green Data LLC,133274,New Construction,No,"This project is privately funded, on private land for private use.",Development includes three interconnected Powered Shells primarily intended to store miners equipment equipped with immersion cooling system.,Burns and McDonnell,https://www.tdlr.texas.gov/TABS/Search/Project/TABS2022007939,2026-09-26
TABS2022007979,2021-12-21,#21244 - New Data Center,Pape-Dawson Consulting Engineers Corporate Building,2000 NW Loop 410,Castle Hills,TX,78212,Bexar,1900000,2022-02-01,2022-11-18,Project Closed,Not Assigned,Pape Dawson Consulting Engineers,1200,Renovation/Alteration,No,"This project is privately funded, on private land for private use.","Interior Renovation, Finish-Out, Site Development and Mechanical Yard.","RVK Architecture, Inc.",https://www.tdlr.texas.gov/TABS/Search/Project/TABS2022007979,2026-09-26
TABS2022008436,2022-01-03,TRG Datacenters Phase II Expansion,TRG Datacenters,2626 Spring Cypress Road,Spring,TX,77388,Harris,3700000,2022-01-01,2022-03-31,Inspection Complete,Not Assigned,"Technical Realty Group of Texas, LLC",25017,Additions to Existing Building,No,"This project is privately funded, on private land for private use.",Expanding an existing Data Center with new data center along with offices and ancillary spaces.,Trey Lucas Architecture,https://www.tdlr.texas.gov/TABS/Search/Project/TABS2022008436,2026-09-26
TABS2022010588,2022-01-31,Netrality Data Centers Level 9 & Level 13.5,Netrality Data Centers Houston - Colocation & Interconnection,1301 Fannin St STE 100,Houston,TX,77002,Harris,11000000,2022-03-01,2022-11-01,Project Closed,Not Assigned,Netrality Data Center Houston - Colocation & Interconnection,61000,Renovation/Alteration,Yes,"This project is privately funded, on private land for private use.",Interior Design Renovation / Alteration,Planning Design Research,https://www.tdlr.texas.gov/TABS/Search/Project/TABS2022010588,2026-09-26
TABS2022012277,2022-02-22,H5 Data Center - Colo 4 Buildout,H5 Data Center,323 Broadway,San Antonio,TX,78205,Bexar,300000,2022-03-28,2022-05-31,Review Complete,Not Assigned,H5 Data Center,1410,Renovation/Alteration,Yes,"This project is privately funded, on private land for private use.",Interior colocation (server) room fit out and associated equipment,,https://www.tdlr.texas.gov/TABS/Search/Project/TABS2022012277,2026-09-26
TABS2022013316,2022-03-04,HNTB,Netrality Data Center,1301 Fannin St Suite 2100,Houston,TX,77002,Harris,2000000,2022-05-02,2022-08-22,Project Closed,Not Assigned,"1301 Fannin Owner, LP.",15739,Renovation/Alteration,No,"This project is privately funded, on private land for private use.","THIS IS A TENANT REMODEL PROJECT FOR A PART OF THE TWENTY-FIRST FLOOR OF 1301 FANNIN ST. HOUSTON, TX. THE EXISTING STRUCTURE REMAINS UNAFFECTED.",,https://www.tdlr.texas.gov/TABS/Search/Project/TABS2022013316,2026-09-26
TABS2022014592,2022-03-22,SSFCU 306 Data Center,SSFCU 306 Data Center,190 Creekside Crossing Suite 1101,New Braunfels,TX,78130,Comal,1000000,2022-05-01,2023-06-15,Project Closed,Not Assigned,SSFCU,4558,Renovation/Alteration,No,"This project is privately funded, on private land for private use.",Second floor interior finish out of an existing fully sprinkled new shell building,Luna Middleman Architects,https://www.tdlr.texas.gov/TABS/Search/Project/TABS2022014592,2026-09-26
TABS2022015724,2022-04-04,McAllen Data Center,MDC Data Center,422 11th street,Mcallen,TX,78501,Hidalgo,200000,2022-05-01,2022-07-01,Project Registered,Not Assigned,MDC Data Center,4432,Renovation/Alteration,Yes,"This project is privately funded, on private land for private use.",Minor interior demolition and renovation to an existing data center building,,https://www.tdlr.texas.gov/TABS/Search/Project/TABS2022015724,2026-09-26
TABS2022021892,2022-06-20,Temple Data Center NCB,Temple Data Center NCB,3101 Industrial Blvd,Temple,TX,76504,Bell,300000,2022-08-01,2023-07-15,Project Closed,Not Assigned,Polmer LLC,40000,New Construction,No,"This project is privately funded, on private land for private use.",New Project Consisting of Pre-Engineered Metal Building for Construction Administrative Service.,Cushing Terrell,https://www.tdlr.texas.gov/TABS/Search/Project/TABS2022021892,2026-09-26
TABS2022025431,2022-08-04,H5 Colocation Facility - 100 Taylor St,H5 Data Center,100 Taylor Street,San Antonio,TX,78205,Bexar,2000000,2022-09-30,2024-10-01,Project Closed,Not Assigned,H5 DATA CENTERS - SAN ANTONIO LLC,20400,Renovation/Alteration,Yes,"This project is privately funded, on private land for private use.","Renovation of existing data center space to include new data hall, electrical rooms, secure entrance and exterior equipment placement","Batir Architecture, Ltd",https://www.tdlr.texas.gov/TABS/Search/Project/TABS2022025431,2026-09-26
TABS2022026535,2022-08-18,SAT15,SAT15 Data Center,3555 Westover Link,San Antonio,TX,78251,Bexar,215900000,2022-10-01,2026-05-01,Inspection Complete,Not Assigned,Mircosoft,245000,New Construction,No,"This project is privately funded, on private land for private use.","Site and building shell associated with 245,00 square foot data center including administrative components and data center. Finish-out of administrative areas as well as 5 colo facilities.",Page Southerland Page,https://www.tdlr.texas.gov/TABS/Search/Project/TABS2022026535,2026-09-26
TABS2022026608,2022-08-19,Skybox-Austin 1-Data Center Upfit,Building 1,600 New Meister Lane,Pflugerville,TX,78660,Travis,28500000,2022-10-01,2024-10-01,Project Closed,Not Assigned,Austin Data Center 1 LLC,57432,Additions to Existing Building,No,"This project is privately funded, on private land for private use.","Interior improvmnts to bldg as a Data Center, 4 Data Halls will be up-fit & their supporting MEP rooms/equipment. Equipment yard will host back-up generators, air cooled chillers & Power Distribution Centers containers. Will be finished white boxes.",Corgan Associates,https://www.tdlr.texas.gov/TABS/Search/Project/TABS2022026608,2026-09-26
TABS2023000518,2022-09-09,Vallies ELT-1,Compass Data Center,441 N. Austin Blvd,Red Oak,TX,75154,Ellis,64000000,2022-09-30,2023-03-31,Project Registered,Not Assigned,Vallies LLC,5000,Renovation/Alteration,Yes,"This project is privately funded, on private land for private use.","tenant fit out of data hall space, supporting infrastructure spaces, and tenant office space","HKS, Inc.",https://www.tdlr.texas.gov/TABS/Search/Project/TABS2023000518,2026-09-26
TABS2023000556,2022-09-09,Phase 2 Data Center Finish Out,Digital Realty,2323 Bryan St,Dallas,TX,75201,Dallas,18000000,2023-01-01,2024-01-31,Project Registered,Not Assigned,Digital Bryan Street PS,26727,Renovation/Alteration,No,"This project is privately funded, on private land for private use.",Renovation of levels 6 & 7 to Data Hall space. Renovation of levels 8 & 9 UPS & Mechanical to support the data halls.,Corgan Associates,https://www.tdlr.texas.gov/TABS/Search/Project/TABS2023000556,2026-09-26
TABS2023000811,2022-09-13,Ezell Drive Campus,Data Center,401 Ezell Dr,De Soto,TX,60603,Dallas,6000000,2023-04-01,2024-12-31,Review Complete,Not Assigned,"Amazon Data Services, Inc",29840,New Construction,No,"This project involves public funds, public land, or is a Federally funded roadway project.","New Data Center Building with supporting MEP infrastructure, MMR Buildings for cable entry and a Pumphouse",HKS,https://www.tdlr.texas.gov/TABS/Search/Project/TABS2023000811,2026-09-26
TABS2023001682,2022-09-26,SH 249 Retail Development,C-Store and Washateria with Data Center,"26322 Millies Creek Ln 14131 SH 249, Houston",Cypress,TX,77086,Harris,1000000,2022-11-30,2023-07-21,Project Registered,Not Assigned,[person name withheld],11500,New Construction,No,"This project is privately funded, on private land for private use.","Building a C-store with gas canopy, washateria, data center, and car wash facility",Midstream and Terminal Services,https://www.tdlr.texas.gov/TABS/Search/Project/TABS2023001682,2026-09-26
TABS2023001708,2022-09-26,Element Critical,AUS-1 Data Center,8025 N IH35,Austin,TX,78753,Travis,800000,2022-10-24,2023-01-09,Project Closed,[person name withheld],"SMBC Leasing and Finance, INC",6800,Renovation/Alteration,Yes,"This project is privately funded, on private land for private use.",Interior improvements/finish-out,Gensler,https://www.tdlr.texas.gov/TABS/Search/Project/TABS2023001708,2026-09-26
TABS2023002182,2022-09-30,Aramark - UTSA Downtown Cafe,School of Data Science & National Security Collaboration Center,506 Dolorosa St.,San Antonio,TX,78204,Bexar,610000,2022-09-15,2022-12-20,Project Closed,True Flavors,UTSA,1351,Renovation/Alteration,Yes,"This project is privately funded, on private land for private use.",development of a small restaurant into the first floor of an existing building at the UTSA downtown campus. The restaurant will include a small back-of-house kitchen/prep area and a limited cook-line associated with customer order/serve counter.,Multistudio,https://www.tdlr.texas.gov/TABS/Search/Project/TABS2023002182,2026-09-26
TABS2023003319,2022-10-17,NTT GDCA-PDC TX2,TX2 Data Center,2008 Lookout Drive,Garland,TX,75044,Dallas,110000000,2022-11-30,2024-01-30,Inspection Complete,Not Assigned,NTT Global Centers of America,229500,New Construction,No,"This project is privately funded, on private land for private use.","New datacenter structure is approximately 230,000 square feet in size with two-story office and loading dock located on the ground floor.",Page Southerland Page,https://www.tdlr.texas.gov/TABS/Search/Project/TABS2023003319,2026-09-26
TABS2023007688,2022-12-16,SWDC Battery Room Buildout,South West Data Center,931 Litsey Road,Roanoke,TX,76262,Tarrant,500000,2023-03-01,2023-12-01,Project Registered,Not Assigned,Citigroup,251349,Renovation/Alteration,No,"This project is privately funded, on private land for private use.",Turning existing battery rooms to data hall and data hall support.,,https://www.tdlr.texas.gov/TABS/Search/Project/TABS2023007688,2026-09-26
TABS2023007691,2022-12-16,GTDC Battery Room Buildout,Georgetown Data Center,201 Blue Ridge Drive,Georgetown,TX,78626,Williamson,500000,2023-03-01,2023-12-01,Project Registered,Not Assigned,Citigroup,304700,Renovation/Alteration,No,"This project is privately funded, on private land for private use.",Fitting out existing equipment rooms,,https://www.tdlr.texas.gov/TABS/Search/Project/TABS2023007691,2026-09-26
TABS2023008613,2023-01-03,NTT GDCA-PDC TX3,TX3 Data Center,400 West Cesar Chavez Street suite 500,Garland,TX,78701,Dallas,110000000,2023-03-01,2024-04-01,Inspection Complete,Not Assigned,NTT GLOBAL DATA CENTERS TX LLC,229500,New Construction,No,"This project is privately funded, on private land for private use.","New datacenter structure is approximately 230,000 square feet in size with two-story office and loading dock located on the ground floor.",,https://www.tdlr.texas.gov/TABS/Search/Project/TABS2023008613,2026-09-26
TABS2023010309,2023-01-26,Bastrop Project,Data Center,2048 FM 969,Elgin,TX,77862,Bastrop,10000000,2022-10-03,2024-11-30,Review Complete,[person name withheld],"CENTRAL TEXAS AIRPORT, LLC",150000,New Construction,No,"This project is privately funded, on private land for private use.",Build 4 evaporative building and 1 warehouse and 1 office building,,https://www.tdlr.texas.gov/TABS/Search/Project/TABS2023010309,2026-09-26
TABS2023013247,2023-03-03,SAT40,SAT40 Data Center,15000 Lambda Drive,San Antonio,TX,78245,Bexar,175900000,2023-06-15,2023-09-15,Review Complete,Not Assigned,Microsoft,153227,New Construction,No,"This project is privately funded, on private land for private use.",Site and building shell data center including administrative components and data center.,Page Southerland Page,https://www.tdlr.texas.gov/TABS/Search/Project/TABS2023013247,2026-09-26
TABS2023019324,2023-05-16,"Hou1 DH5(unfinished), Phase 1",Skybox Houston One Data Center,22000 Franz Rd,Katy,TX,77449,Harris,15000000,2024-12-01,2025-09-30,Project Registered,Not Assigned,"Houston Enterprise DC, LLC",33040,Additions to Existing Building,No,"This project is privately funded, on private land for private use.","33,040 sf of interior construction of unfinished space with accessory spaces in the existing Houston One facility. Scope of work also includes installation of supporting equipment both interior and in the service yard in previously unfinished areas.",Corgan,https://www.tdlr.texas.gov/TABS/Search/Project/TABS2023019324,2026-09-26
TABS2023019967,2023-05-24,Saxet Energy Park,Data Center - Bldg A,1102 McKinzie Rd Bldg A,Corpus Christi,TX,78410,Nueces,1200000,2023-06-19,2023-10-27,Project Closed,Not Assigned,Saxet Energy Park,37813,New Construction,No,"This project is privately funded, on private land for private use.",NEW CONSTRUCTION OF A PRE-ENGINEERED METAL BUILDING TO HOUSE DATA CENTERS/MINING EQUIPMENT. THE BUILDING IS NOT SPRINKLERED AND WILL INCLUDE SITE IMPROVEMENTS. THIS BUILDING IS LOCATED IN INDUSTRIAL DISTRICT 2 WHICH DOES NOT REQUIRE PERMITTING.,Gensler,https://www.tdlr.texas.gov/TABS/Search/Project/TABS2023019967,2026-09-26
TABS2023019970,2023-05-24,Saxet Energy Park,Data Center - Bldg B,1102 McKinzie Rd Bldg B,Corpus Christi,TX,78410,Nueces,1200000,2023-06-19,2023-10-27,Project Closed,Not Assigned,Saxet Energy Park,37813,New Construction,No,"This project is privately funded, on private land for private use.",NEW CONSTRUCTION OF A PRE-ENGINEERED METAL BUILDING TO HOUSE DATA CENTERS/MINING EQUIPMENT. THE BUILDING IS NOT SPRINKLERED AND WILL INCLUDE SITE IMPROVEMENTS. THIS BUILDING IS LOCATED IN INDUSTRIAL DISTRICT 2 WHICH DOES NOT REQUIRE PERMITTING.,Gensler,https://www.tdlr.texas.gov/TABS/Search/Project/TABS2023019970,2026-09-26
TABS2023019972,2023-05-24,Saxet Energy Park,Data Center - Bldg C,1102 McKinzie Rd Bldg C,Corpus Christi,TX,78410,Nueces,1200000,2023-06-19,2023-10-27,Project Closed,Not Assigned,Saxet Energy Park,37813,New Construction,No,"This project is privately funded, on private land for private use.",NEW CONSTRUCTION OF A PRE-ENGINEERED METAL BUILDING TO HOUSE DATA CENTERS/MINING EQUIPMENT. THE BUILDING IS NOT SPRINKLERED AND WILL INCLUDE SITE IMPROVEMENTS. THIS BUILDING IS LOCATED IN INDUSTRIAL DISTRICT 2 WHICH DOES NOT REQUIRE PERMITTING.,Gensler,https://www.tdlr.texas.gov/TABS/Search/Project/TABS2023019972,2026-09-26
TABS2023021880,2023-06-21,American Tower Data Center,American Tower Data Center - Highway 90,5436 New Highway 90 West,San Antonio,TX,78227,Bexar,15000000,2024-09-01,2024-12-31,Review Complete,Not Assigned,"American Towers, LP",7255,New Construction,No,"This project is privately funded, on private land for private use.",Construction of an electronic data storage center on a vacant lot adjacent to existing cellular communications facility. Day-to-day operations of the storage center will be separate (but related) to the cellular communications facility.,,https://www.tdlr.texas.gov/TABS/Search/Project/TABS2023021880,2026-09-26
TABS2023022536,2023-06-28,Data Center TX2 - Tenant Improvements,NTT TX2 - Data Center,2108 Lookout Drive,Garland,TX,75044,Dallas,25000000,2024-08-01,2025-07-31,Project Closed,Not Assigned,[person name withheld],139500,Additions to Existing Building,No,"This project is privately funded, on private land for private use.","Existing building fit out for new tenant, consisting of additional office space and adding equipment to data vaults",Page Southerland Page,https://www.tdlr.texas.gov/TABS/Search/Project/TABS2023022536,2026-09-26
TABS2023022537,2023-06-28,Data Center TX3 - Tenant Improvements,NTT TX3 - Data Center,2080 Lookout Drive,Garland,TX,75044,Dallas,25000000,2023-12-01,2024-12-31,Project Closed,Not Assigned,NTT Global,139500,Additions to Existing Building,No,"This project is privately funded, on private land for private use.","Existing building fit out for new tenant, consisting of additional office space and adding equipment to data vaults.",Page Southerland Page,https://www.tdlr.texas.gov/TABS/Search/Project/TABS2023022537,2026-09-26
TABS2023023159,2023-07-10,Kroozin at SH-249 (data center),Kroozin Data Center,14151 Tomball Pkwy Suite 100 9950 Westpark Dr. STE 426,Houston,TX,77086,Harris,150000,2023-09-01,2023-10-01,Project Registered,Not Assigned,[person name withheld],1950,New Construction,No,"This project involves public funds, public land, or is a Federally funded roadway project.","1,950 SF Data center",,https://www.tdlr.texas.gov/TABS/Search/Project/TABS2023023159,2026-09-26
TABS2023024471,2023-07-26,SAT 80 - Package 1,SAT 80 Data Center,18844 FM 1957,Castroville,TX,78009,Medina,135000000,2022-07-28,2024-08-31,Inspection Complete,Not Assigned,Microsoft,106012,New Construction,No,"This project is privately funded, on private land for private use.","New Data Center with Admin Building, Finish out of Colo 1 and Shell of Colo 2. Equipment in utility yards and related civil and landscaping are also included. Vehicle entry gates, a pedestrian turnstile, a security guardhouse, and new monument sign.",Page Southerland Page,https://www.tdlr.texas.gov/TABS/Search/Project/TABS2023024471,2026-09-26
TABS2023024474,2023-07-26,SAT 81 - Package 2,SAT 81 Data Center,18844 FM 1957,Castroville,TX,78009,Medina,95000000,2022-07-28,2024-09-30,Inspection Complete,Not Assigned,Microsoft,106012,New Construction,No,"This project is privately funded, on private land for private use.","New Data Center with Admin Building, finish out of Colo 1 and Shell of Colo 2. Equipment in utility yards and related civil and landscaping are also included.",Page Southerland Page,https://www.tdlr.texas.gov/TABS/Search/Project/TABS2023024474,2026-09-26
TABS2023026153,2023-08-17,Main Lobby & Office Upgrades RTX,Bank of America Data Center,3000 Telcom Parkway,Richardson,TX,75082,Collin,919237,2023-08-28,2023-12-31,Project Registered,Not Assigned,NationsBanc Corporate Center,2000,Renovation/Alteration,No,"This project is privately funded, on private land for private use.",Main Lobby modifications adding new interior security doors and additional exterior door. Office renovation adding four private offices,InSite Group,https://www.tdlr.texas.gov/TABS/Search/Project/TABS2023026153,2026-09-26
TABS2023026611,2023-08-23,Edged DFW Data Center,Edged DFW Data Center,505 N Wildwood Drive,Irving,TX,75061,Dallas,35000000,2023-08-23,2024-11-01,Project Registered,Not Assigned,Edged Dallas LLC,162543,Renovation/Alteration,No,"This project is privately funded, on private land for private use.","The scope of development involves modifications to an existing warehouse. The project aims to incorporate data processing halls, along with accompanying office facilities and essential electrical and mechanical components.",Burns and McDonnell,https://www.tdlr.texas.gov/TABS/Search/Project/TABS2023026611,2026-09-26
TABS2024000778,2023-09-13,USTX02 - UPS 5A & 5B,Bank of America Data Center,3510 Wyndham Lane,Richardson,TX,75082,Collin,14200000,2023-09-25,2024-11-30,Project Closed,Not Assigned,Bank of America,11500,Renovation/Alteration,No,"This project is privately funded, on private land for private use.","Removal of existing liquid cell batteries, replacement of UPS equipment and new ion lithium battery systems",InSite Group,https://www.tdlr.texas.gov/TABS/Search/Project/TABS2024000778,2026-09-26
TABS2024000855,2023-09-13,EX West Green Data Center,EX West Green Data Center,1050 Democracy,San Antonio,TX,78251,Bexar,7400000,2023-10-02,2024-03-29,Project Closed,Not Assigned,"COPT San Antonio II, L.P.",1600,New Construction,No,"This project is privately funded, on private land for private use.","The addition of two, 800 sf Meet Me Room (MMR) buildings to the existing site of the EX West Green Data Center Project. The scope includes supporting MEP work and equipment, as well as related site modifications.",Page,https://www.tdlr.texas.gov/TABS/Search/Project/TABS2024000855,2026-09-26
TABS2024001910,2023-09-27,Fugro Data Center,Skybox,22000 Franz Road,Katy,TX,77449,Harris,295799,2023-10-23,2024-01-22,Project Closed,Not Assigned,SMBC Leasing & Finance Inc c/o Element Critical,2350,Renovation/Alteration,No,"This project is privately funded, on private land for private use.",Renovation/alteration work to an existing lease space,,https://www.tdlr.texas.gov/TABS/Search/Project/TABS2024001910,2026-09-26
TABS2024002539,2023-10-05,06-23 Smith County IT Data Center Improvements,Smith County Annex,"200 E. Ferguson St., Suite 213",Tyler,TX,75702,Smith,2000000,2023-11-01,2024-12-20,Project Registered,Not Assigned,Smith County,1500,Renovation/Alteration,No,"This project involves public funds, public land, or is a Federally funded roadway project.","Exterior work consists of removal and replacement of generator(s), pad, and enclosure. Interior work consists of renovating existing office space into a new, larger data center.",Fitzpatrick Architects,https://www.tdlr.texas.gov/TABS/Search/Project/TABS2024002539,2026-09-26
TABS2024004718,2023-11-03,Rellis Campus Data and Research Center,Rellis Campus Data and Research Center,State Highway 21 and Rellis Parkway,College Station,TX,77807,Brazos,10000000,2024-01-01,2024-12-31,Project Registered,Not Assigned,THE TEXAS A&M UNIVERSITY SYSTEM,45875,New Construction,No,"This project is privately funded, on private land for private use.",Two story tiltwall shell building. Interior build out to be permitted separately.,Powers Brown,https://www.tdlr.texas.gov/TABS/Search/Project/TABS2024004718,2026-09-26
TABS2024005974,2023-11-22,Vantage Data Centers TX21 Core and Shell +16MW Fit-Out,VDC TX21,5207 Rogers Road,San Antonio,TX,78251,Bexar,157000000,2023-12-11,2025-06-01,Review Complete,Not Assigned,Vantage Data Centers,360000,New Construction,No,"This project is privately funded, on private land for private use.","3-story Data Center, This phase has 2 levels of shell for future data halls and 1 level of data center space with service yards and various support spaces.",Corgan,https://www.tdlr.texas.gov/TABS/Search/Project/TABS2024005974,2026-09-26
TABS2024007561,2023-12-15,Data Center Building TX11,TX11,14720 Omicron Dr.,San Antonio,TX,78245,Bexar,95823731,2023-12-15,2026-09-01,Inspection Complete,Not Assigned,VANTAGE DATA CENTERS TX1 LLC,242667,New Construction,No,"This project is privately funded, on private land for private use.","TX11 is a 2 story data center building with a total of 32MW capacity. The building includes four 8MW data halls, support spaces, office areas, shipping & receiving and storage areas. Total gross building area is 242,667 sq ft.",Sheehan Nagle Hartray Architects (SNHA),https://www.tdlr.texas.gov/TABS/Search/Project/TABS2024007561,2026-09-26
TABS2024009618,2024-01-19,PRIME DATA CENTER,DFW01-02,1455 Round Table Dr,Dallas,TX,75247,Dallas,22000000,2024-08-05,2024-09-05,Inspection Complete,Not Assigned,"1515 Roundtable Dr Property, LLC",96796,New Construction,No,"This project is privately funded, on private land for private use.","Three-story 96,796 sf data center building constructed in phases. The initial phase will consist of an unoccupied core and shell with site enhancements. The core package and shell will be designed to support the full build out.",AO Architects,https://www.tdlr.texas.gov/TABS/Search/Project/TABS2024009618,2026-09-26
TABS2024010377,2024-01-30,New Data Center Project,Port of Port Arthur Navigation District,501 Houston Ave.,Port Arthur,TX,77641,Jefferson,400000,2024-02-01,2027-09-03,Project Registered,Not Assigned,Port of Port Arthur Navigation District,1860,Renovation/Alteration,No,"This project involves public funds, public land, or is a Federally funded roadway project.",Buildout new rooms and install new electrical and hvac.,,https://www.tdlr.texas.gov/TABS/Search/Project/TABS2024010377,2026-09-26
TABS2024011014,2024-02-07,Evoque Data Center Pavement Repair,Evoque Data Center,900 Guardians Way,Allen,TX,75013,Collin,450000,2024-03-07,2024-04-12,Project Closed,Not Assigned,"900 Guardians Way LLC, a Delaware limited liability company",15000,Renovation/Alteration,Yes,"This project is privately funded, on private land for private use.",Pavement repair for existing drive and fire lane.,RLG Consulting Engineers,https://www.tdlr.texas.gov/TABS/Search/Project/TABS2024011014,2026-09-26
TABS2024013301,2024-03-07,Sharka Data Center - Building 4,Sharka Data Center,3441 Railport Parkway,Midlothian,TX,76065,Ellis,350000000,2024-04-01,2025-12-31,Project Closed,Not Assigned,Sharka LLC c/o Corporation Services Co.,170600,New Construction,No,"This project is privately funded, on private land for private use.",1-story Data Center with associated central utility buildings.,"HDR Engineering, Inc.",https://www.tdlr.texas.gov/TABS/Search/Project/TABS2024013301,2026-09-26
TABS2024014529,2024-03-24,QTS Data Center,QTS DFW1-DC6,6300 Longhorn Drive,Irving,TX,75063,Dallas,152000000,2024-08-01,2025-11-30,Review Complete,Not Assigned,QTS Data Centers,210755,New Construction,No,"This project is privately funded, on private land for private use.","The project consists of a two (2) story 210,755 square foot partially built-out core and shell with phased data center and associated administrative spaces, equipment yards, mechanical & electrical equipment, and site improvements.","HDR Architecture, Inc",https://www.tdlr.texas.gov/TABS/Search/Project/TABS2024014529,2026-09-26
TABS2024016087,2024-04-12,Rellis Campus Data and Research Center - Tenant Improvement,Rellis Campus Data and Research Center,State Highway 21 and Rellis Parkway,College Station,TX,77807,Brazos,5000000,2024-10-07,2026-05-08,Review Complete,Not Assigned,Rellis Campus Data and Research Center,45875,Renovation/Alteration,No,"This project is privately funded, on private land for private use.",New tenant buildout for a data center with office and classroom spaces,Powers Brown,https://www.tdlr.texas.gov/TABS/Search/Project/TABS2024016087,2026-09-26
TABS2024016762,2024-04-22,TierPoint DFW Data Center Expansion,TierPoint DFW Data Center,13701 Independence Pkwy,Fort Worth,TX,76177,Tarrant,2000000,2024-05-01,2025-05-01,Project Closed,Not Assigned,"TierPoint, LLC",203218,Renovation/Alteration,No,"This project is privately funded, on private land for private use.",Conversion of unoccupied office space to a high density data hall.,Merriman Anderson Architects,https://www.tdlr.texas.gov/TABS/Search/Project/TABS2024016762,2026-09-26
TABS2024017263,2024-04-29,Danik Data Center,Danik Data Center,7745 S Central Expressway,Dallas,TX,75216,Dallas,200000,2024-05-15,2025-12-20,Project Closed,Not Assigned,[person name withheld],953,New Construction,No,"This project is privately funded, on private land for private use.",THREE NEW DATA CENTER MODULAR BUILDINGS ON SUBKECT PROPERTY.,,https://www.tdlr.texas.gov/TABS/Search/Project/TABS2024017263,2026-09-26
TABS2024019689,2024-05-30,Centersquare Data Hall Buildout,DFW1,1490 FAA Blvd.,Fort Worth,TX,76155,Tarrant,4500000,2024-06-10,2024-09-15,Project Registered,Centersquare,Menlo Equities,21240,Renovation/Alteration,Yes,"This project is privately funded, on private land for private use.",Power and cooling infrastructure additions to accommodate additional data center IT equipment.,CDC Group LLC,https://www.tdlr.texas.gov/TABS/Search/Project/TABS2024019689,2026-09-26
TABS2024022451,2024-07-05,QTS DFW DC1 Level 3 Office Suite,QTS Data Centers,6431 Longhorn Dr.,Irving,TX,75063,Dallas,70000,2024-08-05,2025-02-10,Project Registered,Not Assigned,QTS Data Centers,1051,Renovation/Alteration,Yes,"This project is privately funded, on private land for private use.","Interiors finish out: (1) Conference Room, (1) Private Office, and (1) Open Office.",Corgan Associates,https://www.tdlr.texas.gov/TABS/Search/Project/TABS2024022451,2026-09-26
TABS2024023976,2024-07-25,SAT82 Data Center,SAT82 Data Center,18844 FM 1957 Castroville,Castroville,TX,78009,Medina,482600000,2026-04-11,2028-02-08,Review Complete,Not Assigned,Microsoft Corporation,244676,New Construction,No,"This project is privately funded, on private land for private use.","Construction of one story building with 5 colos for a Data Center. Approximate 244,676 square foot of gross building area","WSP USA, Inc.",https://www.tdlr.texas.gov/TABS/Search/Project/TABS2024023976,2026-09-26
TABS2024024946,2024-08-07,Iris - Childress Data Center,Office Building,620 FM 1033,Childress,TX,79201,Childress,3863400,2024-10-01,2025-04-30,Inspection Complete,Not Assigned,IE US Development Holdings 3 Inc.,14964,New Construction,No,"This project is privately funded, on private land for private use.","Ground up construction of 14,964 SF one story pre-engineered metal building. The use will comprise of Group B occupancy for office, professional or service-type transactions, including storage of records and accounts.",MBA Energy & Industrial,https://www.tdlr.texas.gov/TABS/Search/Project/TABS2024024946,2026-09-26
TABS2024025422,2024-08-13,Data Center Showroom Building,Data Center Showroom Building,4995A FM 1764,La Marque,TX,77568,Galveston,358800,2024-10-01,2025-10-01,Inspection Complete,[person name withheld],"FM1764, LLC",3120,New Construction,No,"This project is privately funded, on private land for private use.","New 3,120 S.F. single-story PEMB building construction for new retail, office and warehouse space",RTR Design,https://www.tdlr.texas.gov/TABS/Search/Project/TABS2024025422,2026-09-26
TABS2024025587,2024-08-15,Oppidan 5MW Data Center,Oppidan 5MW Data Center,9879 North Loop Drive,El Paso,TX,79907,El Paso,27173000,2025-01-06,2026-01-07,Inspection Complete,Not Assigned,Oppidan,61554,New Construction,No,"This project is privately funded, on private land for private use.","Ground up construction of a 61,554sf 5MW data center on a green field site in El Paso.",,https://www.tdlr.texas.gov/TABS/Search/Project/TABS2024025587,2026-09-26
TABS2024025831,2024-08-20,Willis Data Center,Comcast,606 TX-75,Willis,TX,77378,Montgomery,7500000,2024-11-01,2025-12-15,Inspection Complete,Not Assigned,"Comcast of Houston, LLC",5200,New Construction,No,"This project is privately funded, on private land for private use.","New construction of 5,200sf data center with the following interior spaces: Power room, headend room, technician control room, restroom and vestibule. Building will not have public access",HDA,https://www.tdlr.texas.gov/TABS/Search/Project/TABS2024025831,2026-09-26
TABS2024025975,2024-08-21,EX West Green Data Center,Ex West New MMR's,1050 Democracy,San Antonio,TX,78251,Bexar,15000000,2024-12-16,2025-11-14,Review Complete,Not Assigned,"COPT San Antonio II, LP",3200,New Construction,No,"This project is privately funded, on private land for private use.",The addition of two 800 sf Meet Me Room (MMR) Buildings to the existing EX West Green Data Center project. The scope includes support MEP work and equipment as well as site modifications. Total new square footage- 1600 sf,Page,https://www.tdlr.texas.gov/TABS/Search/Project/TABS2024025975,2026-09-26
TABS2025001695,2024-09-24,"San Angelo ISD Data Center Relocation, Electrical Repairs, Building Demolition, and Asbestos Abatem",Alta Loma Elementary School,1700 N Garfield St.,San Angelo,TX,76901,Tom Green,2000000,2024-11-01,2025-06-01,Project Closed,Not Assigned,San Angelo Independent School District,19900,Renovation/Alteration,No,"This project involves public funds, public land, or is a Federally funded roadway project.","Project 1: Alta Loma Data Relocation Project - Interior renovation to an existing building (Library) approx. 3,300 sq. ft. Project 2: Electrical Repair, Building Demolition, and Asbestos Abatement - Bldg Demolition approx. 16,600 sq. ft.",Parkhill (Jeff Reed) mm,https://www.tdlr.texas.gov/TABS/Search/Project/TABS2025001695,2026-09-26
TABS2025001727,2024-09-24,QTS Destination DFW Rotunda,QTS Datacenters,6431 LONGHORN DR.,Irving,TX,75063,Dallas,550000,2024-11-04,2025-03-03,Project Registered,Not Assigned,QTS,8442,Renovation/Alteration,No,"This project is privately funded, on private land for private use.",Interior Office Finish Out & Architectural Shell update,Corgan Associates,https://www.tdlr.texas.gov/TABS/Search/Project/TABS2025001727,2026-09-26
TABS2025001763,2024-09-25,Black Pearl Data Center,Black Pearl Data Center,"11786 Co Rd 209, Wink, TX",Wink,TX,79789,Winkler,7000000,2024-08-07,2024-12-31,Inspection Complete,Not Assigned,11786 WINK LLC,19579,New Construction,No,"This project is privately funded, on private land for private use.","Project Consists of Ground up Construction of a 19,579SF one story Pre-engineered metal building. The use will comprise of group B space where specific use will be Business & Group F-1, S-1 Shop space used for the repair & maintenance of equipment",,https://www.tdlr.texas.gov/TABS/Search/Project/TABS2025001763,2026-09-26
TABS2025004352,2024-10-29,Lowe's UPS Modernization,Data Center,10045 Rogers Run,San Antonio,TX,78251,Bexar,13000000,2025-01-02,2026-07-31,Review Complete,Not Assigned,Lowe's,10418,Renovation/Alteration,No,"This project is privately funded, on private land for private use.","Electrical Equipment replacement (UPS), required modification to Electrical, Mechanical, Architectural, and Fire Protection within affected rooms. Total area affected by project is 10,418 sqft.",Gensler,https://www.tdlr.texas.gov/TABS/Search/Project/TABS2025004352,2026-09-26
TABS2025005706,2024-11-15,"Core Scientific - Denton, TX",Core Scientific Data Center,8171 Jim Christal Road,Denton,TX,76207,Denton,635000000,2024-11-01,2025-12-29,Review Complete,Not Assigned,Core Scientific,478685,Renovation/Alteration,No,"This project is privately funded, on private land for private use.",Convert bitcoin mining buildings into data centers - construct new office building.,Ci Design Inc.,https://www.tdlr.texas.gov/TABS/Search/Project/TABS2025005706,2026-09-26
TABS2025007375,2024-12-11,VERIZON - CHILLER REPLACEMENT & CONTROLS UPGRADE,Verizon Lubbock Data Center,"5400 Avenue ""A"" Dr. Lubbock, TX 79404",Lubbock,TX,79404,Lubbock,2641000,2025-02-01,2025-08-01,Project Closed,Not Assigned,Verizon,15000,Renovation/Alteration,Yes,"This project is privately funded, on private land for private use.","Replace chillers, chilled water pumps and chilled water piping and valves, inspect and repair existing valves and gauges, replace existing pneumatic and alerton BAS system, replace AHUs and relocate, replace CRAC units.",,https://www.tdlr.texas.gov/TABS/Search/Project/TABS2025007375,2026-09-26
TABS2025007641,2024-12-13,TTX Data Center,Guard House,3101 Industrial Boulevard,Temple,TX,76504,Bell,500000,2025-01-02,2025-03-31,Project Closed,Not Assigned,"Polmer, LLC",312,Additions to Existing Building,No,"This project is privately funded, on private land for private use.",Construction of a new pre-cast concrete guardhouse with slab-on-grade foundation.,"Merriman Pitt / Anderson, Inc.",https://www.tdlr.texas.gov/TABS/Search/Project/TABS2025007641,2026-09-26
TABS2025008795,2025-01-06,QTS FTW Office TI,QTS Data Centers Fort Worth 1,14100 Park Vista,Fort Worth,TX,85004,Tarrant,1000000,2025-03-03,2025-07-01,Project Registered,Not Assigned,QTS Data Center,10429,Renovation/Alteration,No,"This project is privately funded, on private land for private use.","Interior office renovation consisting of 10,429 SF of existing business occupancy with scope that includes architectural, mechanical, and electrical modifications.",,https://www.tdlr.texas.gov/TABS/Search/Project/TABS2025008795,2026-09-26
TABS2025009760,2025-01-16,Polk Admin Building Interior Renovation,Metro Data Center Building,5700 Polk Street,Houston,TX,77023,Harris,1000000,2025-02-16,2025-04-30,Review Complete,Not Assigned,METRO,10000,Renovation/Alteration,Yes,"This project is privately funded, on private land for private use.",Interior remodel in an existing building,Method Architecture,https://www.tdlr.texas.gov/TABS/Search/Project/TABS2025009760,2026-09-26
TABS2025012139,2025-02-18,Chevron L8 Data Center Revision,HOU150,1500 Smith Street,Houston,TX,77002,Harris,750000,2025-04-01,2025-08-31,Review Complete,Not Assigned,Chevron USA,4500,Renovation/Alteration,No,"This project is privately funded, on private land for private use.","Isolate Network Lab, deboxing, and storage area from data center. Arch, Elec, Mech, and Fire Pump Scope included. Approximately 4,500 sq ft",Jacobs Engineering Group,https://www.tdlr.texas.gov/TABS/Search/Project/TABS2025012139,2026-09-26
TABS2025012185,2025-02-18,SAT93,SAT93 Data Center,County Road 381,Medina,TX,78253,Medina,350000000,2025-05-13,2027-06-15,Review Complete,Not Assigned,Microsoft,245000,New Construction,No,"This project is privately funded, on private land for private use.","The project consists of a one story data center building. 245,000 SF.","Gensler Architecture, Design & Planning, P.C.",https://www.tdlr.texas.gov/TABS/Search/Project/TABS2025012185,2026-09-26
TABS2025012188,2025-02-18,SAT94,SAT94 Data Center,County Road 381,Medina,TX,78253,Medina,350000000,2025-05-13,2027-06-15,Review Complete,Not Assigned,Microsoft,245000,New Construction,No,"This project is privately funded, on private land for private use.","The project consists of a one story data center building. 245,000 SF","Gensler Architecture, Design & Planning, P.C.",https://www.tdlr.texas.gov/TABS/Search/Project/TABS2025012188,2026-09-26
TABS2025012206,2025-02-18,TWC MOPAC DATA CENTER,TWC MOPAC BUILDING,12312 N MOPAC EXPRESSWAY,Austin,TX,78758,Travis,479000,2025-05-01,2026-01-13,Project Closed,Not Assigned,TEXAS WORKFORCE COMMISSION,700,Renovation/Alteration,No,"This project involves public funds, public land, or is a Federally funded roadway project.",RENOVATE THREE EXISTING OFFICES TO CREATE ONE LARGE DATA ROOM.,CLK Architects & Associates,https://www.tdlr.texas.gov/TABS/Search/Project/TABS2025012206,2026-09-26
TABS2025012765,2025-02-25,SAT89/90 Data Center,SAT89/90 Data Center,2995 US HWY 90 W,Castroville,TX,78009,Medina,765000000,2025-06-01,2027-07-31,Review Complete,Not Assigned,Microsoft Corporation,489400,New Construction,No,"This project is privately funded, on private land for private use.","Construction of two single-story data center buildings each containing five colos, plus associated campus site construction. Approximately 489,400 square feet gross building area.",WSP USA,https://www.tdlr.texas.gov/TABS/Search/Project/TABS2025012765,2026-09-26
TABS2025013924,2025-03-11,AREP Powerhouse Las Colinas,Power House Data Center,111 Customer Way,Irving,TX,75039,Dallas,47000000,2025-09-23,2026-08-14,Review Complete,Not Assigned,American Real Estate Partners,300000,New Construction,No,"This project is privately funded, on private land for private use.","2 Story, 150,000 SF footprint (300,000 SF Total) 65MW Total load, Core and Shell Data Center.",HKS Inc.,https://www.tdlr.texas.gov/TABS/Search/Project/TABS2025013924,2026-09-26
TABS2025014372,2025-03-17,USTX02 - WTX Control Room,Bank of America - Data Center,3510 Wyndham Lane,Richardson,TX,75082,Collin,3000000,2025-03-31,2025-10-15,Review Complete,Not Assigned,FIA Card Services,1890,Renovation/Alteration,Yes,"This project is privately funded, on private land for private use.",Modification of existing open space for use as Control Room facility and addition of Archive Storage Room,InSite Group,https://www.tdlr.texas.gov/TABS/Search/Project/TABS2025014372,2026-09-26
TABS2025014391,2025-03-17,CoreWeave Plano,Flexential Data Center Hall,3500 E Plano Parkway,Plano,TX,75074,Collin,11000000,2025-04-07,2025-08-01,Project Registered,[person name withheld],Legacy Investing,75000,Renovation/Alteration,Yes,"This project is privately funded, on private land for private use.",New installation of electrical conduits & receptacles to service new data racks within existing data center room. No hard construction or new partitions. Existing ceiling and lighting to remain. No change in use. Area of work approx. 75K SF,DLR Group,https://www.tdlr.texas.gov/TABS/Search/Project/TABS2025014391,2026-09-26
TABS2025015318,2025-03-28,5MW Temple Data Center,5MW Data Center,2313 Eberhardt Road,Temple,TX,76504,Bell,31000000,2025-07-14,2026-10-16,Review Complete,Not Assigned,Oppidan,61554,New Construction,No,"This project is privately funded, on private land for private use.","A new 61,5191 MW data center including construction of new exterior and interior partitions, ceilings, finishes, mechanical, electrical, plumbing, and fire protection. Also, includes site work, data hall #1, admin. area, and tilt-wall panels.",Salas O'Brien,https://www.tdlr.texas.gov/TABS/Search/Project/TABS2025015318,2026-09-26
TABS2025019718,2025-05-23,TAMU West Campus Data Center - 2B,TAMU West Campus Data Center,474 Agronomy Road,College Station,TX,77840,Brazos,2500000,2025-06-13,2025-12-31,Review Complete,Not Assigned,Texas A&M University,6505,Renovation/Alteration,No,"This project involves public funds, public land, or is a Federally funded roadway project.",Interior buildout of existing shell space within existing data center building and associated utilities,Gensler,https://www.tdlr.texas.gov/TABS/Search/Project/TABS2025019718,2026-09-26
TABS2025019833,2025-05-27,Data Center THM1A,Data Center 1,10357 Loop Road,Haskell,TX,79521,Haskell,350000000,2025-06-18,2027-04-16,Project Registered,Not Assigned,Homebound Group LLC,280000,New Construction,No,"This project is privately funded, on private land for private use.","Design and construction of a new one-story Data Center, located at the THM campus. The project includes roads and site improvements.",HDR Engineering Inc.,https://www.tdlr.texas.gov/TABS/Search/Project/TABS2025019833,2026-09-26
TABS2025020774,2025-06-08,DFW Data Center Interior Fit-out,Edged - DFW Data Center,505 N. Wildwood Dr.,Irving,TX,75061,Dallas,3100000,2025-06-08,2026-12-15,Review Complete,Not Assigned,Edged Dallas LLC,32700,Renovation/Alteration,No,"This project is privately funded, on private land for private use.","32,700 sq ft Interior fit-out",MG2,https://www.tdlr.texas.gov/TABS/Search/Project/TABS2025020774,2026-09-26
TABS2025021913,2025-06-24,Education Building - Data Center,College of Education Building,500 W University Avenue,El Paso,TX,79902,El Paso,3000000,2025-07-31,2026-07-31,Review Complete,Not Assigned,The University of Texas at El Paso,4568,Renovation/Alteration,No,"This project is privately funded, on private land for private use.",This project involves improvements to the existing education building first floor to accommodate a data center and it's associated systems/equipment.,"Mijares-Mora Architects, Inc.",https://www.tdlr.texas.gov/TABS/Search/Project/TABS2025021913,2026-09-26
TABS2025023900,2025-07-18,T-Mobile McAllen Data Center Ph2,T-Mobile McAllen Data Center,1400 E. Upas Ave,Mcallen,TX,78501,Hidalgo,9500000,2025-08-01,2026-08-01,Review Complete,Not Assigned,T-Mobile,14800,Renovation/Alteration,Yes,"This project is privately funded, on private land for private use.","Remodel of an existing telecom equipment space to house new 5G cabinets in a 14,800 sq ft building. Replacement of the existing roof system. Adding a canopy over the existing loading dock.",FS&L Architects,https://www.tdlr.texas.gov/TABS/Search/Project/TABS2025023900,2026-09-26
TABS2025024081,2025-07-22,Datacenter Office Remodel Phase I,Datacenter,4939 Reading St,Dallas,TX,75247,Dallas,1400000,2025-09-01,2026-09-01,Review Complete,Not Assigned,"Rack Asset Realty, LLC",20000,Renovation/Alteration,No,"This project is privately funded, on private land for private use.",Remodel offices and datacenter area to prepare for new datacenter,BWG Architecture,https://www.tdlr.texas.gov/TABS/Search/Project/TABS2025024081,2026-09-26
TABS2025025376,2025-08-07,Evocative DAL6 Infrastructure Upgrades,Evocative Data Center DAL6,1221 Coit Road,Plano,TX,75075,Collin,30000000,2025-09-05,2027-02-27,Project Registered,[person name withheld],Mapletree,200000,Renovation/Alteration,Yes,"This project is privately funded, on private land for private use.","Mechanical and Electrical equipment replacements and additions including chillers, generators, UPS systems and electrical distribution. Scope is detailed on Burns Engineering Drawings DAL6 Infrastructure Upgrades dated 7/2/25",Burns Engineering,https://www.tdlr.texas.gov/TABS/Search/Project/TABS2025025376,2026-09-26
TABS2026001234,2025-09-18,VANTAGE DATA CENTER (TX12),TX12,17420 Omicron Dr,San Antonio,TX,78245,Bexar,276878327,2025-10-14,2027-08-31,Review Complete,Not Assigned,VANTAGE DATA CENTERS TX1 LLC,432800,New Construction,No,"This project is privately funded, on private land for private use.","TX12 is a new vantage data center at TX1 campus consisting of 2-story building with up to 96MW of critical IT capacity. LEVEL 1: 216,400 GSF / LEVEL 2: 216,400 GSF / TOTAL 432,800 GSF",Jacobs,https://www.tdlr.texas.gov/TABS/Search/Project/TABS2026001234,2026-09-26
TABS2026001400,2025-09-21,Stream Data Centers - DFWC1,SDC DFWC1,930 N Sunrise Rd,Wilmer,TX,75172,Dallas,300000000,2026-04-01,2027-10-27,Review Complete,Not Assigned,"SDC DFWC, LP",360750,New Construction,No,"This project is privately funded, on private land for private use.","The project includes a new 2 story 48 MW 360,750 sq ft data center building, substation and campus entrance.","Gensler Architecture, Design and Planning P.C.",https://www.tdlr.texas.gov/TABS/Search/Project/TABS2026001400,2026-09-26
TABS2026002274,2025-10-01,Flexential Plano Battery Replacement,Flexential Data Center,3500 East Plano Parkway,Plano,TX,75074,Collin,2990000,2025-10-13,2025-10-31,Project Registered,Not Assigned,FLEXENTIAL CORP,2000,Renovation/Alteration,No,"This project is privately funded, on private land for private use.",Replace existing Energy Storage System with new,Swanson Rink,https://www.tdlr.texas.gov/TABS/Search/Project/TABS2026002274,2026-09-26
TABS2026003003,2025-10-09,Vantage Data Centers TX22,TX22,5207 Rogers Road,San Antonio,TX,78251,Bexar,272150000,2025-10-22,2027-06-15,Project Registered,Not Assigned,Retained Vantage Data Centers Development,214526,New Construction,No,"This project is privately funded, on private land for private use.",New 2-story Data Center for Data Processing,Corgan,https://www.tdlr.texas.gov/TABS/Search/Project/TABS2026003003,2026-09-26
TABS2026003740,2025-10-20,HH BT Data Center,Harris Health Ben Taub Hospital,1504 Taub Loop,Houston,TX,77030,Harris,2971000,2026-04-01,2027-04-01,Review Complete,Not Assigned,Harris County Hospital District,3500,Renovation/Alteration,No,"This project involves public funds, public land, or is a Federally funded roadway project.","Renovation and reconfiguration of the existing Data Center and adjacent Supply Storage Rooms on the 2nd floor, along with the conversion of six rooms into additional IDR closets on three separate floors throughout the hospital.",AUTOARCH Architects,https://www.tdlr.texas.gov/TABS/Search/Project/TABS2026003740,2026-09-26
TABS2026003980,2025-10-22,Childress Data Center Campus Upgrades,Childress Operations Building,620 FM 1033,Childress,TX,79201,Childress,15000000,2025-10-27,2026-10-01,Review Complete,Not Assigned,IE US Development Holdings 3 Inc,29000,New Construction,No,"This project is privately funded, on private land for private use.","29,000 SF office building",Burns & McDonnell Engineering Company Inc.,https://www.tdlr.texas.gov/TABS/Search/Project/TABS2026003980,2026-09-26
TABS2026004413,2025-10-28,TRG Datacenters Phase 3,TRG Datacenters,2626 Spring Cypress Rd,Spring,TX,77388,Harris,6645330,2025-10-31,2026-12-31,Review Complete,Not Assigned,"Technical Realty Group of Texas, LLC",38729,New Construction,No,"This project is privately funded, on private land for private use.","Construction of new 38,729 sf building",Trey Lucas Architecture,https://www.tdlr.texas.gov/TABS/Search/Project/TABS2026004413,2026-09-26
TABS2026005677,2025-11-12,GM Financial Data Center Power Upgrades,AOC-I,4001 Embarcadero Drive,Arlington,TX,76014,Tarrant,1600000,2025-12-14,2026-04-15,Inspection Complete,[person name withheld],"CFT NV Developments, LLC",1190,Additions to Existing Building,No,"This project is privately funded, on private land for private use.","Demolition of existing smoking pavilion. New relocated smoking pavilion, New diesel tank and generator enclosure. New electrical room inside the building",HFA-AE,https://www.tdlr.texas.gov/TABS/Search/Project/TABS2026005677,2026-09-26
TABS2026006358,2025-11-19,Vantage Data Centers TX21 Tenant Fit-out,VDC TX21,5207 ROGERS ROAD,San Antonio,TX,78251,Bexar,135000000,2025-12-01,2026-06-02,Project Registered,Not Assigned,VANTAGE DATA CENTERS TX2 LLC,162785,Renovation/Alteration,No,"This project is privately funded, on private land for private use.","Tenant Fit Out - 162,785 SF",Corgan,https://www.tdlr.texas.gov/TABS/Search/Project/TABS2026006358,2026-09-26
TABS2026007415,2025-12-08,Sharka Data Center - Building 5,Sharka Data Center - Building 5,3411 Railport Parkway,Midlothian,TX,76065,Ellis,491727252,2026-01-28,2027-02-24,Project Registered,Not Assigned,Sharka LLC,288000,New Construction,No,"This project is privately funded, on private land for private use.","New one-story Data Center: core, shell and interior finish-out with site improvements.",,https://www.tdlr.texas.gov/TABS/Search/Project/TABS2026007415,2026-09-26
TABS2026007451,2025-12-08,Data Center THM2A,Data Center 2,10357 Loop Road,Haskell,TX,75921,Haskell,350000000,2025-12-01,2028-03-15,Project Registered,Not Assigned,Homebound Group LLC,350000,New Construction,No,"This project is privately funded, on private land for private use.","Design and construction of a new one-story Data Center, located at the THM campus. The project includes roads and site improvements.","HDR Engineering, Inc.",https://www.tdlr.texas.gov/TABS/Search/Project/TABS2026007451,2026-09-26
TABS2026007903,2025-12-12,QTS Data Centers Floor 7 Interior Improvements,Interlink II,6363 North State Highway 161 Suite 700,Irving,TX,75038,Dallas,2500000,2025-12-12,2026-05-31,Review Complete,Not Assigned,Piedmont Las Colinas Corporate Center II LP,23043,Renovation/Alteration,No,"This project is privately funded, on private land for private use.",Tenant Improvement,Entos Design,https://www.tdlr.texas.gov/TABS/Search/Project/TABS2026007903,2026-09-26
TABS2026008019,2025-12-15,Temple Data Center,TTX03,2230 Eberhardt Rd,Temple,TX,76504,Bell,197000000,2025-12-15,2026-09-30,Project Registered,Not Assigned,Polmer LLC,145000,New Construction,No,"This project is privately funded, on private land for private use.","145,177SF Single Story Data Center Building",,https://www.tdlr.texas.gov/TABS/Search/Project/TABS2026008019,2026-09-26
TABS2026008115,2025-12-16,Prime DC 3MW Buildout,Prime Data Center DFW01-02,1455 Round Table Dr.,Dallas,TX,75247,Dallas,47500000,2025-12-01,2026-06-01,Project Registered,Not Assigned,1515 Roundtable Dr Property LLC,34438,Renovation/Alteration,Yes,"This project is privately funded, on private land for private use.","34,438 SF partial tenant improvement buildout including construction of administrative spaces, data hall and infrastructure buildout on Levels 1, 3, and roof and site enhancements for four generators and associated switchgea",AO Architects,https://www.tdlr.texas.gov/TABS/Search/Project/TABS2026008115,2026-09-26
TABS2026008231,2025-12-17,Microsoft SAT82 Data Center,SAT82,3580 FM 471 N,Castroville,TX,78009,Medina,400000000,2026-08-13,2028-07-24,Project Registered,Not Assigned,Microsoft,195670,New Construction,No,"This project is privately funded, on private land for private use.","The project consists of a new construction 1-story, 5 Colo data center, including a Tier II IDF network and Tier II AZNG network.",,https://www.tdlr.texas.gov/TABS/Search/Project/TABS2026008231,2026-09-26
TABS2026009879,2026-01-13,Microsoft SN1 X-ARCHIVE,Microsoft Data Center (Microsoft San Antonio Chevron),5150 Rodgers Rd,San Antonio,TX,78251,Bexar,5000000,2026-04-06,2026-10-09,Review Complete,Not Assigned,Microsoft Corporation,2120,Renovation/Alteration,No,"This project involves public funds, public land, or is a Federally funded roadway project.","Addition of an interior archive enclosure within an existing facility. Work includes insulated walls and ceiling, vapor barrier, insulated door with seals, and hardware coordination for rack access. Associated MEP components will be integrated with",HDR INC,https://www.tdlr.texas.gov/TABS/Search/Project/TABS2026009879,2026-09-26
TABS2026011010,2026-01-27,JC Kellam 7th Floor Data Center,J.C. Kellam Administration Building,601 University Dr.,San Marcos,TX,78666,Hays,320000,2026-03-16,2027-09-16,Review Complete,Not Assigned,Texas State University,1979,Renovation/Alteration,No,"This project involves public funds, public land, or is a Federally funded roadway project.","includes, but not limited to: Raised access panel repairs, new wall partition, new ceiling lights and acoustical ceiling tile, new hvac system, and new enclosed electrical room. 1,979 S.F.",Chesney Morales Partners,https://www.tdlr.texas.gov/TABS/Search/Project/TABS2026011010,2026-09-26
TABS2026011989,2026-02-08,Project Pumpkin 2A,Data Center Building 2A,8830 Co. Rd 21,Miami,TX,79059,Gray,400000000,2026-02-06,2027-12-14,Project Registered,Not Assigned,IP Meitner Land LLC,761000,New Construction,No,"This project is privately funded, on private land for private use.",1-story data center with associated central utility buildings.,HDR Engineering Inc.,https://www.tdlr.texas.gov/TABS/Search/Project/TABS2026011989,2026-09-26
TABS2026014340,2026-03-06,Wuliger Way Data Center,Data Center,6401 Wuliger Way,North Richland Hills,TX,76226,Tarrant,3600000,2026-05-01,2026-07-31,Review Complete,Not Assigned,6409 wuliger way LLC,12000,New Construction,No,"This project is privately funded, on private land for private use.",site + building,,https://www.tdlr.texas.gov/TABS/Search/Project/TABS2026014340,2026-09-26
TABS2026014814,2026-03-12,Project Pumpkin 1A,Data Center Building 1A,8810 Co. Rd. 21,Miami,TX,79059,Gray,400000000,2025-12-19,2027-11-30,Review Complete,Not Assigned,IP Meitner Land LLC,761000,New Construction,No,"This project is privately funded, on private land for private use.",1-story data center with associated central utility buildings.,HDR Engineering Inc.,https://www.tdlr.texas.gov/TABS/Search/Project/TABS2026014814,2026-09-26
TABS2026014835,2026-03-12,Project Pumpkin 3A,Data Center Building 3A,8850 Co. Rd. 21,Miami,TX,79059,Gray,400000000,2026-03-09,2028-04-18,Project Registered,Not Assigned,IP Meitner Land LLC,761000,New Construction,No,"This project is privately funded, on private land for private use.",1-story data center with associated central utility buildings,HDR Engineering Inc.,https://www.tdlr.texas.gov/TABS/Search/Project/TABS2026014835,2026-09-26
TABS2026016734,2026-04-02,AREP Power House Grand Prairie,Data Center Building 1,881 Miller Road,Midlothian,TX,76065,Ellis,72590278,2026-04-01,2028-04-01,Project Registered,Not Assigned,Prairie Ridge Phase 1 Owner LP,224152,New Construction,No,"This project is privately funded, on private land for private use.","224,152 sf two story single tenant computer data center core and shell build out.",Ci Architects,https://www.tdlr.texas.gov/TABS/Search/Project/TABS2026016734,2026-09-26
TABS2026017012,2026-04-07,QTS Data Centers Floor 06 Interior Improvements,Interlink II,6363 North State Highway 161 Suite 600,Irving,TX,75038,Dallas,2700000,2026-03-31,2026-07-31,Inspection Complete,Not Assigned,Piedmont Las Colinas Corporate Center II LP,23043,Renovation/Alteration,No,"This project is privately funded, on private land for private use.",Tenant Improvement,Entos Design,https://www.tdlr.texas.gov/TABS/Search/Project/TABS2026017012,2026-09-26
TABS2026017642,2026-04-14,Hutto Data Center Building - 3,Hutto Data Center Building - 3,3300 COUNTY RD 132 Building 3,Hutto,TX,78634,Williamson,900000,2026-05-11,2027-08-24,Review Complete,Not Assigned,Hutto Data Center 3 LLC,503000,Renovation/Alteration,Yes,"This project is privately funded, on private land for private use.","INTERIOR CONSTRUCTION OF ONE EXISTING 2-STORY DATA CENTER (503,000 SF total) . THE FIT OUT CONSISTS OF TWO (2) DATA HALLS, MEP ROOMS AND FACILITY SUPPORT AREAS INCLUDING: PARTITIONS, FINISHES, MEP AND FIRE SUPPRESSION SYSTEMS.",HKS Inc.,https://www.tdlr.texas.gov/TABS/Search/Project/TABS2026017642,2026-09-26
TABS2026017705,2026-04-15,Stream Data Centers,Trammell Crow Center,2001 Ross Ave Suite 500,Dallas,TX,75201,Dallas,120000,2026-04-15,2026-06-30,Project Registered,Not Assigned,ROF V Ross Investment LLC,3761,Renovation/Alteration,No,"This project is privately funded, on private land for private use.",Tenant Improvement,Entos Design,https://www.tdlr.texas.gov/TABS/Search/Project/TABS2026017705,2026-09-26
TABS2026017746,2026-04-15,FREEBIRD DATA CENTER PHASE 1,DC01,COUNTY ROAD 133,Burlington,TX,76519,Milam,470000000,2025-10-20,2026-10-15,Project Registered,Open AI,Milam County Data Center LLC,548950,New Construction,No,"This project is privately funded, on private land for private use.","New construction of a single-story 548,950sf data center comprising 4 data halls, supporting infrastructure, a loading dock and administrative office areas.",Corgan Architects Inc,https://www.tdlr.texas.gov/TABS/Search/Project/TABS2026017746,2026-09-26
TABS2026019473,2026-05-05,Prime Data Center AUS-01,Prime Data Center AUS01 and AUS02,1395 Bob White Road,Lockhart,TX,78644,Caldwell,400000000,2026-06-01,2027-09-30,Project Registered,Not Assigned,"Lockhart Property, LLC",760000,New Construction,No,"This project is privately funded, on private land for private use.","Two new 380,000 sf shell buildings for future use as data centers. TOTAL SQ FT = 760,000",Gensler,https://www.tdlr.texas.gov/TABS/Search/Project/TABS2026019473,2026-09-26
TABS2026020144,2026-05-13,Project Ditto,Riot Platforms Corsicana Data Center,6980 FM 709,Corsicana,TX,75110,Navarro,400000000,2026-04-27,2028-05-19,Project Registered,Not Assigned,"Riot Platforms, Inc.",335428,New Construction,No,"This project is privately funded, on private land for private use.","New Construction of a 2 story, 335428 SF Data center build out that includes Lobby, Storage, Office shell and support spaces. It includes surface parking, utilities and landscaping.",,https://www.tdlr.texas.gov/TABS/Search/Project/TABS2026020144,2026-09-26
TABS2026021950,2026-06-03,1301 FANNIN LEVEL 9 DATA CENTER RENO,NETRALITY,1301 FANNIN LEVEL 9 SUITE 900,Houston,TX,77002,Harris,1768623,2026-06-05,2026-08-01,Project Registered,Not Assigned,1301 Fannin Owner LP,1020,Renovation/Alteration,No,"This project is privately funded, on private land for private use.",RELOCATION OF CORRIDOR WALL AND ADDITION OF TEMPORARY INTERIOR WALL AT DATA CENTER FOR RELOCATION OF DATA MACHINERY. PARTIAL RENO OF PIPING ABOVE PLENUM TO TIE-IN TO NEW MACHINERY.,HUITT-ZOLLARS,https://www.tdlr.texas.gov/TABS/Search/Project/TABS2026021950,2026-09-26
TABS2026022507,2026-06-10,CoreWeave in CyrusOne DFW 6,CyrusOne's Richardson Data Center (DFW 6),15610 E. Lookout Dr.,Richardson,TX,75082,Dallas,150000,2026-05-17,2026-08-10,Review Complete,C1 Richardson LLC,GI ETS Richardson I LLC,2660,Renovation/Alteration,Yes,"This project is privately funded, on private land for private use.","2660 SF of interior finish-out in existing shell construction to include construction, electrical and mechanical additions.",ALEXANDER+KIENAST+SCHNITZ LLC,https://www.tdlr.texas.gov/TABS/Search/Project/TABS2026022507,2026-09-26
TABS2026023537,2026-06-23,Koala - Fit Up Phase 3,Coit Road Data Center,1000 Coit Rd,Plano,TX,75075,Collin,136000000,2026-09-11,2027-12-02,Project Registered,[person name withheld],Lincoln Property Company,9419,Renovation/Alteration,Yes,"This project is privately funded, on private land for private use.","Data Center Fit Up of existing shell space, 9,419 sf total, within the Coit Road Data Center including supporting infrastructure and site improvements.",Critical Project Services,https://www.tdlr.texas.gov/TABS/Search/Project/TABS2026023537,2026-09-26
TABS2026023619,2026-06-23,BT Gateway Data Center,BT Gateway Data Center,"4989 COUNTY ROAD 2656, ROYSE CITY TX 75189",Royse City,TX,75189,Hunt,384000000,2026-08-01,2027-02-12,Review Complete,Not Assigned,Giga AFM LLC,100000,New Construction,No,"This project is privately funded, on private land for private use.",Construction of a new data center.,,https://www.tdlr.texas.gov/TABS/Search/Project/TABS2026023619,2026-09-26
TABS2026023825,2026-06-25,PROJECT EAGLE - BUILDING A,Data Center,244 Eaglewood Rd,Boling,TX,77420,Wharton,300000000,2026-08-01,2027-01-01,Review Complete,Not Assigned,"AMAZON DATA SERVICES, INC",189060,New Construction,No,"This project is privately funded, on private land for private use.",New data center building,"M. ARTHUR GENSLER & ASSOCIATES, INC.",https://www.tdlr.texas.gov/TABS/Search/Project/TABS2026023825,2026-09-26
TABS2026023826,2026-06-25,PROJECT EAGLE - BUILDING B,Data Center,258 Eaglewood Rd,Boling,TX,77420,Wharton,300000000,2026-08-01,2027-08-01,Review Complete,Not Assigned,"AMAZON DATA SERVICES, INC",189060,New Construction,No,"This project is privately funded, on private land for private use.",New data center building,"M. ARTHUR GENSLER & ASSOCIATES, INC.",https://www.tdlr.texas.gov/TABS/Search/Project/TABS2026023826,2026-09-26
TABS2026023832,2026-06-25,PROJECT EAGLE - BUILDING C,Data Center,240 Eaglewood Rd,Boling,TX,77420,Wharton,300000000,2026-08-01,2027-01-01,Review Complete,Not Assigned,"AMAZON DATA SERVICES, INC",189060,New Construction,No,"This project is privately funded, on private land for private use.",New data center building,"M. ARTHUR GENSLER & ASSOCIATES, INC.",https://www.tdlr.texas.gov/TABS/Search/Project/TABS2026023832,2026-09-26
TABS2026023834,2026-06-25,PROJECT EAGLE - BUILDING D,Data Center,244 Eaglewood Rd,Boling,TX,77420,Wharton,300000000,2026-08-01,2027-01-01,Review Complete,Not Assigned,"AMAZON DATA SERVICES, INC",189060,New Construction,No,"This project is privately funded, on private land for private use.",new data center building,"M. ARTHUR GENSLER & ASSOCIATES, INC.",https://www.tdlr.texas.gov/TABS/Search/Project/TABS2026023834,2026-09-26
TABS2026025086,2026-07-13,NTT Data Innovation Center,One Legacy West,"7950 Legacy Dr., Suite 12",Plano,TX,75024,Collin,750000,2026-07-15,2026-11-10,Review Complete,[person name withheld],Gaedeke Holdings XI LTD,6000,Renovation/Alteration,Yes,"This project is privately funded, on private land for private use.",Interior Renovation,Corgan,https://www.tdlr.texas.gov/TABS/Search/Project/TABS2026025086,2026-09-26
TABS2026025594,2026-07-20,CONFIDENTIAL DATA CENTER,BUILDING A,1752 County Road 241,Floydada,TX,79235,Floyd,300000000,2026-08-01,2027-04-01,Project Registered,Not Assigned,"AMAZON DATA SERVICES, INC",189060,New Construction,No,"This project is privately funded, on private land for private use.",New data center building,"M. ARTHUR GENSLER & ASSOCIATES, INC.",https://www.tdlr.texas.gov/TABS/Search/Project/TABS2026025594,2026-09-26
TABS2026026954,2026-08-04,PECOS COUNTY DATA CENTER,Building A,6000 TX-18,Fort Stockton,TX,79735,Pecos,300000000,2026-08-01,2026-12-01,Project Registered,Not Assigned,"AMAZON DATA SERVICES, INC",189060,New Construction,No,"This project is privately funded, on private land for private use.",New data center building.,"M. ARTHUR GENSLER & ASSOCIATES, INC.",https://www.tdlr.texas.gov/TABS/Search/Project/TABS2026026954,2026-09-26
TABS2026026955,2026-08-04,PECOS COUNTY DATA CENTER,Building B,6000 TX-18,Fort Stockton,TX,79735,Pecos,300000000,2026-08-01,2026-12-01,Project Registered,Not Assigned,"AMAZON DATA SERVICES, INC",189060,New Construction,No,"This project is privately funded, on private land for private use.",New data center building,"M. ARTHUR GENSLER & ASSOCIATES, INC.",https://www.tdlr.texas.gov/TABS/Search/Project/TABS2026026955,2026-09-26
TABS2026026959,2026-08-04,PECOS COUNTY DATA CENTER,Building C,6000 TX-18,Fort Stockton,TX,79735,Pecos,300000000,2026-08-01,2026-12-01,Project Registered,Not Assigned,"AMAZON DATA SERVICES, INC",189060,New Construction,No,"This project is privately funded, on private land for private use.",New data center building,"M. ARTHUR GENSLER & ASSOCIATES, INC.",https://www.tdlr.texas.gov/TABS/Search/Project/TABS2026026959,2026-09-26
TABS2026028916,2026-08-26,1468 TCCD Data Center & MEP Upgrades,Trinity River Campus,300 Trinity Campus Circle,Fort Worth,TX,76102,Tarrant,2000000,2026-11-01,2027-04-01,Review Complete,Not Assigned,Tarrant County College Dist,4070,Renovation/Alteration,No,"This project involves public funds, public land, or is a Federally funded roadway project.","Renovation to existing data center which includes replacing interior partition walls, ceiling replacement, and associated mechanical, electrical, and plumbing work.",LBL Architects,https://www.tdlr.texas.gov/TABS/Search/Project/TABS2026028916,2026-09-26
TABS2027000200,2026-09-02,Colovore Hutto,Data Center,2401 Innovation Boulevard,Hutto,TX,78623,Williamson,280000000,2026-12-01,2028-12-01,Project Registered,Not Assigned,"Colovore Austin 1, LLC",192694,New Construction,No,"This project is privately funded, on private land for private use.","one story data center building 192,694 sf with admin area w/ screened equipment yard",Ci Design,https://www.tdlr.texas.gov/TABS/Search/Project/TABS2027000200,2026-09-26
TABS2027000208,2026-09-02,DATACENTERHAWK,SIGNATURE EXCHANGE,14785 PRESTON RD. SUITE 470,Dallas,TX,75254,Dallas,325000,2026-09-04,2026-12-31,Project Registered,Not Assigned,"SIGNATURE EXCHANGE PROPERTY OWNER, LLC",8253,Renovation/Alteration,No,"This project is privately funded, on private land for private use.","NON-STRUCTURAL INTERIOR FINISH OUT IN AN EXISTING SINGLE FLOOR SUITE. SCOPE INCLUDES HVAC, ELECTRICAL, PLUMBING.",idGROUP,https://www.tdlr.texas.gov/TABS/Search/Project/TABS2027000208,2026-09-26
TABS2027000435,2026-09-04,First Community Tower - Level 15 Data Center,First Community Tower,1002 Noble Energy Way Suite 1500,Houston,TX,77070,Harris,500000,2026-10-01,2027-02-28,Project Registered,Not Assigned,First Community Credit Union,1020,Renovation/Alteration,No,"This project is privately funded, on private land for private use.",Interior build out of a Data Center space with complete MEP systems,MG Architects,https://www.tdlr.texas.gov/TABS/Search/Project/TABS2027000435,2026-09-26
TABS2027000611,2026-09-09,Beacon Point Data Center Project,Beacon Point Data Center,"4650 FM 1694, ROBSTOWN, TX 78380",Corpus Christi,TX,78380,Nueces,398985153,2026-09-28,2027-11-05,Project Registered,Not Assigned,Beacon Point DC LLC aka Lon Hill Infrastructure LLC,657130,New Construction,No,"This project is privately funded, on private land for private use.","Type IIB construction of a fully sprinklered, 657,130 square foot, mixed use occupancy (primarily B) data center building and associated guardhouse, fire water tank and pump, and exterior mechanical and electrical support structures.",Jacobs Project Management Co.,https://www.tdlr.texas.gov/TABS/Search/Project/TABS2027000611,2026-09-26
TABS2027001701,2026-09-22,Colovore Alliance,Data Center,14700 Heritage Parkway,Fort Worth,TX,76177,Denton,430000000,2026-12-01,2028-12-01,Project Registered,[person name withheld],AIL INVESTMENT LP,42000,New Construction,No,"This project is privately funded, on private land for private use.","onse story data center building 156,500 sf with admin area and 4 data halls w/ 42,000 sf screened equipment yard",Ci Design,https://www.tdlr.texas.gov/TABS/Search/Project/TABS2027001701,2026-09-26
